model	sample	dataset	target_id	target_index	pathway	mean_attention
SCP682-SC12-protein-residual	train_sample	all	RPS6_pSitePending	0	BCR_BTK_axis	0.14551931619644165
SCP682-SC12-protein-residual	train_sample	all	RPS6_pSitePending	0	BTK_PLCG2_axis	0.15098346769809723
SCP682-SC12-protein-residual	train_sample	all	RPS6_pSitePending	0	ERK_axis	0.08563342690467834
SCP682-SC12-protein-residual	train_sample	all	RPS6_pSitePending	0	NFkB_axis	0.4612189829349518
SCP682-SC12-protein-residual	train_sample	all	RPS6_pSitePending	0	AKT_mTOR_S6_axis	0.09803837537765503
SCP682-SC12-protein-residual	train_sample	all	RPS6_pSitePending	0	cell_cycle	0.0037180790677666664
SCP682-SC12-protein-residual	train_sample	all	RPS6_pSitePending	0	stress_ifn	0.010482686571776867
SCP682-SC12-protein-residual	train_sample	all	RPS6_pSitePending	0	ribosomal	0.04384719207882881
SCP682-SC12-protein-residual	train_sample	all	RPS6_pSitePending	0	random_control	0.0005602541496045887
SCP682-SC12-protein-residual	train_sample	all	STAT3_Y705	1	BCR_BTK_axis	0.0005737699684686959
SCP682-SC12-protein-residual	train_sample	all	STAT3_Y705	1	BTK_PLCG2_axis	6.910001684445888e-05
SCP682-SC12-protein-residual	train_sample	all	STAT3_Y705	1	ERK_axis	0.16880904138088226
SCP682-SC12-protein-residual	train_sample	all	STAT3_Y705	1	NFkB_axis	0.053108107298612595
SCP682-SC12-protein-residual	train_sample	all	STAT3_Y705	1	AKT_mTOR_S6_axis	0.010350514203310013
SCP682-SC12-protein-residual	train_sample	all	STAT3_Y705	1	cell_cycle	0.006219159346073866
SCP682-SC12-protein-residual	train_sample	all	STAT3_Y705	1	stress_ifn	0.04602045565843582
SCP682-SC12-protein-residual	train_sample	all	STAT3_Y705	1	ribosomal	0.7045373320579529
SCP682-SC12-protein-residual	train_sample	all	STAT3_Y705	1	random_control	0.010312635451555252
SCP682-SC12-protein-residual	train_sample	all	MAPK14_pSitePending	2	BCR_BTK_axis	0.002068326808512211
SCP682-SC12-protein-residual	train_sample	all	MAPK14_pSitePending	2	BTK_PLCG2_axis	0.02090720273554325
SCP682-SC12-protein-residual	train_sample	all	MAPK14_pSitePending	2	ERK_axis	0.1827268749475479
SCP682-SC12-protein-residual	train_sample	all	MAPK14_pSitePending	2	NFkB_axis	0.24757984280586243
SCP682-SC12-protein-residual	train_sample	all	MAPK14_pSitePending	2	AKT_mTOR_S6_axis	0.06374763697385788
SCP682-SC12-protein-residual	train_sample	all	MAPK14_pSitePending	2	cell_cycle	0.13789471983909607
SCP682-SC12-protein-residual	train_sample	all	MAPK14_pSitePending	2	stress_ifn	0.0410805307328701
SCP682-SC12-protein-residual	train_sample	all	MAPK14_pSitePending	2	ribosomal	0.2986792325973511
SCP682-SC12-protein-residual	train_sample	all	MAPK14_pSitePending	2	random_control	0.005314772017300129
SCP682-SC12-protein-residual	train_sample	all	AKT_pSitePending	3	BCR_BTK_axis	0.02977406233549118
SCP682-SC12-protein-residual	train_sample	all	AKT_pSitePending	3	BTK_PLCG2_axis	0.0005371446022763848
SCP682-SC12-protein-residual	train_sample	all	AKT_pSitePending	3	ERK_axis	0.25875142216682434
SCP682-SC12-protein-residual	train_sample	all	AKT_pSitePending	3	NFkB_axis	0.013978301547467709
SCP682-SC12-protein-residual	train_sample	all	AKT_pSitePending	3	AKT_mTOR_S6_axis	0.09848713874816895
SCP682-SC12-protein-residual	train_sample	all	AKT_pSitePending	3	cell_cycle	3.5354332794668153e-06
SCP682-SC12-protein-residual	train_sample	all	AKT_pSitePending	3	stress_ifn	0.05684090778231621
SCP682-SC12-protein-residual	train_sample	all	AKT_pSitePending	3	ribosomal	0.4287871718406677
SCP682-SC12-protein-residual	train_sample	all	AKT_pSitePending	3	random_control	0.1128404289484024
SCP682-SC12-protein-residual	train_sample	all	BTK_pSitePending	4	BCR_BTK_axis	0.016360247507691383
SCP682-SC12-protein-residual	train_sample	all	BTK_pSitePending	4	BTK_PLCG2_axis	0.00025787309277802706
SCP682-SC12-protein-residual	train_sample	all	BTK_pSitePending	4	ERK_axis	0.2694883644580841
SCP682-SC12-protein-residual	train_sample	all	BTK_pSitePending	4	NFkB_axis	0.01397741585969925
SCP682-SC12-protein-residual	train_sample	all	BTK_pSitePending	4	AKT_mTOR_S6_axis	0.09694159775972366
SCP682-SC12-protein-residual	train_sample	all	BTK_pSitePending	4	cell_cycle	5.691760307513505e-08
SCP682-SC12-protein-residual	train_sample	all	BTK_pSitePending	4	stress_ifn	0.053767602890729904
SCP682-SC12-protein-residual	train_sample	all	BTK_pSitePending	4	ribosomal	0.4313271939754486
SCP682-SC12-protein-residual	train_sample	all	BTK_pSitePending	4	random_control	0.11787966638803482
SCP682-SC12-protein-residual	train_sample	all	CREB1_S133_ATF1_S63	5	BCR_BTK_axis	2.0636838371501653e-07
SCP682-SC12-protein-residual	train_sample	all	CREB1_S133_ATF1_S63	5	BTK_PLCG2_axis	5.924514923094648e-08
SCP682-SC12-protein-residual	train_sample	all	CREB1_S133_ATF1_S63	5	ERK_axis	0.07886938750743866
SCP682-SC12-protein-residual	train_sample	all	CREB1_S133_ATF1_S63	5	NFkB_axis	0.08145307749509811
SCP682-SC12-protein-residual	train_sample	all	CREB1_S133_ATF1_S63	5	AKT_mTOR_S6_axis	0.09203246235847473
SCP682-SC12-protein-residual	train_sample	all	CREB1_S133_ATF1_S63	5	cell_cycle	0.0005089204641990364
SCP682-SC12-protein-residual	train_sample	all	CREB1_S133_ATF1_S63	5	stress_ifn	0.19436508417129517
SCP682-SC12-protein-residual	train_sample	all	CREB1_S133_ATF1_S63	5	ribosomal	0.5490756034851074
SCP682-SC12-protein-residual	train_sample	all	CREB1_S133_ATF1_S63	5	random_control	0.003696825122460723
SCP682-SC12-protein-residual	train_sample	all	FOS_S32	6	BCR_BTK_axis	0.011569746769964695
SCP682-SC12-protein-residual	train_sample	all	FOS_S32	6	BTK_PLCG2_axis	0.0001268114137928933
SCP682-SC12-protein-residual	train_sample	all	FOS_S32	6	ERK_axis	0.25477221608161926
SCP682-SC12-protein-residual	train_sample	all	FOS_S32	6	NFkB_axis	0.07116847485303879
SCP682-SC12-protein-residual	train_sample	all	FOS_S32	6	AKT_mTOR_S6_axis	0.01643543504178524
SCP682-SC12-protein-residual	train_sample	all	FOS_S32	6	cell_cycle	1.7559052878368675e-07
SCP682-SC12-protein-residual	train_sample	all	FOS_S32	6	stress_ifn	0.04328509420156479
SCP682-SC12-protein-residual	train_sample	all	FOS_S32	6	ribosomal	0.4488145709037781
SCP682-SC12-protein-residual	train_sample	all	FOS_S32	6	random_control	0.15382732450962067
SCP682-SC12-protein-residual	train_sample	all	HM0025_phospho_p44_42_197G2	7	BCR_BTK_axis	0.000952073372900486
SCP682-SC12-protein-residual	train_sample	all	HM0025_phospho_p44_42_197G2	7	BTK_PLCG2_axis	0.003279181895777583
SCP682-SC12-protein-residual	train_sample	all	HM0025_phospho_p44_42_197G2	7	ERK_axis	0.18301700055599213
SCP682-SC12-protein-residual	train_sample	all	HM0025_phospho_p44_42_197G2	7	NFkB_axis	0.1511087268590927
SCP682-SC12-protein-residual	train_sample	all	HM0025_phospho_p44_42_197G2	7	AKT_mTOR_S6_axis	0.09430987387895584
SCP682-SC12-protein-residual	train_sample	all	HM0025_phospho_p44_42_197G2	7	cell_cycle	0.09025459736585617
SCP682-SC12-protein-residual	train_sample	all	HM0025_phospho_p44_42_197G2	7	stress_ifn	0.06822983920574188
SCP682-SC12-protein-residual	train_sample	all	HM0025_phospho_p44_42_197G2	7	ribosomal	0.3921411633491516
SCP682-SC12-protein-residual	train_sample	all	HM0025_phospho_p44_42_197G2	7	random_control	0.016707371920347214
SCP682-SC12-protein-residual	train_sample	all	JUN_pSitePending	8	BCR_BTK_axis	0.00089959119213745
SCP682-SC12-protein-residual	train_sample	all	JUN_pSitePending	8	BTK_PLCG2_axis	0.0007832806441001594
SCP682-SC12-protein-residual	train_sample	all	JUN_pSitePending	8	ERK_axis	0.17268851399421692
SCP682-SC12-protein-residual	train_sample	all	JUN_pSitePending	8	NFkB_axis	0.08471836894750595
SCP682-SC12-protein-residual	train_sample	all	JUN_pSitePending	8	AKT_mTOR_S6_axis	0.01828628033399582
SCP682-SC12-protein-residual	train_sample	all	JUN_pSitePending	8	cell_cycle	0.07357452809810638
SCP682-SC12-protein-residual	train_sample	all	JUN_pSitePending	8	stress_ifn	0.0736435279250145
SCP682-SC12-protein-residual	train_sample	all	JUN_pSitePending	8	ribosomal	0.5387380719184875
SCP682-SC12-protein-residual	train_sample	all	JUN_pSitePending	8	random_control	0.036667440086603165
SCP682-SC12-protein-residual	train_sample	all	LAT_Y226	9	BCR_BTK_axis	1.951349304363248e-07
SCP682-SC12-protein-residual	train_sample	all	LAT_Y226	9	BTK_PLCG2_axis	8.98745184940708e-08
SCP682-SC12-protein-residual	train_sample	all	LAT_Y226	9	ERK_axis	0.07795625925064087
SCP682-SC12-protein-residual	train_sample	all	LAT_Y226	9	NFkB_axis	0.06313295662403107
SCP682-SC12-protein-residual	train_sample	all	LAT_Y226	9	AKT_mTOR_S6_axis	0.07565119862556458
SCP682-SC12-protein-residual	train_sample	all	LAT_Y226	9	cell_cycle	0.0005250351969152689
SCP682-SC12-protein-residual	train_sample	all	LAT_Y226	9	stress_ifn	0.2062002718448639
SCP682-SC12-protein-residual	train_sample	all	LAT_Y226	9	ribosomal	0.5668703317642212
SCP682-SC12-protein-residual	train_sample	all	LAT_Y226	9	random_control	0.009664718993008137
SCP682-SC12-protein-residual	train_sample	all	LCP2_S376	10	BCR_BTK_axis	0.004061696585267782
SCP682-SC12-protein-residual	train_sample	all	LCP2_S376	10	BTK_PLCG2_axis	0.0003896184789482504
SCP682-SC12-protein-residual	train_sample	all	LCP2_S376	10	ERK_axis	0.18714894354343414
SCP682-SC12-protein-residual	train_sample	all	LCP2_S376	10	NFkB_axis	0.08042283356189728
SCP682-SC12-protein-residual	train_sample	all	LCP2_S376	10	AKT_mTOR_S6_axis	0.12700851261615753
SCP682-SC12-protein-residual	train_sample	all	LCP2_S376	10	cell_cycle	0.01943308673799038
SCP682-SC12-protein-residual	train_sample	all	LCP2_S376	10	stress_ifn	0.09108847379684448
SCP682-SC12-protein-residual	train_sample	all	LCP2_S376	10	ribosomal	0.453972190618515
SCP682-SC12-protein-residual	train_sample	all	LCP2_S376	10	random_control	0.03647457808256149
SCP682-SC12-protein-residual	train_sample	all	MAP2K1_S298	11	BCR_BTK_axis	0.0005488588940352201
SCP682-SC12-protein-residual	train_sample	all	MAP2K1_S298	11	BTK_PLCG2_axis	0.004077652469277382
SCP682-SC12-protein-residual	train_sample	all	MAP2K1_S298	11	ERK_axis	0.16631630063056946
SCP682-SC12-protein-residual	train_sample	all	MAP2K1_S298	11	NFkB_axis	0.16631585359573364
SCP682-SC12-protein-residual	train_sample	all	MAP2K1_S298	11	AKT_mTOR_S6_axis	0.07728107273578644
SCP682-SC12-protein-residual	train_sample	all	MAP2K1_S298	11	cell_cycle	0.10291101783514023
SCP682-SC12-protein-residual	train_sample	all	MAP2K1_S298	11	stress_ifn	0.0793934166431427
SCP682-SC12-protein-residual	train_sample	all	MAP2K1_S298	11	ribosomal	0.3876766264438629
SCP682-SC12-protein-residual	train_sample	all	MAP2K1_S298	11	random_control	0.015479134395718575
SCP682-SC12-protein-residual	train_sample	all	MAPK14_pSitePending_D3F9	12	BCR_BTK_axis	0.0009749484597705305
SCP682-SC12-protein-residual	train_sample	all	MAPK14_pSitePending_D3F9	12	BTK_PLCG2_axis	6.752998888259754e-05
SCP682-SC12-protein-residual	train_sample	all	MAPK14_pSitePending_D3F9	12	ERK_axis	0.15495364367961884
SCP682-SC12-protein-residual	train_sample	all	MAPK14_pSitePending_D3F9	12	NFkB_axis	0.01039846334606409
SCP682-SC12-protein-residual	train_sample	all	MAPK14_pSitePending_D3F9	12	AKT_mTOR_S6_axis	0.00933273695409298
SCP682-SC12-protein-residual	train_sample	all	MAPK14_pSitePending_D3F9	12	cell_cycle	0.0008625986520200968
SCP682-SC12-protein-residual	train_sample	all	MAPK14_pSitePending_D3F9	12	stress_ifn	0.040816791355609894
SCP682-SC12-protein-residual	train_sample	all	MAPK14_pSitePending_D3F9	12	ribosomal	0.7740271687507629
SCP682-SC12-protein-residual	train_sample	all	MAPK14_pSitePending_D3F9	12	random_control	0.008566766045987606
SCP682-SC12-protein-residual	train_sample	all	MAPK1_MAPK3_T202_Y204	13	BCR_BTK_axis	0.013429720886051655
SCP682-SC12-protein-residual	train_sample	all	MAPK1_MAPK3_T202_Y204	13	BTK_PLCG2_axis	0.00021078583085909486
SCP682-SC12-protein-residual	train_sample	all	MAPK1_MAPK3_T202_Y204	13	ERK_axis	0.27077287435531616
SCP682-SC12-protein-residual	train_sample	all	MAPK1_MAPK3_T202_Y204	13	NFkB_axis	0.013983579352498055
SCP682-SC12-protein-residual	train_sample	all	MAPK1_MAPK3_T202_Y204	13	AKT_mTOR_S6_axis	0.09468481689691544
SCP682-SC12-protein-residual	train_sample	all	MAPK1_MAPK3_T202_Y204	13	cell_cycle	2.1182304976719024e-07
SCP682-SC12-protein-residual	train_sample	all	MAPK1_MAPK3_T202_Y204	13	stress_ifn	0.054369717836380005
SCP682-SC12-protein-residual	train_sample	all	MAPK1_MAPK3_T202_Y204	13	ribosomal	0.43288174271583557
SCP682-SC12-protein-residual	train_sample	all	MAPK1_MAPK3_T202_Y204	13	random_control	0.11966642737388611
SCP682-SC12-protein-residual	train_sample	all	MAPK1_MAPK3_pSitePending	14	BCR_BTK_axis	0.012572787702083588
SCP682-SC12-protein-residual	train_sample	all	MAPK1_MAPK3_pSitePending	14	BTK_PLCG2_axis	0.00020742305787280202
SCP682-SC12-protein-residual	train_sample	all	MAPK1_MAPK3_pSitePending	14	ERK_axis	0.27165648341178894
SCP682-SC12-protein-residual	train_sample	all	MAPK1_MAPK3_pSitePending	14	NFkB_axis	0.013983609154820442
SCP682-SC12-protein-residual	train_sample	all	MAPK1_MAPK3_pSitePending	14	AKT_mTOR_S6_axis	0.09454374760389328
SCP682-SC12-protein-residual	train_sample	all	MAPK1_MAPK3_pSitePending	14	cell_cycle	1.5772877759445691e-07
SCP682-SC12-protein-residual	train_sample	all	MAPK1_MAPK3_pSitePending	14	stress_ifn	0.05450098589062691
SCP682-SC12-protein-residual	train_sample	all	MAPK1_MAPK3_pSitePending	14	ribosomal	0.4328511357307434
SCP682-SC12-protein-residual	train_sample	all	MAPK1_MAPK3_pSitePending	14	random_control	0.11968367546796799
SCP682-SC12-protein-residual	train_sample	all	PLCG2_Y759	15	BCR_BTK_axis	4.099092211628117e-31
SCP682-SC12-protein-residual	train_sample	all	PLCG2_Y759	15	BTK_PLCG2_axis	4.6008477875779855e-33
SCP682-SC12-protein-residual	train_sample	all	PLCG2_Y759	15	ERK_axis	0.04374917224049568
SCP682-SC12-protein-residual	train_sample	all	PLCG2_Y759	15	NFkB_axis	0.017584340646862984
SCP682-SC12-protein-residual	train_sample	all	PLCG2_Y759	15	AKT_mTOR_S6_axis	0.0322699174284935
SCP682-SC12-protein-residual	train_sample	all	PLCG2_Y759	15	cell_cycle	0.0004341909952927381
SCP682-SC12-protein-residual	train_sample	all	PLCG2_Y759	15	stress_ifn	0.19501087069511414
SCP682-SC12-protein-residual	train_sample	all	PLCG2_Y759	15	ribosomal	0.6274696588516235
SCP682-SC12-protein-residual	train_sample	all	PLCG2_Y759	15	random_control	0.08348159492015839
SCP682-SC12-protein-residual	train_sample	all	PLCG2_pSitePending	16	BCR_BTK_axis	0.017227983102202415
SCP682-SC12-protein-residual	train_sample	all	PLCG2_pSitePending	16	BTK_PLCG2_axis	0.00041803467320278287
SCP682-SC12-protein-residual	train_sample	all	PLCG2_pSitePending	16	ERK_axis	0.270479679107666
SCP682-SC12-protein-residual	train_sample	all	PLCG2_pSitePending	16	NFkB_axis	0.013977082446217537
SCP682-SC12-protein-residual	train_sample	all	PLCG2_pSitePending	16	AKT_mTOR_S6_axis	0.09885750710964203
SCP682-SC12-protein-residual	train_sample	all	PLCG2_pSitePending	16	cell_cycle	1.494438919280583e-07
SCP682-SC12-protein-residual	train_sample	all	PLCG2_pSitePending	16	stress_ifn	0.05473065748810768
SCP682-SC12-protein-residual	train_sample	all	PLCG2_pSitePending	16	ribosomal	0.4295629858970642
SCP682-SC12-protein-residual	train_sample	all	PLCG2_pSitePending	16	random_control	0.11474604159593582
SCP682-SC12-protein-residual	train_sample	all	RELA_S536	17	BCR_BTK_axis	0.02962738648056984
SCP682-SC12-protein-residual	train_sample	all	RELA_S536	17	BTK_PLCG2_axis	0.00048628030344843864
SCP682-SC12-protein-residual	train_sample	all	RELA_S536	17	ERK_axis	0.2578014135360718
SCP682-SC12-protein-residual	train_sample	all	RELA_S536	17	NFkB_axis	0.013987403362989426
SCP682-SC12-protein-residual	train_sample	all	RELA_S536	17	AKT_mTOR_S6_axis	0.09500253945589066
SCP682-SC12-protein-residual	train_sample	all	RELA_S536	17	cell_cycle	4.8315891035599634e-05
SCP682-SC12-protein-residual	train_sample	all	RELA_S536	17	stress_ifn	0.05824122950434685
SCP682-SC12-protein-residual	train_sample	all	RELA_S536	17	ribosomal	0.42976313829421997
SCP682-SC12-protein-residual	train_sample	all	RELA_S536	17	random_control	0.11504219472408295
SCP682-SC12-protein-residual	train_sample	all	RELA_pSitePending_93H1	18	BCR_BTK_axis	3.749308962142095e-05
SCP682-SC12-protein-residual	train_sample	all	RELA_pSitePending_93H1	18	BTK_PLCG2_axis	2.622076181069133e-06
SCP682-SC12-protein-residual	train_sample	all	RELA_pSitePending_93H1	18	ERK_axis	0.13622674345970154
SCP682-SC12-protein-residual	train_sample	all	RELA_pSitePending_93H1	18	NFkB_axis	0.03368430957198143
SCP682-SC12-protein-residual	train_sample	all	RELA_pSitePending_93H1	18	AKT_mTOR_S6_axis	0.010442599654197693
SCP682-SC12-protein-residual	train_sample	all	RELA_pSitePending_93H1	18	cell_cycle	0.0006338271196000278
SCP682-SC12-protein-residual	train_sample	all	RELA_pSitePending_93H1	18	stress_ifn	0.045245833694934845
SCP682-SC12-protein-residual	train_sample	all	RELA_pSitePending_93H1	18	ribosomal	0.7688676118850708
SCP682-SC12-protein-residual	train_sample	all	RELA_pSitePending_93H1	18	random_control	0.004858462605625391
SCP682-SC12-protein-residual	train_sample	all	STAT5A_STAT5B_Y694_Y699	21	BCR_BTK_axis	2.7560715807339875e-06
SCP682-SC12-protein-residual	train_sample	all	STAT5A_STAT5B_Y694_Y699	21	BTK_PLCG2_axis	8.619972504675388e-07
SCP682-SC12-protein-residual	train_sample	all	STAT5A_STAT5B_Y694_Y699	21	ERK_axis	0.09514935314655304
SCP682-SC12-protein-residual	train_sample	all	STAT5A_STAT5B_Y694_Y699	21	NFkB_axis	0.05882836878299713
SCP682-SC12-protein-residual	train_sample	all	STAT5A_STAT5B_Y694_Y699	21	AKT_mTOR_S6_axis	0.00980275496840477
SCP682-SC12-protein-residual	train_sample	all	STAT5A_STAT5B_Y694_Y699	21	cell_cycle	0.0023997630923986435
SCP682-SC12-protein-residual	train_sample	all	STAT5A_STAT5B_Y694_Y699	21	stress_ifn	0.1125473901629448
SCP682-SC12-protein-residual	train_sample	all	STAT5A_STAT5B_Y694_Y699	21	ribosomal	0.6778725981712341
SCP682-SC12-protein-residual	train_sample	all	STAT5A_STAT5B_Y694_Y699	21	random_control	0.04339573159813881
SCP682-SC12-protein-residual	train_sample	all	SYK_pSitePending	22	BCR_BTK_axis	1.1588303078061606e-31
SCP682-SC12-protein-residual	train_sample	all	SYK_pSitePending	22	BTK_PLCG2_axis	1.3439187405977233e-32
SCP682-SC12-protein-residual	train_sample	all	SYK_pSitePending	22	ERK_axis	0.04333953931927681
SCP682-SC12-protein-residual	train_sample	all	SYK_pSitePending	22	NFkB_axis	0.016244949772953987
SCP682-SC12-protein-residual	train_sample	all	SYK_pSitePending	22	AKT_mTOR_S6_axis	0.04438267648220062
SCP682-SC12-protein-residual	train_sample	all	SYK_pSitePending	22	cell_cycle	0.00021333852782845497
SCP682-SC12-protein-residual	train_sample	all	SYK_pSitePending	22	stress_ifn	0.2040742039680481
SCP682-SC12-protein-residual	train_sample	all	SYK_pSitePending	22	ribosomal	0.6362102627754211
SCP682-SC12-protein-residual	train_sample	all	SYK_pSitePending	22	random_control	0.05553564056754112
SCP682-SC12-protein-residual	train_sample	all	p-AMPK-a1/2	23	BCR_BTK_axis	0.031691212207078934
SCP682-SC12-protein-residual	train_sample	all	p-AMPK-a1/2	23	BTK_PLCG2_axis	0.0005366302793845534
SCP682-SC12-protein-residual	train_sample	all	p-AMPK-a1/2	23	ERK_axis	0.2567730247974396
SCP682-SC12-protein-residual	train_sample	all	p-AMPK-a1/2	23	NFkB_axis	0.013975832611322403
SCP682-SC12-protein-residual	train_sample	all	p-AMPK-a1/2	23	AKT_mTOR_S6_axis	0.09787825495004654
SCP682-SC12-protein-residual	train_sample	all	p-AMPK-a1/2	23	cell_cycle	7.512301635870244e-06
SCP682-SC12-protein-residual	train_sample	all	p-AMPK-a1/2	23	stress_ifn	0.057170432060956955
SCP682-SC12-protein-residual	train_sample	all	p-AMPK-a1/2	23	ribosomal	0.4288504719734192
SCP682-SC12-protein-residual	train_sample	all	p-AMPK-a1/2	23	random_control	0.11311651766300201
SCP682-SC12-protein-residual	train_sample	all	p-AMPK-b1	24	BCR_BTK_axis	0.016122015193104744
SCP682-SC12-protein-residual	train_sample	all	p-AMPK-b1	24	BTK_PLCG2_axis	0.0002978866396006197
SCP682-SC12-protein-residual	train_sample	all	p-AMPK-b1	24	ERK_axis	0.27101054787635803
SCP682-SC12-protein-residual	train_sample	all	p-AMPK-b1	24	NFkB_axis	0.013977124355733395
SCP682-SC12-protein-residual	train_sample	all	p-AMPK-b1	24	AKT_mTOR_S6_axis	0.09723003208637238
SCP682-SC12-protein-residual	train_sample	all	p-AMPK-b1	24	cell_cycle	7.94182497543261e-08
SCP682-SC12-protein-residual	train_sample	all	p-AMPK-b1	24	stress_ifn	0.05406445264816284
SCP682-SC12-protein-residual	train_sample	all	p-AMPK-b1	24	ribosomal	0.4300786554813385
SCP682-SC12-protein-residual	train_sample	all	p-AMPK-b1	24	random_control	0.11721927672624588
SCP682-SC12-protein-residual	train_sample	all	p-BLNK	25	BCR_BTK_axis	1.100647324392412e-07
SCP682-SC12-protein-residual	train_sample	all	p-BLNK	25	BTK_PLCG2_axis	2.3226253665402033e-22
SCP682-SC12-protein-residual	train_sample	all	p-BLNK	25	ERK_axis	0.021920310333371162
SCP682-SC12-protein-residual	train_sample	all	p-BLNK	25	NFkB_axis	0.13341644406318665
SCP682-SC12-protein-residual	train_sample	all	p-BLNK	25	AKT_mTOR_S6_axis	0.060931459069252014
SCP682-SC12-protein-residual	train_sample	all	p-BLNK	25	cell_cycle	0.0001210204791277647
SCP682-SC12-protein-residual	train_sample	all	p-BLNK	25	stress_ifn	0.23917736113071442
SCP682-SC12-protein-residual	train_sample	all	p-BLNK	25	ribosomal	0.5322678089141846
SCP682-SC12-protein-residual	train_sample	all	p-BLNK	25	random_control	0.012165392749011517
SCP682-SC12-protein-residual	train_sample	all	p-CD79a	26	BCR_BTK_axis	9.767119739280568e-23
SCP682-SC12-protein-residual	train_sample	all	p-CD79a	26	BTK_PLCG2_axis	1.633837923972986e-24
SCP682-SC12-protein-residual	train_sample	all	p-CD79a	26	ERK_axis	0.04409328103065491
SCP682-SC12-protein-residual	train_sample	all	p-CD79a	26	NFkB_axis	0.05982612445950508
SCP682-SC12-protein-residual	train_sample	all	p-CD79a	26	AKT_mTOR_S6_axis	0.0839751735329628
SCP682-SC12-protein-residual	train_sample	all	p-CD79a	26	cell_cycle	0.00015107922081369907
SCP682-SC12-protein-residual	train_sample	all	p-CD79a	26	stress_ifn	0.2058534026145935
SCP682-SC12-protein-residual	train_sample	all	p-CD79a	26	ribosomal	0.6033150553703308
SCP682-SC12-protein-residual	train_sample	all	p-CD79a	26	random_control	0.002786292927339673
SCP682-SC12-protein-residual	train_sample	all	p-CDK1	27	BCR_BTK_axis	0.581607460975647
SCP682-SC12-protein-residual	train_sample	all	p-CDK1	27	BTK_PLCG2_axis	0.13045594096183777
SCP682-SC12-protein-residual	train_sample	all	p-CDK1	27	ERK_axis	0.0003829505876637995
SCP682-SC12-protein-residual	train_sample	all	p-CDK1	27	NFkB_axis	0.01925460807979107
SCP682-SC12-protein-residual	train_sample	all	p-CDK1	27	AKT_mTOR_S6_axis	0.12683579325675964
SCP682-SC12-protein-residual	train_sample	all	p-CDK1	27	cell_cycle	0.004036616068333387
SCP682-SC12-protein-residual	train_sample	all	p-CDK1	27	stress_ifn	0.028141381219029427
SCP682-SC12-protein-residual	train_sample	all	p-CDK1	27	ribosomal	0.015114669688045979
SCP682-SC12-protein-residual	train_sample	all	p-CDK1	27	random_control	0.09417083859443665
SCP682-SC12-protein-residual	train_sample	all	p-CDK4	28	BCR_BTK_axis	0.08335884660482407
SCP682-SC12-protein-residual	train_sample	all	p-CDK4	28	BTK_PLCG2_axis	0.00019022152991965413
SCP682-SC12-protein-residual	train_sample	all	p-CDK4	28	ERK_axis	0.18464456498622894
SCP682-SC12-protein-residual	train_sample	all	p-CDK4	28	NFkB_axis	0.05301975458860397
SCP682-SC12-protein-residual	train_sample	all	p-CDK4	28	AKT_mTOR_S6_axis	0.02451077476143837
SCP682-SC12-protein-residual	train_sample	all	p-CDK4	28	cell_cycle	0.00027705947286449373
SCP682-SC12-protein-residual	train_sample	all	p-CDK4	28	stress_ifn	0.04226580634713173
SCP682-SC12-protein-residual	train_sample	all	p-CDK4	28	ribosomal	0.44743579626083374
SCP682-SC12-protein-residual	train_sample	all	p-CDK4	28	random_control	0.1642971634864807
SCP682-SC12-protein-residual	train_sample	all	p-HistonH2A.X	30	BCR_BTK_axis	0.23526766896247864
SCP682-SC12-protein-residual	train_sample	all	p-HistonH2A.X	30	BTK_PLCG2_axis	0.00018405761511530727
SCP682-SC12-protein-residual	train_sample	all	p-HistonH2A.X	30	ERK_axis	0.012641391716897488
SCP682-SC12-protein-residual	train_sample	all	p-HistonH2A.X	30	NFkB_axis	0.08104845881462097
SCP682-SC12-protein-residual	train_sample	all	p-HistonH2A.X	30	AKT_mTOR_S6_axis	0.0018033987144008279
SCP682-SC12-protein-residual	train_sample	all	p-HistonH2A.X	30	cell_cycle	0.0023796872701495886
SCP682-SC12-protein-residual	train_sample	all	p-HistonH2A.X	30	stress_ifn	0.027791788801550865
SCP682-SC12-protein-residual	train_sample	all	p-HistonH2A.X	30	ribosomal	0.4449903964996338
SCP682-SC12-protein-residual	train_sample	all	p-HistonH2A.X	30	random_control	0.1938936859369278
SCP682-SC12-protein-residual	train_sample	all	p-HistonH3	31	BCR_BTK_axis	0.06036219000816345
SCP682-SC12-protein-residual	train_sample	all	p-HistonH3	31	BTK_PLCG2_axis	0.0001301785814575851
SCP682-SC12-protein-residual	train_sample	all	p-HistonH3	31	ERK_axis	0.21673232316970825
SCP682-SC12-protein-residual	train_sample	all	p-HistonH3	31	NFkB_axis	0.014677291736006737
SCP682-SC12-protein-residual	train_sample	all	p-HistonH3	31	AKT_mTOR_S6_axis	0.07561513036489487
SCP682-SC12-protein-residual	train_sample	all	p-HistonH3	31	cell_cycle	6.659724022028968e-05
SCP682-SC12-protein-residual	train_sample	all	p-HistonH3	31	stress_ifn	0.0548698864877224
SCP682-SC12-protein-residual	train_sample	all	p-HistonH3	31	ribosomal	0.4397214949131012
SCP682-SC12-protein-residual	train_sample	all	p-HistonH3	31	random_control	0.1378249228000641
SCP682-SC12-protein-residual	train_sample	all	p-IKKa/b	32	BCR_BTK_axis	0.01837819255888462
SCP682-SC12-protein-residual	train_sample	all	p-IKKa/b	32	BTK_PLCG2_axis	0.00020947636221535504
SCP682-SC12-protein-residual	train_sample	all	p-IKKa/b	32	ERK_axis	0.2662731111049652
SCP682-SC12-protein-residual	train_sample	all	p-IKKa/b	32	NFkB_axis	0.013979936018586159
SCP682-SC12-protein-residual	train_sample	all	p-IKKa/b	32	AKT_mTOR_S6_axis	0.09481606632471085
SCP682-SC12-protein-residual	train_sample	all	p-IKKa/b	32	cell_cycle	1.2359593881683395e-07
SCP682-SC12-protein-residual	train_sample	all	p-IKKa/b	32	stress_ifn	0.05414228513836861
SCP682-SC12-protein-residual	train_sample	all	p-IKKa/b	32	ribosomal	0.4324702024459839
SCP682-SC12-protein-residual	train_sample	all	p-IKKa/b	32	random_control	0.119730643928051
SCP682-SC12-protein-residual	train_sample	all	p-IRAK4	33	BCR_BTK_axis	0.07622597366571426
SCP682-SC12-protein-residual	train_sample	all	p-IRAK4	33	BTK_PLCG2_axis	0.00021021629800088704
SCP682-SC12-protein-residual	train_sample	all	p-IRAK4	33	ERK_axis	0.1958295702934265
SCP682-SC12-protein-residual	train_sample	all	p-IRAK4	33	NFkB_axis	0.025067077949643135
SCP682-SC12-protein-residual	train_sample	all	p-IRAK4	33	AKT_mTOR_S6_axis	0.05315060541033745
SCP682-SC12-protein-residual	train_sample	all	p-IRAK4	33	cell_cycle	0.000215009757084772
SCP682-SC12-protein-residual	train_sample	all	p-IRAK4	33	stress_ifn	0.05298641324043274
SCP682-SC12-protein-residual	train_sample	all	p-IRAK4	33	ribosomal	0.44403088092803955
SCP682-SC12-protein-residual	train_sample	all	p-IRAK4	33	random_control	0.15228433907032013
SCP682-SC12-protein-residual	train_sample	all	p-JAK1	34	BCR_BTK_axis	4.8219997023273166e-30
SCP682-SC12-protein-residual	train_sample	all	p-JAK1	34	BTK_PLCG2_axis	2.728520811704948e-30
SCP682-SC12-protein-residual	train_sample	all	p-JAK1	34	ERK_axis	0.042407695204019547
SCP682-SC12-protein-residual	train_sample	all	p-JAK1	34	NFkB_axis	0.01534324698150158
SCP682-SC12-protein-residual	train_sample	all	p-JAK1	34	AKT_mTOR_S6_axis	0.052073780447244644
SCP682-SC12-protein-residual	train_sample	all	p-JAK1	34	cell_cycle	0.00013999668590258807
SCP682-SC12-protein-residual	train_sample	all	p-JAK1	34	stress_ifn	0.20738381147384644
SCP682-SC12-protein-residual	train_sample	all	p-JAK1	34	ribosomal	0.641086995601654
SCP682-SC12-protein-residual	train_sample	all	p-JAK1	34	random_control	0.041564445942640305
SCP682-SC12-protein-residual	train_sample	all	p-JNK	35	BCR_BTK_axis	0.014775555580854416
SCP682-SC12-protein-residual	train_sample	all	p-JNK	35	BTK_PLCG2_axis	0.00031967656104825437
SCP682-SC12-protein-residual	train_sample	all	p-JNK	35	ERK_axis	0.2721293270587921
SCP682-SC12-protein-residual	train_sample	all	p-JNK	35	NFkB_axis	0.013977091759443283
SCP682-SC12-protein-residual	train_sample	all	p-JNK	35	AKT_mTOR_S6_axis	0.09758295863866806
SCP682-SC12-protein-residual	train_sample	all	p-JNK	35	cell_cycle	7.375579258450671e-08
SCP682-SC12-protein-residual	train_sample	all	p-JNK	35	stress_ifn	0.05416332185268402
SCP682-SC12-protein-residual	train_sample	all	p-JNK	35	ribosomal	0.43030592799186707
SCP682-SC12-protein-residual	train_sample	all	p-JNK	35	random_control	0.11674629151821136
SCP682-SC12-protein-residual	train_sample	all	p-PKC-b1	36	BCR_BTK_axis	0.22992458939552307
SCP682-SC12-protein-residual	train_sample	all	p-PKC-b1	36	BTK_PLCG2_axis	0.0024216610472649336
SCP682-SC12-protein-residual	train_sample	all	p-PKC-b1	36	ERK_axis	0.02728777378797531
SCP682-SC12-protein-residual	train_sample	all	p-PKC-b1	36	NFkB_axis	0.06044589728116989
SCP682-SC12-protein-residual	train_sample	all	p-PKC-b1	36	AKT_mTOR_S6_axis	0.014725766144692898
SCP682-SC12-protein-residual	train_sample	all	p-PKC-b1	36	cell_cycle	0.0022635909263044596
SCP682-SC12-protein-residual	train_sample	all	p-PKC-b1	36	stress_ifn	0.03450688719749451
SCP682-SC12-protein-residual	train_sample	all	p-PKC-b1	36	ribosomal	0.45320308208465576
SCP682-SC12-protein-residual	train_sample	all	p-PKC-b1	36	random_control	0.1752207726240158
SCP682-SC12-protein-residual	train_sample	all	p-Rb	37	BCR_BTK_axis	0.5821153521537781
SCP682-SC12-protein-residual	train_sample	all	p-Rb	37	BTK_PLCG2_axis	0.12973548471927643
SCP682-SC12-protein-residual	train_sample	all	p-Rb	37	ERK_axis	0.0004472478467505425
SCP682-SC12-protein-residual	train_sample	all	p-Rb	37	NFkB_axis	0.019095581024885178
SCP682-SC12-protein-residual	train_sample	all	p-Rb	37	AKT_mTOR_S6_axis	0.12429700791835785
SCP682-SC12-protein-residual	train_sample	all	p-Rb	37	cell_cycle	0.0040720622055232525
SCP682-SC12-protein-residual	train_sample	all	p-Rb	37	stress_ifn	0.028620272874832153
SCP682-SC12-protein-residual	train_sample	all	p-Rb	37	ribosomal	0.015308302827179432
SCP682-SC12-protein-residual	train_sample	all	p-Rb	37	random_control	0.09630842506885529
SCP682-SC12-protein-residual	train_sample	all	p-STAT5	40	BCR_BTK_axis	0.014549318701028824
SCP682-SC12-protein-residual	train_sample	all	p-STAT5	40	BTK_PLCG2_axis	0.00023069999588187784
SCP682-SC12-protein-residual	train_sample	all	p-STAT5	40	ERK_axis	0.2703023850917816
SCP682-SC12-protein-residual	train_sample	all	p-STAT5	40	NFkB_axis	0.01397829782217741
SCP682-SC12-protein-residual	train_sample	all	p-STAT5	40	AKT_mTOR_S6_axis	0.09568267315626144
SCP682-SC12-protein-residual	train_sample	all	p-STAT5	40	cell_cycle	8.629155701100899e-08
SCP682-SC12-protein-residual	train_sample	all	p-STAT5	40	stress_ifn	0.05425119772553444
SCP682-SC12-protein-residual	train_sample	all	p-STAT5	40	ribosomal	0.43224483728408813
SCP682-SC12-protein-residual	train_sample	all	p-STAT5	40	random_control	0.11876039952039719
SCP682-SC12-protein-residual	train_sample	all	p-STAT6	41	BCR_BTK_axis	0.016285989433526993
SCP682-SC12-protein-residual	train_sample	all	p-STAT6	41	BTK_PLCG2_axis	0.00022304686717689037
SCP682-SC12-protein-residual	train_sample	all	p-STAT6	41	ERK_axis	0.2685747444629669
SCP682-SC12-protein-residual	train_sample	all	p-STAT6	41	NFkB_axis	0.013978389091789722
SCP682-SC12-protein-residual	train_sample	all	p-STAT6	41	AKT_mTOR_S6_axis	0.09556364268064499
SCP682-SC12-protein-residual	train_sample	all	p-STAT6	41	cell_cycle	8.284918351364468e-08
SCP682-SC12-protein-residual	train_sample	all	p-STAT6	41	stress_ifn	0.05412112921476364
SCP682-SC12-protein-residual	train_sample	all	p-STAT6	41	ribosomal	0.4322521984577179
SCP682-SC12-protein-residual	train_sample	all	p-STAT6	41	random_control	0.1190008670091629
SCP682-SC12-protein-residual	train_sample	all	p-Src	42	BCR_BTK_axis	7.423615930668904e-32
SCP682-SC12-protein-residual	train_sample	all	p-Src	42	BTK_PLCG2_axis	5.217655295557868e-34
SCP682-SC12-protein-residual	train_sample	all	p-Src	42	ERK_axis	0.04480241239070892
SCP682-SC12-protein-residual	train_sample	all	p-Src	42	NFkB_axis	0.017907727509737015
SCP682-SC12-protein-residual	train_sample	all	p-Src	42	AKT_mTOR_S6_axis	0.03568455949425697
SCP682-SC12-protein-residual	train_sample	all	p-Src	42	cell_cycle	0.0004187522572465241
SCP682-SC12-protein-residual	train_sample	all	p-Src	42	stress_ifn	0.19741666316986084
SCP682-SC12-protein-residual	train_sample	all	p-Src	42	ribosomal	0.6278408169746399
SCP682-SC12-protein-residual	train_sample	all	p-Src	42	random_control	0.07592959702014923
SCP682-SC12-protein-residual	train_sample	all	p-TOR	43	BCR_BTK_axis	0.016615306958556175
SCP682-SC12-protein-residual	train_sample	all	p-TOR	43	BTK_PLCG2_axis	0.0002017510705627501
SCP682-SC12-protein-residual	train_sample	all	p-TOR	43	ERK_axis	0.2676672637462616
SCP682-SC12-protein-residual	train_sample	all	p-TOR	43	NFkB_axis	0.01398320123553276
SCP682-SC12-protein-residual	train_sample	all	p-TOR	43	AKT_mTOR_S6_axis	0.09424519538879395
SCP682-SC12-protein-residual	train_sample	all	p-TOR	43	cell_cycle	1.7056214574040496e-07
SCP682-SC12-protein-residual	train_sample	all	p-TOR	43	stress_ifn	0.05442030727863312
SCP682-SC12-protein-residual	train_sample	all	p-TOR	43	ribosomal	0.43279919028282166
SCP682-SC12-protein-residual	train_sample	all	p-TOR	43	random_control	0.12006772309541702
SCP682-SC12-protein-residual	train_sample	all	p-c-Jun	44	BCR_BTK_axis	0.08074560016393661
SCP682-SC12-protein-residual	train_sample	all	p-c-Jun	44	BTK_PLCG2_axis	0.00018141206237487495
SCP682-SC12-protein-residual	train_sample	all	p-c-Jun	44	ERK_axis	0.1871003359556198
SCP682-SC12-protein-residual	train_sample	all	p-c-Jun	44	NFkB_axis	0.0533110573887825
SCP682-SC12-protein-residual	train_sample	all	p-c-Jun	44	AKT_mTOR_S6_axis	0.02424801141023636
SCP682-SC12-protein-residual	train_sample	all	p-c-Jun	44	cell_cycle	0.00025857958826236427
SCP682-SC12-protein-residual	train_sample	all	p-c-Jun	44	stress_ifn	0.04239191114902496
SCP682-SC12-protein-residual	train_sample	all	p-c-Jun	44	ribosomal	0.44752368330955505
SCP682-SC12-protein-residual	train_sample	all	p-c-Jun	44	random_control	0.16423921287059784
SCP682-SC12-protein-residual	train_sample	all	p-p65	45	BCR_BTK_axis	0.033017847687006
SCP682-SC12-protein-residual	train_sample	all	p-p65	45	BTK_PLCG2_axis	0.0005340436473488808
SCP682-SC12-protein-residual	train_sample	all	p-p65	45	ERK_axis	0.2563747763633728
SCP682-SC12-protein-residual	train_sample	all	p-p65	45	NFkB_axis	0.013934267684817314
SCP682-SC12-protein-residual	train_sample	all	p-p65	45	AKT_mTOR_S6_axis	0.09861166030168533
SCP682-SC12-protein-residual	train_sample	all	p-p65	45	cell_cycle	3.2352736525353976e-06
SCP682-SC12-protein-residual	train_sample	all	p-p65	45	stress_ifn	0.056297868490219116
SCP682-SC12-protein-residual	train_sample	all	p-p65	45	ribosomal	0.428011417388916
SCP682-SC12-protein-residual	train_sample	all	p-p65	45	random_control	0.11321502178907394
SCP682-SC12-protein-residual	train_sample	all	HISTONE_H3_S28	46	BCR_BTK_axis	0.5852125883102417
SCP682-SC12-protein-residual	train_sample	all	HISTONE_H3_S28	46	BTK_PLCG2_axis	0.12677182257175446
SCP682-SC12-protein-residual	train_sample	all	HISTONE_H3_S28	46	ERK_axis	0.0003790601040236652
SCP682-SC12-protein-residual	train_sample	all	HISTONE_H3_S28	46	NFkB_axis	0.01923482120037079
SCP682-SC12-protein-residual	train_sample	all	HISTONE_H3_S28	46	AKT_mTOR_S6_axis	0.11429908871650696
SCP682-SC12-protein-residual	train_sample	all	HISTONE_H3_S28	46	cell_cycle	0.0037040170282125473
SCP682-SC12-protein-residual	train_sample	all	HISTONE_H3_S28	46	stress_ifn	0.031603794544935226
SCP682-SC12-protein-residual	train_sample	all	HISTONE_H3_S28	46	ribosomal	0.015269529074430466
SCP682-SC12-protein-residual	train_sample	all	HISTONE_H3_S28	46	random_control	0.10352608561515808
SCP682-SC12-protein-residual	train_sample	all	NFE2L2_S40	47	BCR_BTK_axis	1.348598393115745e-26
SCP682-SC12-protein-residual	train_sample	all	NFE2L2_S40	47	BTK_PLCG2_axis	9.65072478813162e-27
SCP682-SC12-protein-residual	train_sample	all	NFE2L2_S40	47	ERK_axis	0.03813672065734863
SCP682-SC12-protein-residual	train_sample	all	NFE2L2_S40	47	NFkB_axis	0.016418958082795143
SCP682-SC12-protein-residual	train_sample	all	NFE2L2_S40	47	AKT_mTOR_S6_axis	0.053545549511909485
SCP682-SC12-protein-residual	train_sample	all	NFE2L2_S40	47	cell_cycle	0.00017836135521065444
SCP682-SC12-protein-residual	train_sample	all	NFE2L2_S40	47	stress_ifn	0.21661457419395447
SCP682-SC12-protein-residual	train_sample	all	NFE2L2_S40	47	ribosomal	0.6451048254966736
SCP682-SC12-protein-residual	train_sample	all	NFE2L2_S40	47	random_control	0.030001642182469368
SCP682-SC12-protein-residual	train_sample	all	AKT_S473	48	BCR_BTK_axis	0.025745637714862823
SCP682-SC12-protein-residual	train_sample	all	AKT_S473	48	BTK_PLCG2_axis	0.0005415053456090391
SCP682-SC12-protein-residual	train_sample	all	AKT_S473	48	ERK_axis	0.2620279788970947
SCP682-SC12-protein-residual	train_sample	all	AKT_S473	48	NFkB_axis	0.01397800911217928
SCP682-SC12-protein-residual	train_sample	all	AKT_S473	48	AKT_mTOR_S6_axis	0.09904259443283081
SCP682-SC12-protein-residual	train_sample	all	AKT_S473	48	cell_cycle	2.088587962134625e-06
SCP682-SC12-protein-residual	train_sample	all	AKT_S473	48	stress_ifn	0.056588344275951385
SCP682-SC12-protein-residual	train_sample	all	AKT_S473	48	ribosomal	0.4295116364955902
SCP682-SC12-protein-residual	train_sample	all	AKT_S473	48	random_control	0.11256231367588043
SCP682-SC12-protein-residual	train_sample	all	EIF4EBP1_T37_T46	49	BCR_BTK_axis	0.024469798430800438
SCP682-SC12-protein-residual	train_sample	all	EIF4EBP1_T37_T46	49	BTK_PLCG2_axis	0.0005230288952589035
SCP682-SC12-protein-residual	train_sample	all	EIF4EBP1_T37_T46	49	ERK_axis	0.2632503807544708
SCP682-SC12-protein-residual	train_sample	all	EIF4EBP1_T37_T46	49	NFkB_axis	0.013977449387311935
SCP682-SC12-protein-residual	train_sample	all	EIF4EBP1_T37_T46	49	AKT_mTOR_S6_axis	0.09897679835557938
SCP682-SC12-protein-residual	train_sample	all	EIF4EBP1_T37_T46	49	cell_cycle	9.67119035522046e-07
SCP682-SC12-protein-residual	train_sample	all	EIF4EBP1_T37_T46	49	stress_ifn	0.05607186630368233
SCP682-SC12-protein-residual	train_sample	all	EIF4EBP1_T37_T46	49	ribosomal	0.42956826090812683
SCP682-SC12-protein-residual	train_sample	all	EIF4EBP1_T37_T46	49	random_control	0.11316137760877609
SCP682-SC12-protein-residual	train_sample	all	STAT6_Y641	50	BCR_BTK_axis	0.04394519329071045
SCP682-SC12-protein-residual	train_sample	all	STAT6_Y641	50	BTK_PLCG2_axis	0.0005439434316940606
SCP682-SC12-protein-residual	train_sample	all	STAT6_Y641	50	ERK_axis	0.2480902075767517
SCP682-SC12-protein-residual	train_sample	all	STAT6_Y641	50	NFkB_axis	0.013917186297476292
SCP682-SC12-protein-residual	train_sample	all	STAT6_Y641	50	AKT_mTOR_S6_axis	0.09894842654466629
SCP682-SC12-protein-residual	train_sample	all	STAT6_Y641	50	cell_cycle	5.215151759330183e-06
SCP682-SC12-protein-residual	train_sample	all	STAT6_Y641	50	stress_ifn	0.05635189265012741
SCP682-SC12-protein-residual	train_sample	all	STAT6_Y641	50	ribosomal	0.42545005679130554
SCP682-SC12-protein-residual	train_sample	all	STAT6_Y641	50	random_control	0.11274772137403488
SCP682-SC12-protein-residual	train_sample	all	ZAP70_Y493	51	BCR_BTK_axis	0.07531052827835083
SCP682-SC12-protein-residual	train_sample	all	ZAP70_Y493	51	BTK_PLCG2_axis	0.0002503406722098589
SCP682-SC12-protein-residual	train_sample	all	ZAP70_Y493	51	ERK_axis	0.18237973749637604
SCP682-SC12-protein-residual	train_sample	all	ZAP70_Y493	51	NFkB_axis	0.08888788521289825
SCP682-SC12-protein-residual	train_sample	all	ZAP70_Y493	51	AKT_mTOR_S6_axis	0.007015320472419262
SCP682-SC12-protein-residual	train_sample	all	ZAP70_Y493	51	cell_cycle	0.00016641222464386374
SCP682-SC12-protein-residual	train_sample	all	ZAP70_Y493	51	stress_ifn	0.034904830157756805
SCP682-SC12-protein-residual	train_sample	all	ZAP70_Y493	51	ribosomal	0.4559471607208252
SCP682-SC12-protein-residual	train_sample	all	ZAP70_Y493	51	random_control	0.1551378220319748
SCP682-SC12-protein-residual	train_sample	all	LCK_Y505	52	BCR_BTK_axis	1.3898139415195758e-29
SCP682-SC12-protein-residual	train_sample	all	LCK_Y505	52	BTK_PLCG2_axis	8.532305174292434e-32
SCP682-SC12-protein-residual	train_sample	all	LCK_Y505	52	ERK_axis	0.04090914502739906
SCP682-SC12-protein-residual	train_sample	all	LCK_Y505	52	NFkB_axis	0.01516666729003191
SCP682-SC12-protein-residual	train_sample	all	LCK_Y505	52	AKT_mTOR_S6_axis	0.04016217216849327
SCP682-SC12-protein-residual	train_sample	all	LCK_Y505	52	cell_cycle	0.00018838001415133476
SCP682-SC12-protein-residual	train_sample	all	LCK_Y505	52	stress_ifn	0.2056412249803543
SCP682-SC12-protein-residual	train_sample	all	LCK_Y505	52	ribosomal	0.641684889793396
SCP682-SC12-protein-residual	train_sample	all	LCK_Y505	52	random_control	0.05624788999557495
SCP682-SC12-protein-residual	train_sample	all	STAT5A_Y694	53	BCR_BTK_axis	0.02447928488254547
SCP682-SC12-protein-residual	train_sample	all	STAT5A_Y694	53	BTK_PLCG2_axis	0.0004825217474717647
SCP682-SC12-protein-residual	train_sample	all	STAT5A_Y694	53	ERK_axis	0.2632685601711273
SCP682-SC12-protein-residual	train_sample	all	STAT5A_Y694	53	NFkB_axis	0.013977482914924622
SCP682-SC12-protein-residual	train_sample	all	STAT5A_Y694	53	AKT_mTOR_S6_axis	0.0972200408577919
SCP682-SC12-protein-residual	train_sample	all	STAT5A_Y694	53	cell_cycle	2.4864002625690773e-06
SCP682-SC12-protein-residual	train_sample	all	STAT5A_Y694	53	stress_ifn	0.056272491812705994
SCP682-SC12-protein-residual	train_sample	all	STAT5A_Y694	53	ribosomal	0.4295133650302887
SCP682-SC12-protein-residual	train_sample	all	STAT5A_Y694	53	random_control	0.11478391289710999
SCP682-SC12-protein-residual	train_sample	all	PLCG1_Y783	54	BCR_BTK_axis	1.623475111856118e-23
SCP682-SC12-protein-residual	train_sample	all	PLCG1_Y783	54	BTK_PLCG2_axis	1.9732778779035787e-12
SCP682-SC12-protein-residual	train_sample	all	PLCG1_Y783	54	ERK_axis	0.052760813385248184
SCP682-SC12-protein-residual	train_sample	all	PLCG1_Y783	54	NFkB_axis	0.11072051525115967
SCP682-SC12-protein-residual	train_sample	all	PLCG1_Y783	54	AKT_mTOR_S6_axis	0.0013627505395561457
SCP682-SC12-protein-residual	train_sample	all	PLCG1_Y783	54	cell_cycle	4.754665860673413e-05
SCP682-SC12-protein-residual	train_sample	all	PLCG1_Y783	54	stress_ifn	0.033333517611026764
SCP682-SC12-protein-residual	train_sample	all	PLCG1_Y783	54	ribosomal	0.5440638661384583
SCP682-SC12-protein-residual	train_sample	all	PLCG1_Y783	54	random_control	0.2577100992202759
SCP682-SC12-protein-residual	train_sample	all	CTNND1_T310	55	BCR_BTK_axis	0.22951313853263855
SCP682-SC12-protein-residual	train_sample	all	CTNND1_T310	55	BTK_PLCG2_axis	0.004152286797761917
SCP682-SC12-protein-residual	train_sample	all	CTNND1_T310	55	ERK_axis	0.028709404170513153
SCP682-SC12-protein-residual	train_sample	all	CTNND1_T310	55	NFkB_axis	0.04784473404288292
SCP682-SC12-protein-residual	train_sample	all	CTNND1_T310	55	AKT_mTOR_S6_axis	0.025051331147551537
SCP682-SC12-protein-residual	train_sample	all	CTNND1_T310	55	cell_cycle	0.0016665759030729532
SCP682-SC12-protein-residual	train_sample	all	CTNND1_T310	55	stress_ifn	0.04591529443860054
SCP682-SC12-protein-residual	train_sample	all	CTNND1_T310	55	ribosomal	0.4518342912197113
SCP682-SC12-protein-residual	train_sample	all	CTNND1_T310	55	random_control	0.16531334817409515
SCP682-SC12-protein-residual	train_sample	all	PDPK1_S241	56	BCR_BTK_axis	0.011789757758378983
SCP682-SC12-protein-residual	train_sample	all	PDPK1_S241	56	BTK_PLCG2_axis	0.0001847464736783877
SCP682-SC12-protein-residual	train_sample	all	PDPK1_S241	56	ERK_axis	0.2667388916015625
SCP682-SC12-protein-residual	train_sample	all	PDPK1_S241	56	NFkB_axis	0.01434243656694889
SCP682-SC12-protein-residual	train_sample	all	PDPK1_S241	56	AKT_mTOR_S6_axis	0.08204413205385208
SCP682-SC12-protein-residual	train_sample	all	PDPK1_S241	56	cell_cycle	0.00011877271754201502
SCP682-SC12-protein-residual	train_sample	all	PDPK1_S241	56	stress_ifn	0.060964185744524
SCP682-SC12-protein-residual	train_sample	all	PDPK1_S241	56	ribosomal	0.4383252263069153
SCP682-SC12-protein-residual	train_sample	all	PDPK1_S241	56	random_control	0.1254919469356537
SCP682-SC12-protein-residual	train_sample	all	MAP2K4_S257	57	BCR_BTK_axis	2.8244849090697244e-05
SCP682-SC12-protein-residual	train_sample	all	MAP2K4_S257	57	BTK_PLCG2_axis	1.1615755232674552e-11
SCP682-SC12-protein-residual	train_sample	all	MAP2K4_S257	57	ERK_axis	0.004441274795681238
SCP682-SC12-protein-residual	train_sample	all	MAP2K4_S257	57	NFkB_axis	0.123465396463871
SCP682-SC12-protein-residual	train_sample	all	MAP2K4_S257	57	AKT_mTOR_S6_axis	0.020442239940166473
SCP682-SC12-protein-residual	train_sample	all	MAP2K4_S257	57	cell_cycle	6.022517936798977e-06
SCP682-SC12-protein-residual	train_sample	all	MAP2K4_S257	57	stress_ifn	0.2957284450531006
SCP682-SC12-protein-residual	train_sample	all	MAP2K4_S257	57	ribosomal	0.41424310207366943
SCP682-SC12-protein-residual	train_sample	all	MAP2K4_S257	57	random_control	0.1416441649198532
SCP682-SC12-protein-residual	train_sample	all	BTK_Y551	58	BCR_BTK_axis	1.4535709495488538e-28
SCP682-SC12-protein-residual	train_sample	all	BTK_Y551	58	BTK_PLCG2_axis	1.1145027566898358e-36
SCP682-SC12-protein-residual	train_sample	all	BTK_Y551	58	ERK_axis	0.018338611349463463
SCP682-SC12-protein-residual	train_sample	all	BTK_Y551	58	NFkB_axis	0.010286377742886543
SCP682-SC12-protein-residual	train_sample	all	BTK_Y551	58	AKT_mTOR_S6_axis	0.010111231356859207
SCP682-SC12-protein-residual	train_sample	all	BTK_Y551	58	cell_cycle	0.00031369246426038444
SCP682-SC12-protein-residual	train_sample	all	BTK_Y551	58	stress_ifn	0.21412381529808044
SCP682-SC12-protein-residual	train_sample	all	BTK_Y551	58	ribosomal	0.6273494362831116
SCP682-SC12-protein-residual	train_sample	all	BTK_Y551	58	random_control	0.11947724223136902
SCP682-SC12-protein-residual	train_sample	all	H2AFX_S139	59	BCR_BTK_axis	0.5875051617622375
SCP682-SC12-protein-residual	train_sample	all	H2AFX_S139	59	BTK_PLCG2_axis	0.12486404925584793
SCP682-SC12-protein-residual	train_sample	all	H2AFX_S139	59	ERK_axis	0.00025677678058855236
SCP682-SC12-protein-residual	train_sample	all	H2AFX_S139	59	NFkB_axis	0.02022516168653965
SCP682-SC12-protein-residual	train_sample	all	H2AFX_S139	59	AKT_mTOR_S6_axis	0.1204858347773552
SCP682-SC12-protein-residual	train_sample	all	H2AFX_S139	59	cell_cycle	0.003311448497697711
SCP682-SC12-protein-residual	train_sample	all	H2AFX_S139	59	stress_ifn	0.030586814507842064
SCP682-SC12-protein-residual	train_sample	all	H2AFX_S139	59	ribosomal	0.01454110722988844
SCP682-SC12-protein-residual	train_sample	all	H2AFX_S139	59	random_control	0.09822393208742142
SCP682-SC12-protein-residual	train_sample	all	NDRG1_T346	60	BCR_BTK_axis	0.024370597675442696
SCP682-SC12-protein-residual	train_sample	all	NDRG1_T346	60	BTK_PLCG2_axis	0.0005378074711188674
SCP682-SC12-protein-residual	train_sample	all	NDRG1_T346	60	ERK_axis	0.2629123628139496
SCP682-SC12-protein-residual	train_sample	all	NDRG1_T346	60	NFkB_axis	0.013979073613882065
SCP682-SC12-protein-residual	train_sample	all	NDRG1_T346	60	AKT_mTOR_S6_axis	0.0986248254776001
SCP682-SC12-protein-residual	train_sample	all	NDRG1_T346	60	cell_cycle	4.119970526517136e-06
SCP682-SC12-protein-residual	train_sample	all	NDRG1_T346	60	stress_ifn	0.05692945793271065
SCP682-SC12-protein-residual	train_sample	all	NDRG1_T346	60	ribosomal	0.42997074127197266
SCP682-SC12-protein-residual	train_sample	all	NDRG1_T346	60	random_control	0.11267095059156418
SCP682-SC12-protein-residual	train_sample	iccite_seq_tcell_2025	RPS6_pSitePending	0	BCR_BTK_axis	0.153660386800766
SCP682-SC12-protein-residual	train_sample	iccite_seq_tcell_2025	RPS6_pSitePending	0	BTK_PLCG2_axis	0.15988214313983917
SCP682-SC12-protein-residual	train_sample	iccite_seq_tcell_2025	RPS6_pSitePending	0	ERK_axis	0.08701816201210022
SCP682-SC12-protein-residual	train_sample	iccite_seq_tcell_2025	RPS6_pSitePending	0	NFkB_axis	0.4843744933605194
SCP682-SC12-protein-residual	train_sample	iccite_seq_tcell_2025	RPS6_pSitePending	0	AKT_mTOR_S6_axis	0.09211008250713348
SCP682-SC12-protein-residual	train_sample	iccite_seq_tcell_2025	RPS6_pSitePending	0	cell_cycle	0.003941415809094906
SCP682-SC12-protein-residual	train_sample	iccite_seq_tcell_2025	RPS6_pSitePending	0	stress_ifn	0.00981163326650858
SCP682-SC12-protein-residual	train_sample	iccite_seq_tcell_2025	RPS6_pSitePending	0	ribosomal	0.008762460201978683
SCP682-SC12-protein-residual	train_sample	iccite_seq_tcell_2025	RPS6_pSitePending	0	random_control	0.0004413713177200407
SCP682-SC12-protein-residual	train_sample	iccite_seq_tcell_2025	STAT3_Y705	1	BCR_BTK_axis	0.00025403161998838186
SCP682-SC12-protein-residual	train_sample	iccite_seq_tcell_2025	STAT3_Y705	1	BTK_PLCG2_axis	3.675551852211356e-05
SCP682-SC12-protein-residual	train_sample	iccite_seq_tcell_2025	STAT3_Y705	1	ERK_axis	0.17877887189388275
SCP682-SC12-protein-residual	train_sample	iccite_seq_tcell_2025	STAT3_Y705	1	NFkB_axis	0.05614103376865387
SCP682-SC12-protein-residual	train_sample	iccite_seq_tcell_2025	STAT3_Y705	1	AKT_mTOR_S6_axis	0.0004917656187899411
SCP682-SC12-protein-residual	train_sample	iccite_seq_tcell_2025	STAT3_Y705	1	cell_cycle	0.004753403831273317
SCP682-SC12-protein-residual	train_sample	iccite_seq_tcell_2025	STAT3_Y705	1	stress_ifn	0.008910631760954857
SCP682-SC12-protein-residual	train_sample	iccite_seq_tcell_2025	STAT3_Y705	1	ribosomal	0.7398053407669067
SCP682-SC12-protein-residual	train_sample	iccite_seq_tcell_2025	STAT3_Y705	1	random_control	0.01082860678434372
SCP682-SC12-protein-residual	train_sample	iccite_seq_tcell_2025	MAPK14_pSitePending	2	BCR_BTK_axis	0.001154282595962286
SCP682-SC12-protein-residual	train_sample	iccite_seq_tcell_2025	MAPK14_pSitePending	2	BTK_PLCG2_axis	0.021475568413734436
SCP682-SC12-protein-residual	train_sample	iccite_seq_tcell_2025	MAPK14_pSitePending	2	ERK_axis	0.18916454911231995
SCP682-SC12-protein-residual	train_sample	iccite_seq_tcell_2025	MAPK14_pSitePending	2	NFkB_axis	0.2618304491043091
SCP682-SC12-protein-residual	train_sample	iccite_seq_tcell_2025	MAPK14_pSitePending	2	AKT_mTOR_S6_axis	0.05337377265095711
SCP682-SC12-protein-residual	train_sample	iccite_seq_tcell_2025	MAPK14_pSitePending	2	cell_cycle	0.14491286873817444
SCP682-SC12-protein-residual	train_sample	iccite_seq_tcell_2025	MAPK14_pSitePending	2	stress_ifn	0.026813963428139687
SCP682-SC12-protein-residual	train_sample	iccite_seq_tcell_2025	MAPK14_pSitePending	2	ribosomal	0.29606741666793823
SCP682-SC12-protein-residual	train_sample	iccite_seq_tcell_2025	MAPK14_pSitePending	2	random_control	0.005206515081226826
SCP682-SC12-protein-residual	train_sample	iccite_seq_tcell_2025	AKT_pSitePending	3	BCR_BTK_axis	0.031448256224393845
SCP682-SC12-protein-residual	train_sample	iccite_seq_tcell_2025	AKT_pSitePending	3	BTK_PLCG2_axis	0.00044022363726980984
SCP682-SC12-protein-residual	train_sample	iccite_seq_tcell_2025	AKT_pSitePending	3	ERK_axis	0.27308428287506104
SCP682-SC12-protein-residual	train_sample	iccite_seq_tcell_2025	AKT_pSitePending	3	NFkB_axis	1.6868586953933118e-06
SCP682-SC12-protein-residual	train_sample	iccite_seq_tcell_2025	AKT_pSitePending	3	AKT_mTOR_S6_axis	0.1007332056760788
SCP682-SC12-protein-residual	train_sample	iccite_seq_tcell_2025	AKT_pSitePending	3	cell_cycle	3.749646566575393e-06
SCP682-SC12-protein-residual	train_sample	iccite_seq_tcell_2025	AKT_pSitePending	3	stress_ifn	0.04439040645956993
SCP682-SC12-protein-residual	train_sample	iccite_seq_tcell_2025	AKT_pSitePending	3	ribosomal	0.44536837935447693
SCP682-SC12-protein-residual	train_sample	iccite_seq_tcell_2025	AKT_pSitePending	3	random_control	0.10452987998723984
SCP682-SC12-protein-residual	train_sample	iccite_seq_tcell_2025	BTK_pSitePending	4	BCR_BTK_axis	0.017222054302692413
SCP682-SC12-protein-residual	train_sample	iccite_seq_tcell_2025	BTK_pSitePending	4	BTK_PLCG2_axis	0.00014403113164007664
SCP682-SC12-protein-residual	train_sample	iccite_seq_tcell_2025	BTK_pSitePending	4	ERK_axis	0.28445738554000854
SCP682-SC12-protein-residual	train_sample	iccite_seq_tcell_2025	BTK_pSitePending	4	NFkB_axis	3.8748871133975626e-07
SCP682-SC12-protein-residual	train_sample	iccite_seq_tcell_2025	BTK_pSitePending	4	AKT_mTOR_S6_axis	0.09905014932155609
SCP682-SC12-protein-residual	train_sample	iccite_seq_tcell_2025	BTK_pSitePending	4	cell_cycle	6.036626132299716e-08
SCP682-SC12-protein-residual	train_sample	iccite_seq_tcell_2025	BTK_pSitePending	4	stress_ifn	0.04103149101138115
SCP682-SC12-protein-residual	train_sample	iccite_seq_tcell_2025	BTK_pSitePending	4	ribosomal	0.44821998476982117
SCP682-SC12-protein-residual	train_sample	iccite_seq_tcell_2025	BTK_pSitePending	4	random_control	0.10987444967031479
SCP682-SC12-protein-residual	train_sample	iccite_seq_tcell_2025	CREB1_S133_ATF1_S63	5	BCR_BTK_axis	2.3572912510871902e-08
SCP682-SC12-protein-residual	train_sample	iccite_seq_tcell_2025	CREB1_S133_ATF1_S63	5	BTK_PLCG2_axis	5.0279908236916526e-08
SCP682-SC12-protein-residual	train_sample	iccite_seq_tcell_2025	CREB1_S133_ATF1_S63	5	ERK_axis	0.08330212533473969
SCP682-SC12-protein-residual	train_sample	iccite_seq_tcell_2025	CREB1_S133_ATF1_S63	5	NFkB_axis	0.08638834208250046
SCP682-SC12-protein-residual	train_sample	iccite_seq_tcell_2025	CREB1_S133_ATF1_S63	5	AKT_mTOR_S6_axis	0.08988573402166367
SCP682-SC12-protein-residual	train_sample	iccite_seq_tcell_2025	CREB1_S133_ATF1_S63	5	cell_cycle	0.00033739564241841435
SCP682-SC12-protein-residual	train_sample	iccite_seq_tcell_2025	CREB1_S133_ATF1_S63	5	stress_ifn	0.1581534445285797
SCP682-SC12-protein-residual	train_sample	iccite_seq_tcell_2025	CREB1_S133_ATF1_S63	5	ribosomal	0.5780909657478333
SCP682-SC12-protein-residual	train_sample	iccite_seq_tcell_2025	CREB1_S133_ATF1_S63	5	random_control	0.00384355615824461
SCP682-SC12-protein-residual	train_sample	iccite_seq_tcell_2025	FOS_S32	6	BCR_BTK_axis	0.012270757928490639
SCP682-SC12-protein-residual	train_sample	iccite_seq_tcell_2025	FOS_S32	6	BTK_PLCG2_axis	4.19777457238979e-08
SCP682-SC12-protein-residual	train_sample	iccite_seq_tcell_2025	FOS_S32	6	ERK_axis	0.2688494622707367
SCP682-SC12-protein-residual	train_sample	iccite_seq_tcell_2025	FOS_S32	6	NFkB_axis	0.060532186180353165
SCP682-SC12-protein-residual	train_sample	iccite_seq_tcell_2025	FOS_S32	6	AKT_mTOR_S6_axis	0.015131031163036823
SCP682-SC12-protein-residual	train_sample	iccite_seq_tcell_2025	FOS_S32	6	cell_cycle	1.8622962727476988e-07
SCP682-SC12-protein-residual	train_sample	iccite_seq_tcell_2025	FOS_S32	6	stress_ifn	0.02686242386698723
SCP682-SC12-protein-residual	train_sample	iccite_seq_tcell_2025	FOS_S32	6	ribosomal	0.46835362911224365
SCP682-SC12-protein-residual	train_sample	iccite_seq_tcell_2025	FOS_S32	6	random_control	0.14800018072128296
SCP682-SC12-protein-residual	train_sample	iccite_seq_tcell_2025	HM0025_phospho_p44_42_197G2	7	BCR_BTK_axis	0.0005676780710928142
SCP682-SC12-protein-residual	train_sample	iccite_seq_tcell_2025	HM0025_phospho_p44_42_197G2	7	BTK_PLCG2_axis	0.0032323759514838457
SCP682-SC12-protein-residual	train_sample	iccite_seq_tcell_2025	HM0025_phospho_p44_42_197G2	7	ERK_axis	0.18785104155540466
SCP682-SC12-protein-residual	train_sample	iccite_seq_tcell_2025	HM0025_phospho_p44_42_197G2	7	NFkB_axis	0.1597759872674942
SCP682-SC12-protein-residual	train_sample	iccite_seq_tcell_2025	HM0025_phospho_p44_42_197G2	7	AKT_mTOR_S6_axis	0.08846455812454224
SCP682-SC12-protein-residual	train_sample	iccite_seq_tcell_2025	HM0025_phospho_p44_42_197G2	7	cell_cycle	0.09202931076288223
SCP682-SC12-protein-residual	train_sample	iccite_seq_tcell_2025	HM0025_phospho_p44_42_197G2	7	stress_ifn	0.05082707107067108
SCP682-SC12-protein-residual	train_sample	iccite_seq_tcell_2025	HM0025_phospho_p44_42_197G2	7	ribosomal	0.4001957178115845
SCP682-SC12-protein-residual	train_sample	iccite_seq_tcell_2025	HM0025_phospho_p44_42_197G2	7	random_control	0.017055949196219444
SCP682-SC12-protein-residual	train_sample	iccite_seq_tcell_2025	JUN_pSitePending	8	BCR_BTK_axis	0.00024297580239363015
SCP682-SC12-protein-residual	train_sample	iccite_seq_tcell_2025	JUN_pSitePending	8	BTK_PLCG2_axis	0.0006944345077499747
SCP682-SC12-protein-residual	train_sample	iccite_seq_tcell_2025	JUN_pSitePending	8	ERK_axis	0.18058159947395325
SCP682-SC12-protein-residual	train_sample	iccite_seq_tcell_2025	JUN_pSitePending	8	NFkB_axis	0.08971058577299118
SCP682-SC12-protein-residual	train_sample	iccite_seq_tcell_2025	JUN_pSitePending	8	AKT_mTOR_S6_axis	0.00941901933401823
SCP682-SC12-protein-residual	train_sample	iccite_seq_tcell_2025	JUN_pSitePending	8	cell_cycle	0.07453843206167221
SCP682-SC12-protein-residual	train_sample	iccite_seq_tcell_2025	JUN_pSitePending	8	stress_ifn	0.04294060543179512
SCP682-SC12-protein-residual	train_sample	iccite_seq_tcell_2025	JUN_pSitePending	8	ribosomal	0.5633202195167542
SCP682-SC12-protein-residual	train_sample	iccite_seq_tcell_2025	JUN_pSitePending	8	random_control	0.03855210542678833
SCP682-SC12-protein-residual	train_sample	iccite_seq_tcell_2025	LAT_Y226	9	BCR_BTK_axis	3.742626120128989e-08
SCP682-SC12-protein-residual	train_sample	iccite_seq_tcell_2025	LAT_Y226	9	BTK_PLCG2_axis	8.264353823506099e-08
SCP682-SC12-protein-residual	train_sample	iccite_seq_tcell_2025	LAT_Y226	9	ERK_axis	0.08239933848381042
SCP682-SC12-protein-residual	train_sample	iccite_seq_tcell_2025	LAT_Y226	9	NFkB_axis	0.06695818901062012
SCP682-SC12-protein-residual	train_sample	iccite_seq_tcell_2025	LAT_Y226	9	AKT_mTOR_S6_axis	0.07244807481765747
SCP682-SC12-protein-residual	train_sample	iccite_seq_tcell_2025	LAT_Y226	9	cell_cycle	0.0004099822253920138
SCP682-SC12-protein-residual	train_sample	iccite_seq_tcell_2025	LAT_Y226	9	stress_ifn	0.16946178674697876
SCP682-SC12-protein-residual	train_sample	iccite_seq_tcell_2025	LAT_Y226	9	ribosomal	0.5981331467628479
SCP682-SC12-protein-residual	train_sample	iccite_seq_tcell_2025	LAT_Y226	9	random_control	0.010190419852733612
SCP682-SC12-protein-residual	train_sample	iccite_seq_tcell_2025	LCP2_S376	10	BCR_BTK_axis	0.0040176380425691605
SCP682-SC12-protein-residual	train_sample	iccite_seq_tcell_2025	LCP2_S376	10	BTK_PLCG2_axis	0.00037165527464821935
SCP682-SC12-protein-residual	train_sample	iccite_seq_tcell_2025	LCP2_S376	10	ERK_axis	0.1936282068490982
SCP682-SC12-protein-residual	train_sample	iccite_seq_tcell_2025	LCP2_S376	10	NFkB_axis	0.0850411206483841
SCP682-SC12-protein-residual	train_sample	iccite_seq_tcell_2025	LCP2_S376	10	AKT_mTOR_S6_axis	0.12625735998153687
SCP682-SC12-protein-residual	train_sample	iccite_seq_tcell_2025	LCP2_S376	10	cell_cycle	0.016720477491617203
SCP682-SC12-protein-residual	train_sample	iccite_seq_tcell_2025	LCP2_S376	10	stress_ifn	0.07124167680740356
SCP682-SC12-protein-residual	train_sample	iccite_seq_tcell_2025	LCP2_S376	10	ribosomal	0.46497488021850586
SCP682-SC12-protein-residual	train_sample	iccite_seq_tcell_2025	LCP2_S376	10	random_control	0.03774700313806534
SCP682-SC12-protein-residual	train_sample	iccite_seq_tcell_2025	MAP2K1_S298	11	BCR_BTK_axis	0.00013854604912921786
SCP682-SC12-protein-residual	train_sample	iccite_seq_tcell_2025	MAP2K1_S298	11	BTK_PLCG2_axis	0.004019740503281355
SCP682-SC12-protein-residual	train_sample	iccite_seq_tcell_2025	MAP2K1_S298	11	ERK_axis	0.17023517191410065
SCP682-SC12-protein-residual	train_sample	iccite_seq_tcell_2025	MAP2K1_S298	11	NFkB_axis	0.17631107568740845
SCP682-SC12-protein-residual	train_sample	iccite_seq_tcell_2025	MAP2K1_S298	11	AKT_mTOR_S6_axis	0.06960368156433105
SCP682-SC12-protein-residual	train_sample	iccite_seq_tcell_2025	MAP2K1_S298	11	cell_cycle	0.10588899999856949
SCP682-SC12-protein-residual	train_sample	iccite_seq_tcell_2025	MAP2K1_S298	11	stress_ifn	0.055799953639507294
SCP682-SC12-protein-residual	train_sample	iccite_seq_tcell_2025	MAP2K1_S298	11	ribosomal	0.4024144113063812
SCP682-SC12-protein-residual	train_sample	iccite_seq_tcell_2025	MAP2K1_S298	11	random_control	0.015588494017720222
SCP682-SC12-protein-residual	train_sample	iccite_seq_tcell_2025	MAPK14_pSitePending_D3F9	12	BCR_BTK_axis	0.0009318569209426641
SCP682-SC12-protein-residual	train_sample	iccite_seq_tcell_2025	MAPK14_pSitePending_D3F9	12	BTK_PLCG2_axis	2.8347236366244033e-05
SCP682-SC12-protein-residual	train_sample	iccite_seq_tcell_2025	MAPK14_pSitePending_D3F9	12	ERK_axis	0.1637723445892334
SCP682-SC12-protein-residual	train_sample	iccite_seq_tcell_2025	MAPK14_pSitePending_D3F9	12	NFkB_axis	0.01078163180500269
SCP682-SC12-protein-residual	train_sample	iccite_seq_tcell_2025	MAPK14_pSitePending_D3F9	12	AKT_mTOR_S6_axis	2.3249402147484943e-05
SCP682-SC12-protein-residual	train_sample	iccite_seq_tcell_2025	MAPK14_pSitePending_D3F9	12	cell_cycle	0.00016612389299552888
SCP682-SC12-protein-residual	train_sample	iccite_seq_tcell_2025	MAPK14_pSitePending_D3F9	12	stress_ifn	0.0008682877523824573
SCP682-SC12-protein-residual	train_sample	iccite_seq_tcell_2025	MAPK14_pSitePending_D3F9	12	ribosomal	0.8143634796142578
SCP682-SC12-protein-residual	train_sample	iccite_seq_tcell_2025	MAPK14_pSitePending_D3F9	12	random_control	0.009065709076821804
SCP682-SC12-protein-residual	train_sample	iccite_seq_tcell_2025	MAPK1_MAPK3_T202_Y204	13	BCR_BTK_axis	0.01411396637558937
SCP682-SC12-protein-residual	train_sample	iccite_seq_tcell_2025	MAPK1_MAPK3_T202_Y204	13	BTK_PLCG2_axis	9.409081394551322e-05
SCP682-SC12-protein-residual	train_sample	iccite_seq_tcell_2025	MAPK1_MAPK3_T202_Y204	13	ERK_axis	0.28581976890563965
SCP682-SC12-protein-residual	train_sample	iccite_seq_tcell_2025	MAPK1_MAPK3_T202_Y204	13	NFkB_axis	6.924748049641494e-06
SCP682-SC12-protein-residual	train_sample	iccite_seq_tcell_2025	MAPK1_MAPK3_T202_Y204	13	AKT_mTOR_S6_axis	0.0967215895652771
SCP682-SC12-protein-residual	train_sample	iccite_seq_tcell_2025	MAPK1_MAPK3_T202_Y204	13	cell_cycle	2.2465748372724192e-07
SCP682-SC12-protein-residual	train_sample	iccite_seq_tcell_2025	MAPK1_MAPK3_T202_Y204	13	stress_ifn	0.04151579365134239
SCP682-SC12-protein-residual	train_sample	iccite_seq_tcell_2025	MAPK1_MAPK3_T202_Y204	13	ribosomal	0.44995808601379395
SCP682-SC12-protein-residual	train_sample	iccite_seq_tcell_2025	MAPK1_MAPK3_T202_Y204	13	random_control	0.11176946759223938
SCP682-SC12-protein-residual	train_sample	iccite_seq_tcell_2025	MAPK1_MAPK3_pSitePending	14	BCR_BTK_axis	0.01320511195808649
SCP682-SC12-protein-residual	train_sample	iccite_seq_tcell_2025	MAPK1_MAPK3_pSitePending	14	BTK_PLCG2_axis	9.052430687006563e-05
SCP682-SC12-protein-residual	train_sample	iccite_seq_tcell_2025	MAPK1_MAPK3_pSitePending	14	ERK_axis	0.2867569029331207
SCP682-SC12-protein-residual	train_sample	iccite_seq_tcell_2025	MAPK1_MAPK3_pSitePending	14	NFkB_axis	6.954393938940484e-06
SCP682-SC12-protein-residual	train_sample	iccite_seq_tcell_2025	MAPK1_MAPK3_pSitePending	14	AKT_mTOR_S6_axis	0.09657814353704453
SCP682-SC12-protein-residual	train_sample	iccite_seq_tcell_2025	MAPK1_MAPK3_pSitePending	14	cell_cycle	1.672856200229944e-07
SCP682-SC12-protein-residual	train_sample	iccite_seq_tcell_2025	MAPK1_MAPK3_pSitePending	14	stress_ifn	0.04164581373333931
SCP682-SC12-protein-residual	train_sample	iccite_seq_tcell_2025	MAPK1_MAPK3_pSitePending	14	ribosomal	0.4499286413192749
SCP682-SC12-protein-residual	train_sample	iccite_seq_tcell_2025	MAPK1_MAPK3_pSitePending	14	random_control	0.11178775876760483
SCP682-SC12-protein-residual	train_sample	iccite_seq_tcell_2025	PLCG2_Y759	15	BCR_BTK_axis	4.332361072187214e-31
SCP682-SC12-protein-residual	train_sample	iccite_seq_tcell_2025	PLCG2_Y759	15	BTK_PLCG2_axis	4.8785517158040275e-33
SCP682-SC12-protein-residual	train_sample	iccite_seq_tcell_2025	PLCG2_Y759	15	ERK_axis	0.04456453025341034
SCP682-SC12-protein-residual	train_sample	iccite_seq_tcell_2025	PLCG2_Y759	15	NFkB_axis	0.018649782985448837
SCP682-SC12-protein-residual	train_sample	iccite_seq_tcell_2025	PLCG2_Y759	15	AKT_mTOR_S6_axis	0.029575739055871964
SCP682-SC12-protein-residual	train_sample	iccite_seq_tcell_2025	PLCG2_Y759	15	cell_cycle	6.192208093125373e-05
SCP682-SC12-protein-residual	train_sample	iccite_seq_tcell_2025	PLCG2_Y759	15	stress_ifn	0.15835173428058624
SCP682-SC12-protein-residual	train_sample	iccite_seq_tcell_2025	PLCG2_Y759	15	ribosomal	0.6603732109069824
SCP682-SC12-protein-residual	train_sample	iccite_seq_tcell_2025	PLCG2_Y759	15	random_control	0.08842279762029648
SCP682-SC12-protein-residual	train_sample	iccite_seq_tcell_2025	PLCG2_pSitePending	16	BCR_BTK_axis	0.018142366781830788
SCP682-SC12-protein-residual	train_sample	iccite_seq_tcell_2025	PLCG2_pSitePending	16	BTK_PLCG2_axis	0.00031389694777317345
SCP682-SC12-protein-residual	train_sample	iccite_seq_tcell_2025	PLCG2_pSitePending	16	ERK_axis	0.2855101227760315
SCP682-SC12-protein-residual	train_sample	iccite_seq_tcell_2025	PLCG2_pSitePending	16	NFkB_axis	3.3528568366136824e-08
SCP682-SC12-protein-residual	train_sample	iccite_seq_tcell_2025	PLCG2_pSitePending	16	AKT_mTOR_S6_axis	0.1010843962430954
SCP682-SC12-protein-residual	train_sample	iccite_seq_tcell_2025	PLCG2_pSitePending	16	cell_cycle	1.58498750124636e-07
SCP682-SC12-protein-residual	train_sample	iccite_seq_tcell_2025	PLCG2_pSitePending	16	stress_ifn	0.042145486921072006
SCP682-SC12-protein-residual	train_sample	iccite_seq_tcell_2025	PLCG2_pSitePending	16	ribosomal	0.446252703666687
SCP682-SC12-protein-residual	train_sample	iccite_seq_tcell_2025	PLCG2_pSitePending	16	random_control	0.10655095428228378
SCP682-SC12-protein-residual	train_sample	iccite_seq_tcell_2025	RELA_S536	17	BCR_BTK_axis	0.031292177736759186
SCP682-SC12-protein-residual	train_sample	iccite_seq_tcell_2025	RELA_S536	17	BTK_PLCG2_axis	0.00038627395406365395
SCP682-SC12-protein-residual	train_sample	iccite_seq_tcell_2025	RELA_S536	17	ERK_axis	0.2720685303211212
SCP682-SC12-protein-residual	train_sample	iccite_seq_tcell_2025	RELA_S536	17	NFkB_axis	1.1854138392664026e-05
SCP682-SC12-protein-residual	train_sample	iccite_seq_tcell_2025	RELA_S536	17	AKT_mTOR_S6_axis	0.09702553600072861
SCP682-SC12-protein-residual	train_sample	iccite_seq_tcell_2025	RELA_S536	17	cell_cycle	5.124336894368753e-05
SCP682-SC12-protein-residual	train_sample	iccite_seq_tcell_2025	RELA_S536	17	stress_ifn	0.04576500132679939
SCP682-SC12-protein-residual	train_sample	iccite_seq_tcell_2025	RELA_S536	17	ribosomal	0.44653424620628357
SCP682-SC12-protein-residual	train_sample	iccite_seq_tcell_2025	RELA_S536	17	random_control	0.1068650484085083
SCP682-SC12-protein-residual	train_sample	iccite_seq_tcell_2025	RELA_pSitePending_93H1	18	BCR_BTK_axis	2.4880659111659043e-05
SCP682-SC12-protein-residual	train_sample	iccite_seq_tcell_2025	RELA_pSitePending_93H1	18	BTK_PLCG2_axis	3.8514494349328743e-07
SCP682-SC12-protein-residual	train_sample	iccite_seq_tcell_2025	RELA_pSitePending_93H1	18	ERK_axis	0.14447656273841858
SCP682-SC12-protein-residual	train_sample	iccite_seq_tcell_2025	RELA_pSitePending_93H1	18	NFkB_axis	0.03571147471666336
SCP682-SC12-protein-residual	train_sample	iccite_seq_tcell_2025	RELA_pSitePending_93H1	18	AKT_mTOR_S6_axis	1.5411871572723612e-05
SCP682-SC12-protein-residual	train_sample	iccite_seq_tcell_2025	RELA_pSitePending_93H1	18	cell_cycle	3.74718765669968e-05
SCP682-SC12-protein-residual	train_sample	iccite_seq_tcell_2025	RELA_pSitePending_93H1	18	stress_ifn	0.0033968903589993715
SCP682-SC12-protein-residual	train_sample	iccite_seq_tcell_2025	RELA_pSitePending_93H1	18	ribosomal	0.8112172484397888
SCP682-SC12-protein-residual	train_sample	iccite_seq_tcell_2025	RELA_pSitePending_93H1	18	random_control	0.005119426175951958
SCP682-SC12-protein-residual	train_sample	iccite_seq_tcell_2025	STAT5A_STAT5B_Y694_Y699	21	BCR_BTK_axis	2.5255280888814013e-06
SCP682-SC12-protein-residual	train_sample	iccite_seq_tcell_2025	STAT5A_STAT5B_Y694_Y699	21	BTK_PLCG2_axis	8.653768190924893e-07
SCP682-SC12-protein-residual	train_sample	iccite_seq_tcell_2025	STAT5A_STAT5B_Y694_Y699	21	ERK_axis	0.10089030116796494
SCP682-SC12-protein-residual	train_sample	iccite_seq_tcell_2025	STAT5A_STAT5B_Y694_Y699	21	NFkB_axis	0.0623915009200573
SCP682-SC12-protein-residual	train_sample	iccite_seq_tcell_2025	STAT5A_STAT5B_Y694_Y699	21	AKT_mTOR_S6_axis	0.0015981148462742567
SCP682-SC12-protein-residual	train_sample	iccite_seq_tcell_2025	STAT5A_STAT5B_Y694_Y699	21	cell_cycle	0.0023981279227882624
SCP682-SC12-protein-residual	train_sample	iccite_seq_tcell_2025	STAT5A_STAT5B_Y694_Y699	21	stress_ifn	0.07049164921045303
SCP682-SC12-protein-residual	train_sample	iccite_seq_tcell_2025	STAT5A_STAT5B_Y694_Y699	21	ribosomal	0.7162410616874695
SCP682-SC12-protein-residual	train_sample	iccite_seq_tcell_2025	STAT5A_STAT5B_Y694_Y699	21	random_control	0.04598555341362953
SCP682-SC12-protein-residual	train_sample	iccite_seq_tcell_2025	SYK_pSitePending	22	BCR_BTK_axis	1.126232909062378e-31
SCP682-SC12-protein-residual	train_sample	iccite_seq_tcell_2025	SYK_pSitePending	22	BTK_PLCG2_axis	1.425214607469448e-32
SCP682-SC12-protein-residual	train_sample	iccite_seq_tcell_2025	SYK_pSitePending	22	ERK_axis	0.04415407404303551
SCP682-SC12-protein-residual	train_sample	iccite_seq_tcell_2025	SYK_pSitePending	22	NFkB_axis	0.017229236662387848
SCP682-SC12-protein-residual	train_sample	iccite_seq_tcell_2025	SYK_pSitePending	22	AKT_mTOR_S6_axis	0.04247552156448364
SCP682-SC12-protein-residual	train_sample	iccite_seq_tcell_2025	SYK_pSitePending	22	cell_cycle	6.470327934948727e-05
SCP682-SC12-protein-residual	train_sample	iccite_seq_tcell_2025	SYK_pSitePending	22	stress_ifn	0.1677130162715912
SCP682-SC12-protein-residual	train_sample	iccite_seq_tcell_2025	SYK_pSitePending	22	ribosomal	0.669560968875885
SCP682-SC12-protein-residual	train_sample	iccite_seq_tcell_2025	SYK_pSitePending	22	random_control	0.058803070336580276
SCP682-SC12-protein-residual	train_sample	iccite_seq_tcell_2025	p-AMPK-a1/2	23	BCR_BTK_axis	0.03347728028893471
SCP682-SC12-protein-residual	train_sample	iccite_seq_tcell_2025	p-AMPK-a1/2	23	BTK_PLCG2_axis	0.0004396775329951197
SCP682-SC12-protein-residual	train_sample	iccite_seq_tcell_2025	p-AMPK-a1/2	23	ERK_axis	0.2709996998310089
SCP682-SC12-protein-residual	train_sample	iccite_seq_tcell_2025	p-AMPK-a1/2	23	NFkB_axis	3.3549497402418638e-06
SCP682-SC12-protein-residual	train_sample	iccite_seq_tcell_2025	p-AMPK-a1/2	23	AKT_mTOR_S6_axis	0.10009488463401794
SCP682-SC12-protein-residual	train_sample	iccite_seq_tcell_2025	p-AMPK-a1/2	23	cell_cycle	7.967474630277138e-06
SCP682-SC12-protein-residual	train_sample	iccite_seq_tcell_2025	p-AMPK-a1/2	23	stress_ifn	0.044731613248586655
SCP682-SC12-protein-residual	train_sample	iccite_seq_tcell_2025	p-AMPK-a1/2	23	ribosomal	0.4454227089881897
SCP682-SC12-protein-residual	train_sample	iccite_seq_tcell_2025	p-AMPK-a1/2	23	random_control	0.10482269525527954
SCP682-SC12-protein-residual	train_sample	iccite_seq_tcell_2025	p-AMPK-b1	24	BCR_BTK_axis	0.016969388350844383
SCP682-SC12-protein-residual	train_sample	iccite_seq_tcell_2025	p-AMPK-b1	24	BTK_PLCG2_axis	0.0001864691002992913
SCP682-SC12-protein-residual	train_sample	iccite_seq_tcell_2025	p-AMPK-b1	24	ERK_axis	0.2860719859600067
SCP682-SC12-protein-residual	train_sample	iccite_seq_tcell_2025	p-AMPK-b1	24	NFkB_axis	7.823147285535015e-08
SCP682-SC12-protein-residual	train_sample	iccite_seq_tcell_2025	p-AMPK-b1	24	AKT_mTOR_S6_axis	0.09935203939676285
SCP682-SC12-protein-residual	train_sample	iccite_seq_tcell_2025	p-AMPK-b1	24	cell_cycle	8.42302299020048e-08
SCP682-SC12-protein-residual	train_sample	iccite_seq_tcell_2025	p-AMPK-b1	24	stress_ifn	0.04138155281543732
SCP682-SC12-protein-residual	train_sample	iccite_seq_tcell_2025	p-AMPK-b1	24	ribosomal	0.44686439633369446
SCP682-SC12-protein-residual	train_sample	iccite_seq_tcell_2025	p-AMPK-b1	24	random_control	0.10917404294013977
SCP682-SC12-protein-residual	train_sample	iccite_seq_tcell_2025	p-BLNK	25	BCR_BTK_axis	5.172014505400458e-19
SCP682-SC12-protein-residual	train_sample	iccite_seq_tcell_2025	p-BLNK	25	BTK_PLCG2_axis	2.3052434160279462e-22
SCP682-SC12-protein-residual	train_sample	iccite_seq_tcell_2025	p-BLNK	25	ERK_axis	0.02162821777164936
SCP682-SC12-protein-residual	train_sample	iccite_seq_tcell_2025	p-BLNK	25	NFkB_axis	0.14150018990039825
SCP682-SC12-protein-residual	train_sample	iccite_seq_tcell_2025	p-BLNK	25	AKT_mTOR_S6_axis	0.06409383565187454
SCP682-SC12-protein-residual	train_sample	iccite_seq_tcell_2025	p-BLNK	25	cell_cycle	5.176889681024477e-05
SCP682-SC12-protein-residual	train_sample	iccite_seq_tcell_2025	p-BLNK	25	stress_ifn	0.21221591532230377
SCP682-SC12-protein-residual	train_sample	iccite_seq_tcell_2025	p-BLNK	25	ribosomal	0.5476075410842896
SCP682-SC12-protein-residual	train_sample	iccite_seq_tcell_2025	p-BLNK	25	random_control	0.01290226448327303
SCP682-SC12-protein-residual	train_sample	iccite_seq_tcell_2025	p-CD79a	26	BCR_BTK_axis	1.0632474356556418e-24
SCP682-SC12-protein-residual	train_sample	iccite_seq_tcell_2025	p-CD79a	26	BTK_PLCG2_axis	1.702943026738865e-24
SCP682-SC12-protein-residual	train_sample	iccite_seq_tcell_2025	p-CD79a	26	ERK_axis	0.045334458351135254
SCP682-SC12-protein-residual	train_sample	iccite_seq_tcell_2025	p-CD79a	26	NFkB_axis	0.06345101445913315
SCP682-SC12-protein-residual	train_sample	iccite_seq_tcell_2025	p-CD79a	26	AKT_mTOR_S6_axis	0.08504422754049301
SCP682-SC12-protein-residual	train_sample	iccite_seq_tcell_2025	p-CD79a	26	cell_cycle	6.472980021499097e-05
SCP682-SC12-protein-residual	train_sample	iccite_seq_tcell_2025	p-CD79a	26	stress_ifn	0.1694813221693039
SCP682-SC12-protein-residual	train_sample	iccite_seq_tcell_2025	p-CD79a	26	ribosomal	0.633741021156311
SCP682-SC12-protein-residual	train_sample	iccite_seq_tcell_2025	p-CD79a	26	random_control	0.0028834983240813017
SCP682-SC12-protein-residual	train_sample	iccite_seq_tcell_2025	p-CDK1	27	BCR_BTK_axis	0.6083271503448486
SCP682-SC12-protein-residual	train_sample	iccite_seq_tcell_2025	p-CDK1	27	BTK_PLCG2_axis	0.13829557597637177
SCP682-SC12-protein-residual	train_sample	iccite_seq_tcell_2025	p-CDK1	27	ERK_axis	5.134893352866481e-29
SCP682-SC12-protein-residual	train_sample	iccite_seq_tcell_2025	p-CDK1	27	NFkB_axis	1.7803008958532096e-13
SCP682-SC12-protein-residual	train_sample	iccite_seq_tcell_2025	p-CDK1	27	AKT_mTOR_S6_axis	0.13452081382274628
SCP682-SC12-protein-residual	train_sample	iccite_seq_tcell_2025	p-CDK1	27	cell_cycle	0.004281196277588606
SCP682-SC12-protein-residual	train_sample	iccite_seq_tcell_2025	p-CDK1	27	stress_ifn	0.02984647825360298
SCP682-SC12-protein-residual	train_sample	iccite_seq_tcell_2025	p-CDK1	27	ribosomal	1.1996291945330467e-39
SCP682-SC12-protein-residual	train_sample	iccite_seq_tcell_2025	p-CDK1	27	random_control	0.08472909033298492
SCP682-SC12-protein-residual	train_sample	iccite_seq_tcell_2025	p-CDK4	28	BCR_BTK_axis	0.0881512239575386
SCP682-SC12-protein-residual	train_sample	iccite_seq_tcell_2025	p-CDK4	28	BTK_PLCG2_axis	8.188748324755579e-05
SCP682-SC12-protein-residual	train_sample	iccite_seq_tcell_2025	p-CDK4	28	ERK_axis	0.19446122646331787
SCP682-SC12-protein-residual	train_sample	iccite_seq_tcell_2025	p-CDK4	28	NFkB_axis	0.04147321358323097
SCP682-SC12-protein-residual	train_sample	iccite_seq_tcell_2025	p-CDK4	28	AKT_mTOR_S6_axis	0.023665226995944977
SCP682-SC12-protein-residual	train_sample	iccite_seq_tcell_2025	p-CDK4	28	cell_cycle	0.00029384662047959864
SCP682-SC12-protein-residual	train_sample	iccite_seq_tcell_2025	p-CDK4	28	stress_ifn	0.026104886084794998
SCP682-SC12-protein-residual	train_sample	iccite_seq_tcell_2025	p-CDK4	28	ribosomal	0.4666641652584076
SCP682-SC12-protein-residual	train_sample	iccite_seq_tcell_2025	p-CDK4	28	random_control	0.1591043919324875
SCP682-SC12-protein-residual	train_sample	iccite_seq_tcell_2025	p-HistonH2A.X	30	BCR_BTK_axis	0.24728122353553772
SCP682-SC12-protein-residual	train_sample	iccite_seq_tcell_2025	p-HistonH2A.X	30	BTK_PLCG2_axis	0.00019514613086357713
SCP682-SC12-protein-residual	train_sample	iccite_seq_tcell_2025	p-HistonH2A.X	30	ERK_axis	0.011875844560563564
SCP682-SC12-protein-residual	train_sample	iccite_seq_tcell_2025	p-HistonH2A.X	30	NFkB_axis	0.07609885931015015
SCP682-SC12-protein-residual	train_sample	iccite_seq_tcell_2025	p-HistonH2A.X	30	AKT_mTOR_S6_axis	0.001562233897857368
SCP682-SC12-protein-residual	train_sample	iccite_seq_tcell_2025	p-HistonH2A.X	30	cell_cycle	0.0025238734669983387
SCP682-SC12-protein-residual	train_sample	iccite_seq_tcell_2025	p-HistonH2A.X	30	stress_ifn	0.006469646003097296
SCP682-SC12-protein-residual	train_sample	iccite_seq_tcell_2025	p-HistonH2A.X	30	ribosomal	0.46341434121131897
SCP682-SC12-protein-residual	train_sample	iccite_seq_tcell_2025	p-HistonH2A.X	30	random_control	0.19057941436767578
SCP682-SC12-protein-residual	train_sample	iccite_seq_tcell_2025	p-HistonH3	31	BCR_BTK_axis	0.06378879398107529
SCP682-SC12-protein-residual	train_sample	iccite_seq_tcell_2025	p-HistonH3	31	BTK_PLCG2_axis	3.5615441447589546e-05
SCP682-SC12-protein-residual	train_sample	iccite_seq_tcell_2025	p-HistonH3	31	ERK_axis	0.22851110994815826
SCP682-SC12-protein-residual	train_sample	iccite_seq_tcell_2025	p-HistonH3	31	NFkB_axis	0.0008074018405750394
SCP682-SC12-protein-residual	train_sample	iccite_seq_tcell_2025	p-HistonH3	31	AKT_mTOR_S6_axis	0.07683245092630386
SCP682-SC12-protein-residual	train_sample	iccite_seq_tcell_2025	p-HistonH3	31	cell_cycle	7.063239172566682e-05
SCP682-SC12-protein-residual	train_sample	iccite_seq_tcell_2025	p-HistonH3	31	stress_ifn	0.041474830359220505
SCP682-SC12-protein-residual	train_sample	iccite_seq_tcell_2025	p-HistonH3	31	ribosomal	0.4574510455131531
SCP682-SC12-protein-residual	train_sample	iccite_seq_tcell_2025	p-HistonH3	31	random_control	0.1310281902551651
SCP682-SC12-protein-residual	train_sample	iccite_seq_tcell_2025	p-IKKa/b	32	BCR_BTK_axis	0.01936226710677147
SCP682-SC12-protein-residual	train_sample	iccite_seq_tcell_2025	p-IKKa/b	32	BTK_PLCG2_axis	9.270200825994834e-05
SCP682-SC12-protein-residual	train_sample	iccite_seq_tcell_2025	p-IKKa/b	32	ERK_axis	0.2810472846031189
SCP682-SC12-protein-residual	train_sample	iccite_seq_tcell_2025	p-IKKa/b	32	NFkB_axis	3.060325298065436e-06
SCP682-SC12-protein-residual	train_sample	iccite_seq_tcell_2025	p-IKKa/b	32	AKT_mTOR_S6_axis	0.09684359282255173
SCP682-SC12-protein-residual	train_sample	iccite_seq_tcell_2025	p-IKKa/b	32	cell_cycle	1.3108466134781338e-07
SCP682-SC12-protein-residual	train_sample	iccite_seq_tcell_2025	p-IKKa/b	32	stress_ifn	0.0413314513862133
SCP682-SC12-protein-residual	train_sample	iccite_seq_tcell_2025	p-IKKa/b	32	ribosomal	0.4494819641113281
SCP682-SC12-protein-residual	train_sample	iccite_seq_tcell_2025	p-IKKa/b	32	random_control	0.11183757334947586
SCP682-SC12-protein-residual	train_sample	iccite_seq_tcell_2025	p-IRAK4	33	BCR_BTK_axis	0.08058542013168335
SCP682-SC12-protein-residual	train_sample	iccite_seq_tcell_2025	p-IRAK4	33	BTK_PLCG2_axis	0.00010859504982363433
SCP682-SC12-protein-residual	train_sample	iccite_seq_tcell_2025	p-IRAK4	33	ERK_axis	0.20635907351970673
SCP682-SC12-protein-residual	train_sample	iccite_seq_tcell_2025	p-IRAK4	33	NFkB_axis	0.011827131733298302
SCP682-SC12-protein-residual	train_sample	iccite_seq_tcell_2025	p-IRAK4	33	AKT_mTOR_S6_axis	0.05349413678050041
SCP682-SC12-protein-residual	train_sample	iccite_seq_tcell_2025	p-IRAK4	33	cell_cycle	0.00022803727188147604
SCP682-SC12-protein-residual	train_sample	iccite_seq_tcell_2025	p-IRAK4	33	stress_ifn	0.03838470205664635
SCP682-SC12-protein-residual	train_sample	iccite_seq_tcell_2025	p-IRAK4	33	ribosomal	0.46264922618865967
SCP682-SC12-protein-residual	train_sample	iccite_seq_tcell_2025	p-IRAK4	33	random_control	0.14636370539665222
SCP682-SC12-protein-residual	train_sample	iccite_seq_tcell_2025	p-JAK1	34	BCR_BTK_axis	2.3976597770332386e-30
SCP682-SC12-protein-residual	train_sample	iccite_seq_tcell_2025	p-JAK1	34	BTK_PLCG2_axis	2.8923651639835773e-30
SCP682-SC12-protein-residual	train_sample	iccite_seq_tcell_2025	p-JAK1	34	ERK_axis	0.043172288686037064
SCP682-SC12-protein-residual	train_sample	iccite_seq_tcell_2025	p-JAK1	34	NFkB_axis	0.016272900626063347
SCP682-SC12-protein-residual	train_sample	iccite_seq_tcell_2025	p-JAK1	34	AKT_mTOR_S6_axis	0.050645612180233
SCP682-SC12-protein-residual	train_sample	iccite_seq_tcell_2025	p-JAK1	34	cell_cycle	6.47255583317019e-05
SCP682-SC12-protein-residual	train_sample	iccite_seq_tcell_2025	p-JAK1	34	stress_ifn	0.17119042575359344
SCP682-SC12-protein-residual	train_sample	iccite_seq_tcell_2025	p-JAK1	34	ribosomal	0.674651563167572
SCP682-SC12-protein-residual	train_sample	iccite_seq_tcell_2025	p-JAK1	34	random_control	0.04400239884853363
SCP682-SC12-protein-residual	train_sample	iccite_seq_tcell_2025	p-JNK	35	BCR_BTK_axis	0.01554134488105774
SCP682-SC12-protein-residual	train_sample	iccite_seq_tcell_2025	p-JNK	35	BTK_PLCG2_axis	0.00020957928791176528
SCP682-SC12-protein-residual	train_sample	iccite_seq_tcell_2025	p-JNK	35	ERK_axis	0.28725868463516235
SCP682-SC12-protein-residual	train_sample	iccite_seq_tcell_2025	p-JNK	35	NFkB_axis	4.38006821923409e-08
SCP682-SC12-protein-residual	train_sample	iccite_seq_tcell_2025	p-JNK	35	AKT_mTOR_S6_axis	0.0997229740023613
SCP682-SC12-protein-residual	train_sample	iccite_seq_tcell_2025	p-JNK	35	cell_cycle	7.822468006679628e-08
SCP682-SC12-protein-residual	train_sample	iccite_seq_tcell_2025	p-JNK	35	stress_ifn	0.04149070754647255
SCP682-SC12-protein-residual	train_sample	iccite_seq_tcell_2025	p-JNK	35	ribosomal	0.44710442423820496
SCP682-SC12-protein-residual	train_sample	iccite_seq_tcell_2025	p-JNK	35	random_control	0.10867240279912949
SCP682-SC12-protein-residual	train_sample	iccite_seq_tcell_2025	p-PKC-b1	36	BCR_BTK_axis	0.24276462197303772
SCP682-SC12-protein-residual	train_sample	iccite_seq_tcell_2025	p-PKC-b1	36	BTK_PLCG2_axis	0.002455690875649452
SCP682-SC12-protein-residual	train_sample	iccite_seq_tcell_2025	p-PKC-b1	36	ERK_axis	0.02750549465417862
SCP682-SC12-protein-residual	train_sample	iccite_seq_tcell_2025	p-PKC-b1	36	NFkB_axis	0.05016462132334709
SCP682-SC12-protein-residual	train_sample	iccite_seq_tcell_2025	p-PKC-b1	36	AKT_mTOR_S6_axis	0.013857695274055004
SCP682-SC12-protein-residual	train_sample	iccite_seq_tcell_2025	p-PKC-b1	36	cell_cycle	0.002400742843747139
SCP682-SC12-protein-residual	train_sample	iccite_seq_tcell_2025	p-PKC-b1	36	stress_ifn	0.0162061657756567
SCP682-SC12-protein-residual	train_sample	iccite_seq_tcell_2025	p-PKC-b1	36	ribosomal	0.4739551544189453
SCP682-SC12-protein-residual	train_sample	iccite_seq_tcell_2025	p-PKC-b1	36	random_control	0.17068986594676971
SCP682-SC12-protein-residual	train_sample	iccite_seq_tcell_2025	p-Rb	37	BCR_BTK_axis	0.6089707612991333
SCP682-SC12-protein-residual	train_sample	iccite_seq_tcell_2025	p-Rb	37	BTK_PLCG2_axis	0.1375313401222229
SCP682-SC12-protein-residual	train_sample	iccite_seq_tcell_2025	p-Rb	37	ERK_axis	8.192986029886615e-29
SCP682-SC12-protein-residual	train_sample	iccite_seq_tcell_2025	p-Rb	37	NFkB_axis	4.309953815281181e-13
SCP682-SC12-protein-residual	train_sample	iccite_seq_tcell_2025	p-Rb	37	AKT_mTOR_S6_axis	0.1318282037973404
SCP682-SC12-protein-residual	train_sample	iccite_seq_tcell_2025	p-Rb	37	cell_cycle	0.004318790044635534
SCP682-SC12-protein-residual	train_sample	iccite_seq_tcell_2025	p-Rb	37	stress_ifn	0.030354386195540428
SCP682-SC12-protein-residual	train_sample	iccite_seq_tcell_2025	p-Rb	37	ribosomal	1.8890096048348944e-38
SCP682-SC12-protein-residual	train_sample	iccite_seq_tcell_2025	p-Rb	37	random_control	0.08699619770050049
SCP682-SC12-protein-residual	train_sample	iccite_seq_tcell_2025	p-STAT5	40	BCR_BTK_axis	0.015301400795578957
SCP682-SC12-protein-residual	train_sample	iccite_seq_tcell_2025	p-STAT5	40	BTK_PLCG2_axis	0.00011521159467520192
SCP682-SC12-protein-residual	train_sample	iccite_seq_tcell_2025	p-STAT5	40	ERK_axis	0.2853207290172577
SCP682-SC12-protein-residual	train_sample	iccite_seq_tcell_2025	p-STAT5	40	NFkB_axis	1.3223800578998635e-06
SCP682-SC12-protein-residual	train_sample	iccite_seq_tcell_2025	p-STAT5	40	AKT_mTOR_S6_axis	0.09776382148265839
SCP682-SC12-protein-residual	train_sample	iccite_seq_tcell_2025	p-STAT5	40	cell_cycle	9.151999336154404e-08
SCP682-SC12-protein-residual	train_sample	iccite_seq_tcell_2025	p-STAT5	40	stress_ifn	0.0414193794131279
SCP682-SC12-protein-residual	train_sample	iccite_seq_tcell_2025	p-STAT5	40	ribosomal	0.44926944375038147
SCP682-SC12-protein-residual	train_sample	iccite_seq_tcell_2025	p-STAT5	40	random_control	0.11080854386091232
SCP682-SC12-protein-residual	train_sample	iccite_seq_tcell_2025	p-STAT6	41	BCR_BTK_axis	0.01714329607784748
SCP682-SC12-protein-residual	train_sample	iccite_seq_tcell_2025	p-STAT6	41	BTK_PLCG2_axis	0.00010709476191550493
SCP682-SC12-protein-residual	train_sample	iccite_seq_tcell_2025	p-STAT6	41	ERK_axis	0.2834884226322174
SCP682-SC12-protein-residual	train_sample	iccite_seq_tcell_2025	p-STAT6	41	NFkB_axis	1.4195207995726378e-06
SCP682-SC12-protein-residual	train_sample	iccite_seq_tcell_2025	p-STAT6	41	AKT_mTOR_S6_axis	0.09761878103017807
SCP682-SC12-protein-residual	train_sample	iccite_seq_tcell_2025	p-STAT6	41	cell_cycle	8.78690471495247e-08
SCP682-SC12-protein-residual	train_sample	iccite_seq_tcell_2025	p-STAT6	41	stress_ifn	0.04131779819726944
SCP682-SC12-protein-residual	train_sample	iccite_seq_tcell_2025	p-STAT6	41	ribosomal	0.44925957918167114
SCP682-SC12-protein-residual	train_sample	iccite_seq_tcell_2025	p-STAT6	41	random_control	0.11106358468532562
SCP682-SC12-protein-residual	train_sample	iccite_seq_tcell_2025	p-Src	42	BCR_BTK_axis	7.838028235590846e-32
SCP682-SC12-protein-residual	train_sample	iccite_seq_tcell_2025	p-Src	42	BTK_PLCG2_axis	5.533541392515029e-34
SCP682-SC12-protein-residual	train_sample	iccite_seq_tcell_2025	p-Src	42	ERK_axis	0.04567449167370796
SCP682-SC12-protein-residual	train_sample	iccite_seq_tcell_2025	p-Src	42	NFkB_axis	0.01899276301264763
SCP682-SC12-protein-residual	train_sample	iccite_seq_tcell_2025	p-Src	42	AKT_mTOR_S6_axis	0.03321482241153717
SCP682-SC12-protein-residual	train_sample	iccite_seq_tcell_2025	p-Src	42	cell_cycle	6.37860139249824e-05
SCP682-SC12-protein-residual	train_sample	iccite_seq_tcell_2025	p-Src	42	stress_ifn	0.16081233322620392
SCP682-SC12-protein-residual	train_sample	iccite_seq_tcell_2025	p-Src	42	ribosomal	0.6608301401138306
SCP682-SC12-protein-residual	train_sample	iccite_seq_tcell_2025	p-Src	42	random_control	0.08041214197874069
SCP682-SC12-protein-residual	train_sample	iccite_seq_tcell_2025	p-TOR	43	BCR_BTK_axis	0.017492568120360374
SCP682-SC12-protein-residual	train_sample	iccite_seq_tcell_2025	p-TOR	43	BTK_PLCG2_axis	8.450864697806537e-05
SCP682-SC12-protein-residual	train_sample	iccite_seq_tcell_2025	p-TOR	43	ERK_axis	0.2825259268283844
SCP682-SC12-protein-residual	train_sample	iccite_seq_tcell_2025	p-TOR	43	NFkB_axis	6.523269348690519e-06
SCP682-SC12-protein-residual	train_sample	iccite_seq_tcell_2025	p-TOR	43	AKT_mTOR_S6_axis	0.09626426547765732
SCP682-SC12-protein-residual	train_sample	iccite_seq_tcell_2025	p-TOR	43	cell_cycle	1.8089656350639416e-07
SCP682-SC12-protein-residual	train_sample	iccite_seq_tcell_2025	p-TOR	43	stress_ifn	0.041558150202035904
SCP682-SC12-protein-residual	train_sample	iccite_seq_tcell_2025	p-TOR	43	ribosomal	0.4498729407787323
SCP682-SC12-protein-residual	train_sample	iccite_seq_tcell_2025	p-TOR	43	random_control	0.11219508200883865
SCP682-SC12-protein-residual	train_sample	iccite_seq_tcell_2025	p-c-Jun	44	BCR_BTK_axis	0.0853806808590889
SCP682-SC12-protein-residual	train_sample	iccite_seq_tcell_2025	p-c-Jun	44	BTK_PLCG2_axis	7.541920058429241e-05
SCP682-SC12-protein-residual	train_sample	iccite_seq_tcell_2025	p-c-Jun	44	ERK_axis	0.1970539689064026
SCP682-SC12-protein-residual	train_sample	iccite_seq_tcell_2025	p-c-Jun	44	NFkB_axis	0.041782062500715256
SCP682-SC12-protein-residual	train_sample	iccite_seq_tcell_2025	p-c-Jun	44	AKT_mTOR_S6_axis	0.023384584113955498
SCP682-SC12-protein-residual	train_sample	iccite_seq_tcell_2025	p-c-Jun	44	cell_cycle	0.00027424702420830727
SCP682-SC12-protein-residual	train_sample	iccite_seq_tcell_2025	p-c-Jun	44	stress_ifn	0.026187967509031296
SCP682-SC12-protein-residual	train_sample	iccite_seq_tcell_2025	p-c-Jun	44	ribosomal	0.4668179452419281
SCP682-SC12-protein-residual	train_sample	iccite_seq_tcell_2025	p-c-Jun	44	random_control	0.15904293954372406
SCP682-SC12-protein-residual	train_sample	iccite_seq_tcell_2025	p-p65	45	BCR_BTK_axis	0.03484253212809563
SCP682-SC12-protein-residual	train_sample	iccite_seq_tcell_2025	p-p65	45	BTK_PLCG2_axis	0.00043693362385965884
SCP682-SC12-protein-residual	train_sample	iccite_seq_tcell_2025	p-p65	45	ERK_axis	0.27056339383125305
SCP682-SC12-protein-residual	train_sample	iccite_seq_tcell_2025	p-p65	45	NFkB_axis	1.0372856422691257e-06
SCP682-SC12-protein-residual	train_sample	iccite_seq_tcell_2025	p-p65	45	AKT_mTOR_S6_axis	0.1008233055472374
SCP682-SC12-protein-residual	train_sample	iccite_seq_tcell_2025	p-p65	45	cell_cycle	3.4313000014662975e-06
SCP682-SC12-protein-residual	train_sample	iccite_seq_tcell_2025	p-p65	45	stress_ifn	0.043905872851610184
SCP682-SC12-protein-residual	train_sample	iccite_seq_tcell_2025	p-p65	45	ribosomal	0.4444964826107025
SCP682-SC12-protein-residual	train_sample	iccite_seq_tcell_2025	p-p65	45	random_control	0.1049271672964096
SCP682-SC12-protein-residual	train_sample	iccite_seq_tcell_2025	HISTONE_H3_S28	46	BCR_BTK_axis	0.6122919917106628
SCP682-SC12-protein-residual	train_sample	iccite_seq_tcell_2025	HISTONE_H3_S28	46	BTK_PLCG2_axis	0.1343861073255539
SCP682-SC12-protein-residual	train_sample	iccite_seq_tcell_2025	HISTONE_H3_S28	46	ERK_axis	4.5920729252618615e-23
SCP682-SC12-protein-residual	train_sample	iccite_seq_tcell_2025	HISTONE_H3_S28	46	NFkB_axis	1.6805586089407853e-10
SCP682-SC12-protein-residual	train_sample	iccite_seq_tcell_2025	HISTONE_H3_S28	46	AKT_mTOR_S6_axis	0.12122451514005661
SCP682-SC12-protein-residual	train_sample	iccite_seq_tcell_2025	HISTONE_H3_S28	46	cell_cycle	0.003928444813936949
SCP682-SC12-protein-residual	train_sample	iccite_seq_tcell_2025	HISTONE_H3_S28	46	stress_ifn	0.033518679440021515
SCP682-SC12-protein-residual	train_sample	iccite_seq_tcell_2025	HISTONE_H3_S28	46	ribosomal	3.3138083827364313e-31
SCP682-SC12-protein-residual	train_sample	iccite_seq_tcell_2025	HISTONE_H3_S28	46	random_control	0.09465117752552032
SCP682-SC12-protein-residual	train_sample	iccite_seq_tcell_2025	NFE2L2_S40	47	BCR_BTK_axis	1.1011270263952784e-26
SCP682-SC12-protein-residual	train_sample	iccite_seq_tcell_2025	NFE2L2_S40	47	BTK_PLCG2_axis	8.768950089045568e-27
SCP682-SC12-protein-residual	train_sample	iccite_seq_tcell_2025	NFE2L2_S40	47	ERK_axis	0.038759745657444
SCP682-SC12-protein-residual	train_sample	iccite_seq_tcell_2025	NFE2L2_S40	47	NFkB_axis	0.0174137894064188
SCP682-SC12-protein-residual	train_sample	iccite_seq_tcell_2025	NFE2L2_S40	47	AKT_mTOR_S6_axis	0.05257187411189079
SCP682-SC12-protein-residual	train_sample	iccite_seq_tcell_2025	NFE2L2_S40	47	cell_cycle	6.470086373155937e-05
SCP682-SC12-protein-residual	train_sample	iccite_seq_tcell_2025	NFE2L2_S40	47	stress_ifn	0.1803964227437973
SCP682-SC12-protein-residual	train_sample	iccite_seq_tcell_2025	NFE2L2_S40	47	ribosomal	0.6790093183517456
SCP682-SC12-protein-residual	train_sample	iccite_seq_tcell_2025	NFE2L2_S40	47	random_control	0.03178498148918152
SCP682-SC12-protein-residual	train_sample	iccite_seq_tcell_2025	AKT_S473	48	BCR_BTK_axis	0.027176106348633766
SCP682-SC12-protein-residual	train_sample	iccite_seq_tcell_2025	AKT_S473	48	BTK_PLCG2_axis	0.00044484875979833305
SCP682-SC12-protein-residual	train_sample	iccite_seq_tcell_2025	AKT_S473	48	ERK_axis	0.27656883001327515
SCP682-SC12-protein-residual	train_sample	iccite_seq_tcell_2025	AKT_S473	48	NFkB_axis	1.0177400326938368e-06
SCP682-SC12-protein-residual	train_sample	iccite_seq_tcell_2025	AKT_S473	48	AKT_mTOR_S6_axis	0.10133567452430725
SCP682-SC12-protein-residual	train_sample	iccite_seq_tcell_2025	AKT_S473	48	cell_cycle	2.2151361918076873e-06
SCP682-SC12-protein-residual	train_sample	iccite_seq_tcell_2025	AKT_S473	48	stress_ifn	0.044085051864385605
SCP682-SC12-protein-residual	train_sample	iccite_seq_tcell_2025	AKT_S473	48	ribosomal	0.4461514353752136
SCP682-SC12-protein-residual	train_sample	iccite_seq_tcell_2025	AKT_S473	48	random_control	0.10423491150140762
SCP682-SC12-protein-residual	train_sample	iccite_seq_tcell_2025	EIF4EBP1_T37_T46	49	BCR_BTK_axis	0.025822965428233147
SCP682-SC12-protein-residual	train_sample	iccite_seq_tcell_2025	EIF4EBP1_T37_T46	49	BTK_PLCG2_axis	0.0004252527724020183
SCP682-SC12-protein-residual	train_sample	iccite_seq_tcell_2025	EIF4EBP1_T37_T46	49	ERK_axis	0.2778552174568176
SCP682-SC12-protein-residual	train_sample	iccite_seq_tcell_2025	EIF4EBP1_T37_T46	49	NFkB_axis	4.225844634220266e-07
SCP682-SC12-protein-residual	train_sample	iccite_seq_tcell_2025	EIF4EBP1_T37_T46	49	AKT_mTOR_S6_axis	0.10124651342630386
SCP682-SC12-protein-residual	train_sample	iccite_seq_tcell_2025	EIF4EBP1_T37_T46	49	cell_cycle	1.0257170970362495e-06
SCP682-SC12-protein-residual	train_sample	iccite_seq_tcell_2025	EIF4EBP1_T37_T46	49	stress_ifn	0.043558407574892044
SCP682-SC12-protein-residual	train_sample	iccite_seq_tcell_2025	EIF4EBP1_T37_T46	49	ribosomal	0.4462198317050934
SCP682-SC12-protein-residual	train_sample	iccite_seq_tcell_2025	EIF4EBP1_T37_T46	49	random_control	0.1048702746629715
SCP682-SC12-protein-residual	train_sample	iccite_seq_tcell_2025	STAT6_Y641	50	BCR_BTK_axis	0.04641364887356758
SCP682-SC12-protein-residual	train_sample	iccite_seq_tcell_2025	STAT6_Y641	50	BTK_PLCG2_axis	0.00044698629062622786
SCP682-SC12-protein-residual	train_sample	iccite_seq_tcell_2025	STAT6_Y641	50	ERK_axis	0.26176947355270386
SCP682-SC12-protein-residual	train_sample	iccite_seq_tcell_2025	STAT6_Y641	50	NFkB_axis	1.2415418950695312e-06
SCP682-SC12-protein-residual	train_sample	iccite_seq_tcell_2025	STAT6_Y641	50	AKT_mTOR_S6_axis	0.10118240863084793
SCP682-SC12-protein-residual	train_sample	iccite_seq_tcell_2025	STAT6_Y641	50	cell_cycle	5.531139777303906e-06
SCP682-SC12-protein-residual	train_sample	iccite_seq_tcell_2025	STAT6_Y641	50	stress_ifn	0.044023025780916214
SCP682-SC12-protein-residual	train_sample	iccite_seq_tcell_2025	STAT6_Y641	50	ribosomal	0.4417259395122528
SCP682-SC12-protein-residual	train_sample	iccite_seq_tcell_2025	STAT6_Y641	50	random_control	0.10443155467510223
SCP682-SC12-protein-residual	train_sample	iccite_seq_tcell_2025	ZAP70_Y493	51	BCR_BTK_axis	0.07973857969045639
SCP682-SC12-protein-residual	train_sample	iccite_seq_tcell_2025	ZAP70_Y493	51	BTK_PLCG2_axis	8.562956645619124e-05
SCP682-SC12-protein-residual	train_sample	iccite_seq_tcell_2025	ZAP70_Y493	51	ERK_axis	0.1921250969171524
SCP682-SC12-protein-residual	train_sample	iccite_seq_tcell_2025	ZAP70_Y493	51	NFkB_axis	0.07945216447114944
SCP682-SC12-protein-residual	train_sample	iccite_seq_tcell_2025	ZAP70_Y493	51	AKT_mTOR_S6_axis	0.005613572429865599
SCP682-SC12-protein-residual	train_sample	iccite_seq_tcell_2025	ZAP70_Y493	51	cell_cycle	0.00017649520304985344
SCP682-SC12-protein-residual	train_sample	iccite_seq_tcell_2025	ZAP70_Y493	51	stress_ifn	0.016609977930784225
SCP682-SC12-protein-residual	train_sample	iccite_seq_tcell_2025	ZAP70_Y493	51	ribosomal	0.47680842876434326
SCP682-SC12-protein-residual	train_sample	iccite_seq_tcell_2025	ZAP70_Y493	51	random_control	0.1493900865316391
SCP682-SC12-protein-residual	train_sample	iccite_seq_tcell_2025	LCK_Y505	52	BCR_BTK_axis	1.4690745351378941e-29
SCP682-SC12-protein-residual	train_sample	iccite_seq_tcell_2025	LCK_Y505	52	BTK_PLCG2_axis	8.94482904753978e-32
SCP682-SC12-protein-residual	train_sample	iccite_seq_tcell_2025	LCK_Y505	52	ERK_axis	0.04161231219768524
SCP682-SC12-protein-residual	train_sample	iccite_seq_tcell_2025	LCK_Y505	52	NFkB_axis	0.01608562096953392
SCP682-SC12-protein-residual	train_sample	iccite_seq_tcell_2025	LCK_Y505	52	AKT_mTOR_S6_axis	0.03810976445674896
SCP682-SC12-protein-residual	train_sample	iccite_seq_tcell_2025	LCK_Y505	52	cell_cycle	6.472977838711813e-05
SCP682-SC12-protein-residual	train_sample	iccite_seq_tcell_2025	LCK_Y505	52	stress_ifn	0.1691795140504837
SCP682-SC12-protein-residual	train_sample	iccite_seq_tcell_2025	LCK_Y505	52	ribosomal	0.6753588914871216
SCP682-SC12-protein-residual	train_sample	iccite_seq_tcell_2025	LCK_Y505	52	random_control	0.05958950147032738
SCP682-SC12-protein-residual	train_sample	iccite_seq_tcell_2025	STAT5A_Y694	53	BCR_BTK_axis	0.025833027437329292
SCP682-SC12-protein-residual	train_sample	iccite_seq_tcell_2025	STAT5A_Y694	53	BTK_PLCG2_axis	0.0003822913276962936
SCP682-SC12-protein-residual	train_sample	iccite_seq_tcell_2025	STAT5A_Y694	53	ERK_axis	0.2778657376766205
SCP682-SC12-protein-residual	train_sample	iccite_seq_tcell_2025	STAT5A_Y694	53	NFkB_axis	4.580710424306744e-07
SCP682-SC12-protein-residual	train_sample	iccite_seq_tcell_2025	STAT5A_Y694	53	AKT_mTOR_S6_axis	0.09936733543872833
SCP682-SC12-protein-residual	train_sample	iccite_seq_tcell_2025	STAT5A_Y694	53	cell_cycle	2.6370521482022014e-06
SCP682-SC12-protein-residual	train_sample	iccite_seq_tcell_2025	STAT5A_Y694	53	stress_ifn	0.04375918209552765
SCP682-SC12-protein-residual	train_sample	iccite_seq_tcell_2025	STAT5A_Y694	53	ribosomal	0.44619837403297424
SCP682-SC12-protein-residual	train_sample	iccite_seq_tcell_2025	STAT5A_Y694	53	random_control	0.1065911203622818
SCP682-SC12-protein-residual	train_sample	iccite_seq_tcell_2025	PLCG1_Y783	54	BCR_BTK_axis	1.7218421224326522e-23
SCP682-SC12-protein-residual	train_sample	iccite_seq_tcell_2025	PLCG1_Y783	54	BTK_PLCG2_axis	2.6616764103551303e-20
SCP682-SC12-protein-residual	train_sample	iccite_seq_tcell_2025	PLCG1_Y783	54	ERK_axis	0.054578930139541626
SCP682-SC12-protein-residual	train_sample	iccite_seq_tcell_2025	PLCG1_Y783	54	NFkB_axis	0.10975250601768494
SCP682-SC12-protein-residual	train_sample	iccite_seq_tcell_2025	PLCG1_Y783	54	AKT_mTOR_S6_axis	4.109295659304735e-08
SCP682-SC12-protein-residual	train_sample	iccite_seq_tcell_2025	PLCG1_Y783	54	cell_cycle	3.4627473111115137e-10
SCP682-SC12-protein-residual	train_sample	iccite_seq_tcell_2025	PLCG1_Y783	54	stress_ifn	0.0036101771984249353
SCP682-SC12-protein-residual	train_sample	iccite_seq_tcell_2025	PLCG1_Y783	54	ribosomal	0.5700674057006836
SCP682-SC12-protein-residual	train_sample	iccite_seq_tcell_2025	PLCG1_Y783	54	random_control	0.2619900107383728
SCP682-SC12-protein-residual	train_sample	iccite_seq_tcell_2025	CTNND1_T310	55	BCR_BTK_axis	0.24213635921478271
SCP682-SC12-protein-residual	train_sample	iccite_seq_tcell_2025	CTNND1_T310	55	BTK_PLCG2_axis	0.004280911758542061
SCP682-SC12-protein-residual	train_sample	iccite_seq_tcell_2025	CTNND1_T310	55	ERK_axis	0.02912476658821106
SCP682-SC12-protein-residual	train_sample	iccite_seq_tcell_2025	CTNND1_T310	55	NFkB_axis	0.037002090364694595
SCP682-SC12-protein-residual	train_sample	iccite_seq_tcell_2025	CTNND1_T310	55	AKT_mTOR_S6_axis	0.024829097092151642
SCP682-SC12-protein-residual	train_sample	iccite_seq_tcell_2025	CTNND1_T310	55	cell_cycle	0.0017675543203949928
SCP682-SC12-protein-residual	train_sample	iccite_seq_tcell_2025	CTNND1_T310	55	stress_ifn	0.028500109910964966
SCP682-SC12-protein-residual	train_sample	iccite_seq_tcell_2025	CTNND1_T310	55	ribosomal	0.47217729687690735
SCP682-SC12-protein-residual	train_sample	iccite_seq_tcell_2025	CTNND1_T310	55	random_control	0.1601821482181549
SCP682-SC12-protein-residual	train_sample	iccite_seq_tcell_2025	PDPK1_S241	56	BCR_BTK_axis	0.012439609505236149
SCP682-SC12-protein-residual	train_sample	iccite_seq_tcell_2025	PDPK1_S241	56	BTK_PLCG2_axis	6.593947910005227e-05
SCP682-SC12-protein-residual	train_sample	iccite_seq_tcell_2025	PDPK1_S241	56	ERK_axis	0.28154128789901733
SCP682-SC12-protein-residual	train_sample	iccite_seq_tcell_2025	PDPK1_S241	56	NFkB_axis	0.0003230866859667003
SCP682-SC12-protein-residual	train_sample	iccite_seq_tcell_2025	PDPK1_S241	56	AKT_mTOR_S6_axis	0.08370551466941833
SCP682-SC12-protein-residual	train_sample	iccite_seq_tcell_2025	PDPK1_S241	56	cell_cycle	0.00012596920714713633
SCP682-SC12-protein-residual	train_sample	iccite_seq_tcell_2025	PDPK1_S241	56	stress_ifn	0.04797769710421562
SCP682-SC12-protein-residual	train_sample	iccite_seq_tcell_2025	PDPK1_S241	56	ribosomal	0.4558730125427246
SCP682-SC12-protein-residual	train_sample	iccite_seq_tcell_2025	PDPK1_S241	56	random_control	0.11794795095920563
SCP682-SC12-protein-residual	train_sample	iccite_seq_tcell_2025	MAP2K4_S257	57	BCR_BTK_axis	1.3495953243847225e-09
SCP682-SC12-protein-residual	train_sample	iccite_seq_tcell_2025	MAP2K4_S257	57	BTK_PLCG2_axis	1.231951606700532e-11
SCP682-SC12-protein-residual	train_sample	iccite_seq_tcell_2025	MAP2K4_S257	57	ERK_axis	0.0032741338945925236
SCP682-SC12-protein-residual	train_sample	iccite_seq_tcell_2025	MAP2K4_S257	57	NFkB_axis	0.13094620406627655
SCP682-SC12-protein-residual	train_sample	iccite_seq_tcell_2025	MAP2K4_S257	57	AKT_mTOR_S6_axis	0.02108107879757881
SCP682-SC12-protein-residual	train_sample	iccite_seq_tcell_2025	MAP2K4_S257	57	cell_cycle	6.2886524574423674e-06
SCP682-SC12-protein-residual	train_sample	iccite_seq_tcell_2025	MAP2K4_S257	57	stress_ifn	0.27458763122558594
SCP682-SC12-protein-residual	train_sample	iccite_seq_tcell_2025	MAP2K4_S257	57	ribosomal	0.4199272096157074
SCP682-SC12-protein-residual	train_sample	iccite_seq_tcell_2025	MAP2K4_S257	57	random_control	0.15017622709274292
SCP682-SC12-protein-residual	train_sample	iccite_seq_tcell_2025	BTK_Y551	58	BCR_BTK_axis	1.541633614773474e-28
SCP682-SC12-protein-residual	train_sample	iccite_seq_tcell_2025	BTK_Y551	58	BTK_PLCG2_axis	5.254810947201948e-37
SCP682-SC12-protein-residual	train_sample	iccite_seq_tcell_2025	BTK_Y551	58	ERK_axis	0.017824195325374603
SCP682-SC12-protein-residual	train_sample	iccite_seq_tcell_2025	BTK_Y551	58	NFkB_axis	0.01090963277965784
SCP682-SC12-protein-residual	train_sample	iccite_seq_tcell_2025	BTK_Y551	58	AKT_mTOR_S6_axis	0.006086207926273346
SCP682-SC12-protein-residual	train_sample	iccite_seq_tcell_2025	BTK_Y551	58	cell_cycle	5.6301701988559216e-05
SCP682-SC12-protein-residual	train_sample	iccite_seq_tcell_2025	BTK_Y551	58	stress_ifn	0.1787196546792984
SCP682-SC12-protein-residual	train_sample	iccite_seq_tcell_2025	BTK_Y551	58	ribosomal	0.6596884727478027
SCP682-SC12-protein-residual	train_sample	iccite_seq_tcell_2025	BTK_Y551	58	random_control	0.12671604752540588
SCP682-SC12-protein-residual	train_sample	iccite_seq_tcell_2025	H2AFX_S139	59	BCR_BTK_axis	0.6148680448532104
SCP682-SC12-protein-residual	train_sample	iccite_seq_tcell_2025	H2AFX_S139	59	BTK_PLCG2_axis	0.13236616551876068
SCP682-SC12-protein-residual	train_sample	iccite_seq_tcell_2025	H2AFX_S139	59	ERK_axis	1.5094797215064564e-24
SCP682-SC12-protein-residual	train_sample	iccite_seq_tcell_2025	H2AFX_S139	59	NFkB_axis	2.1642328554283274e-11
SCP682-SC12-protein-residual	train_sample	iccite_seq_tcell_2025	H2AFX_S139	59	AKT_mTOR_S6_axis	0.12778611481189728
SCP682-SC12-protein-residual	train_sample	iccite_seq_tcell_2025	H2AFX_S139	59	cell_cycle	0.003512090304866433
SCP682-SC12-protein-residual	train_sample	iccite_seq_tcell_2025	H2AFX_S139	59	stress_ifn	0.03244008123874664
SCP682-SC12-protein-residual	train_sample	iccite_seq_tcell_2025	H2AFX_S139	59	ribosomal	1.2625554056308024e-35
SCP682-SC12-protein-residual	train_sample	iccite_seq_tcell_2025	H2AFX_S139	59	random_control	0.0890277624130249
SCP682-SC12-protein-residual	train_sample	iccite_seq_tcell_2025	NDRG1_T346	60	BCR_BTK_axis	0.025717753916978836
SCP682-SC12-protein-residual	train_sample	iccite_seq_tcell_2025	NDRG1_T346	60	BTK_PLCG2_axis	0.00044092684402130544
SCP682-SC12-protein-residual	train_sample	iccite_seq_tcell_2025	NDRG1_T346	60	ERK_axis	0.2775065004825592
SCP682-SC12-protein-residual	train_sample	iccite_seq_tcell_2025	NDRG1_T346	60	NFkB_axis	2.1453322460729396e-06
SCP682-SC12-protein-residual	train_sample	iccite_seq_tcell_2025	NDRG1_T346	60	AKT_mTOR_S6_axis	0.10089986771345139
SCP682-SC12-protein-residual	train_sample	iccite_seq_tcell_2025	NDRG1_T346	60	cell_cycle	4.369600901554804e-06
SCP682-SC12-protein-residual	train_sample	iccite_seq_tcell_2025	NDRG1_T346	60	stress_ifn	0.04440588876605034
SCP682-SC12-protein-residual	train_sample	iccite_seq_tcell_2025	NDRG1_T346	60	ribosomal	0.44667237997055054
SCP682-SC12-protein-residual	train_sample	iccite_seq_tcell_2025	NDRG1_T346	60	random_control	0.10435013473033905
SCP682-SC12-protein-residual	train_sample	qurie_seq_bjab_2021	RPS6_pSitePending	0	BCR_BTK_axis	0.011157662607729435
SCP682-SC12-protein-residual	train_sample	qurie_seq_bjab_2021	RPS6_pSitePending	0	BTK_PLCG2_axis	0.004118059296160936
SCP682-SC12-protein-residual	train_sample	qurie_seq_bjab_2021	RPS6_pSitePending	0	ERK_axis	0.0627794936299324
SCP682-SC12-protein-residual	train_sample	qurie_seq_bjab_2021	RPS6_pSitePending	0	NFkB_axis	0.07905685901641846
SCP682-SC12-protein-residual	train_sample	qurie_seq_bjab_2021	RPS6_pSitePending	0	AKT_mTOR_S6_axis	0.19588075578212738
SCP682-SC12-protein-residual	train_sample	qurie_seq_bjab_2021	RPS6_pSitePending	0	cell_cycle	3.206196197425015e-05
SCP682-SC12-protein-residual	train_sample	qurie_seq_bjab_2021	RPS6_pSitePending	0	stress_ifn	0.021557994186878204
SCP682-SC12-protein-residual	train_sample	qurie_seq_bjab_2021	RPS6_pSitePending	0	ribosomal	0.6228948831558228
SCP682-SC12-protein-residual	train_sample	qurie_seq_bjab_2021	RPS6_pSitePending	0	random_control	0.002522330265492201
SCP682-SC12-protein-residual	train_sample	qurie_seq_bjab_2021	STAT3_Y705	1	BCR_BTK_axis	0.0058508142828941345
SCP682-SC12-protein-residual	train_sample	qurie_seq_bjab_2021	STAT3_Y705	1	BTK_PLCG2_axis	0.0006029228679835796
SCP682-SC12-protein-residual	train_sample	qurie_seq_bjab_2021	STAT3_Y705	1	ERK_axis	0.0042633372358977795
SCP682-SC12-protein-residual	train_sample	qurie_seq_bjab_2021	STAT3_Y705	1	NFkB_axis	0.003051692619919777
SCP682-SC12-protein-residual	train_sample	qurie_seq_bjab_2021	STAT3_Y705	1	AKT_mTOR_S6_axis	0.17306199669837952
SCP682-SC12-protein-residual	train_sample	qurie_seq_bjab_2021	STAT3_Y705	1	cell_cycle	0.030410373583436012
SCP682-SC12-protein-residual	train_sample	qurie_seq_bjab_2021	STAT3_Y705	1	stress_ifn	0.6584913730621338
SCP682-SC12-protein-residual	train_sample	qurie_seq_bjab_2021	STAT3_Y705	1	ribosomal	0.12247080355882645
SCP682-SC12-protein-residual	train_sample	qurie_seq_bjab_2021	STAT3_Y705	1	random_control	0.0017969108885154128
SCP682-SC12-protein-residual	train_sample	qurie_seq_bjab_2021	MAPK14_pSitePending	2	BCR_BTK_axis	0.017153974622488022
SCP682-SC12-protein-residual	train_sample	qurie_seq_bjab_2021	MAPK14_pSitePending	2	BTK_PLCG2_axis	0.011526746675372124
SCP682-SC12-protein-residual	train_sample	qurie_seq_bjab_2021	MAPK14_pSitePending	2	ERK_axis	0.0764787495136261
SCP682-SC12-protein-residual	train_sample	qurie_seq_bjab_2021	MAPK14_pSitePending	2	NFkB_axis	0.01238301396369934
SCP682-SC12-protein-residual	train_sample	qurie_seq_bjab_2021	MAPK14_pSitePending	2	AKT_mTOR_S6_axis	0.2349606305360794
SCP682-SC12-protein-residual	train_sample	qurie_seq_bjab_2021	MAPK14_pSitePending	2	cell_cycle	0.022066444158554077
SCP682-SC12-protein-residual	train_sample	qurie_seq_bjab_2021	MAPK14_pSitePending	2	stress_ifn	0.27653980255126953
SCP682-SC12-protein-residual	train_sample	qurie_seq_bjab_2021	MAPK14_pSitePending	2	ribosomal	0.3417891561985016
SCP682-SC12-protein-residual	train_sample	qurie_seq_bjab_2021	MAPK14_pSitePending	2	random_control	0.007101487834006548
SCP682-SC12-protein-residual	train_sample	qurie_seq_bjab_2021	AKT_pSitePending	3	BCR_BTK_axis	0.0021427033934742212
SCP682-SC12-protein-residual	train_sample	qurie_seq_bjab_2021	AKT_pSitePending	3	BTK_PLCG2_axis	0.002136753872036934
SCP682-SC12-protein-residual	train_sample	qurie_seq_bjab_2021	AKT_pSitePending	3	ERK_axis	0.0221980232745409
SCP682-SC12-protein-residual	train_sample	qurie_seq_bjab_2021	AKT_pSitePending	3	NFkB_axis	0.2446521669626236
SCP682-SC12-protein-residual	train_sample	qurie_seq_bjab_2021	AKT_pSitePending	3	AKT_mTOR_S6_axis	0.061417464166879654
SCP682-SC12-protein-residual	train_sample	qurie_seq_bjab_2021	AKT_pSitePending	3	cell_cycle	1.7710267201116806e-38
SCP682-SC12-protein-residual	train_sample	qurie_seq_bjab_2021	AKT_pSitePending	3	stress_ifn	0.2623274624347687
SCP682-SC12-protein-residual	train_sample	qurie_seq_bjab_2021	AKT_pSitePending	3	ribosomal	0.1551254689693451
SCP682-SC12-protein-residual	train_sample	qurie_seq_bjab_2021	AKT_pSitePending	3	random_control	0.25
SCP682-SC12-protein-residual	train_sample	qurie_seq_bjab_2021	BTK_pSitePending	4	BCR_BTK_axis	0.0021367522422224283
SCP682-SC12-protein-residual	train_sample	qurie_seq_bjab_2021	BTK_pSitePending	4	BTK_PLCG2_axis	0.0021367522422224283
SCP682-SC12-protein-residual	train_sample	qurie_seq_bjab_2021	BTK_pSitePending	4	ERK_axis	0.02243543416261673
SCP682-SC12-protein-residual	train_sample	qurie_seq_bjab_2021	BTK_pSitePending	4	NFkB_axis	0.24465811252593994
SCP682-SC12-protein-residual	train_sample	qurie_seq_bjab_2021	BTK_pSitePending	4	AKT_mTOR_S6_axis	0.0621415376663208
SCP682-SC12-protein-residual	train_sample	qurie_seq_bjab_2021	BTK_pSitePending	4	cell_cycle	7.917590844077889e-36
SCP682-SC12-protein-residual	train_sample	qurie_seq_bjab_2021	BTK_pSitePending	4	stress_ifn	0.26396775245666504
SCP682-SC12-protein-residual	train_sample	qurie_seq_bjab_2021	BTK_pSitePending	4	ribosomal	0.1525236964225769
SCP682-SC12-protein-residual	train_sample	qurie_seq_bjab_2021	BTK_pSitePending	4	random_control	0.25
SCP682-SC12-protein-residual	train_sample	qurie_seq_bjab_2021	CREB1_S133_ATF1_S63	5	BCR_BTK_axis	3.2232749163085828e-06
SCP682-SC12-protein-residual	train_sample	qurie_seq_bjab_2021	CREB1_S133_ATF1_S63	5	BTK_PLCG2_axis	2.0721054738714884e-07
SCP682-SC12-protein-residual	train_sample	qurie_seq_bjab_2021	CREB1_S133_ATF1_S63	5	ERK_axis	0.005710713565349579
SCP682-SC12-protein-residual	train_sample	qurie_seq_bjab_2021	CREB1_S133_ATF1_S63	5	NFkB_axis	1.4077949117563548e-07
SCP682-SC12-protein-residual	train_sample	qurie_seq_bjab_2021	CREB1_S133_ATF1_S63	5	AKT_mTOR_S6_axis	0.1274624615907669
SCP682-SC12-protein-residual	train_sample	qurie_seq_bjab_2021	CREB1_S133_ATF1_S63	5	cell_cycle	0.003339814255014062
SCP682-SC12-protein-residual	train_sample	qurie_seq_bjab_2021	CREB1_S133_ATF1_S63	5	stress_ifn	0.7920082807540894
SCP682-SC12-protein-residual	train_sample	qurie_seq_bjab_2021	CREB1_S133_ATF1_S63	5	ribosomal	0.0701998919248581
SCP682-SC12-protein-residual	train_sample	qurie_seq_bjab_2021	CREB1_S133_ATF1_S63	5	random_control	0.0012751576723530889
SCP682-SC12-protein-residual	train_sample	qurie_seq_bjab_2021	FOS_S32	6	BCR_BTK_axis	7.288917203140954e-08
SCP682-SC12-protein-residual	train_sample	qurie_seq_bjab_2021	FOS_S32	6	BTK_PLCG2_axis	0.0022190487943589687
SCP682-SC12-protein-residual	train_sample	qurie_seq_bjab_2021	FOS_S32	6	ERK_axis	0.02243722230195999
SCP682-SC12-protein-residual	train_sample	qurie_seq_bjab_2021	FOS_S32	6	NFkB_axis	0.24671252071857452
SCP682-SC12-protein-residual	train_sample	qurie_seq_bjab_2021	FOS_S32	6	AKT_mTOR_S6_axis	0.037963688373565674
SCP682-SC12-protein-residual	train_sample	qurie_seq_bjab_2021	FOS_S32	6	cell_cycle	1.4785558701985193e-27
SCP682-SC12-protein-residual	train_sample	qurie_seq_bjab_2021	FOS_S32	6	stress_ifn	0.3143293559551239
SCP682-SC12-protein-residual	train_sample	qurie_seq_bjab_2021	FOS_S32	6	ribosomal	0.12633803486824036
SCP682-SC12-protein-residual	train_sample	qurie_seq_bjab_2021	FOS_S32	6	random_control	0.25
SCP682-SC12-protein-residual	train_sample	qurie_seq_bjab_2021	HM0025_phospho_p44_42_197G2	7	BCR_BTK_axis	0.007296233903616667
SCP682-SC12-protein-residual	train_sample	qurie_seq_bjab_2021	HM0025_phospho_p44_42_197G2	7	BTK_PLCG2_axis	0.004051652271300554
SCP682-SC12-protein-residual	train_sample	qurie_seq_bjab_2021	HM0025_phospho_p44_42_197G2	7	ERK_axis	0.10323523730039597
SCP682-SC12-protein-residual	train_sample	qurie_seq_bjab_2021	HM0025_phospho_p44_42_197G2	7	NFkB_axis	0.008063112385571003
SCP682-SC12-protein-residual	train_sample	qurie_seq_bjab_2021	HM0025_phospho_p44_42_197G2	7	AKT_mTOR_S6_axis	0.19078277051448822
SCP682-SC12-protein-residual	train_sample	qurie_seq_bjab_2021	HM0025_phospho_p44_42_197G2	7	cell_cycle	0.06096416711807251
SCP682-SC12-protein-residual	train_sample	qurie_seq_bjab_2021	HM0025_phospho_p44_42_197G2	7	stress_ifn	0.35545000433921814
SCP682-SC12-protein-residual	train_sample	qurie_seq_bjab_2021	HM0025_phospho_p44_42_197G2	7	ribosomal	0.25920265913009644
SCP682-SC12-protein-residual	train_sample	qurie_seq_bjab_2021	HM0025_phospho_p44_42_197G2	7	random_control	0.010954122059047222
SCP682-SC12-protein-residual	train_sample	qurie_seq_bjab_2021	JUN_pSitePending	8	BCR_BTK_axis	0.011736549437046051
SCP682-SC12-protein-residual	train_sample	qurie_seq_bjab_2021	JUN_pSitePending	8	BTK_PLCG2_axis	0.0022496175952255726
SCP682-SC12-protein-residual	train_sample	qurie_seq_bjab_2021	JUN_pSitePending	8	ERK_axis	0.042419083416461945
SCP682-SC12-protein-residual	train_sample	qurie_seq_bjab_2021	JUN_pSitePending	8	NFkB_axis	0.0023250654339790344
SCP682-SC12-protein-residual	train_sample	qurie_seq_bjab_2021	JUN_pSitePending	8	AKT_mTOR_S6_axis	0.16463394463062286
SCP682-SC12-protein-residual	train_sample	qurie_seq_bjab_2021	JUN_pSitePending	8	cell_cycle	0.05766596645116806
SCP682-SC12-protein-residual	train_sample	qurie_seq_bjab_2021	JUN_pSitePending	8	stress_ifn	0.580374002456665
SCP682-SC12-protein-residual	train_sample	qurie_seq_bjab_2021	JUN_pSitePending	8	ribosomal	0.13303335011005402
SCP682-SC12-protein-residual	train_sample	qurie_seq_bjab_2021	JUN_pSitePending	8	random_control	0.005562531761825085
SCP682-SC12-protein-residual	train_sample	qurie_seq_bjab_2021	LAT_Y226	9	BCR_BTK_axis	2.7980024697171757e-06
SCP682-SC12-protein-residual	train_sample	qurie_seq_bjab_2021	LAT_Y226	9	BTK_PLCG2_axis	2.0921638110849017e-07
SCP682-SC12-protein-residual	train_sample	qurie_seq_bjab_2021	LAT_Y226	9	ERK_axis	0.0046273889020085335
SCP682-SC12-protein-residual	train_sample	qurie_seq_bjab_2021	LAT_Y226	9	NFkB_axis	2.7513584655025625e-07
SCP682-SC12-protein-residual	train_sample	qurie_seq_bjab_2021	LAT_Y226	9	AKT_mTOR_S6_axis	0.1285163164138794
SCP682-SC12-protein-residual	train_sample	qurie_seq_bjab_2021	LAT_Y226	9	cell_cycle	0.0024239022750407457
SCP682-SC12-protein-residual	train_sample	qurie_seq_bjab_2021	LAT_Y226	9	stress_ifn	0.8125406503677368
SCP682-SC12-protein-residual	train_sample	qurie_seq_bjab_2021	LAT_Y226	9	ribosomal	0.05090026929974556
SCP682-SC12-protein-residual	train_sample	qurie_seq_bjab_2021	LAT_Y226	9	random_control	0.0009884621249511838
SCP682-SC12-protein-residual	train_sample	qurie_seq_bjab_2021	LCP2_S376	10	BCR_BTK_axis	0.0047888546250760555
SCP682-SC12-protein-residual	train_sample	qurie_seq_bjab_2021	LCP2_S376	10	BTK_PLCG2_axis	0.0006860907305963337
SCP682-SC12-protein-residual	train_sample	qurie_seq_bjab_2021	LCP2_S376	10	ERK_axis	0.08021379262208939
SCP682-SC12-protein-residual	train_sample	qurie_seq_bjab_2021	LCP2_S376	10	NFkB_axis	0.0042004152201116085
SCP682-SC12-protein-residual	train_sample	qurie_seq_bjab_2021	LCP2_S376	10	AKT_mTOR_S6_axis	0.13940514624118805
SCP682-SC12-protein-residual	train_sample	qurie_seq_bjab_2021	LCP2_S376	10	cell_cycle	0.0642026886343956
SCP682-SC12-protein-residual	train_sample	qurie_seq_bjab_2021	LCP2_S376	10	stress_ifn	0.4186449348926544
SCP682-SC12-protein-residual	train_sample	qurie_seq_bjab_2021	LCP2_S376	10	ribosomal	0.2723837196826935
SCP682-SC12-protein-residual	train_sample	qurie_seq_bjab_2021	LCP2_S376	10	random_control	0.015474284067749977
SCP682-SC12-protein-residual	train_sample	qurie_seq_bjab_2021	MAP2K1_S298	11	BCR_BTK_axis	0.007320779841393232
SCP682-SC12-protein-residual	train_sample	qurie_seq_bjab_2021	MAP2K1_S298	11	BTK_PLCG2_axis	0.005033411085605621
SCP682-SC12-protein-residual	train_sample	qurie_seq_bjab_2021	MAP2K1_S298	11	ERK_axis	0.10163836181163788
SCP682-SC12-protein-residual	train_sample	qurie_seq_bjab_2021	MAP2K1_S298	11	NFkB_axis	0.0013513655867427588
SCP682-SC12-protein-residual	train_sample	qurie_seq_bjab_2021	MAP2K1_S298	11	AKT_mTOR_S6_axis	0.2039909064769745
SCP682-SC12-protein-residual	train_sample	qurie_seq_bjab_2021	MAP2K1_S298	11	cell_cycle	0.05376129969954491
SCP682-SC12-protein-residual	train_sample	qurie_seq_bjab_2021	MAP2K1_S298	11	stress_ifn	0.4687861502170563
SCP682-SC12-protein-residual	train_sample	qurie_seq_bjab_2021	MAP2K1_S298	11	ribosomal	0.1444433480501175
SCP682-SC12-protein-residual	train_sample	qurie_seq_bjab_2021	MAP2K1_S298	11	random_control	0.013674233108758926
SCP682-SC12-protein-residual	train_sample	qurie_seq_bjab_2021	MAPK14_pSitePending_D3F9	12	BCR_BTK_axis	0.0016861490439623594
SCP682-SC12-protein-residual	train_sample	qurie_seq_bjab_2021	MAPK14_pSitePending_D3F9	12	BTK_PLCG2_axis	0.0007142131216824055
SCP682-SC12-protein-residual	train_sample	qurie_seq_bjab_2021	MAPK14_pSitePending_D3F9	12	ERK_axis	0.009409342892467976
SCP682-SC12-protein-residual	train_sample	qurie_seq_bjab_2021	MAPK14_pSitePending_D3F9	12	NFkB_axis	0.004074463155120611
SCP682-SC12-protein-residual	train_sample	qurie_seq_bjab_2021	MAPK14_pSitePending_D3F9	12	AKT_mTOR_S6_axis	0.16297906637191772
SCP682-SC12-protein-residual	train_sample	qurie_seq_bjab_2021	MAPK14_pSitePending_D3F9	12	cell_cycle	0.012357410974800587
SCP682-SC12-protein-residual	train_sample	qurie_seq_bjab_2021	MAPK14_pSitePending_D3F9	12	stress_ifn	0.700137734413147
SCP682-SC12-protein-residual	train_sample	qurie_seq_bjab_2021	MAPK14_pSitePending_D3F9	12	ribosomal	0.10830937325954437
SCP682-SC12-protein-residual	train_sample	qurie_seq_bjab_2021	MAPK14_pSitePending_D3F9	12	random_control	0.00033217156305909157
SCP682-SC12-protein-residual	train_sample	qurie_seq_bjab_2021	MAPK1_MAPK3_T202_Y204	13	BCR_BTK_axis	0.002136751776561141
SCP682-SC12-protein-residual	train_sample	qurie_seq_bjab_2021	MAPK1_MAPK3_T202_Y204	13	BTK_PLCG2_axis	0.0021367522422224283
SCP682-SC12-protein-residual	train_sample	qurie_seq_bjab_2021	MAPK1_MAPK3_T202_Y204	13	ERK_axis	0.022435300052165985
SCP682-SC12-protein-residual	train_sample	qurie_seq_bjab_2021	MAPK1_MAPK3_T202_Y204	13	NFkB_axis	0.24465811252593994
SCP682-SC12-protein-residual	train_sample	qurie_seq_bjab_2021	MAPK1_MAPK3_T202_Y204	13	AKT_mTOR_S6_axis	0.061069414019584656
SCP682-SC12-protein-residual	train_sample	qurie_seq_bjab_2021	MAPK1_MAPK3_T202_Y204	13	cell_cycle	9.806697079091767e-35
SCP682-SC12-protein-residual	train_sample	qurie_seq_bjab_2021	MAPK1_MAPK3_T202_Y204	13	stress_ifn	0.2665144205093384
SCP682-SC12-protein-residual	train_sample	qurie_seq_bjab_2021	MAPK1_MAPK3_T202_Y204	13	ribosomal	0.15104924142360687
SCP682-SC12-protein-residual	train_sample	qurie_seq_bjab_2021	MAPK1_MAPK3_T202_Y204	13	random_control	0.25
SCP682-SC12-protein-residual	train_sample	qurie_seq_bjab_2021	MAPK1_MAPK3_pSitePending	14	BCR_BTK_axis	0.00213673640973866
SCP682-SC12-protein-residual	train_sample	qurie_seq_bjab_2021	MAPK1_MAPK3_pSitePending	14	BTK_PLCG2_axis	0.0021367522422224283
SCP682-SC12-protein-residual	train_sample	qurie_seq_bjab_2021	MAPK1_MAPK3_pSitePending	14	ERK_axis	0.022435259073972702
SCP682-SC12-protein-residual	train_sample	qurie_seq_bjab_2021	MAPK1_MAPK3_pSitePending	14	NFkB_axis	0.24465814232826233
SCP682-SC12-protein-residual	train_sample	qurie_seq_bjab_2021	MAPK1_MAPK3_pSitePending	14	AKT_mTOR_S6_axis	0.06096748262643814
SCP682-SC12-protein-residual	train_sample	qurie_seq_bjab_2021	MAPK1_MAPK3_pSitePending	14	cell_cycle	1.1660980728892162e-35
SCP682-SC12-protein-residual	train_sample	qurie_seq_bjab_2021	MAPK1_MAPK3_pSitePending	14	stress_ifn	0.2666662037372589
SCP682-SC12-protein-residual	train_sample	qurie_seq_bjab_2021	MAPK1_MAPK3_pSitePending	14	ribosomal	0.15099941194057465
SCP682-SC12-protein-residual	train_sample	qurie_seq_bjab_2021	MAPK1_MAPK3_pSitePending	14	random_control	0.25
SCP682-SC12-protein-residual	train_sample	qurie_seq_bjab_2021	PLCG2_Y759	15	BCR_BTK_axis	2.4916427720658035e-32
SCP682-SC12-protein-residual	train_sample	qurie_seq_bjab_2021	PLCG2_Y759	15	BTK_PLCG2_axis	1.7549342881411272e-35
SCP682-SC12-protein-residual	train_sample	qurie_seq_bjab_2021	PLCG2_Y759	15	ERK_axis	0.030292276293039322
SCP682-SC12-protein-residual	train_sample	qurie_seq_bjab_2021	PLCG2_Y759	15	NFkB_axis	3.4272348246477387e-34
SCP682-SC12-protein-residual	train_sample	qurie_seq_bjab_2021	PLCG2_Y759	15	AKT_mTOR_S6_axis	0.07673538476228714
SCP682-SC12-protein-residual	train_sample	qurie_seq_bjab_2021	PLCG2_Y759	15	cell_cycle	0.006578218657523394
SCP682-SC12-protein-residual	train_sample	qurie_seq_bjab_2021	PLCG2_Y759	15	stress_ifn	0.8000427484512329
SCP682-SC12-protein-residual	train_sample	qurie_seq_bjab_2021	PLCG2_Y759	15	ribosomal	0.08442065119743347
SCP682-SC12-protein-residual	train_sample	qurie_seq_bjab_2021	PLCG2_Y759	15	random_control	0.001930655213072896
SCP682-SC12-protein-residual	train_sample	qurie_seq_bjab_2021	PLCG2_pSitePending	16	BCR_BTK_axis	0.0021367522422224283
SCP682-SC12-protein-residual	train_sample	qurie_seq_bjab_2021	PLCG2_pSitePending	16	BTK_PLCG2_axis	0.0021367522422224283
SCP682-SC12-protein-residual	train_sample	qurie_seq_bjab_2021	PLCG2_pSitePending	16	ERK_axis	0.0224128607660532
SCP682-SC12-protein-residual	train_sample	qurie_seq_bjab_2021	PLCG2_pSitePending	16	NFkB_axis	0.24465811252593994
SCP682-SC12-protein-residual	train_sample	qurie_seq_bjab_2021	PLCG2_pSitePending	16	AKT_mTOR_S6_axis	0.062104370445013046
SCP682-SC12-protein-residual	train_sample	qurie_seq_bjab_2021	PLCG2_pSitePending	16	cell_cycle	1.0558603441445292e-37
SCP682-SC12-protein-residual	train_sample	qurie_seq_bjab_2021	PLCG2_pSitePending	16	stress_ifn	0.26243969798088074
SCP682-SC12-protein-residual	train_sample	qurie_seq_bjab_2021	PLCG2_pSitePending	16	ribosomal	0.15411141514778137
SCP682-SC12-protein-residual	train_sample	qurie_seq_bjab_2021	PLCG2_pSitePending	16	random_control	0.25
SCP682-SC12-protein-residual	train_sample	qurie_seq_bjab_2021	RELA_S536	17	BCR_BTK_axis	0.002151188673451543
SCP682-SC12-protein-residual	train_sample	qurie_seq_bjab_2021	RELA_S536	17	BTK_PLCG2_axis	0.002136812312528491
SCP682-SC12-protein-residual	train_sample	qurie_seq_bjab_2021	RELA_S536	17	ERK_axis	0.022333182394504547
SCP682-SC12-protein-residual	train_sample	qurie_seq_bjab_2021	RELA_S536	17	NFkB_axis	0.2446436733007431
SCP682-SC12-protein-residual	train_sample	qurie_seq_bjab_2021	RELA_S536	17	AKT_mTOR_S6_axis	0.061614539474248886
SCP682-SC12-protein-residual	train_sample	qurie_seq_bjab_2021	RELA_S536	17	cell_cycle	3.2748645182044235e-29
SCP682-SC12-protein-residual	train_sample	qurie_seq_bjab_2021	RELA_S536	17	stress_ifn	0.26415228843688965
SCP682-SC12-protein-residual	train_sample	qurie_seq_bjab_2021	RELA_S536	17	ribosomal	0.15296828746795654
SCP682-SC12-protein-residual	train_sample	qurie_seq_bjab_2021	RELA_S536	17	random_control	0.25
SCP682-SC12-protein-residual	train_sample	qurie_seq_bjab_2021	RELA_pSitePending_93H1	18	BCR_BTK_axis	0.0002456523652654141
SCP682-SC12-protein-residual	train_sample	qurie_seq_bjab_2021	RELA_pSitePending_93H1	18	BTK_PLCG2_axis	3.954101703129709e-05
SCP682-SC12-protein-residual	train_sample	qurie_seq_bjab_2021	RELA_pSitePending_93H1	18	ERK_axis	7.194185309344903e-05
SCP682-SC12-protein-residual	train_sample	qurie_seq_bjab_2021	RELA_pSitePending_93H1	18	NFkB_axis	0.0002277116582263261
SCP682-SC12-protein-residual	train_sample	qurie_seq_bjab_2021	RELA_pSitePending_93H1	18	AKT_mTOR_S6_axis	0.18253575265407562
SCP682-SC12-protein-residual	train_sample	qurie_seq_bjab_2021	RELA_pSitePending_93H1	18	cell_cycle	0.01047623623162508
SCP682-SC12-protein-residual	train_sample	qurie_seq_bjab_2021	RELA_pSitePending_93H1	18	stress_ifn	0.7359321713447571
SCP682-SC12-protein-residual	train_sample	qurie_seq_bjab_2021	RELA_pSitePending_93H1	18	ribosomal	0.06991961598396301
SCP682-SC12-protein-residual	train_sample	qurie_seq_bjab_2021	RELA_pSitePending_93H1	18	random_control	0.000551507284399122
SCP682-SC12-protein-residual	train_sample	qurie_seq_bjab_2021	STAT5A_STAT5B_Y694_Y699	21	BCR_BTK_axis	6.561031568708131e-06
SCP682-SC12-protein-residual	train_sample	qurie_seq_bjab_2021	STAT5A_STAT5B_Y694_Y699	21	BTK_PLCG2_axis	8.06215155080281e-07
SCP682-SC12-protein-residual	train_sample	qurie_seq_bjab_2021	STAT5A_STAT5B_Y694_Y699	21	ERK_axis	0.00039991422090679407
SCP682-SC12-protein-residual	train_sample	qurie_seq_bjab_2021	STAT5A_STAT5B_Y694_Y699	21	NFkB_axis	2.1461792130139656e-05
SCP682-SC12-protein-residual	train_sample	qurie_seq_bjab_2021	STAT5A_STAT5B_Y694_Y699	21	AKT_mTOR_S6_axis	0.14521439373493195
SCP682-SC12-protein-residual	train_sample	qurie_seq_bjab_2021	STAT5A_STAT5B_Y694_Y699	21	cell_cycle	0.0024267565459012985
SCP682-SC12-protein-residual	train_sample	qurie_seq_bjab_2021	STAT5A_STAT5B_Y694_Y699	21	stress_ifn	0.8066467046737671
SCP682-SC12-protein-residual	train_sample	qurie_seq_bjab_2021	STAT5A_STAT5B_Y694_Y699	21	ribosomal	0.044630248099565506
SCP682-SC12-protein-residual	train_sample	qurie_seq_bjab_2021	STAT5A_STAT5B_Y694_Y699	21	random_control	0.0006532787228934467
SCP682-SC12-protein-residual	train_sample	qurie_seq_bjab_2021	SYK_pSitePending	22	BCR_BTK_axis	1.6968282113018035e-31
SCP682-SC12-protein-residual	train_sample	qurie_seq_bjab_2021	SYK_pSitePending	22	BTK_PLCG2_axis	2.1877409192233906e-35
SCP682-SC12-protein-residual	train_sample	qurie_seq_bjab_2021	SYK_pSitePending	22	ERK_axis	0.029896173626184464
SCP682-SC12-protein-residual	train_sample	qurie_seq_bjab_2021	SYK_pSitePending	22	NFkB_axis	1.0430364273895481e-35
SCP682-SC12-protein-residual	train_sample	qurie_seq_bjab_2021	SYK_pSitePending	22	AKT_mTOR_S6_axis	0.07585886120796204
SCP682-SC12-protein-residual	train_sample	qurie_seq_bjab_2021	SYK_pSitePending	22	cell_cycle	0.0026664554607123137
SCP682-SC12-protein-residual	train_sample	qurie_seq_bjab_2021	SYK_pSitePending	22	stress_ifn	0.8041887283325195
SCP682-SC12-protein-residual	train_sample	qurie_seq_bjab_2021	SYK_pSitePending	22	ribosomal	0.0857805460691452
SCP682-SC12-protein-residual	train_sample	qurie_seq_bjab_2021	SYK_pSitePending	22	random_control	0.0016090823337435722
SCP682-SC12-protein-residual	train_sample	qurie_seq_bjab_2021	p-AMPK-a1/2	23	BCR_BTK_axis	0.0022134417667984962
SCP682-SC12-protein-residual	train_sample	qurie_seq_bjab_2021	p-AMPK-a1/2	23	BTK_PLCG2_axis	0.0021367648150771856
SCP682-SC12-protein-residual	train_sample	qurie_seq_bjab_2021	p-AMPK-a1/2	23	ERK_axis	0.021972231566905975
SCP682-SC12-protein-residual	train_sample	qurie_seq_bjab_2021	p-AMPK-a1/2	23	NFkB_axis	0.2445814311504364
SCP682-SC12-protein-residual	train_sample	qurie_seq_bjab_2021	p-AMPK-a1/2	23	AKT_mTOR_S6_axis	0.06129448115825653
SCP682-SC12-protein-residual	train_sample	qurie_seq_bjab_2021	p-AMPK-a1/2	23	cell_cycle	6.964172659585967e-37
SCP682-SC12-protein-residual	train_sample	qurie_seq_bjab_2021	p-AMPK-a1/2	23	stress_ifn	0.26246410608291626
SCP682-SC12-protein-residual	train_sample	qurie_seq_bjab_2021	p-AMPK-a1/2	23	ribosomal	0.15533754229545593
SCP682-SC12-protein-residual	train_sample	qurie_seq_bjab_2021	p-AMPK-a1/2	23	random_control	0.25
SCP682-SC12-protein-residual	train_sample	qurie_seq_bjab_2021	p-AMPK-b1	24	BCR_BTK_axis	0.0021367522422224283
SCP682-SC12-protein-residual	train_sample	qurie_seq_bjab_2021	p-AMPK-b1	24	BTK_PLCG2_axis	0.0021367522422224283
SCP682-SC12-protein-residual	train_sample	qurie_seq_bjab_2021	p-AMPK-b1	24	ERK_axis	0.02243235521018505
SCP682-SC12-protein-residual	train_sample	qurie_seq_bjab_2021	p-AMPK-b1	24	NFkB_axis	0.24465811252593994
SCP682-SC12-protein-residual	train_sample	qurie_seq_bjab_2021	p-AMPK-b1	24	AKT_mTOR_S6_axis	0.062207870185375214
SCP682-SC12-protein-residual	train_sample	qurie_seq_bjab_2021	p-AMPK-b1	24	cell_cycle	5.8881027889889456e-36
SCP682-SC12-protein-residual	train_sample	qurie_seq_bjab_2021	p-AMPK-b1	24	stress_ifn	0.26338639855384827
SCP682-SC12-protein-residual	train_sample	qurie_seq_bjab_2021	p-AMPK-b1	24	ribosomal	0.15304173529148102
SCP682-SC12-protein-residual	train_sample	qurie_seq_bjab_2021	p-AMPK-b1	24	random_control	0.25
SCP682-SC12-protein-residual	train_sample	qurie_seq_bjab_2021	p-BLNK	25	BCR_BTK_axis	1.9266030903963838e-06
SCP682-SC12-protein-residual	train_sample	qurie_seq_bjab_2021	p-BLNK	25	BTK_PLCG2_axis	2.6095041641635593e-22
SCP682-SC12-protein-residual	train_sample	qurie_seq_bjab_2021	p-BLNK	25	ERK_axis	0.02674107253551483
SCP682-SC12-protein-residual	train_sample	qurie_seq_bjab_2021	p-BLNK	25	NFkB_axis	2.364975017138195e-24
SCP682-SC12-protein-residual	train_sample	qurie_seq_bjab_2021	p-BLNK	25	AKT_mTOR_S6_axis	0.008738677017390728
SCP682-SC12-protein-residual	train_sample	qurie_seq_bjab_2021	p-BLNK	25	cell_cycle	0.001263967715203762
SCP682-SC12-protein-residual	train_sample	qurie_seq_bjab_2021	p-BLNK	25	stress_ifn	0.6841559410095215
SCP682-SC12-protein-residual	train_sample	qurie_seq_bjab_2021	p-BLNK	25	ribosomal	0.2790944576263428
SCP682-SC12-protein-residual	train_sample	qurie_seq_bjab_2021	p-BLNK	25	random_control	3.877552899211878e-06
SCP682-SC12-protein-residual	train_sample	qurie_seq_bjab_2021	p-CD79a	26	BCR_BTK_axis	1.6921151740186212e-21
SCP682-SC12-protein-residual	train_sample	qurie_seq_bjab_2021	p-CD79a	26	BTK_PLCG2_axis	4.933116525858243e-25
SCP682-SC12-protein-residual	train_sample	qurie_seq_bjab_2021	p-CD79a	26	ERK_axis	0.023608513176441193
SCP682-SC12-protein-residual	train_sample	qurie_seq_bjab_2021	p-CD79a	26	NFkB_axis	1.6896438587826851e-28
SCP682-SC12-protein-residual	train_sample	qurie_seq_bjab_2021	p-CD79a	26	AKT_mTOR_S6_axis	0.06633137166500092
SCP682-SC12-protein-residual	train_sample	qurie_seq_bjab_2021	p-CD79a	26	cell_cycle	0.0015762136317789555
SCP682-SC12-protein-residual	train_sample	qurie_seq_bjab_2021	p-CD79a	26	stress_ifn	0.8061479330062866
SCP682-SC12-protein-residual	train_sample	qurie_seq_bjab_2021	p-CD79a	26	ribosomal	0.1011541411280632
SCP682-SC12-protein-residual	train_sample	qurie_seq_bjab_2021	p-CD79a	26	random_control	0.0011819889768958092
SCP682-SC12-protein-residual	train_sample	qurie_seq_bjab_2021	p-CDK1	27	BCR_BTK_axis	0.14061890542507172
SCP682-SC12-protein-residual	train_sample	qurie_seq_bjab_2021	p-CDK1	27	BTK_PLCG2_axis	0.0010685694869607687
SCP682-SC12-protein-residual	train_sample	qurie_seq_bjab_2021	p-CDK1	27	ERK_axis	0.006703271996229887
SCP682-SC12-protein-residual	train_sample	qurie_seq_bjab_2021	p-CDK1	27	NFkB_axis	0.33703792095184326
SCP682-SC12-protein-residual	train_sample	qurie_seq_bjab_2021	p-CDK1	27	AKT_mTOR_S6_axis	2.6327843680388912e-17
SCP682-SC12-protein-residual	train_sample	qurie_seq_bjab_2021	p-CDK1	27	cell_cycle	4.104403202007389e-42
SCP682-SC12-protein-residual	train_sample	qurie_seq_bjab_2021	p-CDK1	27	stress_ifn	0.0
SCP682-SC12-protein-residual	train_sample	qurie_seq_bjab_2021	p-CDK1	27	ribosomal	0.26457130908966064
SCP682-SC12-protein-residual	train_sample	qurie_seq_bjab_2021	p-CDK1	27	random_control	0.25
SCP682-SC12-protein-residual	train_sample	qurie_seq_bjab_2021	p-CDK4	28	BCR_BTK_axis	0.004264241550117731
SCP682-SC12-protein-residual	train_sample	qurie_seq_bjab_2021	p-CDK4	28	BTK_PLCG2_axis	0.0019781962037086487
SCP682-SC12-protein-residual	train_sample	qurie_seq_bjab_2021	p-CDK4	28	ERK_axis	0.022627485916018486
SCP682-SC12-protein-residual	train_sample	qurie_seq_bjab_2021	p-CDK4	28	NFkB_axis	0.24358701705932617
SCP682-SC12-protein-residual	train_sample	qurie_seq_bjab_2021	p-CDK4	28	AKT_mTOR_S6_axis	0.038465965539216995
SCP682-SC12-protein-residual	train_sample	qurie_seq_bjab_2021	p-CDK4	28	cell_cycle	9.69185725032368e-34
SCP682-SC12-protein-residual	train_sample	qurie_seq_bjab_2021	p-CDK4	28	stress_ifn	0.308989942073822
SCP682-SC12-protein-residual	train_sample	qurie_seq_bjab_2021	p-CDK4	28	ribosomal	0.13008712232112885
SCP682-SC12-protein-residual	train_sample	qurie_seq_bjab_2021	p-CDK4	28	random_control	0.25
SCP682-SC12-protein-residual	train_sample	qurie_seq_bjab_2021	p-HistonH2A.X	30	BCR_BTK_axis	0.036992426961660385
SCP682-SC12-protein-residual	train_sample	qurie_seq_bjab_2021	p-HistonH2A.X	30	BTK_PLCG2_axis	1.049670913744194e-06
SCP682-SC12-protein-residual	train_sample	qurie_seq_bjab_2021	p-HistonH2A.X	30	ERK_axis	0.025276169180870056
SCP682-SC12-protein-residual	train_sample	qurie_seq_bjab_2021	p-HistonH2A.X	30	NFkB_axis	0.1627378761768341
SCP682-SC12-protein-residual	train_sample	qurie_seq_bjab_2021	p-HistonH2A.X	30	AKT_mTOR_S6_axis	0.00578365009278059
SCP682-SC12-protein-residual	train_sample	qurie_seq_bjab_2021	p-HistonH2A.X	30	cell_cycle	2.1622080342640476e-16
SCP682-SC12-protein-residual	train_sample	qurie_seq_bjab_2021	p-HistonH2A.X	30	stress_ifn	0.379698246717453
SCP682-SC12-protein-residual	train_sample	qurie_seq_bjab_2021	p-HistonH2A.X	30	ribosomal	0.14091713726520538
SCP682-SC12-protein-residual	train_sample	qurie_seq_bjab_2021	p-HistonH2A.X	30	random_control	0.24859344959259033
SCP682-SC12-protein-residual	train_sample	qurie_seq_bjab_2021	p-HistonH3	31	BCR_BTK_axis	0.003808612236753106
SCP682-SC12-protein-residual	train_sample	qurie_seq_bjab_2021	p-HistonH3	31	BTK_PLCG2_axis	0.0016908745747059584
SCP682-SC12-protein-residual	train_sample	qurie_seq_bjab_2021	p-HistonH3	31	ERK_axis	0.022332103922963142
SCP682-SC12-protein-residual	train_sample	qurie_seq_bjab_2021	p-HistonH3	31	NFkB_axis	0.24358974397182465
SCP682-SC12-protein-residual	train_sample	qurie_seq_bjab_2021	p-HistonH3	31	AKT_mTOR_S6_axis	0.05552414432168007
SCP682-SC12-protein-residual	train_sample	qurie_seq_bjab_2021	p-HistonH3	31	cell_cycle	5.494986670134871e-35
SCP682-SC12-protein-residual	train_sample	qurie_seq_bjab_2021	p-HistonH3	31	stress_ifn	0.27594560384750366
SCP682-SC12-protein-residual	train_sample	qurie_seq_bjab_2021	p-HistonH3	31	ribosomal	0.14710888266563416
SCP682-SC12-protein-residual	train_sample	qurie_seq_bjab_2021	p-HistonH3	31	random_control	0.25
SCP682-SC12-protein-residual	train_sample	qurie_seq_bjab_2021	p-IKKa/b	32	BCR_BTK_axis	0.0021367522422224283
SCP682-SC12-protein-residual	train_sample	qurie_seq_bjab_2021	p-IKKa/b	32	BTK_PLCG2_axis	0.0021367522422224283
SCP682-SC12-protein-residual	train_sample	qurie_seq_bjab_2021	p-IKKa/b	32	ERK_axis	0.02243592031300068
SCP682-SC12-protein-residual	train_sample	qurie_seq_bjab_2021	p-IKKa/b	32	NFkB_axis	0.24465811252593994
SCP682-SC12-protein-residual	train_sample	qurie_seq_bjab_2021	p-IKKa/b	32	AKT_mTOR_S6_axis	0.0613531768321991
SCP682-SC12-protein-residual	train_sample	qurie_seq_bjab_2021	p-IKKa/b	32	cell_cycle	8.41364821352978e-38
SCP682-SC12-protein-residual	train_sample	qurie_seq_bjab_2021	p-IKKa/b	32	stress_ifn	0.2655757963657379
SCP682-SC12-protein-residual	train_sample	qurie_seq_bjab_2021	p-IKKa/b	32	ribosomal	0.15170350670814514
SCP682-SC12-protein-residual	train_sample	qurie_seq_bjab_2021	p-IKKa/b	32	random_control	0.25
SCP682-SC12-protein-residual	train_sample	qurie_seq_bjab_2021	p-IRAK4	33	BCR_BTK_axis	0.004276609979569912
SCP682-SC12-protein-residual	train_sample	qurie_seq_bjab_2021	p-IRAK4	33	BTK_PLCG2_axis	0.0018874012166634202
SCP682-SC12-protein-residual	train_sample	qurie_seq_bjab_2021	p-IRAK4	33	ERK_axis	0.02204776369035244
SCP682-SC12-protein-residual	train_sample	qurie_seq_bjab_2021	p-IRAK4	33	NFkB_axis	0.24358275532722473
SCP682-SC12-protein-residual	train_sample	qurie_seq_bjab_2021	p-IRAK4	33	AKT_mTOR_S6_axis	0.047480713576078415
SCP682-SC12-protein-residual	train_sample	qurie_seq_bjab_2021	p-IRAK4	33	cell_cycle	3.98140935793707e-32
SCP682-SC12-protein-residual	train_sample	qurie_seq_bjab_2021	p-IRAK4	33	stress_ifn	0.29397720098495483
SCP682-SC12-protein-residual	train_sample	qurie_seq_bjab_2021	p-IRAK4	33	ribosomal	0.1367475390434265
SCP682-SC12-protein-residual	train_sample	qurie_seq_bjab_2021	p-IRAK4	33	random_control	0.25
SCP682-SC12-protein-residual	train_sample	qurie_seq_bjab_2021	p-JAK1	34	BCR_BTK_axis	4.483396993516459e-29
SCP682-SC12-protein-residual	train_sample	qurie_seq_bjab_2021	p-JAK1	34	BTK_PLCG2_axis	2.4388680715648738e-32
SCP682-SC12-protein-residual	train_sample	qurie_seq_bjab_2021	p-JAK1	34	ERK_axis	0.02978857420384884
SCP682-SC12-protein-residual	train_sample	qurie_seq_bjab_2021	p-JAK1	34	NFkB_axis	3.7973722817827528e-34
SCP682-SC12-protein-residual	train_sample	qurie_seq_bjab_2021	p-JAK1	34	AKT_mTOR_S6_axis	0.0756446048617363
SCP682-SC12-protein-residual	train_sample	qurie_seq_bjab_2021	p-JAK1	34	cell_cycle	0.0013822921318933368
SCP682-SC12-protein-residual	train_sample	qurie_seq_bjab_2021	p-JAK1	34	stress_ifn	0.8047293424606323
SCP682-SC12-protein-residual	train_sample	qurie_seq_bjab_2021	p-JAK1	34	ribosomal	0.08712723106145859
SCP682-SC12-protein-residual	train_sample	qurie_seq_bjab_2021	p-JAK1	34	random_control	0.0013278250116854906
SCP682-SC12-protein-residual	train_sample	qurie_seq_bjab_2021	p-JNK	35	BCR_BTK_axis	0.0021367522422224283
SCP682-SC12-protein-residual	train_sample	qurie_seq_bjab_2021	p-JNK	35	BTK_PLCG2_axis	0.0021367522422224283
SCP682-SC12-protein-residual	train_sample	qurie_seq_bjab_2021	p-JNK	35	ERK_axis	0.022430185228586197
SCP682-SC12-protein-residual	train_sample	qurie_seq_bjab_2021	p-JNK	35	NFkB_axis	0.24465811252593994
SCP682-SC12-protein-residual	train_sample	qurie_seq_bjab_2021	p-JNK	35	AKT_mTOR_S6_axis	0.06226357817649841
SCP682-SC12-protein-residual	train_sample	qurie_seq_bjab_2021	p-JNK	35	cell_cycle	1.2851670984469342e-36
SCP682-SC12-protein-residual	train_sample	qurie_seq_bjab_2021	p-JNK	35	stress_ifn	0.2633155882358551
SCP682-SC12-protein-residual	train_sample	qurie_seq_bjab_2021	p-JNK	35	ribosomal	0.15305903553962708
SCP682-SC12-protein-residual	train_sample	qurie_seq_bjab_2021	p-JNK	35	random_control	0.25
SCP682-SC12-protein-residual	train_sample	qurie_seq_bjab_2021	p-PKC-b1	36	BCR_BTK_axis	0.018009038642048836
SCP682-SC12-protein-residual	train_sample	qurie_seq_bjab_2021	p-PKC-b1	36	BTK_PLCG2_axis	0.00186002382542938
SCP682-SC12-protein-residual	train_sample	qurie_seq_bjab_2021	p-PKC-b1	36	ERK_axis	0.023694463074207306
SCP682-SC12-protein-residual	train_sample	qurie_seq_bjab_2021	p-PKC-b1	36	NFkB_axis	0.23013094067573547
SCP682-SC12-protein-residual	train_sample	qurie_seq_bjab_2021	p-PKC-b1	36	AKT_mTOR_S6_axis	0.029052630066871643
SCP682-SC12-protein-residual	train_sample	qurie_seq_bjab_2021	p-PKC-b1	36	cell_cycle	6.3207153393115e-26
SCP682-SC12-protein-residual	train_sample	qurie_seq_bjab_2021	p-PKC-b1	36	stress_ifn	0.33654695749282837
SCP682-SC12-protein-residual	train_sample	qurie_seq_bjab_2021	p-PKC-b1	36	ribosomal	0.11070588231086731
SCP682-SC12-protein-residual	train_sample	qurie_seq_bjab_2021	p-PKC-b1	36	random_control	0.25
SCP682-SC12-protein-residual	train_sample	qurie_seq_bjab_2021	p-Rb	37	BCR_BTK_axis	0.13888569176197052
SCP682-SC12-protein-residual	train_sample	qurie_seq_bjab_2021	p-Rb	37	BTK_PLCG2_axis	0.0010706217726692557
SCP682-SC12-protein-residual	train_sample	qurie_seq_bjab_2021	p-Rb	37	ERK_axis	0.007828748784959316
SCP682-SC12-protein-residual	train_sample	qurie_seq_bjab_2021	p-Rb	37	NFkB_axis	0.33425426483154297
SCP682-SC12-protein-residual	train_sample	qurie_seq_bjab_2021	p-Rb	37	AKT_mTOR_S6_axis	2.6067915407783923e-16
SCP682-SC12-protein-residual	train_sample	qurie_seq_bjab_2021	p-Rb	37	cell_cycle	4.2333226607252724e-42
SCP682-SC12-protein-residual	train_sample	qurie_seq_bjab_2021	p-Rb	37	stress_ifn	0.0
SCP682-SC12-protein-residual	train_sample	qurie_seq_bjab_2021	p-Rb	37	ribosomal	0.26796072721481323
SCP682-SC12-protein-residual	train_sample	qurie_seq_bjab_2021	p-Rb	37	random_control	0.25
SCP682-SC12-protein-residual	train_sample	qurie_seq_bjab_2021	p-STAT5	40	BCR_BTK_axis	0.0021367522422224283
SCP682-SC12-protein-residual	train_sample	qurie_seq_bjab_2021	p-STAT5	40	BTK_PLCG2_axis	0.0021367522422224283
SCP682-SC12-protein-residual	train_sample	qurie_seq_bjab_2021	p-STAT5	40	ERK_axis	0.022435257211327553
SCP682-SC12-protein-residual	train_sample	qurie_seq_bjab_2021	p-STAT5	40	NFkB_axis	0.24465811252593994
SCP682-SC12-protein-residual	train_sample	qurie_seq_bjab_2021	p-STAT5	40	AKT_mTOR_S6_axis	0.06133496016263962
SCP682-SC12-protein-residual	train_sample	qurie_seq_bjab_2021	p-STAT5	40	cell_cycle	7.427764342642424e-37
SCP682-SC12-protein-residual	train_sample	qurie_seq_bjab_2021	p-STAT5	40	stress_ifn	0.2660311758518219
SCP682-SC12-protein-residual	train_sample	qurie_seq_bjab_2021	p-STAT5	40	ribosomal	0.15126699209213257
SCP682-SC12-protein-residual	train_sample	qurie_seq_bjab_2021	p-STAT5	40	random_control	0.25
SCP682-SC12-protein-residual	train_sample	qurie_seq_bjab_2021	p-STAT6	41	BCR_BTK_axis	0.0021367522422224283
SCP682-SC12-protein-residual	train_sample	qurie_seq_bjab_2021	p-STAT6	41	BTK_PLCG2_axis	0.0021367522422224283
SCP682-SC12-protein-residual	train_sample	qurie_seq_bjab_2021	p-STAT6	41	ERK_axis	0.022435713559389114
SCP682-SC12-protein-residual	train_sample	qurie_seq_bjab_2021	p-STAT6	41	NFkB_axis	0.24465811252593994
SCP682-SC12-protein-residual	train_sample	qurie_seq_bjab_2021	p-STAT6	41	AKT_mTOR_S6_axis	0.06164507195353508
SCP682-SC12-protein-residual	train_sample	qurie_seq_bjab_2021	p-STAT6	41	cell_cycle	4.0030989639701395e-37
SCP682-SC12-protein-residual	train_sample	qurie_seq_bjab_2021	p-STAT6	41	stress_ifn	0.26543086767196655
SCP682-SC12-protein-residual	train_sample	qurie_seq_bjab_2021	p-STAT6	41	ribosomal	0.15155673027038574
SCP682-SC12-protein-residual	train_sample	qurie_seq_bjab_2021	p-STAT6	41	random_control	0.25
SCP682-SC12-protein-residual	train_sample	qurie_seq_bjab_2021	p-Src	42	BCR_BTK_axis	5.8404117233078725e-33
SCP682-SC12-protein-residual	train_sample	qurie_seq_bjab_2021	p-Src	42	BTK_PLCG2_axis	4.187635398217689e-37
SCP682-SC12-protein-residual	train_sample	qurie_seq_bjab_2021	p-Src	42	ERK_axis	0.030409354716539383
SCP682-SC12-protein-residual	train_sample	qurie_seq_bjab_2021	p-Src	42	NFkB_axis	7.76403471985359e-36
SCP682-SC12-protein-residual	train_sample	qurie_seq_bjab_2021	p-Src	42	AKT_mTOR_S6_axis	0.07644561678171158
SCP682-SC12-protein-residual	train_sample	qurie_seq_bjab_2021	p-Src	42	cell_cycle	0.0062772128731012344
SCP682-SC12-protein-residual	train_sample	qurie_seq_bjab_2021	p-Src	42	stress_ifn	0.801544725894928
SCP682-SC12-protein-residual	train_sample	qurie_seq_bjab_2021	p-Src	42	ribosomal	0.08337470144033432
SCP682-SC12-protein-residual	train_sample	qurie_seq_bjab_2021	p-Src	42	random_control	0.0019484221702441573
SCP682-SC12-protein-residual	train_sample	qurie_seq_bjab_2021	p-TOR	43	BCR_BTK_axis	0.0021367522422224283
SCP682-SC12-protein-residual	train_sample	qurie_seq_bjab_2021	p-TOR	43	BTK_PLCG2_axis	0.0021367522422224283
SCP682-SC12-protein-residual	train_sample	qurie_seq_bjab_2021	p-TOR	43	ERK_axis	0.022435983642935753
SCP682-SC12-protein-residual	train_sample	qurie_seq_bjab_2021	p-TOR	43	NFkB_axis	0.24465811252593994
SCP682-SC12-protein-residual	train_sample	qurie_seq_bjab_2021	p-TOR	43	AKT_mTOR_S6_axis	0.060921911150217056
SCP682-SC12-protein-residual	train_sample	qurie_seq_bjab_2021	p-TOR	43	cell_cycle	8.561342829592073e-38
SCP682-SC12-protein-residual	train_sample	qurie_seq_bjab_2021	p-TOR	43	stress_ifn	0.266700804233551
SCP682-SC12-protein-residual	train_sample	qurie_seq_bjab_2021	p-TOR	43	ribosomal	0.1510096788406372
SCP682-SC12-protein-residual	train_sample	qurie_seq_bjab_2021	p-TOR	43	random_control	0.25
SCP682-SC12-protein-residual	train_sample	qurie_seq_bjab_2021	p-c-Jun	44	BCR_BTK_axis	0.004246917087584734
SCP682-SC12-protein-residual	train_sample	qurie_seq_bjab_2021	p-c-Jun	44	BTK_PLCG2_axis	0.001930747414007783
SCP682-SC12-protein-residual	train_sample	qurie_seq_bjab_2021	p-c-Jun	44	ERK_axis	0.02282329462468624
SCP682-SC12-protein-residual	train_sample	qurie_seq_bjab_2021	p-c-Jun	44	NFkB_axis	0.24358882009983063
SCP682-SC12-protein-residual	train_sample	qurie_seq_bjab_2021	p-c-Jun	44	AKT_mTOR_S6_axis	0.03849826008081436
SCP682-SC12-protein-residual	train_sample	qurie_seq_bjab_2021	p-c-Jun	44	cell_cycle	2.564321236788444e-32
SCP682-SC12-protein-residual	train_sample	qurie_seq_bjab_2021	p-c-Jun	44	stress_ifn	0.3098262548446655
SCP682-SC12-protein-residual	train_sample	qurie_seq_bjab_2021	p-c-Jun	44	ribosomal	0.1290857046842575
SCP682-SC12-protein-residual	train_sample	qurie_seq_bjab_2021	p-c-Jun	44	random_control	0.25
SCP682-SC12-protein-residual	train_sample	qurie_seq_bjab_2021	p-p65	45	BCR_BTK_axis	0.0029027482960373163
SCP682-SC12-protein-residual	train_sample	qurie_seq_bjab_2021	p-p65	45	BTK_PLCG2_axis	0.002136774593964219
SCP682-SC12-protein-residual	train_sample	qurie_seq_bjab_2021	p-p65	45	ERK_axis	0.02220192924141884
SCP682-SC12-protein-residual	train_sample	qurie_seq_bjab_2021	p-p65	45	NFkB_axis	0.2438921183347702
SCP682-SC12-protein-residual	train_sample	qurie_seq_bjab_2021	p-p65	45	AKT_mTOR_S6_axis	0.06211020052433014
SCP682-SC12-protein-residual	train_sample	qurie_seq_bjab_2021	p-p65	45	cell_cycle	6.849556220662284e-36
SCP682-SC12-protein-residual	train_sample	qurie_seq_bjab_2021	p-p65	45	stress_ifn	0.26081860065460205
SCP682-SC12-protein-residual	train_sample	qurie_seq_bjab_2021	p-p65	45	ribosomal	0.1559375822544098
SCP682-SC12-protein-residual	train_sample	qurie_seq_bjab_2021	p-p65	45	random_control	0.25
SCP682-SC12-protein-residual	train_sample	qurie_seq_bjab_2021	HISTONE_H3_S28	46	BCR_BTK_axis	0.1382879614830017
SCP682-SC12-protein-residual	train_sample	qurie_seq_bjab_2021	HISTONE_H3_S28	46	BTK_PLCG2_axis	0.0011033563641831279
SCP682-SC12-protein-residual	train_sample	qurie_seq_bjab_2021	HISTONE_H3_S28	46	ERK_axis	0.006635171826928854
SCP682-SC12-protein-residual	train_sample	qurie_seq_bjab_2021	HISTONE_H3_S28	46	NFkB_axis	0.33669155836105347
SCP682-SC12-protein-residual	train_sample	qurie_seq_bjab_2021	HISTONE_H3_S28	46	AKT_mTOR_S6_axis	1.0996157326706446e-12
SCP682-SC12-protein-residual	train_sample	qurie_seq_bjab_2021	HISTONE_H3_S28	46	cell_cycle	5.989669163414372e-32
SCP682-SC12-protein-residual	train_sample	qurie_seq_bjab_2021	HISTONE_H3_S28	46	stress_ifn	0.0
SCP682-SC12-protein-residual	train_sample	qurie_seq_bjab_2021	HISTONE_H3_S28	46	ribosomal	0.26728200912475586
SCP682-SC12-protein-residual	train_sample	qurie_seq_bjab_2021	HISTONE_H3_S28	46	random_control	0.25
SCP682-SC12-protein-residual	train_sample	qurie_seq_bjab_2021	NFE2L2_S40	47	BCR_BTK_axis	5.432931276575774e-26
SCP682-SC12-protein-residual	train_sample	qurie_seq_bjab_2021	NFE2L2_S40	47	BTK_PLCG2_axis	2.4203774827208686e-26
SCP682-SC12-protein-residual	train_sample	qurie_seq_bjab_2021	NFE2L2_S40	47	ERK_axis	0.027854178100824356
SCP682-SC12-protein-residual	train_sample	qurie_seq_bjab_2021	NFE2L2_S40	47	NFkB_axis	4.7909962927311586e-29
SCP682-SC12-protein-residual	train_sample	qurie_seq_bjab_2021	NFE2L2_S40	47	AKT_mTOR_S6_axis	0.06961534172296524
SCP682-SC12-protein-residual	train_sample	qurie_seq_bjab_2021	NFE2L2_S40	47	cell_cycle	0.002054245211184025
SCP682-SC12-protein-residual	train_sample	qurie_seq_bjab_2021	NFE2L2_S40	47	stress_ifn	0.8143684267997742
SCP682-SC12-protein-residual	train_sample	qurie_seq_bjab_2021	NFE2L2_S40	47	ribosomal	0.08553896844387054
SCP682-SC12-protein-residual	train_sample	qurie_seq_bjab_2021	NFE2L2_S40	47	random_control	0.0005689627723768353
SCP682-SC12-protein-residual	train_sample	qurie_seq_bjab_2021	AKT_S473	48	BCR_BTK_axis	0.0021367778535932302
SCP682-SC12-protein-residual	train_sample	qurie_seq_bjab_2021	AKT_S473	48	BTK_PLCG2_axis	0.002136752475053072
SCP682-SC12-protein-residual	train_sample	qurie_seq_bjab_2021	AKT_S473	48	ERK_axis	0.022041914984583855
SCP682-SC12-protein-residual	train_sample	qurie_seq_bjab_2021	AKT_S473	48	NFkB_axis	0.24465808272361755
SCP682-SC12-protein-residual	train_sample	qurie_seq_bjab_2021	AKT_S473	48	AKT_mTOR_S6_axis	0.061197079718112946
SCP682-SC12-protein-residual	train_sample	qurie_seq_bjab_2021	AKT_S473	48	cell_cycle	8.122026792716071e-38
SCP682-SC12-protein-residual	train_sample	qurie_seq_bjab_2021	AKT_S473	48	stress_ifn	0.2629459500312805
SCP682-SC12-protein-residual	train_sample	qurie_seq_bjab_2021	AKT_S473	48	ribosomal	0.15488342940807343
SCP682-SC12-protein-residual	train_sample	qurie_seq_bjab_2021	AKT_S473	48	random_control	0.25
SCP682-SC12-protein-residual	train_sample	qurie_seq_bjab_2021	EIF4EBP1_T37_T46	49	BCR_BTK_axis	0.002136753173545003
SCP682-SC12-protein-residual	train_sample	qurie_seq_bjab_2021	EIF4EBP1_T37_T46	49	BTK_PLCG2_axis	0.0021367522422224283
SCP682-SC12-protein-residual	train_sample	qurie_seq_bjab_2021	EIF4EBP1_T37_T46	49	ERK_axis	0.02220790460705757
SCP682-SC12-protein-residual	train_sample	qurie_seq_bjab_2021	EIF4EBP1_T37_T46	49	NFkB_axis	0.24465811252593994
SCP682-SC12-protein-residual	train_sample	qurie_seq_bjab_2021	EIF4EBP1_T37_T46	49	AKT_mTOR_S6_axis	0.061516791582107544
SCP682-SC12-protein-residual	train_sample	qurie_seq_bjab_2021	EIF4EBP1_T37_T46	49	cell_cycle	3.5645964088786475e-39
SCP682-SC12-protein-residual	train_sample	qurie_seq_bjab_2021	EIF4EBP1_T37_T46	49	stress_ifn	0.2625974714756012
SCP682-SC12-protein-residual	train_sample	qurie_seq_bjab_2021	EIF4EBP1_T37_T46	49	ribosomal	0.15474620461463928
SCP682-SC12-protein-residual	train_sample	qurie_seq_bjab_2021	EIF4EBP1_T37_T46	49	random_control	0.25
SCP682-SC12-protein-residual	train_sample	qurie_seq_bjab_2021	STAT6_Y641	50	BCR_BTK_axis	0.0032051277812570333
SCP682-SC12-protein-residual	train_sample	qurie_seq_bjab_2021	STAT6_Y641	50	BTK_PLCG2_axis	0.0021441502030938864
SCP682-SC12-protein-residual	train_sample	qurie_seq_bjab_2021	STAT6_Y641	50	ERK_axis	0.022323520854115486
SCP682-SC12-protein-residual	train_sample	qurie_seq_bjab_2021	STAT6_Y641	50	NFkB_axis	0.24358974397182465
SCP682-SC12-protein-residual	train_sample	qurie_seq_bjab_2021	STAT6_Y641	50	AKT_mTOR_S6_axis	0.06207815930247307
SCP682-SC12-protein-residual	train_sample	qurie_seq_bjab_2021	STAT6_Y641	50	cell_cycle	1.563890142693299e-28
SCP682-SC12-protein-residual	train_sample	qurie_seq_bjab_2021	STAT6_Y641	50	stress_ifn	0.2598307728767395
SCP682-SC12-protein-residual	train_sample	qurie_seq_bjab_2021	STAT6_Y641	50	ribosomal	0.15682850778102875
SCP682-SC12-protein-residual	train_sample	qurie_seq_bjab_2021	STAT6_Y641	50	random_control	0.25
SCP682-SC12-protein-residual	train_sample	qurie_seq_bjab_2021	ZAP70_Y493	51	BCR_BTK_axis	0.0022286884486675262
SCP682-SC12-protein-residual	train_sample	qurie_seq_bjab_2021	ZAP70_Y493	51	BTK_PLCG2_axis	0.002968778135254979
SCP682-SC12-protein-residual	train_sample	qurie_seq_bjab_2021	ZAP70_Y493	51	ERK_axis	0.02153967134654522
SCP682-SC12-protein-residual	train_sample	qurie_seq_bjab_2021	ZAP70_Y493	51	NFkB_axis	0.24461756646633148
SCP682-SC12-protein-residual	train_sample	qurie_seq_bjab_2021	ZAP70_Y493	51	AKT_mTOR_S6_axis	0.030150149017572403
SCP682-SC12-protein-residual	train_sample	qurie_seq_bjab_2021	ZAP70_Y493	51	cell_cycle	1.770916970474218e-18
SCP682-SC12-protein-residual	train_sample	qurie_seq_bjab_2021	ZAP70_Y493	51	stress_ifn	0.3368481695652008
SCP682-SC12-protein-residual	train_sample	qurie_seq_bjab_2021	ZAP70_Y493	51	ribosomal	0.11164705455303192
SCP682-SC12-protein-residual	train_sample	qurie_seq_bjab_2021	ZAP70_Y493	51	random_control	0.25
SCP682-SC12-protein-residual	train_sample	qurie_seq_bjab_2021	LCK_Y505	52	BCR_BTK_axis	8.167610285389086e-31
SCP682-SC12-protein-residual	train_sample	qurie_seq_bjab_2021	LCK_Y505	52	BTK_PLCG2_axis	1.7239058118350712e-32
SCP682-SC12-protein-residual	train_sample	qurie_seq_bjab_2021	LCK_Y505	52	ERK_axis	0.029303809627890587
SCP682-SC12-protein-residual	train_sample	qurie_seq_bjab_2021	LCK_Y505	52	NFkB_axis	7.153311078165716e-34
SCP682-SC12-protein-residual	train_sample	qurie_seq_bjab_2021	LCK_Y505	52	AKT_mTOR_S6_axis	0.07403557002544403
SCP682-SC12-protein-residual	train_sample	qurie_seq_bjab_2021	LCK_Y505	52	cell_cycle	0.0022291371133178473
SCP682-SC12-protein-residual	train_sample	qurie_seq_bjab_2021	LCK_Y505	52	stress_ifn	0.8074153065681458
SCP682-SC12-protein-residual	train_sample	qurie_seq_bjab_2021	LCK_Y505	52	ribosomal	0.0859190970659256
SCP682-SC12-protein-residual	train_sample	qurie_seq_bjab_2021	LCK_Y505	52	random_control	0.0010970134753733873
SCP682-SC12-protein-residual	train_sample	qurie_seq_bjab_2021	STAT5A_Y694	53	BCR_BTK_axis	0.002136753173545003
SCP682-SC12-protein-residual	train_sample	qurie_seq_bjab_2021	STAT5A_Y694	53	BTK_PLCG2_axis	0.0021367522422224283
SCP682-SC12-protein-residual	train_sample	qurie_seq_bjab_2021	STAT5A_Y694	53	ERK_axis	0.02235303446650505
SCP682-SC12-protein-residual	train_sample	qurie_seq_bjab_2021	STAT5A_Y694	53	NFkB_axis	0.24465811252593994
SCP682-SC12-protein-residual	train_sample	qurie_seq_bjab_2021	STAT5A_Y694	53	AKT_mTOR_S6_axis	0.0617804154753685
SCP682-SC12-protein-residual	train_sample	qurie_seq_bjab_2021	STAT5A_Y694	53	cell_cycle	2.3058590438219157e-39
SCP682-SC12-protein-residual	train_sample	qurie_seq_bjab_2021	STAT5A_Y694	53	stress_ifn	0.26279550790786743
SCP682-SC12-protein-residual	train_sample	qurie_seq_bjab_2021	STAT5A_Y694	53	ribosomal	0.1541394293308258
SCP682-SC12-protein-residual	train_sample	qurie_seq_bjab_2021	STAT5A_Y694	53	random_control	0.25
SCP682-SC12-protein-residual	train_sample	qurie_seq_bjab_2021	PLCG1_Y783	54	BCR_BTK_axis	2.412673237901715e-31
SCP682-SC12-protein-residual	train_sample	qurie_seq_bjab_2021	PLCG1_Y783	54	BTK_PLCG2_axis	3.454079730569326e-11
SCP682-SC12-protein-residual	train_sample	qurie_seq_bjab_2021	PLCG1_Y783	54	ERK_axis	0.022754201665520668
SCP682-SC12-protein-residual	train_sample	qurie_seq_bjab_2021	PLCG1_Y783	54	NFkB_axis	0.12669670581817627
SCP682-SC12-protein-residual	train_sample	qurie_seq_bjab_2021	PLCG1_Y783	54	AKT_mTOR_S6_axis	0.023853279650211334
SCP682-SC12-protein-residual	train_sample	qurie_seq_bjab_2021	PLCG1_Y783	54	cell_cycle	0.0008322639623656869
SCP682-SC12-protein-residual	train_sample	qurie_seq_bjab_2021	PLCG1_Y783	54	stress_ifn	0.5238956212997437
SCP682-SC12-protein-residual	train_sample	qurie_seq_bjab_2021	PLCG1_Y783	54	ribosomal	0.11489398032426834
SCP682-SC12-protein-residual	train_sample	qurie_seq_bjab_2021	PLCG1_Y783	54	random_control	0.18707391619682312
SCP682-SC12-protein-residual	train_sample	qurie_seq_bjab_2021	CTNND1_T310	55	BCR_BTK_axis	0.02117590792477131
SCP682-SC12-protein-residual	train_sample	qurie_seq_bjab_2021	CTNND1_T310	55	BTK_PLCG2_axis	0.0020294294226914644
SCP682-SC12-protein-residual	train_sample	qurie_seq_bjab_2021	CTNND1_T310	55	ERK_axis	0.02185412310063839
SCP682-SC12-protein-residual	train_sample	qurie_seq_bjab_2021	CTNND1_T310	55	NFkB_axis	0.22679466009140015
SCP682-SC12-protein-residual	train_sample	qurie_seq_bjab_2021	CTNND1_T310	55	AKT_mTOR_S6_axis	0.02871907874941826
SCP682-SC12-protein-residual	train_sample	qurie_seq_bjab_2021	CTNND1_T310	55	cell_cycle	5.21022507982158e-19
SCP682-SC12-protein-residual	train_sample	qurie_seq_bjab_2021	CTNND1_T310	55	stress_ifn	0.33334022760391235
SCP682-SC12-protein-residual	train_sample	qurie_seq_bjab_2021	CTNND1_T310	55	ribosomal	0.11608659476041794
SCP682-SC12-protein-residual	train_sample	qurie_seq_bjab_2021	CTNND1_T310	55	random_control	0.25
SCP682-SC12-protein-residual	train_sample	qurie_seq_bjab_2021	PDPK1_S241	56	BCR_BTK_axis	0.0010644313879311085
SCP682-SC12-protein-residual	train_sample	qurie_seq_bjab_2021	PDPK1_S241	56	BTK_PLCG2_axis	0.0021455695386976004
SCP682-SC12-protein-residual	train_sample	qurie_seq_bjab_2021	PDPK1_S241	56	ERK_axis	0.02243579924106598
SCP682-SC12-protein-residual	train_sample	qurie_seq_bjab_2021	PDPK1_S241	56	NFkB_axis	0.24572162330150604
SCP682-SC12-protein-residual	train_sample	qurie_seq_bjab_2021	PDPK1_S241	56	AKT_mTOR_S6_axis	0.05462420731782913
SCP682-SC12-protein-residual	train_sample	qurie_seq_bjab_2021	PDPK1_S241	56	cell_cycle	9.386107981146376e-31
SCP682-SC12-protein-residual	train_sample	qurie_seq_bjab_2021	PDPK1_S241	56	stress_ifn	0.2752966582775116
SCP682-SC12-protein-residual	train_sample	qurie_seq_bjab_2021	PDPK1_S241	56	ribosomal	0.1487116813659668
SCP682-SC12-protein-residual	train_sample	qurie_seq_bjab_2021	PDPK1_S241	56	random_control	0.25
SCP682-SC12-protein-residual	train_sample	qurie_seq_bjab_2021	MAP2K4_S257	57	BCR_BTK_axis	0.0004943832755088806
SCP682-SC12-protein-residual	train_sample	qurie_seq_bjab_2021	MAP2K4_S257	57	BTK_PLCG2_axis	7.025141974970213e-16
SCP682-SC12-protein-residual	train_sample	qurie_seq_bjab_2021	MAP2K4_S257	57	ERK_axis	0.023704098537564278
SCP682-SC12-protein-residual	train_sample	qurie_seq_bjab_2021	MAP2K4_S257	57	NFkB_axis	6.486042605780007e-12
SCP682-SC12-protein-residual	train_sample	qurie_seq_bjab_2021	MAP2K4_S257	57	AKT_mTOR_S6_axis	0.009898691438138485
SCP682-SC12-protein-residual	train_sample	qurie_seq_bjab_2021	MAP2K4_S257	57	cell_cycle	1.6302076346619288e-06
SCP682-SC12-protein-residual	train_sample	qurie_seq_bjab_2021	MAP2K4_S257	57	stress_ifn	0.6446420550346375
SCP682-SC12-protein-residual	train_sample	qurie_seq_bjab_2021	MAP2K4_S257	57	ribosomal	0.32043054699897766
SCP682-SC12-protein-residual	train_sample	qurie_seq_bjab_2021	MAP2K4_S257	57	random_control	0.00082864222349599
SCP682-SC12-protein-residual	train_sample	qurie_seq_bjab_2021	BTK_Y551	58	BCR_BTK_axis	1.5989494399115174e-32
SCP682-SC12-protein-residual	train_sample	qurie_seq_bjab_2021	BTK_Y551	58	BTK_PLCG2_axis	1.0835878256477366e-35
SCP682-SC12-protein-residual	train_sample	qurie_seq_bjab_2021	BTK_Y551	58	ERK_axis	0.026828737929463387
SCP682-SC12-protein-residual	train_sample	qurie_seq_bjab_2021	BTK_Y551	58	NFkB_axis	9.929106173124188e-33
SCP682-SC12-protein-residual	train_sample	qurie_seq_bjab_2021	BTK_Y551	58	AKT_mTOR_S6_axis	0.07654134184122086
SCP682-SC12-protein-residual	train_sample	qurie_seq_bjab_2021	BTK_Y551	58	cell_cycle	0.004561739973723888
SCP682-SC12-protein-residual	train_sample	qurie_seq_bjab_2021	BTK_Y551	58	stress_ifn	0.7984441518783569
SCP682-SC12-protein-residual	train_sample	qurie_seq_bjab_2021	BTK_Y551	58	ribosomal	0.09361804276704788
SCP682-SC12-protein-residual	train_sample	qurie_seq_bjab_2021	BTK_Y551	58	random_control	6.100870450609364e-06
SCP682-SC12-protein-residual	train_sample	qurie_seq_bjab_2021	H2AFX_S139	59	BCR_BTK_axis	0.13589979708194733
SCP682-SC12-protein-residual	train_sample	qurie_seq_bjab_2021	H2AFX_S139	59	BTK_PLCG2_axis	0.0010471721179783344
SCP682-SC12-protein-residual	train_sample	qurie_seq_bjab_2021	H2AFX_S139	59	ERK_axis	0.004494690801948309
SCP682-SC12-protein-residual	train_sample	qurie_seq_bjab_2021	H2AFX_S139	59	NFkB_axis	0.35402676463127136
SCP682-SC12-protein-residual	train_sample	qurie_seq_bjab_2021	H2AFX_S139	59	AKT_mTOR_S6_axis	2.5716367088520235e-15
SCP682-SC12-protein-residual	train_sample	qurie_seq_bjab_2021	H2AFX_S139	59	cell_cycle	6.315414664137758e-33
SCP682-SC12-protein-residual	train_sample	qurie_seq_bjab_2021	H2AFX_S139	59	stress_ifn	0.0
SCP682-SC12-protein-residual	train_sample	qurie_seq_bjab_2021	H2AFX_S139	59	ribosomal	0.25453153252601624
SCP682-SC12-protein-residual	train_sample	qurie_seq_bjab_2021	H2AFX_S139	59	random_control	0.25
SCP682-SC12-protein-residual	train_sample	qurie_seq_bjab_2021	NDRG1_T346	60	BCR_BTK_axis	0.0021367536392062902
SCP682-SC12-protein-residual	train_sample	qurie_seq_bjab_2021	NDRG1_T346	60	BTK_PLCG2_axis	0.002136752475053072
SCP682-SC12-protein-residual	train_sample	qurie_seq_bjab_2021	NDRG1_T346	60	ERK_axis	0.022046837955713272
SCP682-SC12-protein-residual	train_sample	qurie_seq_bjab_2021	NDRG1_T346	60	NFkB_axis	0.24465811252593994
SCP682-SC12-protein-residual	train_sample	qurie_seq_bjab_2021	NDRG1_T346	60	AKT_mTOR_S6_axis	0.06107693538069725
SCP682-SC12-protein-residual	train_sample	qurie_seq_bjab_2021	NDRG1_T346	60	cell_cycle	5.7682330726991e-36
SCP682-SC12-protein-residual	train_sample	qurie_seq_bjab_2021	NDRG1_T346	60	stress_ifn	0.2636217772960663
SCP682-SC12-protein-residual	train_sample	qurie_seq_bjab_2021	NDRG1_T346	60	ribosomal	0.15432283282279968
SCP682-SC12-protein-residual	train_sample	qurie_seq_bjab_2021	NDRG1_T346	60	random_control	0.25
SCP682-SC12-protein-residual	external_sample	all	RPS6_pSitePending	0	BCR_BTK_axis	0.13993605971336365
SCP682-SC12-protein-residual	external_sample	all	RPS6_pSitePending	0	BTK_PLCG2_axis	0.12850235402584076
SCP682-SC12-protein-residual	external_sample	all	RPS6_pSitePending	0	ERK_axis	0.07182665914297104
SCP682-SC12-protein-residual	external_sample	all	RPS6_pSitePending	0	NFkB_axis	0.254012793302536
SCP682-SC12-protein-residual	external_sample	all	RPS6_pSitePending	0	AKT_mTOR_S6_axis	0.09367579221725464
SCP682-SC12-protein-residual	external_sample	all	RPS6_pSitePending	0	cell_cycle	0.0070107015781104565
SCP682-SC12-protein-residual	external_sample	all	RPS6_pSitePending	0	stress_ifn	0.1274048388004303
SCP682-SC12-protein-residual	external_sample	all	RPS6_pSitePending	0	ribosomal	0.17453385889530182
SCP682-SC12-protein-residual	external_sample	all	RPS6_pSitePending	0	random_control	0.0030964298639446497
SCP682-SC12-protein-residual	external_sample	all	STAT3_Y705	1	BCR_BTK_axis	0.006925548892468214
SCP682-SC12-protein-residual	external_sample	all	STAT3_Y705	1	BTK_PLCG2_axis	0.00028492853743955493
SCP682-SC12-protein-residual	external_sample	all	STAT3_Y705	1	ERK_axis	0.08731398731470108
SCP682-SC12-protein-residual	external_sample	all	STAT3_Y705	1	NFkB_axis	0.045694462954998016
SCP682-SC12-protein-residual	external_sample	all	STAT3_Y705	1	AKT_mTOR_S6_axis	0.12101245671510696
SCP682-SC12-protein-residual	external_sample	all	STAT3_Y705	1	cell_cycle	0.0104451272636652
SCP682-SC12-protein-residual	external_sample	all	STAT3_Y705	1	stress_ifn	0.07749315351247787
SCP682-SC12-protein-residual	external_sample	all	STAT3_Y705	1	ribosomal	0.6433284878730774
SCP682-SC12-protein-residual	external_sample	all	STAT3_Y705	1	random_control	0.007500708568841219
SCP682-SC12-protein-residual	external_sample	all	MAPK14_pSitePending	2	BCR_BTK_axis	0.014266899786889553
SCP682-SC12-protein-residual	external_sample	all	MAPK14_pSitePending	2	BTK_PLCG2_axis	0.024964865297079086
SCP682-SC12-protein-residual	external_sample	all	MAPK14_pSitePending	2	ERK_axis	0.11528247594833374
SCP682-SC12-protein-residual	external_sample	all	MAPK14_pSitePending	2	NFkB_axis	0.15968748927116394
SCP682-SC12-protein-residual	external_sample	all	MAPK14_pSitePending	2	AKT_mTOR_S6_axis	0.13304685056209564
SCP682-SC12-protein-residual	external_sample	all	MAPK14_pSitePending	2	cell_cycle	0.09913033992052078
SCP682-SC12-protein-residual	external_sample	all	MAPK14_pSitePending	2	stress_ifn	0.12049123644828796
SCP682-SC12-protein-residual	external_sample	all	MAPK14_pSitePending	2	ribosomal	0.3233281970024109
SCP682-SC12-protein-residual	external_sample	all	MAPK14_pSitePending	2	random_control	0.009800884872674942
SCP682-SC12-protein-residual	external_sample	all	AKT_pSitePending	3	BCR_BTK_axis	0.08279801160097122
SCP682-SC12-protein-residual	external_sample	all	AKT_pSitePending	3	BTK_PLCG2_axis	0.0011100292904302478
SCP682-SC12-protein-residual	external_sample	all	AKT_pSitePending	3	ERK_axis	0.167848140001297
SCP682-SC12-protein-residual	external_sample	all	AKT_pSitePending	3	NFkB_axis	0.05830639600753784
SCP682-SC12-protein-residual	external_sample	all	AKT_pSitePending	3	AKT_mTOR_S6_axis	0.08493708819150925
SCP682-SC12-protein-residual	external_sample	all	AKT_pSitePending	3	cell_cycle	0.0005527539760805666
SCP682-SC12-protein-residual	external_sample	all	AKT_pSitePending	3	stress_ifn	0.06089785322546959
SCP682-SC12-protein-residual	external_sample	all	AKT_pSitePending	3	ribosomal	0.38547277450561523
SCP682-SC12-protein-residual	external_sample	all	AKT_pSitePending	3	random_control	0.15807710587978363
SCP682-SC12-protein-residual	external_sample	all	BTK_pSitePending	4	BCR_BTK_axis	0.07177583873271942
SCP682-SC12-protein-residual	external_sample	all	BTK_pSitePending	4	BTK_PLCG2_axis	0.0011714189313352108
SCP682-SC12-protein-residual	external_sample	all	BTK_pSitePending	4	ERK_axis	0.17503464221954346
SCP682-SC12-protein-residual	external_sample	all	BTK_pSitePending	4	NFkB_axis	0.06031370535492897
SCP682-SC12-protein-residual	external_sample	all	BTK_pSitePending	4	AKT_mTOR_S6_axis	0.08443185687065125
SCP682-SC12-protein-residual	external_sample	all	BTK_pSitePending	4	cell_cycle	0.00039759970968589187
SCP682-SC12-protein-residual	external_sample	all	BTK_pSitePending	4	stress_ifn	0.059228356927633286
SCP682-SC12-protein-residual	external_sample	all	BTK_pSitePending	4	ribosomal	0.3874441385269165
SCP682-SC12-protein-residual	external_sample	all	BTK_pSitePending	4	random_control	0.1602025032043457
SCP682-SC12-protein-residual	external_sample	all	CREB1_S133_ATF1_S63	5	BCR_BTK_axis	7.809971066308208e-06
SCP682-SC12-protein-residual	external_sample	all	CREB1_S133_ATF1_S63	5	BTK_PLCG2_axis	1.0051509207187337e-06
SCP682-SC12-protein-residual	external_sample	all	CREB1_S133_ATF1_S63	5	ERK_axis	0.04637070745229721
SCP682-SC12-protein-residual	external_sample	all	CREB1_S133_ATF1_S63	5	NFkB_axis	0.06437550485134125
SCP682-SC12-protein-residual	external_sample	all	CREB1_S133_ATF1_S63	5	AKT_mTOR_S6_axis	0.13774096965789795
SCP682-SC12-protein-residual	external_sample	all	CREB1_S133_ATF1_S63	5	cell_cycle	0.006327558774501085
SCP682-SC12-protein-residual	external_sample	all	CREB1_S133_ATF1_S63	5	stress_ifn	0.26608845591545105
SCP682-SC12-protein-residual	external_sample	all	CREB1_S133_ATF1_S63	5	ribosomal	0.467519074678421
SCP682-SC12-protein-residual	external_sample	all	CREB1_S133_ATF1_S63	5	random_control	0.011568840593099594
SCP682-SC12-protein-residual	external_sample	all	FOS_S32	6	BCR_BTK_axis	0.056340012699365616
SCP682-SC12-protein-residual	external_sample	all	FOS_S32	6	BTK_PLCG2_axis	0.0017731004627421498
SCP682-SC12-protein-residual	external_sample	all	FOS_S32	6	ERK_axis	0.16831427812576294
SCP682-SC12-protein-residual	external_sample	all	FOS_S32	6	NFkB_axis	0.1031927689909935
SCP682-SC12-protein-residual	external_sample	all	FOS_S32	6	AKT_mTOR_S6_axis	0.04321632906794548
SCP682-SC12-protein-residual	external_sample	all	FOS_S32	6	cell_cycle	0.0002858784282580018
SCP682-SC12-protein-residual	external_sample	all	FOS_S32	6	stress_ifn	0.05274913087487221
SCP682-SC12-protein-residual	external_sample	all	FOS_S32	6	ribosomal	0.3959960639476776
SCP682-SC12-protein-residual	external_sample	all	FOS_S32	6	random_control	0.17813219130039215
SCP682-SC12-protein-residual	external_sample	all	HM0025_phospho_p44_42_197G2	7	BCR_BTK_axis	0.011753509752452374
SCP682-SC12-protein-residual	external_sample	all	HM0025_phospho_p44_42_197G2	7	BTK_PLCG2_axis	0.004996372852474451
SCP682-SC12-protein-residual	external_sample	all	HM0025_phospho_p44_42_197G2	7	ERK_axis	0.1183573380112648
SCP682-SC12-protein-residual	external_sample	all	HM0025_phospho_p44_42_197G2	7	NFkB_axis	0.10318122059106827
SCP682-SC12-protein-residual	external_sample	all	HM0025_phospho_p44_42_197G2	7	AKT_mTOR_S6_axis	0.14203570783138275
SCP682-SC12-protein-residual	external_sample	all	HM0025_phospho_p44_42_197G2	7	cell_cycle	0.07790455967187881
SCP682-SC12-protein-residual	external_sample	all	HM0025_phospho_p44_42_197G2	7	stress_ifn	0.1238066554069519
SCP682-SC12-protein-residual	external_sample	all	HM0025_phospho_p44_42_197G2	7	ribosomal	0.39785656332969666
SCP682-SC12-protein-residual	external_sample	all	HM0025_phospho_p44_42_197G2	7	random_control	0.02010766789317131
SCP682-SC12-protein-residual	external_sample	all	JUN_pSitePending	8	BCR_BTK_axis	0.008949341252446175
SCP682-SC12-protein-residual	external_sample	all	JUN_pSitePending	8	BTK_PLCG2_axis	0.0011424421099945903
SCP682-SC12-protein-residual	external_sample	all	JUN_pSitePending	8	ERK_axis	0.10456015914678574
SCP682-SC12-protein-residual	external_sample	all	JUN_pSitePending	8	NFkB_axis	0.06746362894773483
SCP682-SC12-protein-residual	external_sample	all	JUN_pSitePending	8	AKT_mTOR_S6_axis	0.10941383987665176
SCP682-SC12-protein-residual	external_sample	all	JUN_pSitePending	8	cell_cycle	0.058011963963508606
SCP682-SC12-protein-residual	external_sample	all	JUN_pSitePending	8	stress_ifn	0.10023607313632965
SCP682-SC12-protein-residual	external_sample	all	JUN_pSitePending	8	ribosomal	0.5204371213912964
SCP682-SC12-protein-residual	external_sample	all	JUN_pSitePending	8	random_control	0.029784975573420525
SCP682-SC12-protein-residual	external_sample	all	LAT_Y226	9	BCR_BTK_axis	8.809652172203641e-06
SCP682-SC12-protein-residual	external_sample	all	LAT_Y226	9	BTK_PLCG2_axis	1.0601580697766622e-06
SCP682-SC12-protein-residual	external_sample	all	LAT_Y226	9	ERK_axis	0.04574570804834366
SCP682-SC12-protein-residual	external_sample	all	LAT_Y226	9	NFkB_axis	0.05001326650381088
SCP682-SC12-protein-residual	external_sample	all	LAT_Y226	9	AKT_mTOR_S6_axis	0.1309981495141983
SCP682-SC12-protein-residual	external_sample	all	LAT_Y226	9	cell_cycle	0.006695683114230633
SCP682-SC12-protein-residual	external_sample	all	LAT_Y226	9	stress_ifn	0.26514872908592224
SCP682-SC12-protein-residual	external_sample	all	LAT_Y226	9	ribosomal	0.4826965630054474
SCP682-SC12-protein-residual	external_sample	all	LAT_Y226	9	random_control	0.018692532554268837
SCP682-SC12-protein-residual	external_sample	all	LCP2_S376	10	BCR_BTK_axis	0.019493043422698975
SCP682-SC12-protein-residual	external_sample	all	LCP2_S376	10	BTK_PLCG2_axis	0.0011131580686196685
SCP682-SC12-protein-residual	external_sample	all	LCP2_S376	10	ERK_axis	0.11456361413002014
SCP682-SC12-protein-residual	external_sample	all	LCP2_S376	10	NFkB_axis	0.06057202070951462
SCP682-SC12-protein-residual	external_sample	all	LCP2_S376	10	AKT_mTOR_S6_axis	0.15104329586029053
SCP682-SC12-protein-residual	external_sample	all	LCP2_S376	10	cell_cycle	0.027082687243819237
SCP682-SC12-protein-residual	external_sample	all	LCP2_S376	10	stress_ifn	0.12487736344337463
SCP682-SC12-protein-residual	external_sample	all	LCP2_S376	10	ribosomal	0.463168203830719
SCP682-SC12-protein-residual	external_sample	all	LCP2_S376	10	random_control	0.03808663785457611
SCP682-SC12-protein-residual	external_sample	all	MAP2K1_S298	11	BCR_BTK_axis	0.006533266510814428
SCP682-SC12-protein-residual	external_sample	all	MAP2K1_S298	11	BTK_PLCG2_axis	0.00570894218981266
SCP682-SC12-protein-residual	external_sample	all	MAP2K1_S298	11	ERK_axis	0.11068779975175858
SCP682-SC12-protein-residual	external_sample	all	MAP2K1_S298	11	NFkB_axis	0.11197501420974731
SCP682-SC12-protein-residual	external_sample	all	MAP2K1_S298	11	AKT_mTOR_S6_axis	0.1341383159160614
SCP682-SC12-protein-residual	external_sample	all	MAP2K1_S298	11	cell_cycle	0.08542618900537491
SCP682-SC12-protein-residual	external_sample	all	MAP2K1_S298	11	stress_ifn	0.1459808498620987
SCP682-SC12-protein-residual	external_sample	all	MAP2K1_S298	11	ribosomal	0.38039153814315796
SCP682-SC12-protein-residual	external_sample	all	MAP2K1_S298	11	random_control	0.019157875329256058
SCP682-SC12-protein-residual	external_sample	all	MAPK14_pSitePending_D3F9	12	BCR_BTK_axis	0.0037545606028288603
SCP682-SC12-protein-residual	external_sample	all	MAPK14_pSitePending_D3F9	12	BTK_PLCG2_axis	0.0007631672779098153
SCP682-SC12-protein-residual	external_sample	all	MAPK14_pSitePending_D3F9	12	ERK_axis	0.09171878546476364
SCP682-SC12-protein-residual	external_sample	all	MAPK14_pSitePending_D3F9	12	NFkB_axis	0.01544276811182499
SCP682-SC12-protein-residual	external_sample	all	MAPK14_pSitePending_D3F9	12	AKT_mTOR_S6_axis	0.09998072683811188
SCP682-SC12-protein-residual	external_sample	all	MAPK14_pSitePending_D3F9	12	cell_cycle	0.003159577725455165
SCP682-SC12-protein-residual	external_sample	all	MAPK14_pSitePending_D3F9	12	stress_ifn	0.07487121224403381
SCP682-SC12-protein-residual	external_sample	all	MAPK14_pSitePending_D3F9	12	ribosomal	0.7037783861160278
SCP682-SC12-protein-residual	external_sample	all	MAPK14_pSitePending_D3F9	12	random_control	0.006529575679451227
SCP682-SC12-protein-residual	external_sample	all	MAPK1_MAPK3_T202_Y204	13	BCR_BTK_axis	0.06708666682243347
SCP682-SC12-protein-residual	external_sample	all	MAPK1_MAPK3_T202_Y204	13	BTK_PLCG2_axis	0.001188140013255179
SCP682-SC12-protein-residual	external_sample	all	MAPK1_MAPK3_T202_Y204	13	ERK_axis	0.1772167831659317
SCP682-SC12-protein-residual	external_sample	all	MAPK1_MAPK3_T202_Y204	13	NFkB_axis	0.06212525814771652
SCP682-SC12-protein-residual	external_sample	all	MAPK1_MAPK3_T202_Y204	13	AKT_mTOR_S6_axis	0.08344195783138275
SCP682-SC12-protein-residual	external_sample	all	MAPK1_MAPK3_T202_Y204	13	cell_cycle	0.0003526815853547305
SCP682-SC12-protein-residual	external_sample	all	MAPK1_MAPK3_T202_Y204	13	stress_ifn	0.05951138213276863
SCP682-SC12-protein-residual	external_sample	all	MAPK1_MAPK3_T202_Y204	13	ribosomal	0.38815736770629883
SCP682-SC12-protein-residual	external_sample	all	MAPK1_MAPK3_T202_Y204	13	random_control	0.16091975569725037
SCP682-SC12-protein-residual	external_sample	all	MAPK1_MAPK3_pSitePending	14	BCR_BTK_axis	0.0659232959151268
SCP682-SC12-protein-residual	external_sample	all	MAPK1_MAPK3_pSitePending	14	BTK_PLCG2_axis	0.0011823975946754217
SCP682-SC12-protein-residual	external_sample	all	MAPK1_MAPK3_pSitePending	14	ERK_axis	0.17819875478744507
SCP682-SC12-protein-residual	external_sample	all	MAPK1_MAPK3_pSitePending	14	NFkB_axis	0.062352217733860016
SCP682-SC12-protein-residual	external_sample	all	MAPK1_MAPK3_pSitePending	14	AKT_mTOR_S6_axis	0.08339298516511917
SCP682-SC12-protein-residual	external_sample	all	MAPK1_MAPK3_pSitePending	14	cell_cycle	0.00032683697645552456
SCP682-SC12-protein-residual	external_sample	all	MAPK1_MAPK3_pSitePending	14	stress_ifn	0.05956249311566353
SCP682-SC12-protein-residual	external_sample	all	MAPK1_MAPK3_pSitePending	14	ribosomal	0.38812556862831116
SCP682-SC12-protein-residual	external_sample	all	MAPK1_MAPK3_pSitePending	14	random_control	0.16093537211418152
SCP682-SC12-protein-residual	external_sample	all	PLCG2_Y759	15	BCR_BTK_axis	1.8256477194800516e-14
SCP682-SC12-protein-residual	external_sample	all	PLCG2_Y759	15	BTK_PLCG2_axis	5.333973205852331e-21
SCP682-SC12-protein-residual	external_sample	all	PLCG2_Y759	15	ERK_axis	0.04589702561497688
SCP682-SC12-protein-residual	external_sample	all	PLCG2_Y759	15	NFkB_axis	0.018055489286780357
SCP682-SC12-protein-residual	external_sample	all	PLCG2_Y759	15	AKT_mTOR_S6_axis	0.08365700393915176
SCP682-SC12-protein-residual	external_sample	all	PLCG2_Y759	15	cell_cycle	0.004255666397511959
SCP682-SC12-protein-residual	external_sample	all	PLCG2_Y759	15	stress_ifn	0.251261830329895
SCP682-SC12-protein-residual	external_sample	all	PLCG2_Y759	15	ribosomal	0.5291954278945923
SCP682-SC12-protein-residual	external_sample	all	PLCG2_Y759	15	random_control	0.06767783313989639
SCP682-SC12-protein-residual	external_sample	all	PLCG2_pSitePending	16	BCR_BTK_axis	0.07251576334238052
SCP682-SC12-protein-residual	external_sample	all	PLCG2_pSitePending	16	BTK_PLCG2_axis	0.0012508552754297853
SCP682-SC12-protein-residual	external_sample	all	PLCG2_pSitePending	16	ERK_axis	0.1754656583070755
SCP682-SC12-protein-residual	external_sample	all	PLCG2_pSitePending	16	NFkB_axis	0.06026690453290939
SCP682-SC12-protein-residual	external_sample	all	PLCG2_pSitePending	16	AKT_mTOR_S6_axis	0.08519298583269119
SCP682-SC12-protein-residual	external_sample	all	PLCG2_pSitePending	16	cell_cycle	0.0004156616050750017
SCP682-SC12-protein-residual	external_sample	all	PLCG2_pSitePending	16	stress_ifn	0.05974658206105232
SCP682-SC12-protein-residual	external_sample	all	PLCG2_pSitePending	16	ribosomal	0.38610613346099854
SCP682-SC12-protein-residual	external_sample	all	PLCG2_pSitePending	16	random_control	0.1590394526720047
SCP682-SC12-protein-residual	external_sample	all	RELA_S536	17	BCR_BTK_axis	0.08267130702733994
SCP682-SC12-protein-residual	external_sample	all	RELA_S536	17	BTK_PLCG2_axis	0.0011347392573952675
SCP682-SC12-protein-residual	external_sample	all	RELA_S536	17	ERK_axis	0.16717465221881866
SCP682-SC12-protein-residual	external_sample	all	RELA_S536	17	NFkB_axis	0.058411236852407455
SCP682-SC12-protein-residual	external_sample	all	RELA_S536	17	AKT_mTOR_S6_axis	0.08327841013669968
SCP682-SC12-protein-residual	external_sample	all	RELA_S536	17	cell_cycle	0.0005897818482480943
SCP682-SC12-protein-residual	external_sample	all	RELA_S536	17	stress_ifn	0.06172583997249603
SCP682-SC12-protein-residual	external_sample	all	RELA_S536	17	ribosomal	0.38633203506469727
SCP682-SC12-protein-residual	external_sample	all	RELA_S536	17	random_control	0.15868179500102997
SCP682-SC12-protein-residual	external_sample	all	RELA_pSitePending_93H1	18	BCR_BTK_axis	0.0009119287133216858
SCP682-SC12-protein-residual	external_sample	all	RELA_pSitePending_93H1	18	BTK_PLCG2_axis	0.00010234014189336449
SCP682-SC12-protein-residual	external_sample	all	RELA_pSitePending_93H1	18	ERK_axis	0.06775345653295517
SCP682-SC12-protein-residual	external_sample	all	RELA_pSitePending_93H1	18	NFkB_axis	0.028504861518740654
SCP682-SC12-protein-residual	external_sample	all	RELA_pSitePending_93H1	18	AKT_mTOR_S6_axis	0.12500838935375214
SCP682-SC12-protein-residual	external_sample	all	RELA_pSitePending_93H1	18	cell_cycle	0.001902471762150526
SCP682-SC12-protein-residual	external_sample	all	RELA_pSitePending_93H1	18	stress_ifn	0.07975457608699799
SCP682-SC12-protein-residual	external_sample	all	RELA_pSitePending_93H1	18	ribosomal	0.6930520534515381
SCP682-SC12-protein-residual	external_sample	all	RELA_pSitePending_93H1	18	random_control	0.0030077602714300156
SCP682-SC12-protein-residual	external_sample	all	STAT5A_STAT5B_Y694_Y699	21	BCR_BTK_axis	6.984003994148225e-05
SCP682-SC12-protein-residual	external_sample	all	STAT5A_STAT5B_Y694_Y699	21	BTK_PLCG2_axis	7.926870239316486e-06
SCP682-SC12-protein-residual	external_sample	all	STAT5A_STAT5B_Y694_Y699	21	ERK_axis	0.04832514375448227
SCP682-SC12-protein-residual	external_sample	all	STAT5A_STAT5B_Y694_Y699	21	NFkB_axis	0.04482081159949303
SCP682-SC12-protein-residual	external_sample	all	STAT5A_STAT5B_Y694_Y699	21	AKT_mTOR_S6_axis	0.12549972534179688
SCP682-SC12-protein-residual	external_sample	all	STAT5A_STAT5B_Y694_Y699	21	cell_cycle	0.004721822217106819
SCP682-SC12-protein-residual	external_sample	all	STAT5A_STAT5B_Y694_Y699	21	stress_ifn	0.15247651934623718
SCP682-SC12-protein-residual	external_sample	all	STAT5A_STAT5B_Y694_Y699	21	ribosomal	0.5930570960044861
SCP682-SC12-protein-residual	external_sample	all	STAT5A_STAT5B_Y694_Y699	21	random_control	0.031020063906908035
SCP682-SC12-protein-residual	external_sample	all	SYK_pSitePending	22	BCR_BTK_axis	9.724368527216573e-15
SCP682-SC12-protein-residual	external_sample	all	SYK_pSitePending	22	BTK_PLCG2_axis	8.183636265491653e-21
SCP682-SC12-protein-residual	external_sample	all	SYK_pSitePending	22	ERK_axis	0.04496322199702263
SCP682-SC12-protein-residual	external_sample	all	SYK_pSitePending	22	NFkB_axis	0.016850152984261513
SCP682-SC12-protein-residual	external_sample	all	SYK_pSitePending	22	AKT_mTOR_S6_axis	0.08629157394170761
SCP682-SC12-protein-residual	external_sample	all	SYK_pSitePending	22	cell_cycle	0.003878271207213402
SCP682-SC12-protein-residual	external_sample	all	SYK_pSitePending	22	stress_ifn	0.2633844017982483
SCP682-SC12-protein-residual	external_sample	all	SYK_pSitePending	22	ribosomal	0.5322939157485962
SCP682-SC12-protein-residual	external_sample	all	SYK_pSitePending	22	random_control	0.052338603883981705
SCP682-SC12-protein-residual	external_sample	all	p-AMPK-a1/2	23	BCR_BTK_axis	0.08411770313978195
SCP682-SC12-protein-residual	external_sample	all	p-AMPK-a1/2	23	BTK_PLCG2_axis	0.0011331764981150627
SCP682-SC12-protein-residual	external_sample	all	p-AMPK-a1/2	23	ERK_axis	0.16663698852062225
SCP682-SC12-protein-residual	external_sample	all	p-AMPK-a1/2	23	NFkB_axis	0.05807597562670708
SCP682-SC12-protein-residual	external_sample	all	p-AMPK-a1/2	23	AKT_mTOR_S6_axis	0.08468619734048843
SCP682-SC12-protein-residual	external_sample	all	p-AMPK-a1/2	23	cell_cycle	0.000569828727748245
SCP682-SC12-protein-residual	external_sample	all	p-AMPK-a1/2	23	stress_ifn	0.06105659157037735
SCP682-SC12-protein-residual	external_sample	all	p-AMPK-a1/2	23	ribosomal	0.385606974363327
SCP682-SC12-protein-residual	external_sample	all	p-AMPK-a1/2	23	random_control	0.15811656415462494
SCP682-SC12-protein-residual	external_sample	all	p-AMPK-b1	24	BCR_BTK_axis	0.07139261811971664
SCP682-SC12-protein-residual	external_sample	all	p-AMPK-b1	24	BTK_PLCG2_axis	0.0012221663491800427
SCP682-SC12-protein-residual	external_sample	all	p-AMPK-b1	24	ERK_axis	0.17589734494686127
SCP682-SC12-protein-residual	external_sample	all	p-AMPK-b1	24	NFkB_axis	0.060460414737463
SCP682-SC12-protein-residual	external_sample	all	p-AMPK-b1	24	AKT_mTOR_S6_axis	0.08458208292722702
SCP682-SC12-protein-residual	external_sample	all	p-AMPK-b1	24	cell_cycle	0.00039589375955983996
SCP682-SC12-protein-residual	external_sample	all	p-AMPK-b1	24	stress_ifn	0.059384990483522415
SCP682-SC12-protein-residual	external_sample	all	p-AMPK-b1	24	ribosomal	0.3866817355155945
SCP682-SC12-protein-residual	external_sample	all	p-AMPK-b1	24	random_control	0.15998288989067078
SCP682-SC12-protein-residual	external_sample	all	p-BLNK	25	BCR_BTK_axis	1.8118223121896954e-13
SCP682-SC12-protein-residual	external_sample	all	p-BLNK	25	BTK_PLCG2_axis	2.4809518924462102e-17
SCP682-SC12-protein-residual	external_sample	all	p-BLNK	25	ERK_axis	0.036055684089660645
SCP682-SC12-protein-residual	external_sample	all	p-BLNK	25	NFkB_axis	0.09037330746650696
SCP682-SC12-protein-residual	external_sample	all	p-BLNK	25	AKT_mTOR_S6_axis	0.059387922286987305
SCP682-SC12-protein-residual	external_sample	all	p-BLNK	25	cell_cycle	0.003890356281772256
SCP682-SC12-protein-residual	external_sample	all	p-BLNK	25	stress_ifn	0.33263900876045227
SCP682-SC12-protein-residual	external_sample	all	p-BLNK	25	ribosomal	0.45189598202705383
SCP682-SC12-protein-residual	external_sample	all	p-BLNK	25	random_control	0.025756962597370148
SCP682-SC12-protein-residual	external_sample	all	p-CD79a	26	BCR_BTK_axis	2.736616055293295e-12
SCP682-SC12-protein-residual	external_sample	all	p-CD79a	26	BTK_PLCG2_axis	6.437925266978737e-16
SCP682-SC12-protein-residual	external_sample	all	p-CD79a	26	ERK_axis	0.034405071288347244
SCP682-SC12-protein-residual	external_sample	all	p-CD79a	26	NFkB_axis	0.05200846120715141
SCP682-SC12-protein-residual	external_sample	all	p-CD79a	26	AKT_mTOR_S6_axis	0.1125509962439537
SCP682-SC12-protein-residual	external_sample	all	p-CD79a	26	cell_cycle	0.0039507062174379826
SCP682-SC12-protein-residual	external_sample	all	p-CD79a	26	stress_ifn	0.2921449840068817
SCP682-SC12-protein-residual	external_sample	all	p-CD79a	26	ribosomal	0.48803895711898804
SCP682-SC12-protein-residual	external_sample	all	p-CD79a	26	random_control	0.01690112240612507
SCP682-SC12-protein-residual	external_sample	all	p-CDK1	27	BCR_BTK_axis	0.483797162771225
SCP682-SC12-protein-residual	external_sample	all	p-CDK1	27	BTK_PLCG2_axis	0.09813925623893738
SCP682-SC12-protein-residual	external_sample	all	p-CDK1	27	ERK_axis	0.024671191349625587
SCP682-SC12-protein-residual	external_sample	all	p-CDK1	27	NFkB_axis	0.055694665759801865
SCP682-SC12-protein-residual	external_sample	all	p-CDK1	27	AKT_mTOR_S6_axis	0.06229575350880623
SCP682-SC12-protein-residual	external_sample	all	p-CDK1	27	cell_cycle	0.0006027276394888759
SCP682-SC12-protein-residual	external_sample	all	p-CDK1	27	stress_ifn	0.04152482748031616
SCP682-SC12-protein-residual	external_sample	all	p-CDK1	27	ribosomal	0.08546015620231628
SCP682-SC12-protein-residual	external_sample	all	p-CDK1	27	random_control	0.1478140503168106
SCP682-SC12-protein-residual	external_sample	all	p-CDK4	28	BCR_BTK_axis	0.1129155084490776
SCP682-SC12-protein-residual	external_sample	all	p-CDK4	28	BTK_PLCG2_axis	0.0011362816439941525
SCP682-SC12-protein-residual	external_sample	all	p-CDK4	28	ERK_axis	0.12737075984477997
SCP682-SC12-protein-residual	external_sample	all	p-CDK4	28	NFkB_axis	0.08169292658567429
SCP682-SC12-protein-residual	external_sample	all	p-CDK4	28	AKT_mTOR_S6_axis	0.045359328389167786
SCP682-SC12-protein-residual	external_sample	all	p-CDK4	28	cell_cycle	0.002282728673890233
SCP682-SC12-protein-residual	external_sample	all	p-CDK4	28	stress_ifn	0.05144432559609413
SCP682-SC12-protein-residual	external_sample	all	p-CDK4	28	ribosomal	0.39480656385421753
SCP682-SC12-protein-residual	external_sample	all	p-CDK4	28	random_control	0.18299148976802826
SCP682-SC12-protein-residual	external_sample	all	p-HistonH2A.X	30	BCR_BTK_axis	0.20022206008434296
SCP682-SC12-protein-residual	external_sample	all	p-HistonH2A.X	30	BTK_PLCG2_axis	0.0009411085629835725
SCP682-SC12-protein-residual	external_sample	all	p-HistonH2A.X	30	ERK_axis	0.03565105050802231
SCP682-SC12-protein-residual	external_sample	all	p-HistonH2A.X	30	NFkB_axis	0.06049978733062744
SCP682-SC12-protein-residual	external_sample	all	p-HistonH2A.X	30	AKT_mTOR_S6_axis	0.038061417639255524
SCP682-SC12-protein-residual	external_sample	all	p-HistonH2A.X	30	cell_cycle	0.0031339081469923258
SCP682-SC12-protein-residual	external_sample	all	p-HistonH2A.X	30	stress_ifn	0.07358293235301971
SCP682-SC12-protein-residual	external_sample	all	p-HistonH2A.X	30	ribosomal	0.39250823855400085
SCP682-SC12-protein-residual	external_sample	all	p-HistonH2A.X	30	random_control	0.1953994333744049
SCP682-SC12-protein-residual	external_sample	all	p-HistonH3	31	BCR_BTK_axis	0.10168629884719849
SCP682-SC12-protein-residual	external_sample	all	p-HistonH3	31	BTK_PLCG2_axis	0.001165878726169467
SCP682-SC12-protein-residual	external_sample	all	p-HistonH3	31	ERK_axis	0.14457499980926514
SCP682-SC12-protein-residual	external_sample	all	p-HistonH3	31	NFkB_axis	0.05608983710408211
SCP682-SC12-protein-residual	external_sample	all	p-HistonH3	31	AKT_mTOR_S6_axis	0.07231421023607254
SCP682-SC12-protein-residual	external_sample	all	p-HistonH3	31	cell_cycle	0.0015482116723433137
SCP682-SC12-protein-residual	external_sample	all	p-HistonH3	31	stress_ifn	0.06178400665521622
SCP682-SC12-protein-residual	external_sample	all	p-HistonH3	31	ribosomal	0.39178967475891113
SCP682-SC12-protein-residual	external_sample	all	p-HistonH3	31	random_control	0.1690467894077301
SCP682-SC12-protein-residual	external_sample	all	p-IKKa/b	32	BCR_BTK_axis	0.07378025352954865
SCP682-SC12-protein-residual	external_sample	all	p-IKKa/b	32	BTK_PLCG2_axis	0.0010957991471514106
SCP682-SC12-protein-residual	external_sample	all	p-IKKa/b	32	ERK_axis	0.17304940521717072
SCP682-SC12-protein-residual	external_sample	all	p-IKKa/b	32	NFkB_axis	0.059832554310560226
SCP682-SC12-protein-residual	external_sample	all	p-IKKa/b	32	AKT_mTOR_S6_axis	0.08346539735794067
SCP682-SC12-protein-residual	external_sample	all	p-IKKa/b	32	cell_cycle	0.0004324773035477847
SCP682-SC12-protein-residual	external_sample	all	p-IKKa/b	32	stress_ifn	0.05944047123193741
SCP682-SC12-protein-residual	external_sample	all	p-IKKa/b	32	ribosomal	0.38795116543769836
SCP682-SC12-protein-residual	external_sample	all	p-IKKa/b	32	random_control	0.16095249354839325
SCP682-SC12-protein-residual	external_sample	all	p-IRAK4	33	BCR_BTK_axis	0.10971695184707642
SCP682-SC12-protein-residual	external_sample	all	p-IRAK4	33	BTK_PLCG2_axis	0.0012123545166105032
SCP682-SC12-protein-residual	external_sample	all	p-IRAK4	33	ERK_axis	0.13313990831375122
SCP682-SC12-protein-residual	external_sample	all	p-IRAK4	33	NFkB_axis	0.06120466813445091
SCP682-SC12-protein-residual	external_sample	all	p-IRAK4	33	AKT_mTOR_S6_axis	0.0617561899125576
SCP682-SC12-protein-residual	external_sample	all	p-IRAK4	33	cell_cycle	0.0021126833744347095
SCP682-SC12-protein-residual	external_sample	all	p-IRAK4	33	stress_ifn	0.060319527983665466
SCP682-SC12-protein-residual	external_sample	all	p-IRAK4	33	ribosomal	0.39371174573898315
SCP682-SC12-protein-residual	external_sample	all	p-IRAK4	33	random_control	0.17682595551013947
SCP682-SC12-protein-residual	external_sample	all	p-JAK1	34	BCR_BTK_axis	3.562151658711987e-14
SCP682-SC12-protein-residual	external_sample	all	p-JAK1	34	BTK_PLCG2_axis	2.140852121989604e-19
SCP682-SC12-protein-residual	external_sample	all	p-JAK1	34	ERK_axis	0.04407553747296333
SCP682-SC12-protein-residual	external_sample	all	p-JAK1	34	NFkB_axis	0.016295721754431725
SCP682-SC12-protein-residual	external_sample	all	p-JAK1	34	AKT_mTOR_S6_axis	0.08850634098052979
SCP682-SC12-protein-residual	external_sample	all	p-JAK1	34	cell_cycle	0.0038500255905091763
SCP682-SC12-protein-residual	external_sample	all	p-JAK1	34	stress_ifn	0.26990124583244324
SCP682-SC12-protein-residual	external_sample	all	p-JAK1	34	ribosomal	0.5328845977783203
SCP682-SC12-protein-residual	external_sample	all	p-JAK1	34	random_control	0.0444871261715889
SCP682-SC12-protein-residual	external_sample	all	p-JNK	35	BCR_BTK_axis	0.06933537125587463
SCP682-SC12-protein-residual	external_sample	all	p-JNK	35	BTK_PLCG2_axis	0.0012471619993448257
SCP682-SC12-protein-residual	external_sample	all	p-JNK	35	ERK_axis	0.17691190540790558
SCP682-SC12-protein-residual	external_sample	all	p-JNK	35	NFkB_axis	0.061328381299972534
SCP682-SC12-protein-residual	external_sample	all	p-JNK	35	AKT_mTOR_S6_axis	0.08472048491239548
SCP682-SC12-protein-residual	external_sample	all	p-JNK	35	cell_cycle	0.0003718062362167984
SCP682-SC12-protein-residual	external_sample	all	p-JNK	35	stress_ifn	0.059427179396152496
SCP682-SC12-protein-residual	external_sample	all	p-JNK	35	ribosomal	0.3868699371814728
SCP682-SC12-protein-residual	external_sample	all	p-JNK	35	random_control	0.15978774428367615
SCP682-SC12-protein-residual	external_sample	all	p-PKC-b1	36	BCR_BTK_axis	0.1919165998697281
SCP682-SC12-protein-residual	external_sample	all	p-PKC-b1	36	BTK_PLCG2_axis	0.004110393114387989
SCP682-SC12-protein-residual	external_sample	all	p-PKC-b1	36	ERK_axis	0.04564866051077843
SCP682-SC12-protein-residual	external_sample	all	p-PKC-b1	36	NFkB_axis	0.08074608445167542
SCP682-SC12-protein-residual	external_sample	all	p-PKC-b1	36	AKT_mTOR_S6_axis	0.039512716233730316
SCP682-SC12-protein-residual	external_sample	all	p-PKC-b1	36	cell_cycle	0.003922863397747278
SCP682-SC12-protein-residual	external_sample	all	p-PKC-b1	36	stress_ifn	0.04831792414188385
SCP682-SC12-protein-residual	external_sample	all	p-PKC-b1	36	ribosomal	0.3969036340713501
SCP682-SC12-protein-residual	external_sample	all	p-PKC-b1	36	random_control	0.18892112374305725
SCP682-SC12-protein-residual	external_sample	all	p-Rb	37	BCR_BTK_axis	0.48316654562950134
SCP682-SC12-protein-residual	external_sample	all	p-Rb	37	BTK_PLCG2_axis	0.09780161827802658
SCP682-SC12-protein-residual	external_sample	all	p-Rb	37	ERK_axis	0.025476356968283653
SCP682-SC12-protein-residual	external_sample	all	p-Rb	37	NFkB_axis	0.055553000420331955
SCP682-SC12-protein-residual	external_sample	all	p-Rb	37	AKT_mTOR_S6_axis	0.060878098011016846
SCP682-SC12-protein-residual	external_sample	all	p-Rb	37	cell_cycle	0.0006104454514570534
SCP682-SC12-protein-residual	external_sample	all	p-Rb	37	stress_ifn	0.04191150888800621
SCP682-SC12-protein-residual	external_sample	all	p-Rb	37	ribosomal	0.08555849641561508
SCP682-SC12-protein-residual	external_sample	all	p-Rb	37	random_control	0.1490437537431717
SCP682-SC12-protein-residual	external_sample	all	p-STAT5	40	BCR_BTK_axis	0.06908430904150009
SCP682-SC12-protein-residual	external_sample	all	p-STAT5	40	BTK_PLCG2_axis	0.0012131950352340937
SCP682-SC12-protein-residual	external_sample	all	p-STAT5	40	ERK_axis	0.17617927491664886
SCP682-SC12-protein-residual	external_sample	all	p-STAT5	40	NFkB_axis	0.061372436583042145
SCP682-SC12-protein-residual	external_sample	all	p-STAT5	40	AKT_mTOR_S6_axis	0.08389368653297424
SCP682-SC12-protein-residual	external_sample	all	p-STAT5	40	cell_cycle	0.0003702550893649459
SCP682-SC12-protein-residual	external_sample	all	p-STAT5	40	stress_ifn	0.05945819616317749
SCP682-SC12-protein-residual	external_sample	all	p-STAT5	40	ribosomal	0.3879053294658661
SCP682-SC12-protein-residual	external_sample	all	p-STAT5	40	random_control	0.16052336990833282
SCP682-SC12-protein-residual	external_sample	all	p-STAT6	41	BCR_BTK_axis	0.07165749371051788
SCP682-SC12-protein-residual	external_sample	all	p-STAT6	41	BTK_PLCG2_axis	0.0011733105638995767
SCP682-SC12-protein-residual	external_sample	all	p-STAT6	41	ERK_axis	0.17463652789592743
SCP682-SC12-protein-residual	external_sample	all	p-STAT6	41	NFkB_axis	0.0603647381067276
SCP682-SC12-protein-residual	external_sample	all	p-STAT6	41	AKT_mTOR_S6_axis	0.08383173495531082
SCP682-SC12-protein-residual	external_sample	all	p-STAT6	41	cell_cycle	0.0004031760327052325
SCP682-SC12-protein-residual	external_sample	all	p-STAT6	41	stress_ifn	0.05940604954957962
SCP682-SC12-protein-residual	external_sample	all	p-STAT6	41	ribosomal	0.387898325920105
SCP682-SC12-protein-residual	external_sample	all	p-STAT6	41	random_control	0.16062848269939423
SCP682-SC12-protein-residual	external_sample	all	p-Src	42	BCR_BTK_axis	6.159041680798508e-15
SCP682-SC12-protein-residual	external_sample	all	p-Src	42	BTK_PLCG2_axis	2.266274747539085e-21
SCP682-SC12-protein-residual	external_sample	all	p-Src	42	ERK_axis	0.04619511589407921
SCP682-SC12-protein-residual	external_sample	all	p-Src	42	NFkB_axis	0.01834372617304325
SCP682-SC12-protein-residual	external_sample	all	p-Src	42	AKT_mTOR_S6_axis	0.08412248641252518
SCP682-SC12-protein-residual	external_sample	all	p-Src	42	cell_cycle	0.004131807945668697
SCP682-SC12-protein-residual	external_sample	all	p-Src	42	stress_ifn	0.25387105345726013
SCP682-SC12-protein-residual	external_sample	all	p-Src	42	ribosomal	0.5294330716133118
SCP682-SC12-protein-residual	external_sample	all	p-Src	42	random_control	0.06390252709388733
SCP682-SC12-protein-residual	external_sample	all	p-TOR	43	BCR_BTK_axis	0.07193512469530106
SCP682-SC12-protein-residual	external_sample	all	p-TOR	43	BTK_PLCG2_axis	0.0011653200490400195
SCP682-SC12-protein-residual	external_sample	all	p-TOR	43	ERK_axis	0.17411799728870392
SCP682-SC12-protein-residual	external_sample	all	p-TOR	43	NFkB_axis	0.06040056422352791
SCP682-SC12-protein-residual	external_sample	all	p-TOR	43	AKT_mTOR_S6_axis	0.08317176252603531
SCP682-SC12-protein-residual	external_sample	all	p-TOR	43	cell_cycle	0.00041374581633135676
SCP682-SC12-protein-residual	external_sample	all	p-TOR	43	stress_ifn	0.05956849828362465
SCP682-SC12-protein-residual	external_sample	all	p-TOR	43	ribosomal	0.38811397552490234
SCP682-SC12-protein-residual	external_sample	all	p-TOR	43	random_control	0.16111303865909576
SCP682-SC12-protein-residual	external_sample	all	p-c-Jun	44	BCR_BTK_axis	0.11162643134593964
SCP682-SC12-protein-residual	external_sample	all	p-c-Jun	44	BTK_PLCG2_axis	0.0011267620138823986
SCP682-SC12-protein-residual	external_sample	all	p-c-Jun	44	ERK_axis	0.12848208844661713
SCP682-SC12-protein-residual	external_sample	all	p-c-Jun	44	NFkB_axis	0.08211998641490936
SCP682-SC12-protein-residual	external_sample	all	p-c-Jun	44	AKT_mTOR_S6_axis	0.04522526636719704
SCP682-SC12-protein-residual	external_sample	all	p-c-Jun	44	cell_cycle	0.0022341094445437193
SCP682-SC12-protein-residual	external_sample	all	p-c-Jun	44	stress_ifn	0.051337357610464096
SCP682-SC12-protein-residual	external_sample	all	p-c-Jun	44	ribosomal	0.3948630094528198
SCP682-SC12-protein-residual	external_sample	all	p-c-Jun	44	random_control	0.18298491835594177
SCP682-SC12-protein-residual	external_sample	all	p-p65	45	BCR_BTK_axis	0.08519069105386734
SCP682-SC12-protein-residual	external_sample	all	p-p65	45	BTK_PLCG2_axis	0.0010580874513834715
SCP682-SC12-protein-residual	external_sample	all	p-p65	45	ERK_axis	0.16653454303741455
SCP682-SC12-protein-residual	external_sample	all	p-p65	45	NFkB_axis	0.05776602029800415
SCP682-SC12-protein-residual	external_sample	all	p-p65	45	AKT_mTOR_S6_axis	0.08497783541679382
SCP682-SC12-protein-residual	external_sample	all	p-p65	45	cell_cycle	0.0005678446032106876
SCP682-SC12-protein-residual	external_sample	all	p-p65	45	stress_ifn	0.060559045523405075
SCP682-SC12-protein-residual	external_sample	all	p-p65	45	ribosomal	0.3850855827331543
SCP682-SC12-protein-residual	external_sample	all	p-p65	45	random_control	0.15826041996479034
SCP682-SC12-protein-residual	external_sample	all	HISTONE_H3_S28	46	BCR_BTK_axis	0.48324254155158997
SCP682-SC12-protein-residual	external_sample	all	HISTONE_H3_S28	46	BTK_PLCG2_axis	0.09610294550657272
SCP682-SC12-protein-residual	external_sample	all	HISTONE_H3_S28	46	ERK_axis	0.026929406449198723
SCP682-SC12-protein-residual	external_sample	all	HISTONE_H3_S28	46	NFkB_axis	0.05549164488911629
SCP682-SC12-protein-residual	external_sample	all	HISTONE_H3_S28	46	AKT_mTOR_S6_axis	0.0552249513566494
SCP682-SC12-protein-residual	external_sample	all	HISTONE_H3_S28	46	cell_cycle	0.0005435529164969921
SCP682-SC12-protein-residual	external_sample	all	HISTONE_H3_S28	46	stress_ifn	0.04361520707607269
SCP682-SC12-protein-residual	external_sample	all	HISTONE_H3_S28	46	ribosomal	0.08577874302864075
SCP682-SC12-protein-residual	external_sample	all	HISTONE_H3_S28	46	random_control	0.15307089686393738
SCP682-SC12-protein-residual	external_sample	all	NFE2L2_S40	47	BCR_BTK_axis	1.725193203355388e-13
SCP682-SC12-protein-residual	external_sample	all	NFE2L2_S40	47	BTK_PLCG2_axis	2.3567972110217986e-18
SCP682-SC12-protein-residual	external_sample	all	NFE2L2_S40	47	ERK_axis	0.03848819434642792
SCP682-SC12-protein-residual	external_sample	all	NFE2L2_S40	47	NFkB_axis	0.016038769856095314
SCP682-SC12-protein-residual	external_sample	all	NFE2L2_S40	47	AKT_mTOR_S6_axis	0.09170307219028473
SCP682-SC12-protein-residual	external_sample	all	NFE2L2_S40	47	cell_cycle	0.003998723812401295
SCP682-SC12-protein-residual	external_sample	all	NFE2L2_S40	47	stress_ifn	0.2853546142578125
SCP682-SC12-protein-residual	external_sample	all	NFE2L2_S40	47	ribosomal	0.5274631381034851
SCP682-SC12-protein-residual	external_sample	all	NFE2L2_S40	47	random_control	0.0369533933699131
SCP682-SC12-protein-residual	external_sample	all	AKT_S473	48	BCR_BTK_axis	0.07978984713554382
SCP682-SC12-protein-residual	external_sample	all	AKT_S473	48	BTK_PLCG2_axis	0.0011683698976412416
SCP682-SC12-protein-residual	external_sample	all	AKT_S473	48	ERK_axis	0.16978654265403748
SCP682-SC12-protein-residual	external_sample	all	AKT_S473	48	NFkB_axis	0.058768853545188904
SCP682-SC12-protein-residual	external_sample	all	AKT_S473	48	AKT_mTOR_S6_axis	0.08514583110809326
SCP682-SC12-protein-residual	external_sample	all	AKT_S473	48	cell_cycle	0.0005155440303497016
SCP682-SC12-protein-residual	external_sample	all	AKT_S473	48	stress_ifn	0.060677703469991684
SCP682-SC12-protein-residual	external_sample	all	AKT_S473	48	ribosomal	0.38614943623542786
SCP682-SC12-protein-residual	external_sample	all	AKT_S473	48	random_control	0.15799766778945923
SCP682-SC12-protein-residual	external_sample	all	EIF4EBP1_T37_T46	49	BCR_BTK_axis	0.07860300689935684
SCP682-SC12-protein-residual	external_sample	all	EIF4EBP1_T37_T46	49	BTK_PLCG2_axis	0.0011579492129385471
SCP682-SC12-protein-residual	external_sample	all	EIF4EBP1_T37_T46	49	ERK_axis	0.1707947999238968
SCP682-SC12-protein-residual	external_sample	all	EIF4EBP1_T37_T46	49	NFkB_axis	0.0589580163359642
SCP682-SC12-protein-residual	external_sample	all	EIF4EBP1_T37_T46	49	AKT_mTOR_S6_axis	0.08516236394643784
SCP682-SC12-protein-residual	external_sample	all	EIF4EBP1_T37_T46	49	cell_cycle	0.0004955344484187663
SCP682-SC12-protein-residual	external_sample	all	EIF4EBP1_T37_T46	49	stress_ifn	0.06043683737516403
SCP682-SC12-protein-residual	external_sample	all	EIF4EBP1_T37_T46	49	ribosomal	0.38616952300071716
SCP682-SC12-protein-residual	external_sample	all	EIF4EBP1_T37_T46	49	random_control	0.1582220196723938
SCP682-SC12-protein-residual	external_sample	all	STAT6_Y641	50	BCR_BTK_axis	0.09268691390752792
SCP682-SC12-protein-residual	external_sample	all	STAT6_Y641	50	BTK_PLCG2_axis	0.0012554635759443045
SCP682-SC12-protein-residual	external_sample	all	STAT6_Y641	50	ERK_axis	0.16153015196323395
SCP682-SC12-protein-residual	external_sample	all	STAT6_Y641	50	NFkB_axis	0.05636843293905258
SCP682-SC12-protein-residual	external_sample	all	STAT6_Y641	50	AKT_mTOR_S6_axis	0.08495712280273438
SCP682-SC12-protein-residual	external_sample	all	STAT6_Y641	50	cell_cycle	0.0008548602927476168
SCP682-SC12-protein-residual	external_sample	all	STAT6_Y641	50	stress_ifn	0.06059998273849487
SCP682-SC12-protein-residual	external_sample	all	STAT6_Y641	50	ribosomal	0.383592426776886
SCP682-SC12-protein-residual	external_sample	all	STAT6_Y641	50	random_control	0.15815477073192596
SCP682-SC12-protein-residual	external_sample	all	ZAP70_Y493	51	BCR_BTK_axis	0.10600036382675171
SCP682-SC12-protein-residual	external_sample	all	ZAP70_Y493	51	BTK_PLCG2_axis	0.0012463544262573123
SCP682-SC12-protein-residual	external_sample	all	ZAP70_Y493	51	ERK_axis	0.12270738184452057
SCP682-SC12-protein-residual	external_sample	all	ZAP70_Y493	51	NFkB_axis	0.10114224255084991
SCP682-SC12-protein-residual	external_sample	all	ZAP70_Y493	51	AKT_mTOR_S6_axis	0.03911583125591278
SCP682-SC12-protein-residual	external_sample	all	ZAP70_Y493	51	cell_cycle	0.0018916616681963205
SCP682-SC12-protein-residual	external_sample	all	ZAP70_Y493	51	stress_ifn	0.051152054220438004
SCP682-SC12-protein-residual	external_sample	all	ZAP70_Y493	51	ribosomal	0.39807578921318054
SCP682-SC12-protein-residual	external_sample	all	ZAP70_Y493	51	random_control	0.17866826057434082
SCP682-SC12-protein-residual	external_sample	all	LCK_Y505	52	BCR_BTK_axis	2.0046430607070093e-14
SCP682-SC12-protein-residual	external_sample	all	LCK_Y505	52	BTK_PLCG2_axis	7.639511365558016e-21
SCP682-SC12-protein-residual	external_sample	all	LCK_Y505	52	ERK_axis	0.043116383254528046
SCP682-SC12-protein-residual	external_sample	all	LCK_Y505	52	NFkB_axis	0.016188200563192368
SCP682-SC12-protein-residual	external_sample	all	LCK_Y505	52	AKT_mTOR_S6_axis	0.0854208841919899
SCP682-SC12-protein-residual	external_sample	all	LCK_Y505	52	cell_cycle	0.0038740639574825764
SCP682-SC12-protein-residual	external_sample	all	LCK_Y505	52	stress_ifn	0.2681179344654083
SCP682-SC12-protein-residual	external_sample	all	LCK_Y505	52	ribosomal	0.5325020551681519
SCP682-SC12-protein-residual	external_sample	all	LCK_Y505	52	random_control	0.050780635327100754
SCP682-SC12-protein-residual	external_sample	all	STAT5A_Y694	53	BCR_BTK_axis	0.0786285325884819
SCP682-SC12-protein-residual	external_sample	all	STAT5A_Y694	53	BTK_PLCG2_axis	0.0011225930647924542
SCP682-SC12-protein-residual	external_sample	all	STAT5A_Y694	53	ERK_axis	0.1708887666463852
SCP682-SC12-protein-residual	external_sample	all	STAT5A_Y694	53	NFkB_axis	0.058951620012521744
SCP682-SC12-protein-residual	external_sample	all	STAT5A_Y694	53	AKT_mTOR_S6_axis	0.08454732596874237
SCP682-SC12-protein-residual	external_sample	all	STAT5A_Y694	53	cell_cycle	0.0004996212664991617
SCP682-SC12-protein-residual	external_sample	all	STAT5A_Y694	53	stress_ifn	0.06054399162530899
SCP682-SC12-protein-residual	external_sample	all	STAT5A_Y694	53	ribosomal	0.38603392243385315
SCP682-SC12-protein-residual	external_sample	all	STAT5A_Y694	53	random_control	0.1587836742401123
SCP682-SC12-protein-residual	external_sample	all	PLCG1_Y783	54	BCR_BTK_axis	4.198857407600176e-12
SCP682-SC12-protein-residual	external_sample	all	PLCG1_Y783	54	BTK_PLCG2_axis	2.5332394168464667e-11
SCP682-SC12-protein-residual	external_sample	all	PLCG1_Y783	54	ERK_axis	0.050132814794778824
SCP682-SC12-protein-residual	external_sample	all	PLCG1_Y783	54	NFkB_axis	0.08202100545167923
SCP682-SC12-protein-residual	external_sample	all	PLCG1_Y783	54	AKT_mTOR_S6_axis	0.07074632495641708
SCP682-SC12-protein-residual	external_sample	all	PLCG1_Y783	54	cell_cycle	0.0013431401457637548
SCP682-SC12-protein-residual	external_sample	all	PLCG1_Y783	54	stress_ifn	0.0640745460987091
SCP682-SC12-protein-residual	external_sample	all	PLCG1_Y783	54	ribosomal	0.5098984837532043
SCP682-SC12-protein-residual	external_sample	all	PLCG1_Y783	54	random_control	0.22178371250629425
SCP682-SC12-protein-residual	external_sample	all	CTNND1_T310	55	BCR_BTK_axis	0.19172403216362
SCP682-SC12-protein-residual	external_sample	all	CTNND1_T310	55	BTK_PLCG2_axis	0.005863203667104244
SCP682-SC12-protein-residual	external_sample	all	CTNND1_T310	55	ERK_axis	0.04799428582191467
SCP682-SC12-protein-residual	external_sample	all	CTNND1_T310	55	NFkB_axis	0.069621741771698
SCP682-SC12-protein-residual	external_sample	all	CTNND1_T310	55	AKT_mTOR_S6_axis	0.04384808987379074
SCP682-SC12-protein-residual	external_sample	all	CTNND1_T310	55	cell_cycle	0.0032603940926492214
SCP682-SC12-protein-residual	external_sample	all	CTNND1_T310	55	stress_ifn	0.0569881796836853
SCP682-SC12-protein-residual	external_sample	all	CTNND1_T310	55	ribosomal	0.3971388638019562
SCP682-SC12-protein-residual	external_sample	all	CTNND1_T310	55	random_control	0.18356095254421234
SCP682-SC12-protein-residual	external_sample	all	PDPK1_S241	56	BCR_BTK_axis	0.06321869045495987
SCP682-SC12-protein-residual	external_sample	all	PDPK1_S241	56	BTK_PLCG2_axis	0.0015475703403353691
SCP682-SC12-protein-residual	external_sample	all	PDPK1_S241	56	ERK_axis	0.17524869740009308
SCP682-SC12-protein-residual	external_sample	all	PDPK1_S241	56	NFkB_axis	0.06431157141923904
SCP682-SC12-protein-residual	external_sample	all	PDPK1_S241	56	AKT_mTOR_S6_axis	0.0766587182879448
SCP682-SC12-protein-residual	external_sample	all	PDPK1_S241	56	cell_cycle	0.000391642126487568
SCP682-SC12-protein-residual	external_sample	all	PDPK1_S241	56	stress_ifn	0.06424654275178909
SCP682-SC12-protein-residual	external_sample	all	PDPK1_S241	56	ribosomal	0.39156806468963623
SCP682-SC12-protein-residual	external_sample	all	PDPK1_S241	56	random_control	0.1628083437681198
SCP682-SC12-protein-residual	external_sample	all	MAP2K4_S257	57	BCR_BTK_axis	7.088944431465904e-10
SCP682-SC12-protein-residual	external_sample	all	MAP2K4_S257	57	BTK_PLCG2_axis	5.4185711473309084e-11
SCP682-SC12-protein-residual	external_sample	all	MAP2K4_S257	57	ERK_axis	0.031067684292793274
SCP682-SC12-protein-residual	external_sample	all	MAP2K4_S257	57	NFkB_axis	0.08021823316812515
SCP682-SC12-protein-residual	external_sample	all	MAP2K4_S257	57	AKT_mTOR_S6_axis	0.048526763916015625
SCP682-SC12-protein-residual	external_sample	all	MAP2K4_S257	57	cell_cycle	0.010117433965206146
SCP682-SC12-protein-residual	external_sample	all	MAP2K4_S257	57	stress_ifn	0.35715585947036743
SCP682-SC12-protein-residual	external_sample	all	MAP2K4_S257	57	ribosomal	0.3747541308403015
SCP682-SC12-protein-residual	external_sample	all	MAP2K4_S257	57	random_control	0.09815941005945206
SCP682-SC12-protein-residual	external_sample	all	BTK_Y551	58	BCR_BTK_axis	7.894160191766091e-16
SCP682-SC12-protein-residual	external_sample	all	BTK_Y551	58	BTK_PLCG2_axis	4.79826841160817e-27
SCP682-SC12-protein-residual	external_sample	all	BTK_Y551	58	ERK_axis	0.03699730336666107
SCP682-SC12-protein-residual	external_sample	all	BTK_Y551	58	NFkB_axis	0.01931155100464821
SCP682-SC12-protein-residual	external_sample	all	BTK_Y551	58	AKT_mTOR_S6_axis	0.08655835688114166
SCP682-SC12-protein-residual	external_sample	all	BTK_Y551	58	cell_cycle	0.004480062052607536
SCP682-SC12-protein-residual	external_sample	all	BTK_Y551	58	stress_ifn	0.2579154968261719
SCP682-SC12-protein-residual	external_sample	all	BTK_Y551	58	ribosomal	0.5120235681533813
SCP682-SC12-protein-residual	external_sample	all	BTK_Y551	58	random_control	0.08271360397338867
SCP682-SC12-protein-residual	external_sample	all	H2AFX_S139	59	BCR_BTK_axis	0.48944947123527527
SCP682-SC12-protein-residual	external_sample	all	H2AFX_S139	59	BTK_PLCG2_axis	0.09457947313785553
SCP682-SC12-protein-residual	external_sample	all	H2AFX_S139	59	ERK_axis	0.022303732112050056
SCP682-SC12-protein-residual	external_sample	all	H2AFX_S139	59	NFkB_axis	0.056225553154945374
SCP682-SC12-protein-residual	external_sample	all	H2AFX_S139	59	AKT_mTOR_S6_axis	0.05872597172856331
SCP682-SC12-protein-residual	external_sample	all	H2AFX_S139	59	cell_cycle	0.0005399807705543935
SCP682-SC12-protein-residual	external_sample	all	H2AFX_S139	59	stress_ifn	0.04252222925424576
SCP682-SC12-protein-residual	external_sample	all	H2AFX_S139	59	ribosomal	0.08558553457260132
SCP682-SC12-protein-residual	external_sample	all	H2AFX_S139	59	random_control	0.15006832778453827
SCP682-SC12-protein-residual	external_sample	all	NDRG1_T346	60	BCR_BTK_axis	0.07834207266569138
SCP682-SC12-protein-residual	external_sample	all	NDRG1_T346	60	BTK_PLCG2_axis	0.0012251397129148245
SCP682-SC12-protein-residual	external_sample	all	NDRG1_T346	60	ERK_axis	0.17038734257221222
SCP682-SC12-protein-residual	external_sample	all	NDRG1_T346	60	NFkB_axis	0.05908669903874397
SCP682-SC12-protein-residual	external_sample	all	NDRG1_T346	60	AKT_mTOR_S6_axis	0.08494041860103607
SCP682-SC12-protein-residual	external_sample	all	NDRG1_T346	60	cell_cycle	0.0005060632829554379
SCP682-SC12-protein-residual	external_sample	all	NDRG1_T346	60	stress_ifn	0.06081395223736763
SCP682-SC12-protein-residual	external_sample	all	NDRG1_T346	60	ribosomal	0.3867218494415283
SCP682-SC12-protein-residual	external_sample	all	NDRG1_T346	60	random_control	0.1579764038324356
SCP682-SC12-protein-residual	external_sample	gse300551_iccite_plex_kinase_2025	RPS6_pSitePending	0	BCR_BTK_axis	0.1122150868177414
SCP682-SC12-protein-residual	external_sample	gse300551_iccite_plex_kinase_2025	RPS6_pSitePending	0	BTK_PLCG2_axis	0.12462877482175827
SCP682-SC12-protein-residual	external_sample	gse300551_iccite_plex_kinase_2025	RPS6_pSitePending	0	ERK_axis	0.05507241562008858
SCP682-SC12-protein-residual	external_sample	gse300551_iccite_plex_kinase_2025	RPS6_pSitePending	0	NFkB_axis	0.33190521597862244
SCP682-SC12-protein-residual	external_sample	gse300551_iccite_plex_kinase_2025	RPS6_pSitePending	0	AKT_mTOR_S6_axis	0.1276620775461197
SCP682-SC12-protein-residual	external_sample	gse300551_iccite_plex_kinase_2025	RPS6_pSitePending	0	cell_cycle	0.005021854769438505
SCP682-SC12-protein-residual	external_sample	gse300551_iccite_plex_kinase_2025	RPS6_pSitePending	0	stress_ifn	0.021075665950775146
SCP682-SC12-protein-residual	external_sample	gse300551_iccite_plex_kinase_2025	RPS6_pSitePending	0	ribosomal	0.22022320330142975
SCP682-SC12-protein-residual	external_sample	gse300551_iccite_plex_kinase_2025	RPS6_pSitePending	0	random_control	0.002195928478613496
SCP682-SC12-protein-residual	external_sample	gse300551_iccite_plex_kinase_2025	STAT3_Y705	1	BCR_BTK_axis	0.0011558490805327892
SCP682-SC12-protein-residual	external_sample	gse300551_iccite_plex_kinase_2025	STAT3_Y705	1	BTK_PLCG2_axis	0.00017906918947119266
SCP682-SC12-protein-residual	external_sample	gse300551_iccite_plex_kinase_2025	STAT3_Y705	1	ERK_axis	0.12870119512081146
SCP682-SC12-protein-residual	external_sample	gse300551_iccite_plex_kinase_2025	STAT3_Y705	1	NFkB_axis	0.05737222358584404
SCP682-SC12-protein-residual	external_sample	gse300551_iccite_plex_kinase_2025	STAT3_Y705	1	AKT_mTOR_S6_axis	0.18534909188747406
SCP682-SC12-protein-residual	external_sample	gse300551_iccite_plex_kinase_2025	STAT3_Y705	1	cell_cycle	0.00726358825340867
SCP682-SC12-protein-residual	external_sample	gse300551_iccite_plex_kinase_2025	STAT3_Y705	1	stress_ifn	0.08213167637586594
SCP682-SC12-protein-residual	external_sample	gse300551_iccite_plex_kinase_2025	STAT3_Y705	1	ribosomal	0.5299811363220215
SCP682-SC12-protein-residual	external_sample	gse300551_iccite_plex_kinase_2025	STAT3_Y705	1	random_control	0.007865925319492817
SCP682-SC12-protein-residual	external_sample	gse300551_iccite_plex_kinase_2025	MAPK14_pSitePending	2	BCR_BTK_axis	0.0029775481671094894
SCP682-SC12-protein-residual	external_sample	gse300551_iccite_plex_kinase_2025	MAPK14_pSitePending	2	BTK_PLCG2_axis	0.01861335150897503
SCP682-SC12-protein-residual	external_sample	gse300551_iccite_plex_kinase_2025	MAPK14_pSitePending	2	ERK_axis	0.160980224609375
SCP682-SC12-protein-residual	external_sample	gse300551_iccite_plex_kinase_2025	MAPK14_pSitePending	2	NFkB_axis	0.19290921092033386
SCP682-SC12-protein-residual	external_sample	gse300551_iccite_plex_kinase_2025	MAPK14_pSitePending	2	AKT_mTOR_S6_axis	0.1740102767944336
SCP682-SC12-protein-residual	external_sample	gse300551_iccite_plex_kinase_2025	MAPK14_pSitePending	2	cell_cycle	0.09880700707435608
SCP682-SC12-protein-residual	external_sample	gse300551_iccite_plex_kinase_2025	MAPK14_pSitePending	2	stress_ifn	0.08033908158540726
SCP682-SC12-protein-residual	external_sample	gse300551_iccite_plex_kinase_2025	MAPK14_pSitePending	2	ribosomal	0.26496070623397827
SCP682-SC12-protein-residual	external_sample	gse300551_iccite_plex_kinase_2025	MAPK14_pSitePending	2	random_control	0.006402187515050173
SCP682-SC12-protein-residual	external_sample	gse300551_iccite_plex_kinase_2025	AKT_pSitePending	3	BCR_BTK_axis	0.033166106790304184
SCP682-SC12-protein-residual	external_sample	gse300551_iccite_plex_kinase_2025	AKT_pSitePending	3	BTK_PLCG2_axis	0.0008175009861588478
SCP682-SC12-protein-residual	external_sample	gse300551_iccite_plex_kinase_2025	AKT_pSitePending	3	ERK_axis	0.24413639307022095
SCP682-SC12-protein-residual	external_sample	gse300551_iccite_plex_kinase_2025	AKT_pSitePending	3	NFkB_axis	0.06559281796216965
SCP682-SC12-protein-residual	external_sample	gse300551_iccite_plex_kinase_2025	AKT_pSitePending	3	AKT_mTOR_S6_axis	0.12457972019910812
SCP682-SC12-protein-residual	external_sample	gse300551_iccite_plex_kinase_2025	AKT_pSitePending	3	cell_cycle	0.00041186282760463655
SCP682-SC12-protein-residual	external_sample	gse300551_iccite_plex_kinase_2025	AKT_pSitePending	3	stress_ifn	0.06615003198385239
SCP682-SC12-protein-residual	external_sample	gse300551_iccite_plex_kinase_2025	AKT_pSitePending	3	ribosomal	0.32936570048332214
SCP682-SC12-protein-residual	external_sample	gse300551_iccite_plex_kinase_2025	AKT_pSitePending	3	random_control	0.1357799917459488
SCP682-SC12-protein-residual	external_sample	gse300551_iccite_plex_kinase_2025	BTK_pSitePending	4	BCR_BTK_axis	0.024058863520622253
SCP682-SC12-protein-residual	external_sample	gse300551_iccite_plex_kinase_2025	BTK_pSitePending	4	BTK_PLCG2_axis	0.0005037554074078798
SCP682-SC12-protein-residual	external_sample	gse300551_iccite_plex_kinase_2025	BTK_pSitePending	4	ERK_axis	0.25106242299079895
SCP682-SC12-protein-residual	external_sample	gse300551_iccite_plex_kinase_2025	BTK_pSitePending	4	NFkB_axis	0.06562888622283936
SCP682-SC12-protein-residual	external_sample	gse300551_iccite_plex_kinase_2025	BTK_pSitePending	4	AKT_mTOR_S6_axis	0.12403415888547897
SCP682-SC12-protein-residual	external_sample	gse300551_iccite_plex_kinase_2025	BTK_pSitePending	4	cell_cycle	0.00015330508176703006
SCP682-SC12-protein-residual	external_sample	gse300551_iccite_plex_kinase_2025	BTK_pSitePending	4	stress_ifn	0.06414884328842163
SCP682-SC12-protein-residual	external_sample	gse300551_iccite_plex_kinase_2025	BTK_pSitePending	4	ribosomal	0.3324477970600128
SCP682-SC12-protein-residual	external_sample	gse300551_iccite_plex_kinase_2025	BTK_pSitePending	4	random_control	0.1379619687795639
SCP682-SC12-protein-residual	external_sample	gse300551_iccite_plex_kinase_2025	CREB1_S133_ATF1_S63	5	BCR_BTK_axis	1.3682284816241008e-06
SCP682-SC12-protein-residual	external_sample	gse300551_iccite_plex_kinase_2025	CREB1_S133_ATF1_S63	5	BTK_PLCG2_axis	1.0923621118763549e-07
SCP682-SC12-protein-residual	external_sample	gse300551_iccite_plex_kinase_2025	CREB1_S133_ATF1_S63	5	ERK_axis	0.06990107893943787
SCP682-SC12-protein-residual	external_sample	gse300551_iccite_plex_kinase_2025	CREB1_S133_ATF1_S63	5	NFkB_axis	0.0900239422917366
SCP682-SC12-protein-residual	external_sample	gse300551_iccite_plex_kinase_2025	CREB1_S133_ATF1_S63	5	AKT_mTOR_S6_axis	0.21581397950649261
SCP682-SC12-protein-residual	external_sample	gse300551_iccite_plex_kinase_2025	CREB1_S133_ATF1_S63	5	cell_cycle	0.0006434735259972513
SCP682-SC12-protein-residual	external_sample	gse300551_iccite_plex_kinase_2025	CREB1_S133_ATF1_S63	5	stress_ifn	0.22666482627391815
SCP682-SC12-protein-residual	external_sample	gse300551_iccite_plex_kinase_2025	CREB1_S133_ATF1_S63	5	ribosomal	0.3905322253704071
SCP682-SC12-protein-residual	external_sample	gse300551_iccite_plex_kinase_2025	CREB1_S133_ATF1_S63	5	random_control	0.00641850708052516
SCP682-SC12-protein-residual	external_sample	gse300551_iccite_plex_kinase_2025	FOS_S32	6	BCR_BTK_axis	0.018913889303803444
SCP682-SC12-protein-residual	external_sample	gse300551_iccite_plex_kinase_2025	FOS_S32	6	BTK_PLCG2_axis	0.0005062667187303305
SCP682-SC12-protein-residual	external_sample	gse300551_iccite_plex_kinase_2025	FOS_S32	6	ERK_axis	0.23915158212184906
SCP682-SC12-protein-residual	external_sample	gse300551_iccite_plex_kinase_2025	FOS_S32	6	NFkB_axis	0.11755874007940292
SCP682-SC12-protein-residual	external_sample	gse300551_iccite_plex_kinase_2025	FOS_S32	6	AKT_mTOR_S6_axis	0.0642809197306633
SCP682-SC12-protein-residual	external_sample	gse300551_iccite_plex_kinase_2025	FOS_S32	6	cell_cycle	7.289616769412532e-05
SCP682-SC12-protein-residual	external_sample	gse300551_iccite_plex_kinase_2025	FOS_S32	6	stress_ifn	0.04841598495841026
SCP682-SC12-protein-residual	external_sample	gse300551_iccite_plex_kinase_2025	FOS_S32	6	ribosomal	0.3460906744003296
SCP682-SC12-protein-residual	external_sample	gse300551_iccite_plex_kinase_2025	FOS_S32	6	random_control	0.1650090515613556
SCP682-SC12-protein-residual	external_sample	gse300551_iccite_plex_kinase_2025	HM0025_phospho_p44_42_197G2	7	BCR_BTK_axis	0.0013673839857801795
SCP682-SC12-protein-residual	external_sample	gse300551_iccite_plex_kinase_2025	HM0025_phospho_p44_42_197G2	7	BTK_PLCG2_axis	0.0032466130796819925
SCP682-SC12-protein-residual	external_sample	gse300551_iccite_plex_kinase_2025	HM0025_phospho_p44_42_197G2	7	ERK_axis	0.1685042828321457
SCP682-SC12-protein-residual	external_sample	gse300551_iccite_plex_kinase_2025	HM0025_phospho_p44_42_197G2	7	NFkB_axis	0.12619152665138245
SCP682-SC12-protein-residual	external_sample	gse300551_iccite_plex_kinase_2025	HM0025_phospho_p44_42_197G2	7	AKT_mTOR_S6_axis	0.1988082379102707
SCP682-SC12-protein-residual	external_sample	gse300551_iccite_plex_kinase_2025	HM0025_phospho_p44_42_197G2	7	cell_cycle	0.06492123752832413
SCP682-SC12-protein-residual	external_sample	gse300551_iccite_plex_kinase_2025	HM0025_phospho_p44_42_197G2	7	stress_ifn	0.09271184355020523
SCP682-SC12-protein-residual	external_sample	gse300551_iccite_plex_kinase_2025	HM0025_phospho_p44_42_197G2	7	ribosomal	0.3262748420238495
SCP682-SC12-protein-residual	external_sample	gse300551_iccite_plex_kinase_2025	HM0025_phospho_p44_42_197G2	7	random_control	0.017973730340600014
SCP682-SC12-protein-residual	external_sample	gse300551_iccite_plex_kinase_2025	JUN_pSitePending	8	BCR_BTK_axis	0.0027462667785584927
SCP682-SC12-protein-residual	external_sample	gse300551_iccite_plex_kinase_2025	JUN_pSitePending	8	BTK_PLCG2_axis	0.0009290152811445296
SCP682-SC12-protein-residual	external_sample	gse300551_iccite_plex_kinase_2025	JUN_pSitePending	8	ERK_axis	0.15413573384284973
SCP682-SC12-protein-residual	external_sample	gse300551_iccite_plex_kinase_2025	JUN_pSitePending	8	NFkB_axis	0.0834449827671051
SCP682-SC12-protein-residual	external_sample	gse300551_iccite_plex_kinase_2025	JUN_pSitePending	8	AKT_mTOR_S6_axis	0.16594046354293823
SCP682-SC12-protein-residual	external_sample	gse300551_iccite_plex_kinase_2025	JUN_pSitePending	8	cell_cycle	0.05421115830540657
SCP682-SC12-protein-residual	external_sample	gse300551_iccite_plex_kinase_2025	JUN_pSitePending	8	stress_ifn	0.09956708550453186
SCP682-SC12-protein-residual	external_sample	gse300551_iccite_plex_kinase_2025	JUN_pSitePending	8	ribosomal	0.4033977687358856
SCP682-SC12-protein-residual	external_sample	gse300551_iccite_plex_kinase_2025	JUN_pSitePending	8	random_control	0.035626932978630066
SCP682-SC12-protein-residual	external_sample	gse300551_iccite_plex_kinase_2025	LAT_Y226	9	BCR_BTK_axis	1.9646818145702127e-06
SCP682-SC12-protein-residual	external_sample	gse300551_iccite_plex_kinase_2025	LAT_Y226	9	BTK_PLCG2_axis	1.7684398301298643e-07
SCP682-SC12-protein-residual	external_sample	gse300551_iccite_plex_kinase_2025	LAT_Y226	9	ERK_axis	0.06899355351924896
SCP682-SC12-protein-residual	external_sample	gse300551_iccite_plex_kinase_2025	LAT_Y226	9	NFkB_axis	0.06961299479007721
SCP682-SC12-protein-residual	external_sample	gse300551_iccite_plex_kinase_2025	LAT_Y226	9	AKT_mTOR_S6_axis	0.2055535763502121
SCP682-SC12-protein-residual	external_sample	gse300551_iccite_plex_kinase_2025	LAT_Y226	9	cell_cycle	0.0007424592622555792
SCP682-SC12-protein-residual	external_sample	gse300551_iccite_plex_kinase_2025	LAT_Y226	9	stress_ifn	0.22973614931106567
SCP682-SC12-protein-residual	external_sample	gse300551_iccite_plex_kinase_2025	LAT_Y226	9	ribosomal	0.408947229385376
SCP682-SC12-protein-residual	external_sample	gse300551_iccite_plex_kinase_2025	LAT_Y226	9	random_control	0.016411855816841125
SCP682-SC12-protein-residual	external_sample	gse300551_iccite_plex_kinase_2025	LCP2_S376	10	BCR_BTK_axis	0.0031643721740692854
SCP682-SC12-protein-residual	external_sample	gse300551_iccite_plex_kinase_2025	LCP2_S376	10	BTK_PLCG2_axis	0.00043998798355460167
SCP682-SC12-protein-residual	external_sample	gse300551_iccite_plex_kinase_2025	LCP2_S376	10	ERK_axis	0.16702666878700256
SCP682-SC12-protein-residual	external_sample	gse300551_iccite_plex_kinase_2025	LCP2_S376	10	NFkB_axis	0.07797699421644211
SCP682-SC12-protein-residual	external_sample	gse300551_iccite_plex_kinase_2025	LCP2_S376	10	AKT_mTOR_S6_axis	0.22101309895515442
SCP682-SC12-protein-residual	external_sample	gse300551_iccite_plex_kinase_2025	LCP2_S376	10	cell_cycle	0.019705755636096
SCP682-SC12-protein-residual	external_sample	gse300551_iccite_plex_kinase_2025	LCP2_S376	10	stress_ifn	0.08500295877456665
SCP682-SC12-protein-residual	external_sample	gse300551_iccite_plex_kinase_2025	LCP2_S376	10	ribosomal	0.39089080691337585
SCP682-SC12-protein-residual	external_sample	gse300551_iccite_plex_kinase_2025	LCP2_S376	10	random_control	0.03477912023663521
SCP682-SC12-protein-residual	external_sample	gse300551_iccite_plex_kinase_2025	MAP2K1_S298	11	BCR_BTK_axis	0.001450729789212346
SCP682-SC12-protein-residual	external_sample	gse300551_iccite_plex_kinase_2025	MAP2K1_S298	11	BTK_PLCG2_axis	0.004075532779097557
SCP682-SC12-protein-residual	external_sample	gse300551_iccite_plex_kinase_2025	MAP2K1_S298	11	ERK_axis	0.1592392772436142
SCP682-SC12-protein-residual	external_sample	gse300551_iccite_plex_kinase_2025	MAP2K1_S298	11	NFkB_axis	0.1380884349346161
SCP682-SC12-protein-residual	external_sample	gse300551_iccite_plex_kinase_2025	MAP2K1_S298	11	AKT_mTOR_S6_axis	0.18977825343608856
SCP682-SC12-protein-residual	external_sample	gse300551_iccite_plex_kinase_2025	MAP2K1_S298	11	cell_cycle	0.07324013859033585
SCP682-SC12-protein-residual	external_sample	gse300551_iccite_plex_kinase_2025	MAP2K1_S298	11	stress_ifn	0.1204325407743454
SCP682-SC12-protein-residual	external_sample	gse300551_iccite_plex_kinase_2025	MAP2K1_S298	11	ribosomal	0.296120822429657
SCP682-SC12-protein-residual	external_sample	gse300551_iccite_plex_kinase_2025	MAP2K1_S298	11	random_control	0.017574112862348557
SCP682-SC12-protein-residual	external_sample	gse300551_iccite_plex_kinase_2025	MAPK14_pSitePending_D3F9	12	BCR_BTK_axis	0.001959341112524271
SCP682-SC12-protein-residual	external_sample	gse300551_iccite_plex_kinase_2025	MAPK14_pSitePending_D3F9	12	BTK_PLCG2_axis	0.00037744868313893676
SCP682-SC12-protein-residual	external_sample	gse300551_iccite_plex_kinase_2025	MAPK14_pSitePending_D3F9	12	ERK_axis	0.1346912384033203
SCP682-SC12-protein-residual	external_sample	gse300551_iccite_plex_kinase_2025	MAPK14_pSitePending_D3F9	12	NFkB_axis	0.018167801201343536
SCP682-SC12-protein-residual	external_sample	gse300551_iccite_plex_kinase_2025	MAPK14_pSitePending_D3F9	12	AKT_mTOR_S6_axis	0.1462193727493286
SCP682-SC12-protein-residual	external_sample	gse300551_iccite_plex_kinase_2025	MAPK14_pSitePending_D3F9	12	cell_cycle	0.0010641829576343298
SCP682-SC12-protein-residual	external_sample	gse300551_iccite_plex_kinase_2025	MAPK14_pSitePending_D3F9	12	stress_ifn	0.09613798558712006
SCP682-SC12-protein-residual	external_sample	gse300551_iccite_plex_kinase_2025	MAPK14_pSitePending_D3F9	12	ribosomal	0.5961530804634094
SCP682-SC12-protein-residual	external_sample	gse300551_iccite_plex_kinase_2025	MAPK14_pSitePending_D3F9	12	random_control	0.005228525027632713
SCP682-SC12-protein-residual	external_sample	gse300551_iccite_plex_kinase_2025	MAPK1_MAPK3_T202_Y204	13	BCR_BTK_axis	0.021219205111265182
SCP682-SC12-protein-residual	external_sample	gse300551_iccite_plex_kinase_2025	MAPK1_MAPK3_T202_Y204	13	BTK_PLCG2_axis	0.0004434502625372261
SCP682-SC12-protein-residual	external_sample	gse300551_iccite_plex_kinase_2025	MAPK1_MAPK3_T202_Y204	13	ERK_axis	0.25288552045822144
SCP682-SC12-protein-residual	external_sample	gse300551_iccite_plex_kinase_2025	MAPK1_MAPK3_T202_Y204	13	NFkB_axis	0.06568829715251923
SCP682-SC12-protein-residual	external_sample	gse300551_iccite_plex_kinase_2025	MAPK1_MAPK3_T202_Y204	13	AKT_mTOR_S6_axis	0.12280626595020294
SCP682-SC12-protein-residual	external_sample	gse300551_iccite_plex_kinase_2025	MAPK1_MAPK3_T202_Y204	13	cell_cycle	7.956172339618206e-05
SCP682-SC12-protein-residual	external_sample	gse300551_iccite_plex_kinase_2025	MAPK1_MAPK3_T202_Y204	13	stress_ifn	0.06433230638504028
SCP682-SC12-protein-residual	external_sample	gse300551_iccite_plex_kinase_2025	MAPK1_MAPK3_T202_Y204	13	ribosomal	0.33355793356895447
SCP682-SC12-protein-residual	external_sample	gse300551_iccite_plex_kinase_2025	MAPK1_MAPK3_T202_Y204	13	random_control	0.13898742198944092
SCP682-SC12-protein-residual	external_sample	gse300551_iccite_plex_kinase_2025	MAPK1_MAPK3_pSitePending	14	BCR_BTK_axis	0.020286500453948975
SCP682-SC12-protein-residual	external_sample	gse300551_iccite_plex_kinase_2025	MAPK1_MAPK3_pSitePending	14	BTK_PLCG2_axis	0.0004198939132038504
SCP682-SC12-protein-residual	external_sample	gse300551_iccite_plex_kinase_2025	MAPK1_MAPK3_pSitePending	14	ERK_axis	0.25390392541885376
SCP682-SC12-protein-residual	external_sample	gse300551_iccite_plex_kinase_2025	MAPK1_MAPK3_pSitePending	14	NFkB_axis	0.06568843126296997
SCP682-SC12-protein-residual	external_sample	gse300551_iccite_plex_kinase_2025	MAPK1_MAPK3_pSitePending	14	AKT_mTOR_S6_axis	0.12276077270507812
SCP682-SC12-protein-residual	external_sample	gse300551_iccite_plex_kinase_2025	MAPK1_MAPK3_pSitePending	14	cell_cycle	3.826548709184863e-05
SCP682-SC12-protein-residual	external_sample	gse300551_iccite_plex_kinase_2025	MAPK1_MAPK3_pSitePending	14	stress_ifn	0.06437954306602478
SCP682-SC12-protein-residual	external_sample	gse300551_iccite_plex_kinase_2025	MAPK1_MAPK3_pSitePending	14	ribosomal	0.33351001143455505
SCP682-SC12-protein-residual	external_sample	gse300551_iccite_plex_kinase_2025	MAPK1_MAPK3_pSitePending	14	random_control	0.1390126645565033
SCP682-SC12-protein-residual	external_sample	gse300551_iccite_plex_kinase_2025	PLCG2_Y759	15	BCR_BTK_axis	4.1858570169450986e-20
SCP682-SC12-protein-residual	external_sample	gse300551_iccite_plex_kinase_2025	PLCG2_Y759	15	BTK_PLCG2_axis	8.34522277982093e-31
SCP682-SC12-protein-residual	external_sample	gse300551_iccite_plex_kinase_2025	PLCG2_Y759	15	ERK_axis	0.0699222981929779
SCP682-SC12-protein-residual	external_sample	gse300551_iccite_plex_kinase_2025	PLCG2_Y759	15	NFkB_axis	0.025928320363163948
SCP682-SC12-protein-residual	external_sample	gse300551_iccite_plex_kinase_2025	PLCG2_Y759	15	AKT_mTOR_S6_axis	0.13284827768802643
SCP682-SC12-protein-residual	external_sample	gse300551_iccite_plex_kinase_2025	PLCG2_Y759	15	cell_cycle	1.3810076779918745e-05
SCP682-SC12-protein-residual	external_sample	gse300551_iccite_plex_kinase_2025	PLCG2_Y759	15	stress_ifn	0.22010858356952667
SCP682-SC12-protein-residual	external_sample	gse300551_iccite_plex_kinase_2025	PLCG2_Y759	15	ribosomal	0.47491854429244995
SCP682-SC12-protein-residual	external_sample	gse300551_iccite_plex_kinase_2025	PLCG2_Y759	15	random_control	0.07626062631607056
SCP682-SC12-protein-residual	external_sample	gse300551_iccite_plex_kinase_2025	PLCG2_pSitePending	16	BCR_BTK_axis	0.02491430751979351
SCP682-SC12-protein-residual	external_sample	gse300551_iccite_plex_kinase_2025	PLCG2_pSitePending	16	BTK_PLCG2_axis	0.0005246748914942145
SCP682-SC12-protein-residual	external_sample	gse300551_iccite_plex_kinase_2025	PLCG2_pSitePending	16	ERK_axis	0.2520301043987274
SCP682-SC12-protein-residual	external_sample	gse300551_iccite_plex_kinase_2025	PLCG2_pSitePending	16	NFkB_axis	0.06562928855419159
SCP682-SC12-protein-residual	external_sample	gse300551_iccite_plex_kinase_2025	PLCG2_pSitePending	16	AKT_mTOR_S6_axis	0.12489011138677597
SCP682-SC12-protein-residual	external_sample	gse300551_iccite_plex_kinase_2025	PLCG2_pSitePending	16	cell_cycle	0.00018322998948860914
SCP682-SC12-protein-residual	external_sample	gse300551_iccite_plex_kinase_2025	PLCG2_pSitePending	16	stress_ifn	0.0649026557803154
SCP682-SC12-protein-residual	external_sample	gse300551_iccite_plex_kinase_2025	PLCG2_pSitePending	16	ribosomal	0.33033719658851624
SCP682-SC12-protein-residual	external_sample	gse300551_iccite_plex_kinase_2025	PLCG2_pSitePending	16	random_control	0.13658848404884338
SCP682-SC12-protein-residual	external_sample	gse300551_iccite_plex_kinase_2025	RELA_S536	17	BCR_BTK_axis	0.03311082348227501
SCP682-SC12-protein-residual	external_sample	gse300551_iccite_plex_kinase_2025	RELA_S536	17	BTK_PLCG2_axis	0.000845536938868463
SCP682-SC12-protein-residual	external_sample	gse300551_iccite_plex_kinase_2025	RELA_S536	17	ERK_axis	0.24300213158130646
SCP682-SC12-protein-residual	external_sample	gse300551_iccite_plex_kinase_2025	RELA_S536	17	NFkB_axis	0.06560258567333221
SCP682-SC12-protein-residual	external_sample	gse300551_iccite_plex_kinase_2025	RELA_S536	17	AKT_mTOR_S6_axis	0.12243416160345078
SCP682-SC12-protein-residual	external_sample	gse300551_iccite_plex_kinase_2025	RELA_S536	17	cell_cycle	0.0004779860901180655
SCP682-SC12-protein-residual	external_sample	gse300551_iccite_plex_kinase_2025	RELA_S536	17	stress_ifn	0.06725931912660599
SCP682-SC12-protein-residual	external_sample	gse300551_iccite_plex_kinase_2025	RELA_S536	17	ribosomal	0.33069995045661926
SCP682-SC12-protein-residual	external_sample	gse300551_iccite_plex_kinase_2025	RELA_S536	17	random_control	0.1365673840045929
SCP682-SC12-protein-residual	external_sample	gse300551_iccite_plex_kinase_2025	RELA_pSitePending_93H1	18	BCR_BTK_axis	0.00018919454305432737
SCP682-SC12-protein-residual	external_sample	gse300551_iccite_plex_kinase_2025	RELA_pSitePending_93H1	18	BTK_PLCG2_axis	3.188328628311865e-05
SCP682-SC12-protein-residual	external_sample	gse300551_iccite_plex_kinase_2025	RELA_pSitePending_93H1	18	ERK_axis	0.10105004161596298
SCP682-SC12-protein-residual	external_sample	gse300551_iccite_plex_kinase_2025	RELA_pSitePending_93H1	18	NFkB_axis	0.03795550391077995
SCP682-SC12-protein-residual	external_sample	gse300551_iccite_plex_kinase_2025	RELA_pSitePending_93H1	18	AKT_mTOR_S6_axis	0.18959708511829376
SCP682-SC12-protein-residual	external_sample	gse300551_iccite_plex_kinase_2025	RELA_pSitePending_93H1	18	cell_cycle	0.0006864721071906388
SCP682-SC12-protein-residual	external_sample	gse300551_iccite_plex_kinase_2025	RELA_pSitePending_93H1	18	stress_ifn	0.08574974536895752
SCP682-SC12-protein-residual	external_sample	gse300551_iccite_plex_kinase_2025	RELA_pSitePending_93H1	18	ribosomal	0.5827524065971375
SCP682-SC12-protein-residual	external_sample	gse300551_iccite_plex_kinase_2025	RELA_pSitePending_93H1	18	random_control	0.001986072165891528
SCP682-SC12-protein-residual	external_sample	gse300551_iccite_plex_kinase_2025	STAT5A_STAT5B_Y694_Y699	21	BCR_BTK_axis	3.088799348915927e-05
SCP682-SC12-protein-residual	external_sample	gse300551_iccite_plex_kinase_2025	STAT5A_STAT5B_Y694_Y699	21	BTK_PLCG2_axis	3.1877091259957524e-06
SCP682-SC12-protein-residual	external_sample	gse300551_iccite_plex_kinase_2025	STAT5A_STAT5B_Y694_Y699	21	ERK_axis	0.07207776606082916
SCP682-SC12-protein-residual	external_sample	gse300551_iccite_plex_kinase_2025	STAT5A_STAT5B_Y694_Y699	21	NFkB_axis	0.0617099292576313
SCP682-SC12-protein-residual	external_sample	gse300551_iccite_plex_kinase_2025	STAT5A_STAT5B_Y694_Y699	21	AKT_mTOR_S6_axis	0.19810518622398376
SCP682-SC12-protein-residual	external_sample	gse300551_iccite_plex_kinase_2025	STAT5A_STAT5B_Y694_Y699	21	cell_cycle	0.001812211936339736
SCP682-SC12-protein-residual	external_sample	gse300551_iccite_plex_kinase_2025	STAT5A_STAT5B_Y694_Y699	21	stress_ifn	0.1236899346113205
SCP682-SC12-protein-residual	external_sample	gse300551_iccite_plex_kinase_2025	STAT5A_STAT5B_Y694_Y699	21	ribosomal	0.5040451884269714
SCP682-SC12-protein-residual	external_sample	gse300551_iccite_plex_kinase_2025	STAT5A_STAT5B_Y694_Y699	21	random_control	0.03852503374218941
SCP682-SC12-protein-residual	external_sample	gse300551_iccite_plex_kinase_2025	SYK_pSitePending	22	BCR_BTK_axis	9.747769372550506e-21
SCP682-SC12-protein-residual	external_sample	gse300551_iccite_plex_kinase_2025	SYK_pSitePending	22	BTK_PLCG2_axis	7.393624955549199e-32
SCP682-SC12-protein-residual	external_sample	gse300551_iccite_plex_kinase_2025	SYK_pSitePending	22	ERK_axis	0.06837647408246994
SCP682-SC12-protein-residual	external_sample	gse300551_iccite_plex_kinase_2025	SYK_pSitePending	22	NFkB_axis	0.024296201765537262
SCP682-SC12-protein-residual	external_sample	gse300551_iccite_plex_kinase_2025	SYK_pSitePending	22	AKT_mTOR_S6_axis	0.1376730054616928
SCP682-SC12-protein-residual	external_sample	gse300551_iccite_plex_kinase_2025	SYK_pSitePending	22	cell_cycle	5.37268442712957e-06
SCP682-SC12-protein-residual	external_sample	gse300551_iccite_plex_kinase_2025	SYK_pSitePending	22	stress_ifn	0.23273703455924988
SCP682-SC12-protein-residual	external_sample	gse300551_iccite_plex_kinase_2025	SYK_pSitePending	22	ribosomal	0.48002755641937256
SCP682-SC12-protein-residual	external_sample	gse300551_iccite_plex_kinase_2025	SYK_pSitePending	22	random_control	0.056884411722421646
SCP682-SC12-protein-residual	external_sample	gse300551_iccite_plex_kinase_2025	p-AMPK-a1/2	23	BCR_BTK_axis	0.03437758982181549
SCP682-SC12-protein-residual	external_sample	gse300551_iccite_plex_kinase_2025	p-AMPK-a1/2	23	BTK_PLCG2_axis	0.0008831785526126623
SCP682-SC12-protein-residual	external_sample	gse300551_iccite_plex_kinase_2025	p-AMPK-a1/2	23	ERK_axis	0.24269060790538788
SCP682-SC12-protein-residual	external_sample	gse300551_iccite_plex_kinase_2025	p-AMPK-a1/2	23	NFkB_axis	0.06558996438980103
SCP682-SC12-protein-residual	external_sample	gse300551_iccite_plex_kinase_2025	p-AMPK-a1/2	23	AKT_mTOR_S6_axis	0.12425098568201065
SCP682-SC12-protein-residual	external_sample	gse300551_iccite_plex_kinase_2025	p-AMPK-a1/2	23	cell_cycle	0.00044456456089392304
SCP682-SC12-protein-residual	external_sample	gse300551_iccite_plex_kinase_2025	p-AMPK-a1/2	23	stress_ifn	0.06630174070596695
SCP682-SC12-protein-residual	external_sample	gse300551_iccite_plex_kinase_2025	p-AMPK-a1/2	23	ribosomal	0.32956811785697937
SCP682-SC12-protein-residual	external_sample	gse300551_iccite_plex_kinase_2025	p-AMPK-a1/2	23	random_control	0.13589322566986084
SCP682-SC12-protein-residual	external_sample	gse300551_iccite_plex_kinase_2025	p-AMPK-b1	24	BCR_BTK_axis	0.023845495656132698
SCP682-SC12-protein-residual	external_sample	gse300551_iccite_plex_kinase_2025	p-AMPK-b1	24	BTK_PLCG2_axis	0.0005042199045419693
SCP682-SC12-protein-residual	external_sample	gse300551_iccite_plex_kinase_2025	p-AMPK-b1	24	ERK_axis	0.2522607147693634
SCP682-SC12-protein-residual	external_sample	gse300551_iccite_plex_kinase_2025	p-AMPK-b1	24	NFkB_axis	0.0656590387225151
SCP682-SC12-protein-residual	external_sample	gse300551_iccite_plex_kinase_2025	p-AMPK-b1	24	AKT_mTOR_S6_axis	0.12419629096984863
SCP682-SC12-protein-residual	external_sample	gse300551_iccite_plex_kinase_2025	p-AMPK-b1	24	cell_cycle	0.00015047876513563097
SCP682-SC12-protein-residual	external_sample	gse300551_iccite_plex_kinase_2025	p-AMPK-b1	24	stress_ifn	0.06439756602048874
SCP682-SC12-protein-residual	external_sample	gse300551_iccite_plex_kinase_2025	p-AMPK-b1	24	ribosomal	0.3313257098197937
SCP682-SC12-protein-residual	external_sample	gse300551_iccite_plex_kinase_2025	p-AMPK-b1	24	random_control	0.137660413980484
SCP682-SC12-protein-residual	external_sample	gse300551_iccite_plex_kinase_2025	p-BLNK	25	BCR_BTK_axis	8.387559107003208e-15
SCP682-SC12-protein-residual	external_sample	gse300551_iccite_plex_kinase_2025	p-BLNK	25	BTK_PLCG2_axis	4.657790718465289e-22
SCP682-SC12-protein-residual	external_sample	gse300551_iccite_plex_kinase_2025	p-BLNK	25	ERK_axis	0.056190282106399536
SCP682-SC12-protein-residual	external_sample	gse300551_iccite_plex_kinase_2025	p-BLNK	25	NFkB_axis	0.126142218708992
SCP682-SC12-protein-residual	external_sample	gse300551_iccite_plex_kinase_2025	p-BLNK	25	AKT_mTOR_S6_axis	0.09700345993041992
SCP682-SC12-protein-residual	external_sample	gse300551_iccite_plex_kinase_2025	p-BLNK	25	cell_cycle	6.384779567270016e-07
SCP682-SC12-protein-residual	external_sample	gse300551_iccite_plex_kinase_2025	p-BLNK	25	stress_ifn	0.25921258330345154
SCP682-SC12-protein-residual	external_sample	gse300551_iccite_plex_kinase_2025	p-BLNK	25	ribosomal	0.4346873462200165
SCP682-SC12-protein-residual	external_sample	gse300551_iccite_plex_kinase_2025	p-BLNK	25	random_control	0.026763025671243668
SCP682-SC12-protein-residual	external_sample	gse300551_iccite_plex_kinase_2025	p-CD79a	26	BCR_BTK_axis	5.5321141227109496e-17
SCP682-SC12-protein-residual	external_sample	gse300551_iccite_plex_kinase_2025	p-CD79a	26	BTK_PLCG2_axis	4.761532080616913e-24
SCP682-SC12-protein-residual	external_sample	gse300551_iccite_plex_kinase_2025	p-CD79a	26	ERK_axis	0.05096374824643135
SCP682-SC12-protein-residual	external_sample	gse300551_iccite_plex_kinase_2025	p-CD79a	26	NFkB_axis	0.07431133091449738
SCP682-SC12-protein-residual	external_sample	gse300551_iccite_plex_kinase_2025	p-CD79a	26	AKT_mTOR_S6_axis	0.18180228769779205
SCP682-SC12-protein-residual	external_sample	gse300551_iccite_plex_kinase_2025	p-CD79a	26	cell_cycle	4.397263182909228e-06
SCP682-SC12-protein-residual	external_sample	gse300551_iccite_plex_kinase_2025	p-CD79a	26	stress_ifn	0.24747519195079803
SCP682-SC12-protein-residual	external_sample	gse300551_iccite_plex_kinase_2025	p-CD79a	26	ribosomal	0.4323613941669464
SCP682-SC12-protein-residual	external_sample	gse300551_iccite_plex_kinase_2025	p-CD79a	26	random_control	0.013082019053399563
SCP682-SC12-protein-residual	external_sample	gse300551_iccite_plex_kinase_2025	p-CDK1	27	BCR_BTK_axis	0.40891578793525696
SCP682-SC12-protein-residual	external_sample	gse300551_iccite_plex_kinase_2025	p-CDK1	27	BTK_PLCG2_axis	0.13659299910068512
SCP682-SC12-protein-residual	external_sample	gse300551_iccite_plex_kinase_2025	p-CDK1	27	ERK_axis	5.148325362824835e-05
SCP682-SC12-protein-residual	external_sample	gse300551_iccite_plex_kinase_2025	p-CDK1	27	NFkB_axis	0.06794638186693192
SCP682-SC12-protein-residual	external_sample	gse300551_iccite_plex_kinase_2025	p-CDK1	27	AKT_mTOR_S6_axis	0.09146148711442947
SCP682-SC12-protein-residual	external_sample	gse300551_iccite_plex_kinase_2025	p-CDK1	27	cell_cycle	0.0009343727142550051
SCP682-SC12-protein-residual	external_sample	gse300551_iccite_plex_kinase_2025	p-CDK1	27	stress_ifn	0.03740021213889122
SCP682-SC12-protein-residual	external_sample	gse300551_iccite_plex_kinase_2025	p-CDK1	27	ribosomal	0.13481558859348297
SCP682-SC12-protein-residual	external_sample	gse300551_iccite_plex_kinase_2025	p-CDK1	27	random_control	0.12188176065683365
SCP682-SC12-protein-residual	external_sample	gse300551_iccite_plex_kinase_2025	p-CDK4	28	BCR_BTK_axis	0.06715576350688934
SCP682-SC12-protein-residual	external_sample	gse300551_iccite_plex_kinase_2025	p-CDK4	28	BTK_PLCG2_axis	0.0014195264084264636
SCP682-SC12-protein-residual	external_sample	gse300551_iccite_plex_kinase_2025	p-CDK4	28	ERK_axis	0.1894649863243103
SCP682-SC12-protein-residual	external_sample	gse300551_iccite_plex_kinase_2025	p-CDK4	28	NFkB_axis	0.10476364940404892
SCP682-SC12-protein-residual	external_sample	gse300551_iccite_plex_kinase_2025	p-CDK4	28	AKT_mTOR_S6_axis	0.06935137510299683
SCP682-SC12-protein-residual	external_sample	gse300551_iccite_plex_kinase_2025	p-CDK4	28	cell_cycle	0.003601358039304614
SCP682-SC12-protein-residual	external_sample	gse300551_iccite_plex_kinase_2025	p-CDK4	28	stress_ifn	0.04939842224121094
SCP682-SC12-protein-residual	external_sample	gse300551_iccite_plex_kinase_2025	p-CDK4	28	ribosomal	0.3436962068080902
SCP682-SC12-protein-residual	external_sample	gse300551_iccite_plex_kinase_2025	p-CDK4	28	random_control	0.17114880681037903
SCP682-SC12-protein-residual	external_sample	gse300551_iccite_plex_kinase_2025	p-HistonH2A.X	30	BCR_BTK_axis	0.17627578973770142
SCP682-SC12-protein-residual	external_sample	gse300551_iccite_plex_kinase_2025	p-HistonH2A.X	30	BTK_PLCG2_axis	0.0010937980841845274
SCP682-SC12-protein-residual	external_sample	gse300551_iccite_plex_kinase_2025	p-HistonH2A.X	30	ERK_axis	0.0565652996301651
SCP682-SC12-protein-residual	external_sample	gse300551_iccite_plex_kinase_2025	p-HistonH2A.X	30	NFkB_axis	0.08307036012411118
SCP682-SC12-protein-residual	external_sample	gse300551_iccite_plex_kinase_2025	p-HistonH2A.X	30	AKT_mTOR_S6_axis	0.06311723589897156
SCP682-SC12-protein-residual	external_sample	gse300551_iccite_plex_kinase_2025	p-HistonH2A.X	30	cell_cycle	0.004769398830831051
SCP682-SC12-protein-residual	external_sample	gse300551_iccite_plex_kinase_2025	p-HistonH2A.X	30	stress_ifn	0.03846123442053795
SCP682-SC12-protein-residual	external_sample	gse300551_iccite_plex_kinase_2025	p-HistonH2A.X	30	ribosomal	0.39078620076179504
SCP682-SC12-protein-residual	external_sample	gse300551_iccite_plex_kinase_2025	p-HistonH2A.X	30	random_control	0.18586069345474243
SCP682-SC12-protein-residual	external_sample	gse300551_iccite_plex_kinase_2025	p-HistonH3	31	BCR_BTK_axis	0.05292446166276932
SCP682-SC12-protein-residual	external_sample	gse300551_iccite_plex_kinase_2025	p-HistonH3	31	BTK_PLCG2_axis	0.00136081175878644
SCP682-SC12-protein-residual	external_sample	gse300551_iccite_plex_kinase_2025	p-HistonH3	31	ERK_axis	0.2133382111787796
SCP682-SC12-protein-residual	external_sample	gse300551_iccite_plex_kinase_2025	p-HistonH3	31	NFkB_axis	0.06595755368471146
SCP682-SC12-protein-residual	external_sample	gse300551_iccite_plex_kinase_2025	p-HistonH3	31	AKT_mTOR_S6_axis	0.10762061923742294
SCP682-SC12-protein-residual	external_sample	gse300551_iccite_plex_kinase_2025	p-HistonH3	31	cell_cycle	0.002330552088096738
SCP682-SC12-protein-residual	external_sample	gse300551_iccite_plex_kinase_2025	p-HistonH3	31	stress_ifn	0.06737597286701202
SCP682-SC12-protein-residual	external_sample	gse300551_iccite_plex_kinase_2025	p-HistonH3	31	ribosomal	0.3377078175544739
SCP682-SC12-protein-residual	external_sample	gse300551_iccite_plex_kinase_2025	p-HistonH3	31	random_control	0.1513839066028595
SCP682-SC12-protein-residual	external_sample	gse300551_iccite_plex_kinase_2025	p-IKKa/b	32	BCR_BTK_axis	0.025816403329372406
SCP682-SC12-protein-residual	external_sample	gse300551_iccite_plex_kinase_2025	p-IKKa/b	32	BTK_PLCG2_axis	0.0005182534805499017
SCP682-SC12-protein-residual	external_sample	gse300551_iccite_plex_kinase_2025	p-IKKa/b	32	ERK_axis	0.24848833680152893
SCP682-SC12-protein-residual	external_sample	gse300551_iccite_plex_kinase_2025	p-IKKa/b	32	NFkB_axis	0.06557150930166245
SCP682-SC12-protein-residual	external_sample	gse300551_iccite_plex_kinase_2025	p-IKKa/b	32	AKT_mTOR_S6_axis	0.12282465398311615
SCP682-SC12-protein-residual	external_sample	gse300551_iccite_plex_kinase_2025	p-IKKa/b	32	cell_cycle	0.00021110946545377374
SCP682-SC12-protein-residual	external_sample	gse300551_iccite_plex_kinase_2025	p-IKKa/b	32	stress_ifn	0.06427043676376343
SCP682-SC12-protein-residual	external_sample	gse300551_iccite_plex_kinase_2025	p-IKKa/b	32	ribosomal	0.33328109979629517
SCP682-SC12-protein-residual	external_sample	gse300551_iccite_plex_kinase_2025	p-IKKa/b	32	random_control	0.13901816308498383
SCP682-SC12-protein-residual	external_sample	gse300551_iccite_plex_kinase_2025	p-IRAK4	33	BCR_BTK_axis	0.0627632737159729
SCP682-SC12-protein-residual	external_sample	gse300551_iccite_plex_kinase_2025	p-IRAK4	33	BTK_PLCG2_axis	0.0015208786353468895
SCP682-SC12-protein-residual	external_sample	gse300551_iccite_plex_kinase_2025	p-IRAK4	33	ERK_axis	0.1974952220916748
SCP682-SC12-protein-residual	external_sample	gse300551_iccite_plex_kinase_2025	p-IRAK4	33	NFkB_axis	0.0731872096657753
SCP682-SC12-protein-residual	external_sample	gse300551_iccite_plex_kinase_2025	p-IRAK4	33	AKT_mTOR_S6_axis	0.09364955127239227
SCP682-SC12-protein-residual	external_sample	gse300551_iccite_plex_kinase_2025	p-IRAK4	33	cell_cycle	0.00334763852879405
SCP682-SC12-protein-residual	external_sample	gse300551_iccite_plex_kinase_2025	p-IRAK4	33	stress_ifn	0.06460822373628616
SCP682-SC12-protein-residual	external_sample	gse300551_iccite_plex_kinase_2025	p-IRAK4	33	ribosomal	0.341274231672287
SCP682-SC12-protein-residual	external_sample	gse300551_iccite_plex_kinase_2025	p-IRAK4	33	random_control	0.1621537059545517
SCP682-SC12-protein-residual	external_sample	gse300551_iccite_plex_kinase_2025	p-JAK1	34	BCR_BTK_axis	8.263730774800228e-20
SCP682-SC12-protein-residual	external_sample	gse300551_iccite_plex_kinase_2025	p-JAK1	34	BTK_PLCG2_axis	4.570547730912412e-30
SCP682-SC12-protein-residual	external_sample	gse300551_iccite_plex_kinase_2025	p-JAK1	34	ERK_axis	0.06703022122383118
SCP682-SC12-protein-residual	external_sample	gse300551_iccite_plex_kinase_2025	p-JAK1	34	NFkB_axis	0.023604584857821465
SCP682-SC12-protein-residual	external_sample	gse300551_iccite_plex_kinase_2025	p-JAK1	34	AKT_mTOR_S6_axis	0.14142970740795135
SCP682-SC12-protein-residual	external_sample	gse300551_iccite_plex_kinase_2025	p-JAK1	34	cell_cycle	2.466889100105618e-06
SCP682-SC12-protein-residual	external_sample	gse300551_iccite_plex_kinase_2025	p-JAK1	34	stress_ifn	0.2375366985797882
SCP682-SC12-protein-residual	external_sample	gse300551_iccite_plex_kinase_2025	p-JAK1	34	ribosomal	0.4823325574398041
SCP682-SC12-protein-residual	external_sample	gse300551_iccite_plex_kinase_2025	p-JAK1	34	random_control	0.048063647001981735
SCP682-SC12-protein-residual	external_sample	gse300551_iccite_plex_kinase_2025	p-JNK	35	BCR_BTK_axis	0.0227400753647089
SCP682-SC12-protein-residual	external_sample	gse300551_iccite_plex_kinase_2025	p-JNK	35	BTK_PLCG2_axis	0.0004865113878622651
SCP682-SC12-protein-residual	external_sample	gse300551_iccite_plex_kinase_2025	p-JNK	35	ERK_axis	0.2531377375125885
SCP682-SC12-protein-residual	external_sample	gse300551_iccite_plex_kinase_2025	p-JNK	35	NFkB_axis	0.06568820029497147
SCP682-SC12-protein-residual	external_sample	gse300551_iccite_plex_kinase_2025	p-JNK	35	AKT_mTOR_S6_axis	0.12435070425271988
SCP682-SC12-protein-residual	external_sample	gse300551_iccite_plex_kinase_2025	p-JNK	35	cell_cycle	0.0001106277049984783
SCP682-SC12-protein-residual	external_sample	gse300551_iccite_plex_kinase_2025	p-JNK	35	stress_ifn	0.06441569328308105
SCP682-SC12-protein-residual	external_sample	gse300551_iccite_plex_kinase_2025	p-JNK	35	ribosomal	0.33164361119270325
SCP682-SC12-protein-residual	external_sample	gse300551_iccite_plex_kinase_2025	p-JNK	35	random_control	0.13742686808109283
SCP682-SC12-protein-residual	external_sample	gse300551_iccite_plex_kinase_2025	p-PKC-b1	36	BCR_BTK_axis	0.16883033514022827
SCP682-SC12-protein-residual	external_sample	gse300551_iccite_plex_kinase_2025	p-PKC-b1	36	BTK_PLCG2_axis	0.006622009444981813
SCP682-SC12-protein-residual	external_sample	gse300551_iccite_plex_kinase_2025	p-PKC-b1	36	ERK_axis	0.0720725804567337
SCP682-SC12-protein-residual	external_sample	gse300551_iccite_plex_kinase_2025	p-PKC-b1	36	NFkB_axis	0.11421023309230804
SCP682-SC12-protein-residual	external_sample	gse300551_iccite_plex_kinase_2025	p-PKC-b1	36	AKT_mTOR_S6_axis	0.0621696375310421
SCP682-SC12-protein-residual	external_sample	gse300551_iccite_plex_kinase_2025	p-PKC-b1	36	cell_cycle	0.006309371441602707
SCP682-SC12-protein-residual	external_sample	gse300551_iccite_plex_kinase_2025	p-PKC-b1	36	stress_ifn	0.04108723998069763
SCP682-SC12-protein-residual	external_sample	gse300551_iccite_plex_kinase_2025	p-PKC-b1	36	ribosomal	0.3491820693016052
SCP682-SC12-protein-residual	external_sample	gse300551_iccite_plex_kinase_2025	p-PKC-b1	36	random_control	0.1795164942741394
SCP682-SC12-protein-residual	external_sample	gse300551_iccite_plex_kinase_2025	p-Rb	37	BCR_BTK_axis	0.4092836081981659
SCP682-SC12-protein-residual	external_sample	gse300551_iccite_plex_kinase_2025	p-Rb	37	BTK_PLCG2_axis	0.13606670498847961
SCP682-SC12-protein-residual	external_sample	gse300551_iccite_plex_kinase_2025	p-Rb	37	ERK_axis	5.1632679969770834e-05
SCP682-SC12-protein-residual	external_sample	gse300551_iccite_plex_kinase_2025	p-Rb	37	NFkB_axis	0.06788324564695358
SCP682-SC12-protein-residual	external_sample	gse300551_iccite_plex_kinase_2025	p-Rb	37	AKT_mTOR_S6_axis	0.08939950168132782
SCP682-SC12-protein-residual	external_sample	gse300551_iccite_plex_kinase_2025	p-Rb	37	cell_cycle	0.0009452351951040328
SCP682-SC12-protein-residual	external_sample	gse300551_iccite_plex_kinase_2025	p-Rb	37	stress_ifn	0.038039810955524445
SCP682-SC12-protein-residual	external_sample	gse300551_iccite_plex_kinase_2025	p-Rb	37	ribosomal	0.1348763108253479
SCP682-SC12-protein-residual	external_sample	gse300551_iccite_plex_kinase_2025	p-Rb	37	random_control	0.1234540194272995
SCP682-SC12-protein-residual	external_sample	gse300551_iccite_plex_kinase_2025	p-STAT5	40	BCR_BTK_axis	0.022568531334400177
SCP682-SC12-protein-residual	external_sample	gse300551_iccite_plex_kinase_2025	p-STAT5	40	BTK_PLCG2_axis	0.0004796574357897043
SCP682-SC12-protein-residual	external_sample	gse300551_iccite_plex_kinase_2025	p-STAT5	40	ERK_axis	0.25184595584869385
SCP682-SC12-protein-residual	external_sample	gse300551_iccite_plex_kinase_2025	p-STAT5	40	NFkB_axis	0.06568821519613266
SCP682-SC12-protein-residual	external_sample	gse300551_iccite_plex_kinase_2025	p-STAT5	40	AKT_mTOR_S6_axis	0.12341421097517014
SCP682-SC12-protein-residual	external_sample	gse300551_iccite_plex_kinase_2025	p-STAT5	40	cell_cycle	0.00010807189391925931
SCP682-SC12-protein-residual	external_sample	gse300551_iccite_plex_kinase_2025	p-STAT5	40	stress_ifn	0.06428898125886917
SCP682-SC12-protein-residual	external_sample	gse300551_iccite_plex_kinase_2025	p-STAT5	40	ribosomal	0.3331749439239502
SCP682-SC12-protein-residual	external_sample	gse300551_iccite_plex_kinase_2025	p-STAT5	40	random_control	0.13843150436878204
SCP682-SC12-protein-residual	external_sample	gse300551_iccite_plex_kinase_2025	p-STAT6	41	BCR_BTK_axis	0.02399691939353943
SCP682-SC12-protein-residual	external_sample	gse300551_iccite_plex_kinase_2025	p-STAT6	41	BTK_PLCG2_axis	0.0005040935939177871
SCP682-SC12-protein-residual	external_sample	gse300551_iccite_plex_kinase_2025	p-STAT6	41	ERK_axis	0.2504027783870697
SCP682-SC12-protein-residual	external_sample	gse300551_iccite_plex_kinase_2025	p-STAT6	41	NFkB_axis	0.06564254313707352
SCP682-SC12-protein-residual	external_sample	gse300551_iccite_plex_kinase_2025	p-STAT6	41	AKT_mTOR_S6_axis	0.12331089377403259
SCP682-SC12-protein-residual	external_sample	gse300551_iccite_plex_kinase_2025	p-STAT6	41	cell_cycle	0.00016253432841040194
SCP682-SC12-protein-residual	external_sample	gse300551_iccite_plex_kinase_2025	p-STAT6	41	stress_ifn	0.06424186378717422
SCP682-SC12-protein-residual	external_sample	gse300551_iccite_plex_kinase_2025	p-STAT6	41	ribosomal	0.3331712782382965
SCP682-SC12-protein-residual	external_sample	gse300551_iccite_plex_kinase_2025	p-STAT6	41	random_control	0.1385669857263565
SCP682-SC12-protein-residual	external_sample	gse300551_iccite_plex_kinase_2025	p-Src	42	BCR_BTK_axis	6.111162301824535e-21
SCP682-SC12-protein-residual	external_sample	gse300551_iccite_plex_kinase_2025	p-Src	42	BTK_PLCG2_axis	4.5562966251502177e-32
SCP682-SC12-protein-residual	external_sample	gse300551_iccite_plex_kinase_2025	p-Src	42	ERK_axis	0.07031568884849548
SCP682-SC12-protein-residual	external_sample	gse300551_iccite_plex_kinase_2025	p-Src	42	NFkB_axis	0.026350487023591995
SCP682-SC12-protein-residual	external_sample	gse300551_iccite_plex_kinase_2025	p-Src	42	AKT_mTOR_S6_axis	0.13359811902046204
SCP682-SC12-protein-residual	external_sample	gse300551_iccite_plex_kinase_2025	p-Src	42	cell_cycle	1.35677682919777e-05
SCP682-SC12-protein-residual	external_sample	gse300551_iccite_plex_kinase_2025	p-Src	42	stress_ifn	0.2239091992378235
SCP682-SC12-protein-residual	external_sample	gse300551_iccite_plex_kinase_2025	p-Src	42	ribosomal	0.4746561348438263
SCP682-SC12-protein-residual	external_sample	gse300551_iccite_plex_kinase_2025	p-Src	42	random_control	0.07115685194730759
SCP682-SC12-protein-residual	external_sample	gse300551_iccite_plex_kinase_2025	p-TOR	43	BCR_BTK_axis	0.024319211021065712
SCP682-SC12-protein-residual	external_sample	gse300551_iccite_plex_kinase_2025	p-TOR	43	BTK_PLCG2_axis	0.0005070061888545752
SCP682-SC12-protein-residual	external_sample	gse300551_iccite_plex_kinase_2025	p-TOR	43	ERK_axis	0.2497650533914566
SCP682-SC12-protein-residual	external_sample	gse300551_iccite_plex_kinase_2025	p-TOR	43	NFkB_axis	0.06564818322658539
SCP682-SC12-protein-residual	external_sample	gse300551_iccite_plex_kinase_2025	p-TOR	43	AKT_mTOR_S6_axis	0.12247466295957565
SCP682-SC12-protein-residual	external_sample	gse300551_iccite_plex_kinase_2025	p-TOR	43	cell_cycle	0.00018005546007771045
SCP682-SC12-protein-residual	external_sample	gse300551_iccite_plex_kinase_2025	p-TOR	43	stress_ifn	0.06436949968338013
SCP682-SC12-protein-residual	external_sample	gse300551_iccite_plex_kinase_2025	p-TOR	43	ribosomal	0.3334752321243286
SCP682-SC12-protein-residual	external_sample	gse300551_iccite_plex_kinase_2025	p-TOR	43	random_control	0.13926111161708832
SCP682-SC12-protein-residual	external_sample	gse300551_iccite_plex_kinase_2025	p-c-Jun	44	BCR_BTK_axis	0.06557703018188477
SCP682-SC12-protein-residual	external_sample	gse300551_iccite_plex_kinase_2025	p-c-Jun	44	BTK_PLCG2_axis	0.0013923185179010034
SCP682-SC12-protein-residual	external_sample	gse300551_iccite_plex_kinase_2025	p-c-Jun	44	ERK_axis	0.19089557230472565
SCP682-SC12-protein-residual	external_sample	gse300551_iccite_plex_kinase_2025	p-c-Jun	44	NFkB_axis	0.10530565679073334
SCP682-SC12-protein-residual	external_sample	gse300551_iccite_plex_kinase_2025	p-c-Jun	44	AKT_mTOR_S6_axis	0.069020114839077
SCP682-SC12-protein-residual	external_sample	gse300551_iccite_plex_kinase_2025	p-c-Jun	44	cell_cycle	0.0035172002390027046
SCP682-SC12-protein-residual	external_sample	gse300551_iccite_plex_kinase_2025	p-c-Jun	44	stress_ifn	0.04947521910071373
SCP682-SC12-protein-residual	external_sample	gse300551_iccite_plex_kinase_2025	p-c-Jun	44	ribosomal	0.343675434589386
SCP682-SC12-protein-residual	external_sample	gse300551_iccite_plex_kinase_2025	p-c-Jun	44	random_control	0.17114125192165375
SCP682-SC12-protein-residual	external_sample	gse300551_iccite_plex_kinase_2025	p-p65	45	BCR_BTK_axis	0.0351339653134346
SCP682-SC12-protein-residual	external_sample	gse300551_iccite_plex_kinase_2025	p-p65	45	BTK_PLCG2_axis	0.0008950670599006116
SCP682-SC12-protein-residual	external_sample	gse300551_iccite_plex_kinase_2025	p-p65	45	ERK_axis	0.24283869564533234
SCP682-SC12-protein-residual	external_sample	gse300551_iccite_plex_kinase_2025	p-p65	45	NFkB_axis	0.065581314265728
SCP682-SC12-protein-residual	external_sample	gse300551_iccite_plex_kinase_2025	p-p65	45	AKT_mTOR_S6_axis	0.12437272071838379
SCP682-SC12-protein-residual	external_sample	gse300551_iccite_plex_kinase_2025	p-p65	45	cell_cycle	0.000453856831882149
SCP682-SC12-protein-residual	external_sample	gse300551_iccite_plex_kinase_2025	p-p65	45	stress_ifn	0.06610643863677979
SCP682-SC12-protein-residual	external_sample	gse300551_iccite_plex_kinase_2025	p-p65	45	ribosomal	0.3286654055118561
SCP682-SC12-protein-residual	external_sample	gse300551_iccite_plex_kinase_2025	p-p65	45	random_control	0.13595250248908997
SCP682-SC12-protein-residual	external_sample	gse300551_iccite_plex_kinase_2025	HISTONE_H3_S28	46	BCR_BTK_axis	0.411967396736145
SCP682-SC12-protein-residual	external_sample	gse300551_iccite_plex_kinase_2025	HISTONE_H3_S28	46	BTK_PLCG2_axis	0.13325348496437073
SCP682-SC12-protein-residual	external_sample	gse300551_iccite_plex_kinase_2025	HISTONE_H3_S28	46	ERK_axis	1.2288152220207849e-06
SCP682-SC12-protein-residual	external_sample	gse300551_iccite_plex_kinase_2025	HISTONE_H3_S28	46	NFkB_axis	0.0678454339504242
SCP682-SC12-protein-residual	external_sample	gse300551_iccite_plex_kinase_2025	HISTONE_H3_S28	46	AKT_mTOR_S6_axis	0.08132722228765488
SCP682-SC12-protein-residual	external_sample	gse300551_iccite_plex_kinase_2025	HISTONE_H3_S28	46	cell_cycle	0.0008271756232716143
SCP682-SC12-protein-residual	external_sample	gse300551_iccite_plex_kinase_2025	HISTONE_H3_S28	46	stress_ifn	0.04062173515558243
SCP682-SC12-protein-residual	external_sample	gse300551_iccite_plex_kinase_2025	HISTONE_H3_S28	46	ribosomal	0.1349923461675644
SCP682-SC12-protein-residual	external_sample	gse300551_iccite_plex_kinase_2025	HISTONE_H3_S28	46	random_control	0.12916411459445953
SCP682-SC12-protein-residual	external_sample	gse300551_iccite_plex_kinase_2025	NFE2L2_S40	47	BCR_BTK_axis	1.4354439055269563e-17
SCP682-SC12-protein-residual	external_sample	gse300551_iccite_plex_kinase_2025	NFE2L2_S40	47	BTK_PLCG2_axis	1.5442939836576788e-26
SCP682-SC12-protein-residual	external_sample	gse300551_iccite_plex_kinase_2025	NFE2L2_S40	47	ERK_axis	0.05819135531783104
SCP682-SC12-protein-residual	external_sample	gse300551_iccite_plex_kinase_2025	NFE2L2_S40	47	NFkB_axis	0.023034684360027313
SCP682-SC12-protein-residual	external_sample	gse300551_iccite_plex_kinase_2025	NFE2L2_S40	47	AKT_mTOR_S6_axis	0.1474418044090271
SCP682-SC12-protein-residual	external_sample	gse300551_iccite_plex_kinase_2025	NFE2L2_S40	47	cell_cycle	6.548690976160287e-07
SCP682-SC12-protein-residual	external_sample	gse300551_iccite_plex_kinase_2025	NFE2L2_S40	47	stress_ifn	0.2449653148651123
SCP682-SC12-protein-residual	external_sample	gse300551_iccite_plex_kinase_2025	NFE2L2_S40	47	ribosomal	0.4854166507720947
SCP682-SC12-protein-residual	external_sample	gse300551_iccite_plex_kinase_2025	NFE2L2_S40	47	random_control	0.04094971343874931
SCP682-SC12-protein-residual	external_sample	gse300551_iccite_plex_kinase_2025	AKT_S473	48	BCR_BTK_axis	0.030593473464250565
SCP682-SC12-protein-residual	external_sample	gse300551_iccite_plex_kinase_2025	AKT_S473	48	BTK_PLCG2_axis	0.0007920992793515325
SCP682-SC12-protein-residual	external_sample	gse300551_iccite_plex_kinase_2025	AKT_S473	48	ERK_axis	0.24592600762844086
SCP682-SC12-protein-residual	external_sample	gse300551_iccite_plex_kinase_2025	AKT_S473	48	NFkB_axis	0.06558787822723389
SCP682-SC12-protein-residual	external_sample	gse300551_iccite_plex_kinase_2025	AKT_S473	48	AKT_mTOR_S6_axis	0.12489581108093262
SCP682-SC12-protein-residual	external_sample	gse300551_iccite_plex_kinase_2025	AKT_S473	48	cell_cycle	0.0003490241651888937
SCP682-SC12-protein-residual	external_sample	gse300551_iccite_plex_kinase_2025	AKT_S473	48	stress_ifn	0.06584984064102173
SCP682-SC12-protein-residual	external_sample	gse300551_iccite_plex_kinase_2025	AKT_S473	48	ribosomal	0.3303837180137634
SCP682-SC12-protein-residual	external_sample	gse300551_iccite_plex_kinase_2025	AKT_S473	48	random_control	0.13562197983264923
SCP682-SC12-protein-residual	external_sample	gse300551_iccite_plex_kinase_2025	EIF4EBP1_T37_T46	49	BCR_BTK_axis	0.029667548835277557
SCP682-SC12-protein-residual	external_sample	gse300551_iccite_plex_kinase_2025	EIF4EBP1_T37_T46	49	BTK_PLCG2_axis	0.0007368316291831434
SCP682-SC12-protein-residual	external_sample	gse300551_iccite_plex_kinase_2025	EIF4EBP1_T37_T46	49	ERK_axis	0.24694302678108215
SCP682-SC12-protein-residual	external_sample	gse300551_iccite_plex_kinase_2025	EIF4EBP1_T37_T46	49	NFkB_axis	0.06557579338550568
SCP682-SC12-protein-residual	external_sample	gse300551_iccite_plex_kinase_2025	EIF4EBP1_T37_T46	49	AKT_mTOR_S6_axis	0.1248839870095253
SCP682-SC12-protein-residual	external_sample	gse300551_iccite_plex_kinase_2025	EIF4EBP1_T37_T46	49	cell_cycle	0.0003157253086101264
SCP682-SC12-protein-residual	external_sample	gse300551_iccite_plex_kinase_2025	EIF4EBP1_T37_T46	49	stress_ifn	0.0656481459736824
SCP682-SC12-protein-residual	external_sample	gse300551_iccite_plex_kinase_2025	EIF4EBP1_T37_T46	49	ribosomal	0.33041098713874817
SCP682-SC12-protein-residual	external_sample	gse300551_iccite_plex_kinase_2025	EIF4EBP1_T37_T46	49	random_control	0.13581787049770355
SCP682-SC12-protein-residual	external_sample	gse300551_iccite_plex_kinase_2025	STAT6_Y641	50	BCR_BTK_axis	0.042598068714141846
SCP682-SC12-protein-residual	external_sample	gse300551_iccite_plex_kinase_2025	STAT6_Y641	50	BTK_PLCG2_axis	0.0013046585954725742
SCP682-SC12-protein-residual	external_sample	gse300551_iccite_plex_kinase_2025	STAT6_Y641	50	ERK_axis	0.23690927028656006
SCP682-SC12-protein-residual	external_sample	gse300551_iccite_plex_kinase_2025	STAT6_Y641	50	NFkB_axis	0.06537832319736481
SCP682-SC12-protein-residual	external_sample	gse300551_iccite_plex_kinase_2025	STAT6_Y641	50	AKT_mTOR_S6_axis	0.1242973580956459
SCP682-SC12-protein-residual	external_sample	gse300551_iccite_plex_kinase_2025	STAT6_Y641	50	cell_cycle	0.0010730858193710446
SCP682-SC12-protein-residual	external_sample	gse300551_iccite_plex_kinase_2025	STAT6_Y641	50	stress_ifn	0.06638309359550476
SCP682-SC12-protein-residual	external_sample	gse300551_iccite_plex_kinase_2025	STAT6_Y641	50	ribosomal	0.32623499631881714
SCP682-SC12-protein-residual	external_sample	gse300551_iccite_plex_kinase_2025	STAT6_Y641	50	random_control	0.13582125306129456
SCP682-SC12-protein-residual	external_sample	gse300551_iccite_plex_kinase_2025	ZAP70_Y493	51	BCR_BTK_axis	0.0621175616979599
SCP682-SC12-protein-residual	external_sample	gse300551_iccite_plex_kinase_2025	ZAP70_Y493	51	BTK_PLCG2_axis	0.0014181348960846663
SCP682-SC12-protein-residual	external_sample	gse300551_iccite_plex_kinase_2025	ZAP70_Y493	51	ERK_axis	0.18115143477916718
SCP682-SC12-protein-residual	external_sample	gse300551_iccite_plex_kinase_2025	ZAP70_Y493	51	NFkB_axis	0.13076838850975037
SCP682-SC12-protein-residual	external_sample	gse300551_iccite_plex_kinase_2025	ZAP70_Y493	51	AKT_mTOR_S6_axis	0.061723921447992325
SCP682-SC12-protein-residual	external_sample	gse300551_iccite_plex_kinase_2025	ZAP70_Y493	51	cell_cycle	0.0028304439038038254
SCP682-SC12-protein-residual	external_sample	gse300551_iccite_plex_kinase_2025	ZAP70_Y493	51	stress_ifn	0.03926395624876022
SCP682-SC12-protein-residual	external_sample	gse300551_iccite_plex_kinase_2025	ZAP70_Y493	51	ribosomal	0.3544205129146576
SCP682-SC12-protein-residual	external_sample	gse300551_iccite_plex_kinase_2025	ZAP70_Y493	51	random_control	0.16630572080612183
SCP682-SC12-protein-residual	external_sample	gse300551_iccite_plex_kinase_2025	LCK_Y505	52	BCR_BTK_axis	1.8215355901257586e-19
SCP682-SC12-protein-residual	external_sample	gse300551_iccite_plex_kinase_2025	LCK_Y505	52	BTK_PLCG2_axis	1.324643425043321e-30
SCP682-SC12-protein-residual	external_sample	gse300551_iccite_plex_kinase_2025	LCK_Y505	52	ERK_axis	0.06566353887319565
SCP682-SC12-protein-residual	external_sample	gse300551_iccite_plex_kinase_2025	LCK_Y505	52	NFkB_axis	0.02345033921301365
SCP682-SC12-protein-residual	external_sample	gse300551_iccite_plex_kinase_2025	LCK_Y505	52	AKT_mTOR_S6_axis	0.13650956749916077
SCP682-SC12-protein-residual	external_sample	gse300551_iccite_plex_kinase_2025	LCK_Y505	52	cell_cycle	1.9983451693406096e-06
SCP682-SC12-protein-residual	external_sample	gse300551_iccite_plex_kinase_2025	LCK_Y505	52	stress_ifn	0.2345055192708969
SCP682-SC12-protein-residual	external_sample	gse300551_iccite_plex_kinase_2025	LCK_Y505	52	ribosomal	0.48265132308006287
SCP682-SC12-protein-residual	external_sample	gse300551_iccite_plex_kinase_2025	LCK_Y505	52	random_control	0.057217810302972794
SCP682-SC12-protein-residual	external_sample	gse300551_iccite_plex_kinase_2025	STAT5A_Y694	53	BCR_BTK_axis	0.02967771701514721
SCP682-SC12-protein-residual	external_sample	gse300551_iccite_plex_kinase_2025	STAT5A_Y694	53	BTK_PLCG2_axis	0.0006963834748603404
SCP682-SC12-protein-residual	external_sample	gse300551_iccite_plex_kinase_2025	STAT5A_Y694	53	ERK_axis	0.24708348512649536
SCP682-SC12-protein-residual	external_sample	gse300551_iccite_plex_kinase_2025	STAT5A_Y694	53	NFkB_axis	0.06558751314878464
SCP682-SC12-protein-residual	external_sample	gse300551_iccite_plex_kinase_2025	STAT5A_Y694	53	AKT_mTOR_S6_axis	0.1241132989525795
SCP682-SC12-protein-residual	external_sample	gse300551_iccite_plex_kinase_2025	STAT5A_Y694	53	cell_cycle	0.0003225067048333585
SCP682-SC12-protein-residual	external_sample	gse300551_iccite_plex_kinase_2025	STAT5A_Y694	53	stress_ifn	0.06583844125270844
SCP682-SC12-protein-residual	external_sample	gse300551_iccite_plex_kinase_2025	STAT5A_Y694	53	ribosomal	0.33023256063461304
SCP682-SC12-protein-residual	external_sample	gse300551_iccite_plex_kinase_2025	STAT5A_Y694	53	random_control	0.13644814491271973
SCP682-SC12-protein-residual	external_sample	gse300551_iccite_plex_kinase_2025	PLCG1_Y783	54	BCR_BTK_axis	6.962955819561634e-12
SCP682-SC12-protein-residual	external_sample	gse300551_iccite_plex_kinase_2025	PLCG1_Y783	54	BTK_PLCG2_axis	2.962990909485125e-13
SCP682-SC12-protein-residual	external_sample	gse300551_iccite_plex_kinase_2025	PLCG1_Y783	54	ERK_axis	0.07961104810237885
SCP682-SC12-protein-residual	external_sample	gse300551_iccite_plex_kinase_2025	PLCG1_Y783	54	NFkB_axis	0.10734398663043976
SCP682-SC12-protein-residual	external_sample	gse300551_iccite_plex_kinase_2025	PLCG1_Y783	54	AKT_mTOR_S6_axis	0.1167421042919159
SCP682-SC12-protein-residual	external_sample	gse300551_iccite_plex_kinase_2025	PLCG1_Y783	54	cell_cycle	0.00037804513704031706
SCP682-SC12-protein-residual	external_sample	gse300551_iccite_plex_kinase_2025	PLCG1_Y783	54	stress_ifn	0.027197739109396935
SCP682-SC12-protein-residual	external_sample	gse300551_iccite_plex_kinase_2025	PLCG1_Y783	54	ribosomal	0.4457380771636963
SCP682-SC12-protein-residual	external_sample	gse300551_iccite_plex_kinase_2025	PLCG1_Y783	54	random_control	0.22298932075500488
SCP682-SC12-protein-residual	external_sample	gse300551_iccite_plex_kinase_2025	CTNND1_T310	55	BCR_BTK_axis	0.16760773956775665
SCP682-SC12-protein-residual	external_sample	gse300551_iccite_plex_kinase_2025	CTNND1_T310	55	BTK_PLCG2_axis	0.009488464333117008
SCP682-SC12-protein-residual	external_sample	gse300551_iccite_plex_kinase_2025	CTNND1_T310	55	ERK_axis	0.07601047307252884
SCP682-SC12-protein-residual	external_sample	gse300551_iccite_plex_kinase_2025	CTNND1_T310	55	NFkB_axis	0.09765978157520294
SCP682-SC12-protein-residual	external_sample	gse300551_iccite_plex_kinase_2025	CTNND1_T310	55	AKT_mTOR_S6_axis	0.06867199391126633
SCP682-SC12-protein-residual	external_sample	gse300551_iccite_plex_kinase_2025	CTNND1_T310	55	cell_cycle	0.005241448991000652
SCP682-SC12-protein-residual	external_sample	gse300551_iccite_plex_kinase_2025	CTNND1_T310	55	stress_ifn	0.05617799237370491
SCP682-SC12-protein-residual	external_sample	gse300551_iccite_plex_kinase_2025	CTNND1_T310	55	ribosomal	0.3469695448875427
SCP682-SC12-protein-residual	external_sample	gse300551_iccite_plex_kinase_2025	CTNND1_T310	55	random_control	0.17217229306697845
SCP682-SC12-protein-residual	external_sample	gse300551_iccite_plex_kinase_2025	PDPK1_S241	56	BCR_BTK_axis	0.019359277561306953
SCP682-SC12-protein-residual	external_sample	gse300551_iccite_plex_kinase_2025	PDPK1_S241	56	BTK_PLCG2_axis	0.0004908645641990006
SCP682-SC12-protein-residual	external_sample	gse300551_iccite_plex_kinase_2025	PDPK1_S241	56	ERK_axis	0.24931299686431885
SCP682-SC12-protein-residual	external_sample	gse300551_iccite_plex_kinase_2025	PDPK1_S241	56	NFkB_axis	0.06579946726560593
SCP682-SC12-protein-residual	external_sample	gse300551_iccite_plex_kinase_2025	PDPK1_S241	56	AKT_mTOR_S6_axis	0.11413592845201492
SCP682-SC12-protein-residual	external_sample	gse300551_iccite_plex_kinase_2025	PDPK1_S241	56	cell_cycle	0.0001479140919400379
SCP682-SC12-protein-residual	external_sample	gse300551_iccite_plex_kinase_2025	PDPK1_S241	56	stress_ifn	0.0693543553352356
SCP682-SC12-protein-residual	external_sample	gse300551_iccite_plex_kinase_2025	PDPK1_S241	56	ribosomal	0.33836889266967773
SCP682-SC12-protein-residual	external_sample	gse300551_iccite_plex_kinase_2025	PDPK1_S241	56	random_control	0.14303021132946014
SCP682-SC12-protein-residual	external_sample	gse300551_iccite_plex_kinase_2025	MAP2K4_S257	57	BCR_BTK_axis	1.0902860836381478e-09
SCP682-SC12-protein-residual	external_sample	gse300551_iccite_plex_kinase_2025	MAP2K4_S257	57	BTK_PLCG2_axis	1.5912602832623968e-11
SCP682-SC12-protein-residual	external_sample	gse300551_iccite_plex_kinase_2025	MAP2K4_S257	57	ERK_axis	0.04898740351200104
SCP682-SC12-protein-residual	external_sample	gse300551_iccite_plex_kinase_2025	MAP2K4_S257	57	NFkB_axis	0.1043698787689209
SCP682-SC12-protein-residual	external_sample	gse300551_iccite_plex_kinase_2025	MAP2K4_S257	57	AKT_mTOR_S6_axis	0.08039899170398712
SCP682-SC12-protein-residual	external_sample	gse300551_iccite_plex_kinase_2025	MAP2K4_S257	57	cell_cycle	0.00028496456798166037
SCP682-SC12-protein-residual	external_sample	gse300551_iccite_plex_kinase_2025	MAP2K4_S257	57	stress_ifn	0.27657583355903625
SCP682-SC12-protein-residual	external_sample	gse300551_iccite_plex_kinase_2025	MAP2K4_S257	57	ribosomal	0.37143152952194214
SCP682-SC12-protein-residual	external_sample	gse300551_iccite_plex_kinase_2025	MAP2K4_S257	57	random_control	0.11795113235712051
SCP682-SC12-protein-residual	external_sample	gse300551_iccite_plex_kinase_2025	BTK_Y551	58	BCR_BTK_axis	2.5921779063325405e-17
SCP682-SC12-protein-residual	external_sample	gse300551_iccite_plex_kinase_2025	BTK_Y551	58	BTK_PLCG2_axis	1.479181846989287e-32
SCP682-SC12-protein-residual	external_sample	gse300551_iccite_plex_kinase_2025	BTK_Y551	58	ERK_axis	0.05804489552974701
SCP682-SC12-protein-residual	external_sample	gse300551_iccite_plex_kinase_2025	BTK_Y551	58	NFkB_axis	0.018268702551722527
SCP682-SC12-protein-residual	external_sample	gse300551_iccite_plex_kinase_2025	BTK_Y551	58	AKT_mTOR_S6_axis	0.1381147801876068
SCP682-SC12-protein-residual	external_sample	gse300551_iccite_plex_kinase_2025	BTK_Y551	58	cell_cycle	4.509151452225524e-08
SCP682-SC12-protein-residual	external_sample	gse300551_iccite_plex_kinase_2025	BTK_Y551	58	stress_ifn	0.20188117027282715
SCP682-SC12-protein-residual	external_sample	gse300551_iccite_plex_kinase_2025	BTK_Y551	58	ribosomal	0.4817160367965698
SCP682-SC12-protein-residual	external_sample	gse300551_iccite_plex_kinase_2025	BTK_Y551	58	random_control	0.10197431594133377
SCP682-SC12-protein-residual	external_sample	gse300551_iccite_plex_kinase_2025	H2AFX_S139	59	BCR_BTK_axis	0.41439107060432434
SCP682-SC12-protein-residual	external_sample	gse300551_iccite_plex_kinase_2025	H2AFX_S139	59	BTK_PLCG2_axis	0.13132032752037048
SCP682-SC12-protein-residual	external_sample	gse300551_iccite_plex_kinase_2025	H2AFX_S139	59	ERK_axis	7.0039249067122e-08
SCP682-SC12-protein-residual	external_sample	gse300551_iccite_plex_kinase_2025	H2AFX_S139	59	NFkB_axis	0.06809523701667786
SCP682-SC12-protein-residual	external_sample	gse300551_iccite_plex_kinase_2025	H2AFX_S139	59	AKT_mTOR_S6_axis	0.0862974300980568
SCP682-SC12-protein-residual	external_sample	gse300551_iccite_plex_kinase_2025	H2AFX_S139	59	cell_cycle	0.000811921723652631
SCP682-SC12-protein-residual	external_sample	gse300551_iccite_plex_kinase_2025	H2AFX_S139	59	stress_ifn	0.039247509092092514
SCP682-SC12-protein-residual	external_sample	gse300551_iccite_plex_kinase_2025	H2AFX_S139	59	ribosomal	0.13481655716896057
SCP682-SC12-protein-residual	external_sample	gse300551_iccite_plex_kinase_2025	H2AFX_S139	59	random_control	0.12502019107341766
SCP682-SC12-protein-residual	external_sample	gse300551_iccite_plex_kinase_2025	NDRG1_T346	60	BCR_BTK_axis	0.029569581151008606
SCP682-SC12-protein-residual	external_sample	gse300551_iccite_plex_kinase_2025	NDRG1_T346	60	BTK_PLCG2_axis	0.0007805326022207737
SCP682-SC12-protein-residual	external_sample	gse300551_iccite_plex_kinase_2025	NDRG1_T346	60	ERK_axis	0.2462099939584732
SCP682-SC12-protein-residual	external_sample	gse300551_iccite_plex_kinase_2025	NDRG1_T346	60	NFkB_axis	0.06557511538267136
SCP682-SC12-protein-residual	external_sample	gse300551_iccite_plex_kinase_2025	NDRG1_T346	60	AKT_mTOR_S6_axis	0.124643474817276
SCP682-SC12-protein-residual	external_sample	gse300551_iccite_plex_kinase_2025	NDRG1_T346	60	cell_cycle	0.0003332232590764761
SCP682-SC12-protein-residual	external_sample	gse300551_iccite_plex_kinase_2025	NDRG1_T346	60	stress_ifn	0.0660024955868721
SCP682-SC12-protein-residual	external_sample	gse300551_iccite_plex_kinase_2025	NDRG1_T346	60	ribosomal	0.33126509189605713
SCP682-SC12-protein-residual	external_sample	gse300551_iccite_plex_kinase_2025	NDRG1_T346	60	random_control	0.13562048971652985
SCP682-SC12-protein-residual	external_sample	phospho_seq_blair_2025_phospho_multi	RPS6_pSitePending	0	BCR_BTK_axis	0.08825886994600296
SCP682-SC12-protein-residual	external_sample	phospho_seq_blair_2025_phospho_multi	RPS6_pSitePending	0	BTK_PLCG2_axis	0.07513821125030518
SCP682-SC12-protein-residual	external_sample	phospho_seq_blair_2025_phospho_multi	RPS6_pSitePending	0	ERK_axis	0.12699170410633087
SCP682-SC12-protein-residual	external_sample	phospho_seq_blair_2025_phospho_multi	RPS6_pSitePending	0	NFkB_axis	0.015864333137869835
SCP682-SC12-protein-residual	external_sample	phospho_seq_blair_2025_phospho_multi	RPS6_pSitePending	0	AKT_mTOR_S6_axis	0.11495031416416168
SCP682-SC12-protein-residual	external_sample	phospho_seq_blair_2025_phospho_multi	RPS6_pSitePending	0	cell_cycle	0.00757946353405714
SCP682-SC12-protein-residual	external_sample	phospho_seq_blair_2025_phospho_multi	RPS6_pSitePending	0	stress_ifn	0.18011805415153503
SCP682-SC12-protein-residual	external_sample	phospho_seq_blair_2025_phospho_multi	RPS6_pSitePending	0	ribosomal	0.38935208320617676
SCP682-SC12-protein-residual	external_sample	phospho_seq_blair_2025_phospho_multi	RPS6_pSitePending	0	random_control	0.0017469421727582812
SCP682-SC12-protein-residual	external_sample	phospho_seq_blair_2025_phospho_multi	STAT3_Y705	1	BCR_BTK_axis	0.01076140720397234
SCP682-SC12-protein-residual	external_sample	phospho_seq_blair_2025_phospho_multi	STAT3_Y705	1	BTK_PLCG2_axis	0.0001247875188710168
SCP682-SC12-protein-residual	external_sample	phospho_seq_blair_2025_phospho_multi	STAT3_Y705	1	ERK_axis	0.0018531816313043237
SCP682-SC12-protein-residual	external_sample	phospho_seq_blair_2025_phospho_multi	STAT3_Y705	1	NFkB_axis	0.0019841769244521856
SCP682-SC12-protein-residual	external_sample	phospho_seq_blair_2025_phospho_multi	STAT3_Y705	1	AKT_mTOR_S6_axis	0.24915748834609985
SCP682-SC12-protein-residual	external_sample	phospho_seq_blair_2025_phospho_multi	STAT3_Y705	1	cell_cycle	0.04471435397863388
SCP682-SC12-protein-residual	external_sample	phospho_seq_blair_2025_phospho_multi	STAT3_Y705	1	stress_ifn	0.12411277741193771
SCP682-SC12-protein-residual	external_sample	phospho_seq_blair_2025_phospho_multi	STAT3_Y705	1	ribosomal	0.5667555928230286
SCP682-SC12-protein-residual	external_sample	phospho_seq_blair_2025_phospho_multi	STAT3_Y705	1	random_control	0.0005361768999136984
SCP682-SC12-protein-residual	external_sample	phospho_seq_blair_2025_phospho_multi	MAPK14_pSitePending	2	BCR_BTK_axis	0.01765112206339836
SCP682-SC12-protein-residual	external_sample	phospho_seq_blair_2025_phospho_multi	MAPK14_pSitePending	2	BTK_PLCG2_axis	0.009007079526782036
SCP682-SC12-protein-residual	external_sample	phospho_seq_blair_2025_phospho_multi	MAPK14_pSitePending	2	ERK_axis	0.10252585262060165
SCP682-SC12-protein-residual	external_sample	phospho_seq_blair_2025_phospho_multi	MAPK14_pSitePending	2	NFkB_axis	0.010561313480138779
SCP682-SC12-protein-residual	external_sample	phospho_seq_blair_2025_phospho_multi	MAPK14_pSitePending	2	AKT_mTOR_S6_axis	0.1538456827402115
SCP682-SC12-protein-residual	external_sample	phospho_seq_blair_2025_phospho_multi	MAPK14_pSitePending	2	cell_cycle	0.11035481840372086
SCP682-SC12-protein-residual	external_sample	phospho_seq_blair_2025_phospho_multi	MAPK14_pSitePending	2	stress_ifn	0.18312636017799377
SCP682-SC12-protein-residual	external_sample	phospho_seq_blair_2025_phospho_multi	MAPK14_pSitePending	2	ribosomal	0.4079630374908447
SCP682-SC12-protein-residual	external_sample	phospho_seq_blair_2025_phospho_multi	MAPK14_pSitePending	2	random_control	0.00496475026011467
SCP682-SC12-protein-residual	external_sample	phospho_seq_blair_2025_phospho_multi	AKT_pSitePending	3	BCR_BTK_axis	0.07051395624876022
SCP682-SC12-protein-residual	external_sample	phospho_seq_blair_2025_phospho_multi	AKT_pSitePending	3	BTK_PLCG2_axis	0.0
SCP682-SC12-protein-residual	external_sample	phospho_seq_blair_2025_phospho_multi	AKT_pSitePending	3	ERK_axis	0.035565946251153946
SCP682-SC12-protein-residual	external_sample	phospho_seq_blair_2025_phospho_multi	AKT_pSitePending	3	NFkB_axis	0.16987065970897675
SCP682-SC12-protein-residual	external_sample	phospho_seq_blair_2025_phospho_multi	AKT_pSitePending	3	AKT_mTOR_S6_axis	0.10897435992956161
SCP682-SC12-protein-residual	external_sample	phospho_seq_blair_2025_phospho_multi	AKT_pSitePending	3	cell_cycle	0.0
SCP682-SC12-protein-residual	external_sample	phospho_seq_blair_2025_phospho_multi	AKT_pSitePending	3	stress_ifn	6.969487153013108e-20
SCP682-SC12-protein-residual	external_sample	phospho_seq_blair_2025_phospho_multi	AKT_pSitePending	3	ribosomal	0.36507508158683777
SCP682-SC12-protein-residual	external_sample	phospho_seq_blair_2025_phospho_multi	AKT_pSitePending	3	random_control	0.25
SCP682-SC12-protein-residual	external_sample	phospho_seq_blair_2025_phospho_multi	BTK_pSitePending	4	BCR_BTK_axis	0.06732947379350662
SCP682-SC12-protein-residual	external_sample	phospho_seq_blair_2025_phospho_multi	BTK_pSitePending	4	BTK_PLCG2_axis	3.341101915505018e-40
SCP682-SC12-protein-residual	external_sample	phospho_seq_blair_2025_phospho_multi	BTK_pSitePending	4	ERK_axis	0.038420602679252625
SCP682-SC12-protein-residual	external_sample	phospho_seq_blair_2025_phospho_multi	BTK_pSitePending	4	NFkB_axis	0.17305505275726318
SCP682-SC12-protein-residual	external_sample	phospho_seq_blair_2025_phospho_multi	BTK_pSitePending	4	AKT_mTOR_S6_axis	0.10897435992956161
SCP682-SC12-protein-residual	external_sample	phospho_seq_blair_2025_phospho_multi	BTK_pSitePending	4	cell_cycle	0.0
SCP682-SC12-protein-residual	external_sample	phospho_seq_blair_2025_phospho_multi	BTK_pSitePending	4	stress_ifn	4.1589603576891006e-26
SCP682-SC12-protein-residual	external_sample	phospho_seq_blair_2025_phospho_multi	BTK_pSitePending	4	ribosomal	0.36222052574157715
SCP682-SC12-protein-residual	external_sample	phospho_seq_blair_2025_phospho_multi	BTK_pSitePending	4	random_control	0.25
SCP682-SC12-protein-residual	external_sample	phospho_seq_blair_2025_phospho_multi	CREB1_S133_ATF1_S63	5	BCR_BTK_axis	6.218165088736627e-13
SCP682-SC12-protein-residual	external_sample	phospho_seq_blair_2025_phospho_multi	CREB1_S133_ATF1_S63	5	BTK_PLCG2_axis	9.227317260968038e-13
SCP682-SC12-protein-residual	external_sample	phospho_seq_blair_2025_phospho_multi	CREB1_S133_ATF1_S63	5	ERK_axis	0.0009016463300213218
SCP682-SC12-protein-residual	external_sample	phospho_seq_blair_2025_phospho_multi	CREB1_S133_ATF1_S63	5	NFkB_axis	2.5754662291710417e-10
SCP682-SC12-protein-residual	external_sample	phospho_seq_blair_2025_phospho_multi	CREB1_S133_ATF1_S63	5	AKT_mTOR_S6_axis	0.11337104439735413
SCP682-SC12-protein-residual	external_sample	phospho_seq_blair_2025_phospho_multi	CREB1_S133_ATF1_S63	5	cell_cycle	1.345203236269299e-05
SCP682-SC12-protein-residual	external_sample	phospho_seq_blair_2025_phospho_multi	CREB1_S133_ATF1_S63	5	stress_ifn	0.41611015796661377
SCP682-SC12-protein-residual	external_sample	phospho_seq_blair_2025_phospho_multi	CREB1_S133_ATF1_S63	5	ribosomal	0.4695854187011719
SCP682-SC12-protein-residual	external_sample	phospho_seq_blair_2025_phospho_multi	CREB1_S133_ATF1_S63	5	random_control	1.8281083612237126e-05
SCP682-SC12-protein-residual	external_sample	phospho_seq_blair_2025_phospho_multi	FOS_S32	6	BCR_BTK_axis	0.057194892317056656
SCP682-SC12-protein-residual	external_sample	phospho_seq_blair_2025_phospho_multi	FOS_S32	6	BTK_PLCG2_axis	2.849981639574395e-10
SCP682-SC12-protein-residual	external_sample	phospho_seq_blair_2025_phospho_multi	FOS_S32	6	ERK_axis	0.04975574091076851
SCP682-SC12-protein-residual	external_sample	phospho_seq_blair_2025_phospho_multi	FOS_S32	6	NFkB_axis	0.17947885394096375
SCP682-SC12-protein-residual	external_sample	phospho_seq_blair_2025_phospho_multi	FOS_S32	6	AKT_mTOR_S6_axis	0.08138631284236908
SCP682-SC12-protein-residual	external_sample	phospho_seq_blair_2025_phospho_multi	FOS_S32	6	cell_cycle	4.904726500400108e-27
SCP682-SC12-protein-residual	external_sample	phospho_seq_blair_2025_phospho_multi	FOS_S32	6	stress_ifn	0.02504623495042324
SCP682-SC12-protein-residual	external_sample	phospho_seq_blair_2025_phospho_multi	FOS_S32	6	ribosomal	0.3571379482746124
SCP682-SC12-protein-residual	external_sample	phospho_seq_blair_2025_phospho_multi	FOS_S32	6	random_control	0.25
SCP682-SC12-protein-residual	external_sample	phospho_seq_blair_2025_phospho_multi	HM0025_phospho_p44_42_197G2	7	BCR_BTK_axis	0.016140524297952652
SCP682-SC12-protein-residual	external_sample	phospho_seq_blair_2025_phospho_multi	HM0025_phospho_p44_42_197G2	7	BTK_PLCG2_axis	0.0003192908479832113
SCP682-SC12-protein-residual	external_sample	phospho_seq_blair_2025_phospho_multi	HM0025_phospho_p44_42_197G2	7	ERK_axis	0.09611059725284576
SCP682-SC12-protein-residual	external_sample	phospho_seq_blair_2025_phospho_multi	HM0025_phospho_p44_42_197G2	7	NFkB_axis	0.008936845697462559
SCP682-SC12-protein-residual	external_sample	phospho_seq_blair_2025_phospho_multi	HM0025_phospho_p44_42_197G2	7	AKT_mTOR_S6_axis	0.1758304238319397
SCP682-SC12-protein-residual	external_sample	phospho_seq_blair_2025_phospho_multi	HM0025_phospho_p44_42_197G2	7	cell_cycle	0.10589214414358139
SCP682-SC12-protein-residual	external_sample	phospho_seq_blair_2025_phospho_multi	HM0025_phospho_p44_42_197G2	7	stress_ifn	0.16080671548843384
SCP682-SC12-protein-residual	external_sample	phospho_seq_blair_2025_phospho_multi	HM0025_phospho_p44_42_197G2	7	ribosomal	0.43310707807540894
SCP682-SC12-protein-residual	external_sample	phospho_seq_blair_2025_phospho_multi	HM0025_phospho_p44_42_197G2	7	random_control	0.002856479724869132
SCP682-SC12-protein-residual	external_sample	phospho_seq_blair_2025_phospho_multi	JUN_pSitePending	8	BCR_BTK_axis	0.011779573746025562
SCP682-SC12-protein-residual	external_sample	phospho_seq_blair_2025_phospho_multi	JUN_pSitePending	8	BTK_PLCG2_axis	0.00035488043795339763
SCP682-SC12-protein-residual	external_sample	phospho_seq_blair_2025_phospho_multi	JUN_pSitePending	8	ERK_axis	0.05199076607823372
SCP682-SC12-protein-residual	external_sample	phospho_seq_blair_2025_phospho_multi	JUN_pSitePending	8	NFkB_axis	0.001593584194779396
SCP682-SC12-protein-residual	external_sample	phospho_seq_blair_2025_phospho_multi	JUN_pSitePending	8	AKT_mTOR_S6_axis	0.18822667002677917
SCP682-SC12-protein-residual	external_sample	phospho_seq_blair_2025_phospho_multi	JUN_pSitePending	8	cell_cycle	0.10422170907258987
SCP682-SC12-protein-residual	external_sample	phospho_seq_blair_2025_phospho_multi	JUN_pSitePending	8	stress_ifn	0.13150328397750854
SCP682-SC12-protein-residual	external_sample	phospho_seq_blair_2025_phospho_multi	JUN_pSitePending	8	ribosomal	0.5082939863204956
SCP682-SC12-protein-residual	external_sample	phospho_seq_blair_2025_phospho_multi	JUN_pSitePending	8	random_control	0.002035526093095541
SCP682-SC12-protein-residual	external_sample	phospho_seq_blair_2025_phospho_multi	LAT_Y226	9	BCR_BTK_axis	3.3363101777789117e-12
SCP682-SC12-protein-residual	external_sample	phospho_seq_blair_2025_phospho_multi	LAT_Y226	9	BTK_PLCG2_axis	5.510127076835403e-12
SCP682-SC12-protein-residual	external_sample	phospho_seq_blair_2025_phospho_multi	LAT_Y226	9	ERK_axis	0.00037239419179968536
SCP682-SC12-protein-residual	external_sample	phospho_seq_blair_2025_phospho_multi	LAT_Y226	9	NFkB_axis	1.380995318100986e-09
SCP682-SC12-protein-residual	external_sample	phospho_seq_blair_2025_phospho_multi	LAT_Y226	9	AKT_mTOR_S6_axis	0.13858653604984283
SCP682-SC12-protein-residual	external_sample	phospho_seq_blair_2025_phospho_multi	LAT_Y226	9	cell_cycle	2.1770878447568975e-05
SCP682-SC12-protein-residual	external_sample	phospho_seq_blair_2025_phospho_multi	LAT_Y226	9	stress_ifn	0.4178473651409149
SCP682-SC12-protein-residual	external_sample	phospho_seq_blair_2025_phospho_multi	LAT_Y226	9	ribosomal	0.44314125180244446
SCP682-SC12-protein-residual	external_sample	phospho_seq_blair_2025_phospho_multi	LAT_Y226	9	random_control	3.075793574680574e-05
SCP682-SC12-protein-residual	external_sample	phospho_seq_blair_2025_phospho_multi	LCP2_S376	10	BCR_BTK_axis	0.01897018775343895
SCP682-SC12-protein-residual	external_sample	phospho_seq_blair_2025_phospho_multi	LCP2_S376	10	BTK_PLCG2_axis	1.1051309229515027e-05
SCP682-SC12-protein-residual	external_sample	phospho_seq_blair_2025_phospho_multi	LCP2_S376	10	ERK_axis	0.05829484760761261
SCP682-SC12-protein-residual	external_sample	phospho_seq_blair_2025_phospho_multi	LCP2_S376	10	NFkB_axis	0.006291709840297699
SCP682-SC12-protein-residual	external_sample	phospho_seq_blair_2025_phospho_multi	LCP2_S376	10	AKT_mTOR_S6_axis	0.17077402770519257
SCP682-SC12-protein-residual	external_sample	phospho_seq_blair_2025_phospho_multi	LCP2_S376	10	cell_cycle	0.021925589069724083
SCP682-SC12-protein-residual	external_sample	phospho_seq_blair_2025_phospho_multi	LCP2_S376	10	stress_ifn	0.2000816911458969
SCP682-SC12-protein-residual	external_sample	phospho_seq_blair_2025_phospho_multi	LCP2_S376	10	ribosomal	0.5188091993331909
SCP682-SC12-protein-residual	external_sample	phospho_seq_blair_2025_phospho_multi	LCP2_S376	10	random_control	0.004841707646846771
SCP682-SC12-protein-residual	external_sample	phospho_seq_blair_2025_phospho_multi	MAP2K1_S298	11	BCR_BTK_axis	0.0064257183112204075
SCP682-SC12-protein-residual	external_sample	phospho_seq_blair_2025_phospho_multi	MAP2K1_S298	11	BTK_PLCG2_axis	0.0005860170349478722
SCP682-SC12-protein-residual	external_sample	phospho_seq_blair_2025_phospho_multi	MAP2K1_S298	11	ERK_axis	0.09466076642274857
SCP682-SC12-protein-residual	external_sample	phospho_seq_blair_2025_phospho_multi	MAP2K1_S298	11	NFkB_axis	0.00033597747096791863
SCP682-SC12-protein-residual	external_sample	phospho_seq_blair_2025_phospho_multi	MAP2K1_S298	11	AKT_mTOR_S6_axis	0.17136240005493164
SCP682-SC12-protein-residual	external_sample	phospho_seq_blair_2025_phospho_multi	MAP2K1_S298	11	cell_cycle	0.10490934550762177
SCP682-SC12-protein-residual	external_sample	phospho_seq_blair_2025_phospho_multi	MAP2K1_S298	11	stress_ifn	0.20866751670837402
SCP682-SC12-protein-residual	external_sample	phospho_seq_blair_2025_phospho_multi	MAP2K1_S298	11	ribosomal	0.40928012132644653
SCP682-SC12-protein-residual	external_sample	phospho_seq_blair_2025_phospho_multi	MAP2K1_S298	11	random_control	0.0037721353583037853
SCP682-SC12-protein-residual	external_sample	phospho_seq_blair_2025_phospho_multi	MAPK14_pSitePending_D3F9	12	BCR_BTK_axis	0.004467810969799757
SCP682-SC12-protein-residual	external_sample	phospho_seq_blair_2025_phospho_multi	MAPK14_pSitePending_D3F9	12	BTK_PLCG2_axis	0.0009513933910056949
SCP682-SC12-protein-residual	external_sample	phospho_seq_blair_2025_phospho_multi	MAPK14_pSitePending_D3F9	12	ERK_axis	0.028771094977855682
SCP682-SC12-protein-residual	external_sample	phospho_seq_blair_2025_phospho_multi	MAPK14_pSitePending_D3F9	12	NFkB_axis	0.0031381030566990376
SCP682-SC12-protein-residual	external_sample	phospho_seq_blair_2025_phospho_multi	MAPK14_pSitePending_D3F9	12	AKT_mTOR_S6_axis	0.2237730771303177
SCP682-SC12-protein-residual	external_sample	phospho_seq_blair_2025_phospho_multi	MAPK14_pSitePending_D3F9	12	cell_cycle	0.007243847008794546
SCP682-SC12-protein-residual	external_sample	phospho_seq_blair_2025_phospho_multi	MAPK14_pSitePending_D3F9	12	stress_ifn	0.14140304923057556
SCP682-SC12-protein-residual	external_sample	phospho_seq_blair_2025_phospho_multi	MAPK14_pSitePending_D3F9	12	ribosomal	0.5898591876029968
SCP682-SC12-protein-residual	external_sample	phospho_seq_blair_2025_phospho_multi	MAPK14_pSitePending_D3F9	12	random_control	0.0003924406482838094
SCP682-SC12-protein-residual	external_sample	phospho_seq_blair_2025_phospho_multi	MAPK1_MAPK3_T202_Y204	13	BCR_BTK_axis	0.06518981605768204
SCP682-SC12-protein-residual	external_sample	phospho_seq_blair_2025_phospho_multi	MAPK1_MAPK3_T202_Y204	13	BTK_PLCG2_axis	1.2445054258468747e-35
SCP682-SC12-protein-residual	external_sample	phospho_seq_blair_2025_phospho_multi	MAPK1_MAPK3_T202_Y204	13	ERK_axis	0.0405256561934948
SCP682-SC12-protein-residual	external_sample	phospho_seq_blair_2025_phospho_multi	MAPK1_MAPK3_T202_Y204	13	NFkB_axis	0.17307692766189575
SCP682-SC12-protein-residual	external_sample	phospho_seq_blair_2025_phospho_multi	MAPK1_MAPK3_T202_Y204	13	AKT_mTOR_S6_axis	0.10897435992956161
SCP682-SC12-protein-residual	external_sample	phospho_seq_blair_2025_phospho_multi	MAPK1_MAPK3_T202_Y204	13	cell_cycle	0.0
SCP682-SC12-protein-residual	external_sample	phospho_seq_blair_2025_phospho_multi	MAPK1_MAPK3_T202_Y204	13	stress_ifn	2.1154993335838605e-23
SCP682-SC12-protein-residual	external_sample	phospho_seq_blair_2025_phospho_multi	MAPK1_MAPK3_T202_Y204	13	ribosomal	0.3622332215309143
SCP682-SC12-protein-residual	external_sample	phospho_seq_blair_2025_phospho_multi	MAPK1_MAPK3_T202_Y204	13	random_control	0.25
SCP682-SC12-protein-residual	external_sample	phospho_seq_blair_2025_phospho_multi	MAPK1_MAPK3_pSitePending	14	BCR_BTK_axis	0.06413232535123825
SCP682-SC12-protein-residual	external_sample	phospho_seq_blair_2025_phospho_multi	MAPK1_MAPK3_pSitePending	14	BTK_PLCG2_axis	1.1813214565464748e-35
SCP682-SC12-protein-residual	external_sample	phospho_seq_blair_2025_phospho_multi	MAPK1_MAPK3_pSitePending	14	ERK_axis	0.04159136489033699
SCP682-SC12-protein-residual	external_sample	phospho_seq_blair_2025_phospho_multi	MAPK1_MAPK3_pSitePending	14	NFkB_axis	0.17307692766189575
SCP682-SC12-protein-residual	external_sample	phospho_seq_blair_2025_phospho_multi	MAPK1_MAPK3_pSitePending	14	AKT_mTOR_S6_axis	0.10897435992956161
SCP682-SC12-protein-residual	external_sample	phospho_seq_blair_2025_phospho_multi	MAPK1_MAPK3_pSitePending	14	cell_cycle	0.0
SCP682-SC12-protein-residual	external_sample	phospho_seq_blair_2025_phospho_multi	MAPK1_MAPK3_pSitePending	14	stress_ifn	1.0686367361448854e-23
SCP682-SC12-protein-residual	external_sample	phospho_seq_blair_2025_phospho_multi	MAPK1_MAPK3_pSitePending	14	ribosomal	0.3622250556945801
SCP682-SC12-protein-residual	external_sample	phospho_seq_blair_2025_phospho_multi	MAPK1_MAPK3_pSitePending	14	random_control	0.25
SCP682-SC12-protein-residual	external_sample	phospho_seq_blair_2025_phospho_multi	PLCG2_Y759	15	BCR_BTK_axis	0.0
SCP682-SC12-protein-residual	external_sample	phospho_seq_blair_2025_phospho_multi	PLCG2_Y759	15	BTK_PLCG2_axis	0.0
SCP682-SC12-protein-residual	external_sample	phospho_seq_blair_2025_phospho_multi	PLCG2_Y759	15	ERK_axis	0.044871795922517776
SCP682-SC12-protein-residual	external_sample	phospho_seq_blair_2025_phospho_multi	PLCG2_Y759	15	NFkB_axis	1.5516356159667677e-30
SCP682-SC12-protein-residual	external_sample	phospho_seq_blair_2025_phospho_multi	PLCG2_Y759	15	AKT_mTOR_S6_axis	0.09942740947008133
SCP682-SC12-protein-residual	external_sample	phospho_seq_blair_2025_phospho_multi	PLCG2_Y759	15	cell_cycle	0.00609291298314929
SCP682-SC12-protein-residual	external_sample	phospho_seq_blair_2025_phospho_multi	PLCG2_Y759	15	stress_ifn	0.43932023644447327
SCP682-SC12-protein-residual	external_sample	phospho_seq_blair_2025_phospho_multi	PLCG2_Y759	15	ribosomal	0.41028761863708496
SCP682-SC12-protein-residual	external_sample	phospho_seq_blair_2025_phospho_multi	PLCG2_Y759	15	random_control	1.38600668719846e-08
SCP682-SC12-protein-residual	external_sample	phospho_seq_blair_2025_phospho_multi	PLCG2_pSitePending	16	BCR_BTK_axis	0.06735377758741379
SCP682-SC12-protein-residual	external_sample	phospho_seq_blair_2025_phospho_multi	PLCG2_pSitePending	16	BTK_PLCG2_axis	5.285837937279642e-41
SCP682-SC12-protein-residual	external_sample	phospho_seq_blair_2025_phospho_multi	PLCG2_pSitePending	16	ERK_axis	0.03702092170715332
SCP682-SC12-protein-residual	external_sample	phospho_seq_blair_2025_phospho_multi	PLCG2_pSitePending	16	NFkB_axis	0.1730307638645172
SCP682-SC12-protein-residual	external_sample	phospho_seq_blair_2025_phospho_multi	PLCG2_pSitePending	16	AKT_mTOR_S6_axis	0.10897435992956161
SCP682-SC12-protein-residual	external_sample	phospho_seq_blair_2025_phospho_multi	PLCG2_pSitePending	16	cell_cycle	0.0
SCP682-SC12-protein-residual	external_sample	phospho_seq_blair_2025_phospho_multi	PLCG2_pSitePending	16	stress_ifn	2.0041810018806341e-25
SCP682-SC12-protein-residual	external_sample	phospho_seq_blair_2025_phospho_multi	PLCG2_pSitePending	16	ribosomal	0.36362016201019287
SCP682-SC12-protein-residual	external_sample	phospho_seq_blair_2025_phospho_multi	PLCG2_pSitePending	16	random_control	0.25
SCP682-SC12-protein-residual	external_sample	phospho_seq_blair_2025_phospho_multi	RELA_S536	17	BCR_BTK_axis	0.070517398416996
SCP682-SC12-protein-residual	external_sample	phospho_seq_blair_2025_phospho_multi	RELA_S536	17	BTK_PLCG2_axis	1.5432439989614162e-35
SCP682-SC12-protein-residual	external_sample	phospho_seq_blair_2025_phospho_multi	RELA_S536	17	ERK_axis	0.03611650690436363
SCP682-SC12-protein-residual	external_sample	phospho_seq_blair_2025_phospho_multi	RELA_S536	17	NFkB_axis	0.16986721754074097
SCP682-SC12-protein-residual	external_sample	phospho_seq_blair_2025_phospho_multi	RELA_S536	17	AKT_mTOR_S6_axis	0.10897435992956161
SCP682-SC12-protein-residual	external_sample	phospho_seq_blair_2025_phospho_multi	RELA_S536	17	cell_cycle	1.2526963673770275e-37
SCP682-SC12-protein-residual	external_sample	phospho_seq_blair_2025_phospho_multi	RELA_S536	17	stress_ifn	5.726005721514522e-16
SCP682-SC12-protein-residual	external_sample	phospho_seq_blair_2025_phospho_multi	RELA_S536	17	ribosomal	0.3645245134830475
SCP682-SC12-protein-residual	external_sample	phospho_seq_blair_2025_phospho_multi	RELA_S536	17	random_control	0.25
SCP682-SC12-protein-residual	external_sample	phospho_seq_blair_2025_phospho_multi	RELA_pSitePending_93H1	18	BCR_BTK_axis	0.001199331134557724
SCP682-SC12-protein-residual	external_sample	phospho_seq_blair_2025_phospho_multi	RELA_pSitePending_93H1	18	BTK_PLCG2_axis	4.2826788558159024e-05
SCP682-SC12-protein-residual	external_sample	phospho_seq_blair_2025_phospho_multi	RELA_pSitePending_93H1	18	ERK_axis	0.000259242340689525
SCP682-SC12-protein-residual	external_sample	phospho_seq_blair_2025_phospho_multi	RELA_pSitePending_93H1	18	NFkB_axis	0.00019889214308932424
SCP682-SC12-protein-residual	external_sample	phospho_seq_blair_2025_phospho_multi	RELA_pSitePending_93H1	18	AKT_mTOR_S6_axis	0.2766759693622589
SCP682-SC12-protein-residual	external_sample	phospho_seq_blair_2025_phospho_multi	RELA_pSitePending_93H1	18	cell_cycle	0.009695874527096748
SCP682-SC12-protein-residual	external_sample	phospho_seq_blair_2025_phospho_multi	RELA_pSitePending_93H1	18	stress_ifn	0.14072012901306152
SCP682-SC12-protein-residual	external_sample	phospho_seq_blair_2025_phospho_multi	RELA_pSitePending_93H1	18	ribosomal	0.5711141228675842
SCP682-SC12-protein-residual	external_sample	phospho_seq_blair_2025_phospho_multi	RELA_pSitePending_93H1	18	random_control	9.353606583317742e-05
SCP682-SC12-protein-residual	external_sample	phospho_seq_blair_2025_phospho_multi	STAT5A_STAT5B_Y694_Y699	21	BCR_BTK_axis	1.929616018969682e-06
SCP682-SC12-protein-residual	external_sample	phospho_seq_blair_2025_phospho_multi	STAT5A_STAT5B_Y694_Y699	21	BTK_PLCG2_axis	5.083134055894334e-07
SCP682-SC12-protein-residual	external_sample	phospho_seq_blair_2025_phospho_multi	STAT5A_STAT5B_Y694_Y699	21	ERK_axis	0.00020300205505918711
SCP682-SC12-protein-residual	external_sample	phospho_seq_blair_2025_phospho_multi	STAT5A_STAT5B_Y694_Y699	21	NFkB_axis	7.598140655318275e-06
SCP682-SC12-protein-residual	external_sample	phospho_seq_blair_2025_phospho_multi	STAT5A_STAT5B_Y694_Y699	21	AKT_mTOR_S6_axis	0.1791336089372635
SCP682-SC12-protein-residual	external_sample	phospho_seq_blair_2025_phospho_multi	STAT5A_STAT5B_Y694_Y699	21	cell_cycle	0.0029821216594427824
SCP682-SC12-protein-residual	external_sample	phospho_seq_blair_2025_phospho_multi	STAT5A_STAT5B_Y694_Y699	21	stress_ifn	0.3502727150917053
SCP682-SC12-protein-residual	external_sample	phospho_seq_blair_2025_phospho_multi	STAT5A_STAT5B_Y694_Y699	21	ribosomal	0.4671030640602112
SCP682-SC12-protein-residual	external_sample	phospho_seq_blair_2025_phospho_multi	STAT5A_STAT5B_Y694_Y699	21	random_control	0.0002954633964691311
SCP682-SC12-protein-residual	external_sample	phospho_seq_blair_2025_phospho_multi	SYK_pSitePending	22	BCR_BTK_axis	0.0
SCP682-SC12-protein-residual	external_sample	phospho_seq_blair_2025_phospho_multi	SYK_pSitePending	22	BTK_PLCG2_axis	0.0
SCP682-SC12-protein-residual	external_sample	phospho_seq_blair_2025_phospho_multi	SYK_pSitePending	22	ERK_axis	0.044871795922517776
SCP682-SC12-protein-residual	external_sample	phospho_seq_blair_2025_phospho_multi	SYK_pSitePending	22	NFkB_axis	1.4149179822528553e-31
SCP682-SC12-protein-residual	external_sample	phospho_seq_blair_2025_phospho_multi	SYK_pSitePending	22	AKT_mTOR_S6_axis	0.094187431037426
SCP682-SC12-protein-residual	external_sample	phospho_seq_blair_2025_phospho_multi	SYK_pSitePending	22	cell_cycle	0.0019631413742899895
SCP682-SC12-protein-residual	external_sample	phospho_seq_blair_2025_phospho_multi	SYK_pSitePending	22	stress_ifn	0.439655601978302
SCP682-SC12-protein-residual	external_sample	phospho_seq_blair_2025_phospho_multi	SYK_pSitePending	22	ribosomal	0.41932204365730286
SCP682-SC12-protein-residual	external_sample	phospho_seq_blair_2025_phospho_multi	SYK_pSitePending	22	random_control	5.773613737710542e-14
SCP682-SC12-protein-residual	external_sample	phospho_seq_blair_2025_phospho_multi	p-AMPK-a1/2	23	BCR_BTK_axis	0.0705321803689003
SCP682-SC12-protein-residual	external_sample	phospho_seq_blair_2025_phospho_multi	p-AMPK-a1/2	23	BTK_PLCG2_axis	3.363116314379561e-44
SCP682-SC12-protein-residual	external_sample	phospho_seq_blair_2025_phospho_multi	p-AMPK-a1/2	23	ERK_axis	0.03540666028857231
SCP682-SC12-protein-residual	external_sample	phospho_seq_blair_2025_phospho_multi	p-AMPK-a1/2	23	NFkB_axis	0.16985242068767548
SCP682-SC12-protein-residual	external_sample	phospho_seq_blair_2025_phospho_multi	p-AMPK-a1/2	23	AKT_mTOR_S6_axis	0.10897435992956161
SCP682-SC12-protein-residual	external_sample	phospho_seq_blair_2025_phospho_multi	p-AMPK-a1/2	23	cell_cycle	2.802596928649634e-45
SCP682-SC12-protein-residual	external_sample	phospho_seq_blair_2025_phospho_multi	p-AMPK-a1/2	23	stress_ifn	1.93711658069021e-18
SCP682-SC12-protein-residual	external_sample	phospho_seq_blair_2025_phospho_multi	p-AMPK-a1/2	23	ribosomal	0.365234375
SCP682-SC12-protein-residual	external_sample	phospho_seq_blair_2025_phospho_multi	p-AMPK-a1/2	23	random_control	0.25
SCP682-SC12-protein-residual	external_sample	phospho_seq_blair_2025_phospho_multi	p-AMPK-b1	24	BCR_BTK_axis	0.06731273233890533
SCP682-SC12-protein-residual	external_sample	phospho_seq_blair_2025_phospho_multi	p-AMPK-b1	24	BTK_PLCG2_axis	1.6508234779717443e-39
SCP682-SC12-protein-residual	external_sample	phospho_seq_blair_2025_phospho_multi	p-AMPK-b1	24	ERK_axis	0.038079436868429184
SCP682-SC12-protein-residual	external_sample	phospho_seq_blair_2025_phospho_multi	p-AMPK-b1	24	NFkB_axis	0.17307136952877045
SCP682-SC12-protein-residual	external_sample	phospho_seq_blair_2025_phospho_multi	p-AMPK-b1	24	AKT_mTOR_S6_axis	0.10897435992956161
SCP682-SC12-protein-residual	external_sample	phospho_seq_blair_2025_phospho_multi	p-AMPK-b1	24	cell_cycle	0.0
SCP682-SC12-protein-residual	external_sample	phospho_seq_blair_2025_phospho_multi	p-AMPK-b1	24	stress_ifn	2.833266664215964e-26
SCP682-SC12-protein-residual	external_sample	phospho_seq_blair_2025_phospho_multi	p-AMPK-b1	24	ribosomal	0.3625621199607849
SCP682-SC12-protein-residual	external_sample	phospho_seq_blair_2025_phospho_multi	p-AMPK-b1	24	random_control	0.25
SCP682-SC12-protein-residual	external_sample	phospho_seq_blair_2025_phospho_multi	p-BLNK	25	BCR_BTK_axis	4.624284932271896e-44
SCP682-SC12-protein-residual	external_sample	phospho_seq_blair_2025_phospho_multi	p-BLNK	25	BTK_PLCG2_axis	2.6001390914874264e-34
SCP682-SC12-protein-residual	external_sample	phospho_seq_blair_2025_phospho_multi	p-BLNK	25	ERK_axis	0.04487175866961479
SCP682-SC12-protein-residual	external_sample	phospho_seq_blair_2025_phospho_multi	p-BLNK	25	NFkB_axis	6.6392217377142515e-06
SCP682-SC12-protein-residual	external_sample	phospho_seq_blair_2025_phospho_multi	p-BLNK	25	AKT_mTOR_S6_axis	1.179424875262004e-15
SCP682-SC12-protein-residual	external_sample	phospho_seq_blair_2025_phospho_multi	p-BLNK	25	cell_cycle	7.74724617791378e-10
SCP682-SC12-protein-residual	external_sample	phospho_seq_blair_2025_phospho_multi	p-BLNK	25	stress_ifn	0.49875742197036743
SCP682-SC12-protein-residual	external_sample	phospho_seq_blair_2025_phospho_multi	p-BLNK	25	ribosomal	0.4563642144203186
SCP682-SC12-protein-residual	external_sample	phospho_seq_blair_2025_phospho_multi	p-BLNK	25	random_control	5.134416447560852e-09
SCP682-SC12-protein-residual	external_sample	phospho_seq_blair_2025_phospho_multi	p-CD79a	26	BCR_BTK_axis	0.0
SCP682-SC12-protein-residual	external_sample	phospho_seq_blair_2025_phospho_multi	p-CD79a	26	BTK_PLCG2_axis	0.0
SCP682-SC12-protein-residual	external_sample	phospho_seq_blair_2025_phospho_multi	p-CD79a	26	ERK_axis	0.0448739267885685
SCP682-SC12-protein-residual	external_sample	phospho_seq_blair_2025_phospho_multi	p-CD79a	26	NFkB_axis	3.0734455357206074e-26
SCP682-SC12-protein-residual	external_sample	phospho_seq_blair_2025_phospho_multi	p-CD79a	26	AKT_mTOR_S6_axis	0.01693049632012844
SCP682-SC12-protein-residual	external_sample	phospho_seq_blair_2025_phospho_multi	p-CD79a	26	cell_cycle	1.2693828976944037e-16
SCP682-SC12-protein-residual	external_sample	phospho_seq_blair_2025_phospho_multi	p-CD79a	26	stress_ifn	0.4379678964614868
SCP682-SC12-protein-residual	external_sample	phospho_seq_blair_2025_phospho_multi	p-CD79a	26	ribosomal	0.500227689743042
SCP682-SC12-protein-residual	external_sample	phospho_seq_blair_2025_phospho_multi	p-CD79a	26	random_control	4.07084415615243e-15
SCP682-SC12-protein-residual	external_sample	phospho_seq_blair_2025_phospho_multi	p-CDK1	27	BCR_BTK_axis	0.45305994153022766
SCP682-SC12-protein-residual	external_sample	phospho_seq_blair_2025_phospho_multi	p-CDK1	27	BTK_PLCG2_axis	2.8695591817923136e-29
SCP682-SC12-protein-residual	external_sample	phospho_seq_blair_2025_phospho_multi	p-CDK1	27	ERK_axis	4.212889589556061e-18
SCP682-SC12-protein-residual	external_sample	phospho_seq_blair_2025_phospho_multi	p-CDK1	27	NFkB_axis	0.1907009333372116
SCP682-SC12-protein-residual	external_sample	phospho_seq_blair_2025_phospho_multi	p-CDK1	27	AKT_mTOR_S6_axis	6.892987146013775e-42
SCP682-SC12-protein-residual	external_sample	phospho_seq_blair_2025_phospho_multi	p-CDK1	27	cell_cycle	5.21002769035967e-42
SCP682-SC12-protein-residual	external_sample	phospho_seq_blair_2025_phospho_multi	p-CDK1	27	stress_ifn	0.0
SCP682-SC12-protein-residual	external_sample	phospho_seq_blair_2025_phospho_multi	p-CDK1	27	ribosomal	0.10623909533023834
SCP682-SC12-protein-residual	external_sample	phospho_seq_blair_2025_phospho_multi	p-CDK1	27	random_control	0.25
SCP682-SC12-protein-residual	external_sample	phospho_seq_blair_2025_phospho_multi	p-CDK4	28	BCR_BTK_axis	0.08878268301486969
SCP682-SC12-protein-residual	external_sample	phospho_seq_blair_2025_phospho_multi	p-CDK4	28	BTK_PLCG2_axis	5.100228820020263e-25
SCP682-SC12-protein-residual	external_sample	phospho_seq_blair_2025_phospho_multi	p-CDK4	28	ERK_axis	0.04229757562279701
SCP682-SC12-protein-residual	external_sample	phospho_seq_blair_2025_phospho_multi	p-CDK4	28	NFkB_axis	0.15735995769500732
SCP682-SC12-protein-residual	external_sample	phospho_seq_blair_2025_phospho_multi	p-CDK4	28	AKT_mTOR_S6_axis	0.08957017958164215
SCP682-SC12-protein-residual	external_sample	phospho_seq_blair_2025_phospho_multi	p-CDK4	28	cell_cycle	1.9879212552825816e-32
SCP682-SC12-protein-residual	external_sample	phospho_seq_blair_2025_phospho_multi	p-CDK4	28	stress_ifn	0.01315594743937254
SCP682-SC12-protein-residual	external_sample	phospho_seq_blair_2025_phospho_multi	p-CDK4	28	ribosomal	0.3588336408138275
SCP682-SC12-protein-residual	external_sample	phospho_seq_blair_2025_phospho_multi	p-CDK4	28	random_control	0.25
SCP682-SC12-protein-residual	external_sample	phospho_seq_blair_2025_phospho_multi	p-HistonH2A.X	30	BCR_BTK_axis	0.15059959888458252
SCP682-SC12-protein-residual	external_sample	phospho_seq_blair_2025_phospho_multi	p-HistonH2A.X	30	BTK_PLCG2_axis	4.16829181595802e-17
SCP682-SC12-protein-residual	external_sample	phospho_seq_blair_2025_phospho_multi	p-HistonH2A.X	30	ERK_axis	0.039221372455358505
SCP682-SC12-protein-residual	external_sample	phospho_seq_blair_2025_phospho_multi	p-HistonH2A.X	30	NFkB_axis	0.09940040856599808
SCP682-SC12-protein-residual	external_sample	phospho_seq_blair_2025_phospho_multi	p-HistonH2A.X	30	AKT_mTOR_S6_axis	1.895942712722143e-13
SCP682-SC12-protein-residual	external_sample	phospho_seq_blair_2025_phospho_multi	p-HistonH2A.X	30	cell_cycle	3.6967077120117346e-25
SCP682-SC12-protein-residual	external_sample	phospho_seq_blair_2025_phospho_multi	p-HistonH2A.X	30	stress_ifn	0.14686539769172668
SCP682-SC12-protein-residual	external_sample	phospho_seq_blair_2025_phospho_multi	p-HistonH2A.X	30	ribosomal	0.3139132261276245
SCP682-SC12-protein-residual	external_sample	phospho_seq_blair_2025_phospho_multi	p-HistonH2A.X	30	random_control	0.25
SCP682-SC12-protein-residual	external_sample	phospho_seq_blair_2025_phospho_multi	p-HistonH3	31	BCR_BTK_axis	0.08553206920623779
SCP682-SC12-protein-residual	external_sample	phospho_seq_blair_2025_phospho_multi	p-HistonH3	31	BTK_PLCG2_axis	1.2720006550215662e-40
SCP682-SC12-protein-residual	external_sample	phospho_seq_blair_2025_phospho_multi	p-HistonH3	31	ERK_axis	0.03530136123299599
SCP682-SC12-protein-residual	external_sample	phospho_seq_blair_2025_phospho_multi	p-HistonH3	31	NFkB_axis	0.15805768966674805
SCP682-SC12-protein-residual	external_sample	phospho_seq_blair_2025_phospho_multi	p-HistonH3	31	AKT_mTOR_S6_axis	0.10258112102746964
SCP682-SC12-protein-residual	external_sample	phospho_seq_blair_2025_phospho_multi	p-HistonH3	31	cell_cycle	6.455837359618192e-35
SCP682-SC12-protein-residual	external_sample	phospho_seq_blair_2025_phospho_multi	p-HistonH3	31	stress_ifn	1.0073646990349516e-05
SCP682-SC12-protein-residual	external_sample	phospho_seq_blair_2025_phospho_multi	p-HistonH3	31	ribosomal	0.36851766705513
SCP682-SC12-protein-residual	external_sample	phospho_seq_blair_2025_phospho_multi	p-HistonH3	31	random_control	0.25
SCP682-SC12-protein-residual	external_sample	phospho_seq_blair_2025_phospho_multi	p-IKKa/b	32	BCR_BTK_axis	0.06880274415016174
SCP682-SC12-protein-residual	external_sample	phospho_seq_blair_2025_phospho_multi	p-IKKa/b	32	BTK_PLCG2_axis	5.324934164434305e-43
SCP682-SC12-protein-residual	external_sample	phospho_seq_blair_2025_phospho_multi	p-IKKa/b	32	ERK_axis	0.038448695093393326
SCP682-SC12-protein-residual	external_sample	phospho_seq_blair_2025_phospho_multi	p-IKKa/b	32	NFkB_axis	0.17158186435699463
SCP682-SC12-protein-residual	external_sample	phospho_seq_blair_2025_phospho_multi	p-IKKa/b	32	AKT_mTOR_S6_axis	0.10897435992956161
SCP682-SC12-protein-residual	external_sample	phospho_seq_blair_2025_phospho_multi	p-IKKa/b	32	cell_cycle	0.0
SCP682-SC12-protein-residual	external_sample	phospho_seq_blair_2025_phospho_multi	p-IKKa/b	32	stress_ifn	1.2558464451587677e-24
SCP682-SC12-protein-residual	external_sample	phospho_seq_blair_2025_phospho_multi	p-IKKa/b	32	ribosomal	0.3621923327445984
SCP682-SC12-protein-residual	external_sample	phospho_seq_blair_2025_phospho_multi	p-IKKa/b	32	random_control	0.25
SCP682-SC12-protein-residual	external_sample	phospho_seq_blair_2025_phospho_multi	p-IRAK4	33	BCR_BTK_axis	0.08726605772972107
SCP682-SC12-protein-residual	external_sample	phospho_seq_blair_2025_phospho_multi	p-IRAK4	33	BTK_PLCG2_axis	6.576402827596237e-31
SCP682-SC12-protein-residual	external_sample	phospho_seq_blair_2025_phospho_multi	p-IRAK4	33	ERK_axis	0.04189496114850044
SCP682-SC12-protein-residual	external_sample	phospho_seq_blair_2025_phospho_multi	p-IRAK4	33	NFkB_axis	0.157057523727417
SCP682-SC12-protein-residual	external_sample	phospho_seq_blair_2025_phospho_multi	p-IRAK4	33	AKT_mTOR_S6_axis	0.09981480985879898
SCP682-SC12-protein-residual	external_sample	phospho_seq_blair_2025_phospho_multi	p-IRAK4	33	cell_cycle	4.6575698715773734e-32
SCP682-SC12-protein-residual	external_sample	phospho_seq_blair_2025_phospho_multi	p-IRAK4	33	stress_ifn	0.0032032798044383526
SCP682-SC12-protein-residual	external_sample	phospho_seq_blair_2025_phospho_multi	p-IRAK4	33	ribosomal	0.3607633709907532
SCP682-SC12-protein-residual	external_sample	phospho_seq_blair_2025_phospho_multi	p-IRAK4	33	random_control	0.25
SCP682-SC12-protein-residual	external_sample	phospho_seq_blair_2025_phospho_multi	p-JAK1	34	BCR_BTK_axis	0.0
SCP682-SC12-protein-residual	external_sample	phospho_seq_blair_2025_phospho_multi	p-JAK1	34	BTK_PLCG2_axis	0.0
SCP682-SC12-protein-residual	external_sample	phospho_seq_blair_2025_phospho_multi	p-JAK1	34	ERK_axis	0.044871795922517776
SCP682-SC12-protein-residual	external_sample	phospho_seq_blair_2025_phospho_multi	p-JAK1	34	NFkB_axis	6.832941247702743e-29
SCP682-SC12-protein-residual	external_sample	phospho_seq_blair_2025_phospho_multi	p-JAK1	34	AKT_mTOR_S6_axis	0.08642566204071045
SCP682-SC12-protein-residual	external_sample	phospho_seq_blair_2025_phospho_multi	p-JAK1	34	cell_cycle	0.002632708754390478
SCP682-SC12-protein-residual	external_sample	phospho_seq_blair_2025_phospho_multi	p-JAK1	34	stress_ifn	0.4416252672672272
SCP682-SC12-protein-residual	external_sample	phospho_seq_blair_2025_phospho_multi	p-JAK1	34	ribosomal	0.4244445860385895
SCP682-SC12-protein-residual	external_sample	phospho_seq_blair_2025_phospho_multi	p-JAK1	34	random_control	6.2217733643886355e-15
SCP682-SC12-protein-residual	external_sample	phospho_seq_blair_2025_phospho_multi	p-JNK	35	BCR_BTK_axis	0.06724759936332703
SCP682-SC12-protein-residual	external_sample	phospho_seq_blair_2025_phospho_multi	p-JNK	35	BTK_PLCG2_axis	5.6472145943489766e-39
SCP682-SC12-protein-residual	external_sample	phospho_seq_blair_2025_phospho_multi	p-JNK	35	ERK_axis	0.03811877220869064
SCP682-SC12-protein-residual	external_sample	phospho_seq_blair_2025_phospho_multi	p-JNK	35	NFkB_axis	0.17307689785957336
SCP682-SC12-protein-residual	external_sample	phospho_seq_blair_2025_phospho_multi	p-JNK	35	AKT_mTOR_S6_axis	0.10897435992956161
SCP682-SC12-protein-residual	external_sample	phospho_seq_blair_2025_phospho_multi	p-JNK	35	cell_cycle	0.0
SCP682-SC12-protein-residual	external_sample	phospho_seq_blair_2025_phospho_multi	p-JNK	35	stress_ifn	5.277690923036463e-27
SCP682-SC12-protein-residual	external_sample	phospho_seq_blair_2025_phospho_multi	p-JNK	35	ribosomal	0.36258238554000854
SCP682-SC12-protein-residual	external_sample	phospho_seq_blair_2025_phospho_multi	p-JNK	35	random_control	0.25
SCP682-SC12-protein-residual	external_sample	phospho_seq_blair_2025_phospho_multi	p-PKC-b1	36	BCR_BTK_axis	0.1395779550075531
SCP682-SC12-protein-residual	external_sample	phospho_seq_blair_2025_phospho_multi	p-PKC-b1	36	BTK_PLCG2_axis	2.5566369492490677e-27
SCP682-SC12-protein-residual	external_sample	phospho_seq_blair_2025_phospho_multi	p-PKC-b1	36	ERK_axis	0.03846153989434242
SCP682-SC12-protein-residual	external_sample	phospho_seq_blair_2025_phospho_multi	p-PKC-b1	36	NFkB_axis	0.1104220524430275
SCP682-SC12-protein-residual	external_sample	phospho_seq_blair_2025_phospho_multi	p-PKC-b1	36	AKT_mTOR_S6_axis	0.0673222690820694
SCP682-SC12-protein-residual	external_sample	phospho_seq_blair_2025_phospho_multi	p-PKC-b1	36	cell_cycle	1.9292971244452793e-30
SCP682-SC12-protein-residual	external_sample	phospho_seq_blair_2025_phospho_multi	p-PKC-b1	36	stress_ifn	0.038206346333026886
SCP682-SC12-protein-residual	external_sample	phospho_seq_blair_2025_phospho_multi	p-PKC-b1	36	ribosomal	0.3560098111629486
SCP682-SC12-protein-residual	external_sample	phospho_seq_blair_2025_phospho_multi	p-PKC-b1	36	random_control	0.25
SCP682-SC12-protein-residual	external_sample	phospho_seq_blair_2025_phospho_multi	p-Rb	37	BCR_BTK_axis	0.45243972539901733
SCP682-SC12-protein-residual	external_sample	phospho_seq_blair_2025_phospho_multi	p-Rb	37	BTK_PLCG2_axis	3.708021509951357e-29
SCP682-SC12-protein-residual	external_sample	phospho_seq_blair_2025_phospho_multi	p-Rb	37	ERK_axis	8.106303001390054e-18
SCP682-SC12-protein-residual	external_sample	phospho_seq_blair_2025_phospho_multi	p-Rb	37	NFkB_axis	0.1898782104253769
SCP682-SC12-protein-residual	external_sample	phospho_seq_blair_2025_phospho_multi	p-Rb	37	AKT_mTOR_S6_axis	7.945362292721713e-43
SCP682-SC12-protein-residual	external_sample	phospho_seq_blair_2025_phospho_multi	p-Rb	37	cell_cycle	9.024362110251822e-43
SCP682-SC12-protein-residual	external_sample	phospho_seq_blair_2025_phospho_multi	p-Rb	37	stress_ifn	0.0
SCP682-SC12-protein-residual	external_sample	phospho_seq_blair_2025_phospho_multi	p-Rb	37	ribosomal	0.10768207907676697
SCP682-SC12-protein-residual	external_sample	phospho_seq_blair_2025_phospho_multi	p-Rb	37	random_control	0.25
SCP682-SC12-protein-residual	external_sample	phospho_seq_blair_2025_phospho_multi	p-STAT5	40	BCR_BTK_axis	0.06725513935089111
SCP682-SC12-protein-residual	external_sample	phospho_seq_blair_2025_phospho_multi	p-STAT5	40	BTK_PLCG2_axis	1.3670969727060413e-39
SCP682-SC12-protein-residual	external_sample	phospho_seq_blair_2025_phospho_multi	p-STAT5	40	ERK_axis	0.03846928849816322
SCP682-SC12-protein-residual	external_sample	phospho_seq_blair_2025_phospho_multi	p-STAT5	40	NFkB_axis	0.17307691276073456
SCP682-SC12-protein-residual	external_sample	phospho_seq_blair_2025_phospho_multi	p-STAT5	40	AKT_mTOR_S6_axis	0.10897435992956161
SCP682-SC12-protein-residual	external_sample	phospho_seq_blair_2025_phospho_multi	p-STAT5	40	cell_cycle	0.0
SCP682-SC12-protein-residual	external_sample	phospho_seq_blair_2025_phospho_multi	p-STAT5	40	stress_ifn	3.211873060105802e-25
SCP682-SC12-protein-residual	external_sample	phospho_seq_blair_2025_phospho_multi	p-STAT5	40	ribosomal	0.3622243106365204
SCP682-SC12-protein-residual	external_sample	phospho_seq_blair_2025_phospho_multi	p-STAT5	40	random_control	0.25
SCP682-SC12-protein-residual	external_sample	phospho_seq_blair_2025_phospho_multi	p-STAT6	41	BCR_BTK_axis	0.06731724739074707
SCP682-SC12-protein-residual	external_sample	phospho_seq_blair_2025_phospho_multi	p-STAT6	41	BTK_PLCG2_axis	1.2688757594461219e-41
SCP682-SC12-protein-residual	external_sample	phospho_seq_blair_2025_phospho_multi	p-STAT6	41	ERK_axis	0.03843715786933899
SCP682-SC12-protein-residual	external_sample	phospho_seq_blair_2025_phospho_multi	p-STAT6	41	NFkB_axis	0.17306727170944214
SCP682-SC12-protein-residual	external_sample	phospho_seq_blair_2025_phospho_multi	p-STAT6	41	AKT_mTOR_S6_axis	0.10897435992956161
SCP682-SC12-protein-residual	external_sample	phospho_seq_blair_2025_phospho_multi	p-STAT6	41	cell_cycle	0.0
SCP682-SC12-protein-residual	external_sample	phospho_seq_blair_2025_phospho_multi	p-STAT6	41	stress_ifn	1.9392909061908674e-25
SCP682-SC12-protein-residual	external_sample	phospho_seq_blair_2025_phospho_multi	p-STAT6	41	ribosomal	0.3622039556503296
SCP682-SC12-protein-residual	external_sample	phospho_seq_blair_2025_phospho_multi	p-STAT6	41	random_control	0.25
SCP682-SC12-protein-residual	external_sample	phospho_seq_blair_2025_phospho_multi	p-Src	42	BCR_BTK_axis	0.0
SCP682-SC12-protein-residual	external_sample	phospho_seq_blair_2025_phospho_multi	p-Src	42	BTK_PLCG2_axis	0.0
SCP682-SC12-protein-residual	external_sample	phospho_seq_blair_2025_phospho_multi	p-Src	42	ERK_axis	0.044871795922517776
SCP682-SC12-protein-residual	external_sample	phospho_seq_blair_2025_phospho_multi	p-Src	42	NFkB_axis	5.4841590585079774e-33
SCP682-SC12-protein-residual	external_sample	phospho_seq_blair_2025_phospho_multi	p-Src	42	AKT_mTOR_S6_axis	0.09935896098613739
SCP682-SC12-protein-residual	external_sample	phospho_seq_blair_2025_phospho_multi	p-Src	42	cell_cycle	0.003352224826812744
SCP682-SC12-protein-residual	external_sample	phospho_seq_blair_2025_phospho_multi	p-Src	42	stress_ifn	0.4391343593597412
SCP682-SC12-protein-residual	external_sample	phospho_seq_blair_2025_phospho_multi	p-Src	42	ribosomal	0.41328269243240356
SCP682-SC12-protein-residual	external_sample	phospho_seq_blair_2025_phospho_multi	p-Src	42	random_control	8.684726826579947e-10
SCP682-SC12-protein-residual	external_sample	phospho_seq_blair_2025_phospho_multi	p-TOR	43	BCR_BTK_axis	0.06731584668159485
SCP682-SC12-protein-residual	external_sample	phospho_seq_blair_2025_phospho_multi	p-TOR	43	BTK_PLCG2_axis	1.4814947754381264e-40
SCP682-SC12-protein-residual	external_sample	phospho_seq_blair_2025_phospho_multi	p-TOR	43	ERK_axis	0.03845272213220596
SCP682-SC12-protein-residual	external_sample	phospho_seq_blair_2025_phospho_multi	p-TOR	43	NFkB_axis	0.17306870222091675
SCP682-SC12-protein-residual	external_sample	phospho_seq_blair_2025_phospho_multi	p-TOR	43	AKT_mTOR_S6_axis	0.10897435992956161
SCP682-SC12-protein-residual	external_sample	phospho_seq_blair_2025_phospho_multi	p-TOR	43	cell_cycle	0.0
SCP682-SC12-protein-residual	external_sample	phospho_seq_blair_2025_phospho_multi	p-TOR	43	stress_ifn	1.370520109947652e-22
SCP682-SC12-protein-residual	external_sample	phospho_seq_blair_2025_phospho_multi	p-TOR	43	ribosomal	0.3621883690357208
SCP682-SC12-protein-residual	external_sample	phospho_seq_blair_2025_phospho_multi	p-TOR	43	random_control	0.25
SCP682-SC12-protein-residual	external_sample	phospho_seq_blair_2025_phospho_multi	p-c-Jun	44	BCR_BTK_axis	0.08759573101997375
SCP682-SC12-protein-residual	external_sample	phospho_seq_blair_2025_phospho_multi	p-c-Jun	44	BTK_PLCG2_axis	2.2201267443042285e-24
SCP682-SC12-protein-residual	external_sample	phospho_seq_blair_2025_phospho_multi	p-c-Jun	44	ERK_axis	0.04310049116611481
SCP682-SC12-protein-residual	external_sample	phospho_seq_blair_2025_phospho_multi	p-c-Jun	44	NFkB_axis	0.15775670111179352
SCP682-SC12-protein-residual	external_sample	phospho_seq_blair_2025_phospho_multi	p-c-Jun	44	AKT_mTOR_S6_axis	0.0917656198143959
SCP682-SC12-protein-residual	external_sample	phospho_seq_blair_2025_phospho_multi	p-c-Jun	44	cell_cycle	6.242327333092543e-31
SCP682-SC12-protein-residual	external_sample	phospho_seq_blair_2025_phospho_multi	p-c-Jun	44	stress_ifn	0.010899151675403118
SCP682-SC12-protein-residual	external_sample	phospho_seq_blair_2025_phospho_multi	p-c-Jun	44	ribosomal	0.35888227820396423
SCP682-SC12-protein-residual	external_sample	phospho_seq_blair_2025_phospho_multi	p-c-Jun	44	random_control	0.25
SCP682-SC12-protein-residual	external_sample	phospho_seq_blair_2025_phospho_multi	p-p65	45	BCR_BTK_axis	0.07118383795022964
SCP682-SC12-protein-residual	external_sample	phospho_seq_blair_2025_phospho_multi	p-p65	45	BTK_PLCG2_axis	5.605193857299268e-45
SCP682-SC12-protein-residual	external_sample	phospho_seq_blair_2025_phospho_multi	p-p65	45	ERK_axis	0.03545565530657768
SCP682-SC12-protein-residual	external_sample	phospho_seq_blair_2025_phospho_multi	p-p65	45	NFkB_axis	0.1692008078098297
SCP682-SC12-protein-residual	external_sample	phospho_seq_blair_2025_phospho_multi	p-p65	45	AKT_mTOR_S6_axis	0.10897435992956161
SCP682-SC12-protein-residual	external_sample	phospho_seq_blair_2025_phospho_multi	p-p65	45	cell_cycle	1.401298464324817e-45
SCP682-SC12-protein-residual	external_sample	phospho_seq_blair_2025_phospho_multi	p-p65	45	stress_ifn	7.920419155082897e-21
SCP682-SC12-protein-residual	external_sample	phospho_seq_blair_2025_phospho_multi	p-p65	45	ribosomal	0.36518535017967224
SCP682-SC12-protein-residual	external_sample	phospho_seq_blair_2025_phospho_multi	p-p65	45	random_control	0.25
SCP682-SC12-protein-residual	external_sample	phospho_seq_blair_2025_phospho_multi	HISTONE_H3_S28	46	BCR_BTK_axis	0.45132750272750854
SCP682-SC12-protein-residual	external_sample	phospho_seq_blair_2025_phospho_multi	HISTONE_H3_S28	46	BTK_PLCG2_axis	6.171964418737605e-23
SCP682-SC12-protein-residual	external_sample	phospho_seq_blair_2025_phospho_multi	HISTONE_H3_S28	46	ERK_axis	9.21852871815787e-10
SCP682-SC12-protein-residual	external_sample	phospho_seq_blair_2025_phospho_multi	HISTONE_H3_S28	46	NFkB_axis	0.18112623691558838
SCP682-SC12-protein-residual	external_sample	phospho_seq_blair_2025_phospho_multi	HISTONE_H3_S28	46	AKT_mTOR_S6_axis	3.2617463834703037e-40
SCP682-SC12-protein-residual	external_sample	phospho_seq_blair_2025_phospho_multi	HISTONE_H3_S28	46	cell_cycle	7.521707728002391e-40
SCP682-SC12-protein-residual	external_sample	phospho_seq_blair_2025_phospho_multi	HISTONE_H3_S28	46	stress_ifn	0.0
SCP682-SC12-protein-residual	external_sample	phospho_seq_blair_2025_phospho_multi	HISTONE_H3_S28	46	ribosomal	0.11754629015922546
SCP682-SC12-protein-residual	external_sample	phospho_seq_blair_2025_phospho_multi	HISTONE_H3_S28	46	random_control	0.25
SCP682-SC12-protein-residual	external_sample	phospho_seq_blair_2025_phospho_multi	NFE2L2_S40	47	BCR_BTK_axis	0.0
SCP682-SC12-protein-residual	external_sample	phospho_seq_blair_2025_phospho_multi	NFE2L2_S40	47	BTK_PLCG2_axis	0.0
SCP682-SC12-protein-residual	external_sample	phospho_seq_blair_2025_phospho_multi	NFE2L2_S40	47	ERK_axis	0.044871848076581955
SCP682-SC12-protein-residual	external_sample	phospho_seq_blair_2025_phospho_multi	NFE2L2_S40	47	NFkB_axis	4.229607924324478e-21
SCP682-SC12-protein-residual	external_sample	phospho_seq_blair_2025_phospho_multi	NFE2L2_S40	47	AKT_mTOR_S6_axis	0.06532453745603561
SCP682-SC12-protein-residual	external_sample	phospho_seq_blair_2025_phospho_multi	NFE2L2_S40	47	cell_cycle	5.286172541363321e-11
SCP682-SC12-protein-residual	external_sample	phospho_seq_blair_2025_phospho_multi	NFE2L2_S40	47	stress_ifn	0.44511422514915466
SCP682-SC12-protein-residual	external_sample	phospho_seq_blair_2025_phospho_multi	NFE2L2_S40	47	ribosomal	0.44468939304351807
SCP682-SC12-protein-residual	external_sample	phospho_seq_blair_2025_phospho_multi	NFE2L2_S40	47	random_control	2.9738022347359713e-15
SCP682-SC12-protein-residual	external_sample	phospho_seq_blair_2025_phospho_multi	AKT_S473	48	BCR_BTK_axis	0.07051282376050949
SCP682-SC12-protein-residual	external_sample	phospho_seq_blair_2025_phospho_multi	AKT_S473	48	BTK_PLCG2_axis	6.305843089461677e-44
SCP682-SC12-protein-residual	external_sample	phospho_seq_blair_2025_phospho_multi	AKT_S473	48	ERK_axis	0.035525884479284286
SCP682-SC12-protein-residual	external_sample	phospho_seq_blair_2025_phospho_multi	AKT_S473	48	NFkB_axis	0.16987179219722748
SCP682-SC12-protein-residual	external_sample	phospho_seq_blair_2025_phospho_multi	AKT_S473	48	AKT_mTOR_S6_axis	0.10897435992956161
SCP682-SC12-protein-residual	external_sample	phospho_seq_blair_2025_phospho_multi	AKT_S473	48	cell_cycle	0.0
SCP682-SC12-protein-residual	external_sample	phospho_seq_blair_2025_phospho_multi	AKT_S473	48	stress_ifn	7.335121017042006e-20
SCP682-SC12-protein-residual	external_sample	phospho_seq_blair_2025_phospho_multi	AKT_S473	48	ribosomal	0.36511513590812683
SCP682-SC12-protein-residual	external_sample	phospho_seq_blair_2025_phospho_multi	AKT_S473	48	random_control	0.25
SCP682-SC12-protein-residual	external_sample	phospho_seq_blair_2025_phospho_multi	EIF4EBP1_T37_T46	49	BCR_BTK_axis	0.0705128088593483
SCP682-SC12-protein-residual	external_sample	phospho_seq_blair_2025_phospho_multi	EIF4EBP1_T37_T46	49	BTK_PLCG2_axis	4.203895392974451e-45
SCP682-SC12-protein-residual	external_sample	phospho_seq_blair_2025_phospho_multi	EIF4EBP1_T37_T46	49	ERK_axis	0.035652223974466324
SCP682-SC12-protein-residual	external_sample	phospho_seq_blair_2025_phospho_multi	EIF4EBP1_T37_T46	49	NFkB_axis	0.16987180709838867
SCP682-SC12-protein-residual	external_sample	phospho_seq_blair_2025_phospho_multi	EIF4EBP1_T37_T46	49	AKT_mTOR_S6_axis	0.10897435992956161
SCP682-SC12-protein-residual	external_sample	phospho_seq_blair_2025_phospho_multi	EIF4EBP1_T37_T46	49	cell_cycle	0.0
SCP682-SC12-protein-residual	external_sample	phospho_seq_blair_2025_phospho_multi	EIF4EBP1_T37_T46	49	stress_ifn	1.125533410975485e-21
SCP682-SC12-protein-residual	external_sample	phospho_seq_blair_2025_phospho_multi	EIF4EBP1_T37_T46	49	ribosomal	0.3649888038635254
SCP682-SC12-protein-residual	external_sample	phospho_seq_blair_2025_phospho_multi	EIF4EBP1_T37_T46	49	random_control	0.25
SCP682-SC12-protein-residual	external_sample	phospho_seq_blair_2025_phospho_multi	STAT6_Y641	50	BCR_BTK_axis	0.08009690791368484
SCP682-SC12-protein-residual	external_sample	phospho_seq_blair_2025_phospho_multi	STAT6_Y641	50	BTK_PLCG2_axis	0.0
SCP682-SC12-protein-residual	external_sample	phospho_seq_blair_2025_phospho_multi	STAT6_Y641	50	ERK_axis	0.032284948974847794
SCP682-SC12-protein-residual	external_sample	phospho_seq_blair_2025_phospho_multi	STAT6_Y641	50	NFkB_axis	0.16349196434020996
SCP682-SC12-protein-residual	external_sample	phospho_seq_blair_2025_phospho_multi	STAT6_Y641	50	AKT_mTOR_S6_axis	0.10897399485111237
SCP682-SC12-protein-residual	external_sample	phospho_seq_blair_2025_phospho_multi	STAT6_Y641	50	cell_cycle	3.600398743863068e-37
SCP682-SC12-protein-residual	external_sample	phospho_seq_blair_2025_phospho_multi	STAT6_Y641	50	stress_ifn	1.056241813419987e-18
SCP682-SC12-protein-residual	external_sample	phospho_seq_blair_2025_phospho_multi	STAT6_Y641	50	ribosomal	0.36515218019485474
SCP682-SC12-protein-residual	external_sample	phospho_seq_blair_2025_phospho_multi	STAT6_Y641	50	random_control	0.25
SCP682-SC12-protein-residual	external_sample	phospho_seq_blair_2025_phospho_multi	ZAP70_Y493	51	BCR_BTK_axis	0.07430839538574219
SCP682-SC12-protein-residual	external_sample	phospho_seq_blair_2025_phospho_multi	ZAP70_Y493	51	BTK_PLCG2_axis	5.467590356161844e-13
SCP682-SC12-protein-residual	external_sample	phospho_seq_blair_2025_phospho_multi	ZAP70_Y493	51	ERK_axis	0.04483655095100403
SCP682-SC12-protein-residual	external_sample	phospho_seq_blair_2025_phospho_multi	ZAP70_Y493	51	NFkB_axis	0.16931651532649994
SCP682-SC12-protein-residual	external_sample	phospho_seq_blair_2025_phospho_multi	ZAP70_Y493	51	AKT_mTOR_S6_axis	0.06729074567556381
SCP682-SC12-protein-residual	external_sample	phospho_seq_blair_2025_phospho_multi	ZAP70_Y493	51	cell_cycle	5.3357842886929704e-27
SCP682-SC12-protein-residual	external_sample	phospho_seq_blair_2025_phospho_multi	ZAP70_Y493	51	stress_ifn	0.04466332495212555
SCP682-SC12-protein-residual	external_sample	phospho_seq_blair_2025_phospho_multi	ZAP70_Y493	51	ribosomal	0.3495844304561615
SCP682-SC12-protein-residual	external_sample	phospho_seq_blair_2025_phospho_multi	ZAP70_Y493	51	random_control	0.25
SCP682-SC12-protein-residual	external_sample	phospho_seq_blair_2025_phospho_multi	LCK_Y505	52	BCR_BTK_axis	0.0
SCP682-SC12-protein-residual	external_sample	phospho_seq_blair_2025_phospho_multi	LCK_Y505	52	BTK_PLCG2_axis	0.0
SCP682-SC12-protein-residual	external_sample	phospho_seq_blair_2025_phospho_multi	LCK_Y505	52	ERK_axis	0.044871795922517776
SCP682-SC12-protein-residual	external_sample	phospho_seq_blair_2025_phospho_multi	LCK_Y505	52	NFkB_axis	4.404952302063487e-27
SCP682-SC12-protein-residual	external_sample	phospho_seq_blair_2025_phospho_multi	LCK_Y505	52	AKT_mTOR_S6_axis	0.09191957861185074
SCP682-SC12-protein-residual	external_sample	phospho_seq_blair_2025_phospho_multi	LCK_Y505	52	cell_cycle	0.0008681731997057796
SCP682-SC12-protein-residual	external_sample	phospho_seq_blair_2025_phospho_multi	LCK_Y505	52	stress_ifn	0.4469551146030426
SCP682-SC12-protein-residual	external_sample	phospho_seq_blair_2025_phospho_multi	LCK_Y505	52	ribosomal	0.415385365486145
SCP682-SC12-protein-residual	external_sample	phospho_seq_blair_2025_phospho_multi	LCK_Y505	52	random_control	1.0130359889165032e-14
SCP682-SC12-protein-residual	external_sample	phospho_seq_blair_2025_phospho_multi	STAT5A_Y694	53	BCR_BTK_axis	0.0705128088593483
SCP682-SC12-protein-residual	external_sample	phospho_seq_blair_2025_phospho_multi	STAT5A_Y694	53	BTK_PLCG2_axis	1.401298464324817e-45
SCP682-SC12-protein-residual	external_sample	phospho_seq_blair_2025_phospho_multi	STAT5A_Y694	53	ERK_axis	0.03597570210695267
SCP682-SC12-protein-residual	external_sample	phospho_seq_blair_2025_phospho_multi	STAT5A_Y694	53	NFkB_axis	0.16987180709838867
SCP682-SC12-protein-residual	external_sample	phospho_seq_blair_2025_phospho_multi	STAT5A_Y694	53	AKT_mTOR_S6_axis	0.10897435992956161
SCP682-SC12-protein-residual	external_sample	phospho_seq_blair_2025_phospho_multi	STAT5A_Y694	53	cell_cycle	0.0
SCP682-SC12-protein-residual	external_sample	phospho_seq_blair_2025_phospho_multi	STAT5A_Y694	53	stress_ifn	2.3788750618325513e-22
SCP682-SC12-protein-residual	external_sample	phospho_seq_blair_2025_phospho_multi	STAT5A_Y694	53	ribosomal	0.36466532945632935
SCP682-SC12-protein-residual	external_sample	phospho_seq_blair_2025_phospho_multi	STAT5A_Y694	53	random_control	0.25
SCP682-SC12-protein-residual	external_sample	phospho_seq_blair_2025_phospho_multi	PLCG1_Y783	54	BCR_BTK_axis	6.913165843900053e-41
SCP682-SC12-protein-residual	external_sample	phospho_seq_blair_2025_phospho_multi	PLCG1_Y783	54	BTK_PLCG2_axis	1.64924676737864e-17
SCP682-SC12-protein-residual	external_sample	phospho_seq_blair_2025_phospho_multi	PLCG1_Y783	54	ERK_axis	0.03846155107021332
SCP682-SC12-protein-residual	external_sample	phospho_seq_blair_2025_phospho_multi	PLCG1_Y783	54	NFkB_axis	0.1386372298002243
SCP682-SC12-protein-residual	external_sample	phospho_seq_blair_2025_phospho_multi	PLCG1_Y783	54	AKT_mTOR_S6_axis	0.006602832116186619
SCP682-SC12-protein-residual	external_sample	phospho_seq_blair_2025_phospho_multi	PLCG1_Y783	54	cell_cycle	1.7413610831074067e-10
SCP682-SC12-protein-residual	external_sample	phospho_seq_blair_2025_phospho_multi	PLCG1_Y783	54	stress_ifn	0.13819505274295807
SCP682-SC12-protein-residual	external_sample	phospho_seq_blair_2025_phospho_multi	PLCG1_Y783	54	ribosomal	0.41702699661254883
SCP682-SC12-protein-residual	external_sample	phospho_seq_blair_2025_phospho_multi	PLCG1_Y783	54	random_control	0.26107627153396606
SCP682-SC12-protein-residual	external_sample	phospho_seq_blair_2025_phospho_multi	CTNND1_T310	55	BCR_BTK_axis	0.14111463725566864
SCP682-SC12-protein-residual	external_sample	phospho_seq_blair_2025_phospho_multi	CTNND1_T310	55	BTK_PLCG2_axis	1.2583828656025826e-32
SCP682-SC12-protein-residual	external_sample	phospho_seq_blair_2025_phospho_multi	CTNND1_T310	55	ERK_axis	0.03846174478530884
SCP682-SC12-protein-residual	external_sample	phospho_seq_blair_2025_phospho_multi	CTNND1_T310	55	NFkB_axis	0.10888536274433136
SCP682-SC12-protein-residual	external_sample	phospho_seq_blair_2025_phospho_multi	CTNND1_T310	55	AKT_mTOR_S6_axis	0.06829043477773666
SCP682-SC12-protein-residual	external_sample	phospho_seq_blair_2025_phospho_multi	CTNND1_T310	55	cell_cycle	2.7090112554529805e-21
SCP682-SC12-protein-residual	external_sample	phospho_seq_blair_2025_phospho_multi	CTNND1_T310	55	stress_ifn	0.034054119139909744
SCP682-SC12-protein-residual	external_sample	phospho_seq_blair_2025_phospho_multi	CTNND1_T310	55	ribosomal	0.35919371247291565
SCP682-SC12-protein-residual	external_sample	phospho_seq_blair_2025_phospho_multi	CTNND1_T310	55	random_control	0.25
SCP682-SC12-protein-residual	external_sample	phospho_seq_blair_2025_phospho_multi	PDPK1_S241	56	BCR_BTK_axis	0.0639878511428833
SCP682-SC12-protein-residual	external_sample	phospho_seq_blair_2025_phospho_multi	PDPK1_S241	56	BTK_PLCG2_axis	1.0020779541076195e-22
SCP682-SC12-protein-residual	external_sample	phospho_seq_blair_2025_phospho_multi	PDPK1_S241	56	ERK_axis	0.04166671633720398
SCP682-SC12-protein-residual	external_sample	phospho_seq_blair_2025_phospho_multi	PDPK1_S241	56	NFkB_axis	0.17319151759147644
SCP682-SC12-protein-residual	external_sample	phospho_seq_blair_2025_phospho_multi	PDPK1_S241	56	AKT_mTOR_S6_axis	0.10576915740966797
SCP682-SC12-protein-residual	external_sample	phospho_seq_blair_2025_phospho_multi	PDPK1_S241	56	cell_cycle	1.092843480477316e-35
SCP682-SC12-protein-residual	external_sample	phospho_seq_blair_2025_phospho_multi	PDPK1_S241	56	stress_ifn	0.0032050837762653828
SCP682-SC12-protein-residual	external_sample	phospho_seq_blair_2025_phospho_multi	PDPK1_S241	56	ribosomal	0.3621796667575836
SCP682-SC12-protein-residual	external_sample	phospho_seq_blair_2025_phospho_multi	PDPK1_S241	56	random_control	0.25
SCP682-SC12-protein-residual	external_sample	phospho_seq_blair_2025_phospho_multi	MAP2K4_S257	57	BCR_BTK_axis	2.193024148057428e-20
SCP682-SC12-protein-residual	external_sample	phospho_seq_blair_2025_phospho_multi	MAP2K4_S257	57	BTK_PLCG2_axis	1.1122233293260445e-17
SCP682-SC12-protein-residual	external_sample	phospho_seq_blair_2025_phospho_multi	MAP2K4_S257	57	ERK_axis	0.04486265406012535
SCP682-SC12-protein-residual	external_sample	phospho_seq_blair_2025_phospho_multi	MAP2K4_S257	57	NFkB_axis	2.2301707147676098e-08
SCP682-SC12-protein-residual	external_sample	phospho_seq_blair_2025_phospho_multi	MAP2K4_S257	57	AKT_mTOR_S6_axis	6.582327460868953e-10
SCP682-SC12-protein-residual	external_sample	phospho_seq_blair_2025_phospho_multi	MAP2K4_S257	57	cell_cycle	8.376746336580254e-07
SCP682-SC12-protein-residual	external_sample	phospho_seq_blair_2025_phospho_multi	MAP2K4_S257	57	stress_ifn	0.502547025680542
SCP682-SC12-protein-residual	external_sample	phospho_seq_blair_2025_phospho_multi	MAP2K4_S257	57	ribosomal	0.44237571954727173
SCP682-SC12-protein-residual	external_sample	phospho_seq_blair_2025_phospho_multi	MAP2K4_S257	57	random_control	0.010213734582066536
SCP682-SC12-protein-residual	external_sample	phospho_seq_blair_2025_phospho_multi	BTK_Y551	58	BCR_BTK_axis	0.0
SCP682-SC12-protein-residual	external_sample	phospho_seq_blair_2025_phospho_multi	BTK_Y551	58	BTK_PLCG2_axis	0.0
SCP682-SC12-protein-residual	external_sample	phospho_seq_blair_2025_phospho_multi	BTK_Y551	58	ERK_axis	0.04177584499120712
SCP682-SC12-protein-residual	external_sample	phospho_seq_blair_2025_phospho_multi	BTK_Y551	58	NFkB_axis	0.00023801118368282914
SCP682-SC12-protein-residual	external_sample	phospho_seq_blair_2025_phospho_multi	BTK_Y551	58	AKT_mTOR_S6_axis	0.09921025484800339
SCP682-SC12-protein-residual	external_sample	phospho_seq_blair_2025_phospho_multi	BTK_Y551	58	cell_cycle	0.0033391029573976994
SCP682-SC12-protein-residual	external_sample	phospho_seq_blair_2025_phospho_multi	BTK_Y551	58	stress_ifn	0.5023255348205566
SCP682-SC12-protein-residual	external_sample	phospho_seq_blair_2025_phospho_multi	BTK_Y551	58	ribosomal	0.35311105847358704
SCP682-SC12-protein-residual	external_sample	phospho_seq_blair_2025_phospho_multi	BTK_Y551	58	random_control	1.545964352089868e-07
SCP682-SC12-protein-residual	external_sample	phospho_seq_blair_2025_phospho_multi	H2AFX_S139	59	BCR_BTK_axis	0.44782721996307373
SCP682-SC12-protein-residual	external_sample	phospho_seq_blair_2025_phospho_multi	H2AFX_S139	59	BTK_PLCG2_axis	4.138076768989475e-24
SCP682-SC12-protein-residual	external_sample	phospho_seq_blair_2025_phospho_multi	H2AFX_S139	59	ERK_axis	6.982916747274876e-15
SCP682-SC12-protein-residual	external_sample	phospho_seq_blair_2025_phospho_multi	H2AFX_S139	59	NFkB_axis	0.189035564661026
SCP682-SC12-protein-residual	external_sample	phospho_seq_blair_2025_phospho_multi	H2AFX_S139	59	AKT_mTOR_S6_axis	3.057633249156751e-42
SCP682-SC12-protein-residual	external_sample	phospho_seq_blair_2025_phospho_multi	H2AFX_S139	59	cell_cycle	1.05363631532583e-41
SCP682-SC12-protein-residual	external_sample	phospho_seq_blair_2025_phospho_multi	H2AFX_S139	59	stress_ifn	0.0
SCP682-SC12-protein-residual	external_sample	phospho_seq_blair_2025_phospho_multi	H2AFX_S139	59	ribosomal	0.11313718557357788
SCP682-SC12-protein-residual	external_sample	phospho_seq_blair_2025_phospho_multi	H2AFX_S139	59	random_control	0.25
SCP682-SC12-protein-residual	external_sample	phospho_seq_blair_2025_phospho_multi	NDRG1_T346	60	BCR_BTK_axis	0.07051257789134979
SCP682-SC12-protein-residual	external_sample	phospho_seq_blair_2025_phospho_multi	NDRG1_T346	60	BTK_PLCG2_axis	6.145646649020064e-40
SCP682-SC12-protein-residual	external_sample	phospho_seq_blair_2025_phospho_multi	NDRG1_T346	60	ERK_axis	0.03569742292165756
SCP682-SC12-protein-residual	external_sample	phospho_seq_blair_2025_phospho_multi	NDRG1_T346	60	NFkB_axis	0.16987204551696777
SCP682-SC12-protein-residual	external_sample	phospho_seq_blair_2025_phospho_multi	NDRG1_T346	60	AKT_mTOR_S6_axis	0.10897435992956161
SCP682-SC12-protein-residual	external_sample	phospho_seq_blair_2025_phospho_multi	NDRG1_T346	60	cell_cycle	3.2229864679470793e-44
SCP682-SC12-protein-residual	external_sample	phospho_seq_blair_2025_phospho_multi	NDRG1_T346	60	stress_ifn	1.069320366085063e-18
SCP682-SC12-protein-residual	external_sample	phospho_seq_blair_2025_phospho_multi	NDRG1_T346	60	ribosomal	0.36494359374046326
SCP682-SC12-protein-residual	external_sample	phospho_seq_blair_2025_phospho_multi	NDRG1_T346	60	random_control	0.25
SCP682-SC12-protein-residual	external_sample	signal_seq_gse256403_hela_2024	RPS6_pSitePending	0	BCR_BTK_axis	0.08629143238067627
SCP682-SC12-protein-residual	external_sample	signal_seq_gse256403_hela_2024	RPS6_pSitePending	0	BTK_PLCG2_axis	0.08553086966276169
SCP682-SC12-protein-residual	external_sample	signal_seq_gse256403_hela_2024	RPS6_pSitePending	0	ERK_axis	0.031805045902729034
SCP682-SC12-protein-residual	external_sample	signal_seq_gse256403_hela_2024	RPS6_pSitePending	0	NFkB_axis	0.18846875429153442
SCP682-SC12-protein-residual	external_sample	signal_seq_gse256403_hela_2024	RPS6_pSitePending	0	AKT_mTOR_S6_axis	0.15220557153224945
SCP682-SC12-protein-residual	external_sample	signal_seq_gse256403_hela_2024	RPS6_pSitePending	0	cell_cycle	0.018759550526738167
SCP682-SC12-protein-residual	external_sample	signal_seq_gse256403_hela_2024	RPS6_pSitePending	0	stress_ifn	0.04202258959412575
SCP682-SC12-protein-residual	external_sample	signal_seq_gse256403_hela_2024	RPS6_pSitePending	0	ribosomal	0.39110705256462097
SCP682-SC12-protein-residual	external_sample	signal_seq_gse256403_hela_2024	RPS6_pSitePending	0	random_control	0.0038091905880719423
SCP682-SC12-protein-residual	external_sample	signal_seq_gse256403_hela_2024	STAT3_Y705	1	BCR_BTK_axis	0.004083892796188593
SCP682-SC12-protein-residual	external_sample	signal_seq_gse256403_hela_2024	STAT3_Y705	1	BTK_PLCG2_axis	0.00032514819758944213
SCP682-SC12-protein-residual	external_sample	signal_seq_gse256403_hela_2024	STAT3_Y705	1	ERK_axis	0.05038938298821449
SCP682-SC12-protein-residual	external_sample	signal_seq_gse256403_hela_2024	STAT3_Y705	1	NFkB_axis	0.006024735979735851
SCP682-SC12-protein-residual	external_sample	signal_seq_gse256403_hela_2024	STAT3_Y705	1	AKT_mTOR_S6_axis	0.27512115240097046
SCP682-SC12-protein-residual	external_sample	signal_seq_gse256403_hela_2024	STAT3_Y705	1	cell_cycle	0.02017427794635296
SCP682-SC12-protein-residual	external_sample	signal_seq_gse256403_hela_2024	STAT3_Y705	1	stress_ifn	0.1746596246957779
SCP682-SC12-protein-residual	external_sample	signal_seq_gse256403_hela_2024	STAT3_Y705	1	ribosomal	0.4567956030368805
SCP682-SC12-protein-residual	external_sample	signal_seq_gse256403_hela_2024	STAT3_Y705	1	random_control	0.012426209636032581
SCP682-SC12-protein-residual	external_sample	signal_seq_gse256403_hela_2024	MAPK14_pSitePending	2	BCR_BTK_axis	0.0062342481687664986
SCP682-SC12-protein-residual	external_sample	signal_seq_gse256403_hela_2024	MAPK14_pSitePending	2	BTK_PLCG2_axis	0.01281976792961359
SCP682-SC12-protein-residual	external_sample	signal_seq_gse256403_hela_2024	MAPK14_pSitePending	2	ERK_axis	0.13309527933597565
SCP682-SC12-protein-residual	external_sample	signal_seq_gse256403_hela_2024	MAPK14_pSitePending	2	NFkB_axis	0.09751344472169876
SCP682-SC12-protein-residual	external_sample	signal_seq_gse256403_hela_2024	MAPK14_pSitePending	2	AKT_mTOR_S6_axis	0.21157297492027283
SCP682-SC12-protein-residual	external_sample	signal_seq_gse256403_hela_2024	MAPK14_pSitePending	2	cell_cycle	0.09938259422779083
SCP682-SC12-protein-residual	external_sample	signal_seq_gse256403_hela_2024	MAPK14_pSitePending	2	stress_ifn	0.14400993287563324
SCP682-SC12-protein-residual	external_sample	signal_seq_gse256403_hela_2024	MAPK14_pSitePending	2	ribosomal	0.2903642952442169
SCP682-SC12-protein-residual	external_sample	signal_seq_gse256403_hela_2024	MAPK14_pSitePending	2	random_control	0.005007349886000156
SCP682-SC12-protein-residual	external_sample	signal_seq_gse256403_hela_2024	AKT_pSitePending	3	BCR_BTK_axis	0.02272539772093296
SCP682-SC12-protein-residual	external_sample	signal_seq_gse256403_hela_2024	AKT_pSitePending	3	BTK_PLCG2_axis	1.8654958466868266e-06
SCP682-SC12-protein-residual	external_sample	signal_seq_gse256403_hela_2024	AKT_pSitePending	3	ERK_axis	0.158851757645607
SCP682-SC12-protein-residual	external_sample	signal_seq_gse256403_hela_2024	AKT_pSitePending	3	NFkB_axis	0.1250000149011612
SCP682-SC12-protein-residual	external_sample	signal_seq_gse256403_hela_2024	AKT_pSitePending	3	AKT_mTOR_S6_axis	0.12370423972606659
SCP682-SC12-protein-residual	external_sample	signal_seq_gse256403_hela_2024	AKT_pSitePending	3	cell_cycle	3.56733715677319e-21
SCP682-SC12-protein-residual	external_sample	signal_seq_gse256403_hela_2024	AKT_pSitePending	3	stress_ifn	0.017047511413693428
SCP682-SC12-protein-residual	external_sample	signal_seq_gse256403_hela_2024	AKT_pSitePending	3	ribosomal	0.3241007328033447
SCP682-SC12-protein-residual	external_sample	signal_seq_gse256403_hela_2024	AKT_pSitePending	3	random_control	0.22856849431991577
SCP682-SC12-protein-residual	external_sample	signal_seq_gse256403_hela_2024	BTK_pSitePending	4	BCR_BTK_axis	0.01694829948246479
SCP682-SC12-protein-residual	external_sample	signal_seq_gse256403_hela_2024	BTK_pSitePending	4	BTK_PLCG2_axis	0.005044786259531975
SCP682-SC12-protein-residual	external_sample	signal_seq_gse256403_hela_2024	BTK_pSitePending	4	ERK_axis	0.15909039974212646
SCP682-SC12-protein-residual	external_sample	signal_seq_gse256403_hela_2024	BTK_pSitePending	4	NFkB_axis	0.12573419511318207
SCP682-SC12-protein-residual	external_sample	signal_seq_gse256403_hela_2024	BTK_pSitePending	4	AKT_mTOR_S6_axis	0.11933045834302902
SCP682-SC12-protein-residual	external_sample	signal_seq_gse256403_hela_2024	BTK_pSitePending	4	cell_cycle	2.5261537460901746e-25
SCP682-SC12-protein-residual	external_sample	signal_seq_gse256403_hela_2024	BTK_pSitePending	4	stress_ifn	0.017052270472049713
SCP682-SC12-protein-residual	external_sample	signal_seq_gse256403_hela_2024	BTK_pSitePending	4	ribosomal	0.3238573372364044
SCP682-SC12-protein-residual	external_sample	signal_seq_gse256403_hela_2024	BTK_pSitePending	4	random_control	0.23294228315353394
SCP682-SC12-protein-residual	external_sample	signal_seq_gse256403_hela_2024	CREB1_S133_ATF1_S63	5	BCR_BTK_axis	1.245769871809077e-12
SCP682-SC12-protein-residual	external_sample	signal_seq_gse256403_hela_2024	CREB1_S133_ATF1_S63	5	BTK_PLCG2_axis	5.825041782259177e-09
SCP682-SC12-protein-residual	external_sample	signal_seq_gse256403_hela_2024	CREB1_S133_ATF1_S63	5	ERK_axis	0.05372868850827217
SCP682-SC12-protein-residual	external_sample	signal_seq_gse256403_hela_2024	CREB1_S133_ATF1_S63	5	NFkB_axis	0.008457218296825886
SCP682-SC12-protein-residual	external_sample	signal_seq_gse256403_hela_2024	CREB1_S133_ATF1_S63	5	AKT_mTOR_S6_axis	0.21945157647132874
SCP682-SC12-protein-residual	external_sample	signal_seq_gse256403_hela_2024	CREB1_S133_ATF1_S63	5	cell_cycle	0.00017931376351043582
SCP682-SC12-protein-residual	external_sample	signal_seq_gse256403_hela_2024	CREB1_S133_ATF1_S63	5	stress_ifn	0.3760767877101898
SCP682-SC12-protein-residual	external_sample	signal_seq_gse256403_hela_2024	CREB1_S133_ATF1_S63	5	ribosomal	0.34063759446144104
SCP682-SC12-protein-residual	external_sample	signal_seq_gse256403_hela_2024	CREB1_S133_ATF1_S63	5	random_control	0.0014688883675262332
SCP682-SC12-protein-residual	external_sample	signal_seq_gse256403_hela_2024	FOS_S32	6	BCR_BTK_axis	0.005675769876688719
SCP682-SC12-protein-residual	external_sample	signal_seq_gse256403_hela_2024	FOS_S32	6	BTK_PLCG2_axis	0.001124942908063531
SCP682-SC12-protein-residual	external_sample	signal_seq_gse256403_hela_2024	FOS_S32	6	ERK_axis	0.15909695625305176
SCP682-SC12-protein-residual	external_sample	signal_seq_gse256403_hela_2024	FOS_S32	6	NFkB_axis	0.1409331113100052
SCP682-SC12-protein-residual	external_sample	signal_seq_gse256403_hela_2024	FOS_S32	6	AKT_mTOR_S6_axis	0.09658706933259964
SCP682-SC12-protein-residual	external_sample	signal_seq_gse256403_hela_2024	FOS_S32	6	cell_cycle	1.0832034552934232e-18
SCP682-SC12-protein-residual	external_sample	signal_seq_gse256403_hela_2024	FOS_S32	6	stress_ifn	0.04007044807076454
SCP682-SC12-protein-residual	external_sample	signal_seq_gse256403_hela_2024	FOS_S32	6	ribosomal	0.3065243065357208
SCP682-SC12-protein-residual	external_sample	signal_seq_gse256403_hela_2024	FOS_S32	6	random_control	0.2499873787164688
SCP682-SC12-protein-residual	external_sample	signal_seq_gse256403_hela_2024	HM0025_phospho_p44_42_197G2	7	BCR_BTK_axis	0.0023128902539610863
SCP682-SC12-protein-residual	external_sample	signal_seq_gse256403_hela_2024	HM0025_phospho_p44_42_197G2	7	BTK_PLCG2_axis	0.0020951537881046534
SCP682-SC12-protein-residual	external_sample	signal_seq_gse256403_hela_2024	HM0025_phospho_p44_42_197G2	7	ERK_axis	0.13817459344863892
SCP682-SC12-protein-residual	external_sample	signal_seq_gse256403_hela_2024	HM0025_phospho_p44_42_197G2	7	NFkB_axis	0.06100401654839516
SCP682-SC12-protein-residual	external_sample	signal_seq_gse256403_hela_2024	HM0025_phospho_p44_42_197G2	7	AKT_mTOR_S6_axis	0.248093843460083
SCP682-SC12-protein-residual	external_sample	signal_seq_gse256403_hela_2024	HM0025_phospho_p44_42_197G2	7	cell_cycle	0.07847771048545837
SCP682-SC12-protein-residual	external_sample	signal_seq_gse256403_hela_2024	HM0025_phospho_p44_42_197G2	7	stress_ifn	0.13238143920898438
SCP682-SC12-protein-residual	external_sample	signal_seq_gse256403_hela_2024	HM0025_phospho_p44_42_197G2	7	ribosomal	0.3299892544746399
SCP682-SC12-protein-residual	external_sample	signal_seq_gse256403_hela_2024	HM0025_phospho_p44_42_197G2	7	random_control	0.007471068296581507
SCP682-SC12-protein-residual	external_sample	signal_seq_gse256403_hela_2024	JUN_pSitePending	8	BCR_BTK_axis	0.006813165731728077
SCP682-SC12-protein-residual	external_sample	signal_seq_gse256403_hela_2024	JUN_pSitePending	8	BTK_PLCG2_axis	0.0009587106760591269
SCP682-SC12-protein-residual	external_sample	signal_seq_gse256403_hela_2024	JUN_pSitePending	8	ERK_axis	0.11094872653484344
SCP682-SC12-protein-residual	external_sample	signal_seq_gse256403_hela_2024	JUN_pSitePending	8	NFkB_axis	0.012142550200223923
SCP682-SC12-protein-residual	external_sample	signal_seq_gse256403_hela_2024	JUN_pSitePending	8	AKT_mTOR_S6_axis	0.21883068978786469
SCP682-SC12-protein-residual	external_sample	signal_seq_gse256403_hela_2024	JUN_pSitePending	8	cell_cycle	0.05690307542681694
SCP682-SC12-protein-residual	external_sample	signal_seq_gse256403_hela_2024	JUN_pSitePending	8	stress_ifn	0.18835587799549103
SCP682-SC12-protein-residual	external_sample	signal_seq_gse256403_hela_2024	JUN_pSitePending	8	ribosomal	0.3836055099964142
SCP682-SC12-protein-residual	external_sample	signal_seq_gse256403_hela_2024	JUN_pSitePending	8	random_control	0.02144169621169567
SCP682-SC12-protein-residual	external_sample	signal_seq_gse256403_hela_2024	LAT_Y226	9	BCR_BTK_axis	6.919634570196065e-12
SCP682-SC12-protein-residual	external_sample	signal_seq_gse256403_hela_2024	LAT_Y226	9	BTK_PLCG2_axis	1.6113233414216666e-08
SCP682-SC12-protein-residual	external_sample	signal_seq_gse256403_hela_2024	LAT_Y226	9	ERK_axis	0.05330369248986244
SCP682-SC12-protein-residual	external_sample	signal_seq_gse256403_hela_2024	LAT_Y226	9	NFkB_axis	0.00273578311316669
SCP682-SC12-protein-residual	external_sample	signal_seq_gse256403_hela_2024	LAT_Y226	9	AKT_mTOR_S6_axis	0.24253053963184357
SCP682-SC12-protein-residual	external_sample	signal_seq_gse256403_hela_2024	LAT_Y226	9	cell_cycle	0.00020973030768800527
SCP682-SC12-protein-residual	external_sample	signal_seq_gse256403_hela_2024	LAT_Y226	9	stress_ifn	0.3773636519908905
SCP682-SC12-protein-residual	external_sample	signal_seq_gse256403_hela_2024	LAT_Y226	9	ribosomal	0.3174937069416046
SCP682-SC12-protein-residual	external_sample	signal_seq_gse256403_hela_2024	LAT_Y226	9	random_control	0.006362937856465578
SCP682-SC12-protein-residual	external_sample	signal_seq_gse256403_hela_2024	LCP2_S376	10	BCR_BTK_axis	0.003450970398262143
SCP682-SC12-protein-residual	external_sample	signal_seq_gse256403_hela_2024	LCP2_S376	10	BTK_PLCG2_axis	0.00029531566542573273
SCP682-SC12-protein-residual	external_sample	signal_seq_gse256403_hela_2024	LCP2_S376	10	ERK_axis	0.12097713351249695
SCP682-SC12-protein-residual	external_sample	signal_seq_gse256403_hela_2024	LCP2_S376	10	NFkB_axis	0.028288058936595917
SCP682-SC12-protein-residual	external_sample	signal_seq_gse256403_hela_2024	LCP2_S376	10	AKT_mTOR_S6_axis	0.26923152804374695
SCP682-SC12-protein-residual	external_sample	signal_seq_gse256403_hela_2024	LCP2_S376	10	cell_cycle	0.02284994162619114
SCP682-SC12-protein-residual	external_sample	signal_seq_gse256403_hela_2024	LCP2_S376	10	stress_ifn	0.11722979694604874
SCP682-SC12-protein-residual	external_sample	signal_seq_gse256403_hela_2024	LCP2_S376	10	ribosomal	0.418946236371994
SCP682-SC12-protein-residual	external_sample	signal_seq_gse256403_hela_2024	LCP2_S376	10	random_control	0.018731042742729187
SCP682-SC12-protein-residual	external_sample	signal_seq_gse256403_hela_2024	MAP2K1_S298	11	BCR_BTK_axis	0.0005831673624925315
SCP682-SC12-protein-residual	external_sample	signal_seq_gse256403_hela_2024	MAP2K1_S298	11	BTK_PLCG2_axis	0.0026985846925526857
SCP682-SC12-protein-residual	external_sample	signal_seq_gse256403_hela_2024	MAP2K1_S298	11	ERK_axis	0.14149588346481323
SCP682-SC12-protein-residual	external_sample	signal_seq_gse256403_hela_2024	MAP2K1_S298	11	NFkB_axis	0.05015752464532852
SCP682-SC12-protein-residual	external_sample	signal_seq_gse256403_hela_2024	MAP2K1_S298	11	AKT_mTOR_S6_axis	0.24034413695335388
SCP682-SC12-protein-residual	external_sample	signal_seq_gse256403_hela_2024	MAP2K1_S298	11	cell_cycle	0.07972709089517593
SCP682-SC12-protein-residual	external_sample	signal_seq_gse256403_hela_2024	MAP2K1_S298	11	stress_ifn	0.17852847278118134
SCP682-SC12-protein-residual	external_sample	signal_seq_gse256403_hela_2024	MAP2K1_S298	11	ribosomal	0.29833340644836426
SCP682-SC12-protein-residual	external_sample	signal_seq_gse256403_hela_2024	MAP2K1_S298	11	random_control	0.008131694979965687
SCP682-SC12-protein-residual	external_sample	signal_seq_gse256403_hela_2024	MAPK14_pSitePending_D3F9	12	BCR_BTK_axis	0.0015469645150005817
SCP682-SC12-protein-residual	external_sample	signal_seq_gse256403_hela_2024	MAPK14_pSitePending_D3F9	12	BTK_PLCG2_axis	0.0004778399888891727
SCP682-SC12-protein-residual	external_sample	signal_seq_gse256403_hela_2024	MAPK14_pSitePending_D3F9	12	ERK_axis	0.08093863725662231
SCP682-SC12-protein-residual	external_sample	signal_seq_gse256403_hela_2024	MAPK14_pSitePending_D3F9	12	NFkB_axis	0.0018153011333197355
SCP682-SC12-protein-residual	external_sample	signal_seq_gse256403_hela_2024	MAPK14_pSitePending_D3F9	12	AKT_mTOR_S6_axis	0.21288137137889862
SCP682-SC12-protein-residual	external_sample	signal_seq_gse256403_hela_2024	MAPK14_pSitePending_D3F9	12	cell_cycle	0.002225708682090044
SCP682-SC12-protein-residual	external_sample	signal_seq_gse256403_hela_2024	MAPK14_pSitePending_D3F9	12	stress_ifn	0.20569954812526703
SCP682-SC12-protein-residual	external_sample	signal_seq_gse256403_hela_2024	MAPK14_pSitePending_D3F9	12	ribosomal	0.4653151333332062
SCP682-SC12-protein-residual	external_sample	signal_seq_gse256403_hela_2024	MAPK14_pSitePending_D3F9	12	random_control	0.029099496081471443
SCP682-SC12-protein-residual	external_sample	signal_seq_gse256403_hela_2024	MAPK1_MAPK3_T202_Y204	13	BCR_BTK_axis	0.0058257849887013435
SCP682-SC12-protein-residual	external_sample	signal_seq_gse256403_hela_2024	MAPK1_MAPK3_T202_Y204	13	BTK_PLCG2_axis	0.004615756217390299
SCP682-SC12-protein-residual	external_sample	signal_seq_gse256403_hela_2024	MAPK1_MAPK3_T202_Y204	13	ERK_axis	0.15909044444561005
SCP682-SC12-protein-residual	external_sample	signal_seq_gse256403_hela_2024	MAPK1_MAPK3_T202_Y204	13	NFkB_axis	0.1372857242822647
SCP682-SC12-protein-residual	external_sample	signal_seq_gse256403_hela_2024	MAPK1_MAPK3_T202_Y204	13	AKT_mTOR_S6_axis	0.11931911110877991
SCP682-SC12-protein-residual	external_sample	signal_seq_gse256403_hela_2024	MAPK1_MAPK3_T202_Y204	13	cell_cycle	7.193947691685019e-27
SCP682-SC12-protein-residual	external_sample	signal_seq_gse256403_hela_2024	MAPK1_MAPK3_T202_Y204	13	stress_ifn	0.017047833651304245
SCP682-SC12-protein-residual	external_sample	signal_seq_gse256403_hela_2024	MAPK1_MAPK3_T202_Y204	13	ribosomal	0.3238617181777954
SCP682-SC12-protein-residual	external_sample	signal_seq_gse256403_hela_2024	MAPK1_MAPK3_T202_Y204	13	random_control	0.23295363783836365
SCP682-SC12-protein-residual	external_sample	signal_seq_gse256403_hela_2024	MAPK1_MAPK3_pSitePending	14	BCR_BTK_axis	0.005684825591742992
SCP682-SC12-protein-residual	external_sample	signal_seq_gse256403_hela_2024	MAPK1_MAPK3_pSitePending	14	BTK_PLCG2_axis	0.00448517594486475
SCP682-SC12-protein-residual	external_sample	signal_seq_gse256403_hela_2024	MAPK1_MAPK3_pSitePending	14	ERK_axis	0.15909060835838318
SCP682-SC12-protein-residual	external_sample	signal_seq_gse256403_hela_2024	MAPK1_MAPK3_pSitePending	14	NFkB_axis	0.1375572681427002
SCP682-SC12-protein-residual	external_sample	signal_seq_gse256403_hela_2024	MAPK1_MAPK3_pSitePending	14	AKT_mTOR_S6_axis	0.11931883543729782
SCP682-SC12-protein-residual	external_sample	signal_seq_gse256403_hela_2024	MAPK1_MAPK3_pSitePending	14	cell_cycle	4.217759133706339e-28
SCP682-SC12-protein-residual	external_sample	signal_seq_gse256403_hela_2024	MAPK1_MAPK3_pSitePending	14	stress_ifn	0.017046479508280754
SCP682-SC12-protein-residual	external_sample	signal_seq_gse256403_hela_2024	MAPK1_MAPK3_pSitePending	14	ribosomal	0.3238629102706909
SCP682-SC12-protein-residual	external_sample	signal_seq_gse256403_hela_2024	MAPK1_MAPK3_pSitePending	14	random_control	0.23295389115810394
SCP682-SC12-protein-residual	external_sample	signal_seq_gse256403_hela_2024	PLCG2_Y759	15	BCR_BTK_axis	0.0
SCP682-SC12-protein-residual	external_sample	signal_seq_gse256403_hela_2024	PLCG2_Y759	15	BTK_PLCG2_axis	0.0
SCP682-SC12-protein-residual	external_sample	signal_seq_gse256403_hela_2024	PLCG2_Y759	15	ERK_axis	0.09714989364147186
SCP682-SC12-protein-residual	external_sample	signal_seq_gse256403_hela_2024	PLCG2_Y759	15	NFkB_axis	2.806731355516592e-26
SCP682-SC12-protein-residual	external_sample	signal_seq_gse256403_hela_2024	PLCG2_Y759	15	AKT_mTOR_S6_axis	0.10226884484291077
SCP682-SC12-protein-residual	external_sample	signal_seq_gse256403_hela_2024	PLCG2_Y759	15	cell_cycle	2.7378459742377625e-12
SCP682-SC12-protein-residual	external_sample	signal_seq_gse256403_hela_2024	PLCG2_Y759	15	stress_ifn	0.36602985858917236
SCP682-SC12-protein-residual	external_sample	signal_seq_gse256403_hela_2024	PLCG2_Y759	15	ribosomal	0.2626592218875885
SCP682-SC12-protein-residual	external_sample	signal_seq_gse256403_hela_2024	PLCG2_Y759	15	random_control	0.17189213633537292
SCP682-SC12-protein-residual	external_sample	signal_seq_gse256403_hela_2024	PLCG2_pSitePending	16	BCR_BTK_axis	0.017008213326334953
SCP682-SC12-protein-residual	external_sample	signal_seq_gse256403_hela_2024	PLCG2_pSitePending	16	BTK_PLCG2_axis	0.005347071215510368
SCP682-SC12-protein-residual	external_sample	signal_seq_gse256403_hela_2024	PLCG2_pSitePending	16	ERK_axis	0.15907131135463715
SCP682-SC12-protein-residual	external_sample	signal_seq_gse256403_hela_2024	PLCG2_pSitePending	16	NFkB_axis	0.1253719925880432
SCP682-SC12-protein-residual	external_sample	signal_seq_gse256403_hela_2024	PLCG2_pSitePending	16	AKT_mTOR_S6_axis	0.12040657550096512
SCP682-SC12-protein-residual	external_sample	signal_seq_gse256403_hela_2024	PLCG2_pSitePending	16	cell_cycle	7.675066771749506e-24
SCP682-SC12-protein-residual	external_sample	signal_seq_gse256403_hela_2024	PLCG2_pSitePending	16	stress_ifn	0.017049895599484444
SCP682-SC12-protein-residual	external_sample	signal_seq_gse256403_hela_2024	PLCG2_pSitePending	16	ribosomal	0.32387879490852356
SCP682-SC12-protein-residual	external_sample	signal_seq_gse256403_hela_2024	PLCG2_pSitePending	16	random_control	0.23186613619327545
SCP682-SC12-protein-residual	external_sample	signal_seq_gse256403_hela_2024	RELA_S536	17	BCR_BTK_axis	0.02270645461976528
SCP682-SC12-protein-residual	external_sample	signal_seq_gse256403_hela_2024	RELA_S536	17	BTK_PLCG2_axis	2.029297138506081e-05
SCP682-SC12-protein-residual	external_sample	signal_seq_gse256403_hela_2024	RELA_S536	17	ERK_axis	0.15837830305099487
SCP682-SC12-protein-residual	external_sample	signal_seq_gse256403_hela_2024	RELA_S536	17	NFkB_axis	0.12500052154064178
SCP682-SC12-protein-residual	external_sample	signal_seq_gse256403_hela_2024	RELA_S536	17	AKT_mTOR_S6_axis	0.1200566217303276
SCP682-SC12-protein-residual	external_sample	signal_seq_gse256403_hela_2024	RELA_S536	17	cell_cycle	5.838639927675663e-16
SCP682-SC12-protein-residual	external_sample	signal_seq_gse256403_hela_2024	RELA_S536	17	stress_ifn	0.019335538148880005
SCP682-SC12-protein-residual	external_sample	signal_seq_gse256403_hela_2024	RELA_S536	17	ribosomal	0.3222861588001251
SCP682-SC12-protein-residual	external_sample	signal_seq_gse256403_hela_2024	RELA_S536	17	random_control	0.23221610486507416
SCP682-SC12-protein-residual	external_sample	signal_seq_gse256403_hela_2024	RELA_pSitePending_93H1	18	BCR_BTK_axis	0.00010059135820483789
SCP682-SC12-protein-residual	external_sample	signal_seq_gse256403_hela_2024	RELA_pSitePending_93H1	18	BTK_PLCG2_axis	2.3832022634451278e-05
SCP682-SC12-protein-residual	external_sample	signal_seq_gse256403_hela_2024	RELA_pSitePending_93H1	18	ERK_axis	0.04899867996573448
SCP682-SC12-protein-residual	external_sample	signal_seq_gse256403_hela_2024	RELA_pSitePending_93H1	18	NFkB_axis	0.0006072869873605669
SCP682-SC12-protein-residual	external_sample	signal_seq_gse256403_hela_2024	RELA_pSitePending_93H1	18	AKT_mTOR_S6_axis	0.29472529888153076
SCP682-SC12-protein-residual	external_sample	signal_seq_gse256403_hela_2024	RELA_pSitePending_93H1	18	cell_cycle	0.0028357894625514746
SCP682-SC12-protein-residual	external_sample	signal_seq_gse256403_hela_2024	RELA_pSitePending_93H1	18	stress_ifn	0.17695234715938568
SCP682-SC12-protein-residual	external_sample	signal_seq_gse256403_hela_2024	RELA_pSitePending_93H1	18	ribosomal	0.46176716685295105
SCP682-SC12-protein-residual	external_sample	signal_seq_gse256403_hela_2024	RELA_pSitePending_93H1	18	random_control	0.01398889347910881
SCP682-SC12-protein-residual	external_sample	signal_seq_gse256403_hela_2024	STAT5A_STAT5B_Y694_Y699	21	BCR_BTK_axis	7.230778010125505e-06
SCP682-SC12-protein-residual	external_sample	signal_seq_gse256403_hela_2024	STAT5A_STAT5B_Y694_Y699	21	BTK_PLCG2_axis	1.3040609019299154e-06
SCP682-SC12-protein-residual	external_sample	signal_seq_gse256403_hela_2024	STAT5A_STAT5B_Y694_Y699	21	ERK_axis	0.04916989803314209
SCP682-SC12-protein-residual	external_sample	signal_seq_gse256403_hela_2024	STAT5A_STAT5B_Y694_Y699	21	NFkB_axis	0.0017627562629058957
SCP682-SC12-protein-residual	external_sample	signal_seq_gse256403_hela_2024	STAT5A_STAT5B_Y694_Y699	21	AKT_mTOR_S6_axis	0.2086082398891449
SCP682-SC12-protein-residual	external_sample	signal_seq_gse256403_hela_2024	STAT5A_STAT5B_Y694_Y699	21	cell_cycle	0.0014346861280500889
SCP682-SC12-protein-residual	external_sample	signal_seq_gse256403_hela_2024	STAT5A_STAT5B_Y694_Y699	21	stress_ifn	0.35267558693885803
SCP682-SC12-protein-residual	external_sample	signal_seq_gse256403_hela_2024	STAT5A_STAT5B_Y694_Y699	21	ribosomal	0.3312360942363739
SCP682-SC12-protein-residual	external_sample	signal_seq_gse256403_hela_2024	STAT5A_STAT5B_Y694_Y699	21	random_control	0.05510431155562401
SCP682-SC12-protein-residual	external_sample	signal_seq_gse256403_hela_2024	SYK_pSitePending	22	BCR_BTK_axis	0.0
SCP682-SC12-protein-residual	external_sample	signal_seq_gse256403_hela_2024	SYK_pSitePending	22	BTK_PLCG2_axis	0.0
SCP682-SC12-protein-residual	external_sample	signal_seq_gse256403_hela_2024	SYK_pSitePending	22	ERK_axis	0.09716364741325378
SCP682-SC12-protein-residual	external_sample	signal_seq_gse256403_hela_2024	SYK_pSitePending	22	NFkB_axis	1.9767055928493685e-25
SCP682-SC12-protein-residual	external_sample	signal_seq_gse256403_hela_2024	SYK_pSitePending	22	AKT_mTOR_S6_axis	0.10235976427793503
SCP682-SC12-protein-residual	external_sample	signal_seq_gse256403_hela_2024	SYK_pSitePending	22	cell_cycle	9.98058328826679e-15
SCP682-SC12-protein-residual	external_sample	signal_seq_gse256403_hela_2024	SYK_pSitePending	22	stress_ifn	0.38362082839012146
SCP682-SC12-protein-residual	external_sample	signal_seq_gse256403_hela_2024	SYK_pSitePending	22	ribosomal	0.2707330584526062
SCP682-SC12-protein-residual	external_sample	signal_seq_gse256403_hela_2024	SYK_pSitePending	22	random_control	0.14612272381782532
SCP682-SC12-protein-residual	external_sample	signal_seq_gse256403_hela_2024	p-AMPK-a1/2	23	BCR_BTK_axis	0.02272653765976429
SCP682-SC12-protein-residual	external_sample	signal_seq_gse256403_hela_2024	p-AMPK-a1/2	23	BTK_PLCG2_axis	7.312353886845813e-07
SCP682-SC12-protein-residual	external_sample	signal_seq_gse256403_hela_2024	p-AMPK-a1/2	23	ERK_axis	0.158552348613739
SCP682-SC12-protein-residual	external_sample	signal_seq_gse256403_hela_2024	p-AMPK-a1/2	23	NFkB_axis	0.125
SCP682-SC12-protein-residual	external_sample	signal_seq_gse256403_hela_2024	p-AMPK-a1/2	23	AKT_mTOR_S6_axis	0.12328825145959854
SCP682-SC12-protein-residual	external_sample	signal_seq_gse256403_hela_2024	p-AMPK-a1/2	23	cell_cycle	2.3127029655270728e-20
SCP682-SC12-protein-residual	external_sample	signal_seq_gse256403_hela_2024	p-AMPK-a1/2	23	stress_ifn	0.01704803667962551
SCP682-SC12-protein-residual	external_sample	signal_seq_gse256403_hela_2024	p-AMPK-a1/2	23	ribosomal	0.3243996202945709
SCP682-SC12-protein-residual	external_sample	signal_seq_gse256403_hela_2024	p-AMPK-a1/2	23	random_control	0.22898449003696442
SCP682-SC12-protein-residual	external_sample	signal_seq_gse256403_hela_2024	p-AMPK-b1	24	BCR_BTK_axis	0.01667674630880356
SCP682-SC12-protein-residual	external_sample	signal_seq_gse256403_hela_2024	p-AMPK-b1	24	BTK_PLCG2_axis	0.005130214616656303
SCP682-SC12-protein-residual	external_sample	signal_seq_gse256403_hela_2024	p-AMPK-b1	24	ERK_axis	0.15908627212047577
SCP682-SC12-protein-residual	external_sample	signal_seq_gse256403_hela_2024	p-AMPK-b1	24	NFkB_axis	0.12592031061649323
SCP682-SC12-protein-residual	external_sample	signal_seq_gse256403_hela_2024	p-AMPK-b1	24	AKT_mTOR_S6_axis	0.11934883147478104
SCP682-SC12-protein-residual	external_sample	signal_seq_gse256403_hela_2024	p-AMPK-b1	24	cell_cycle	1.8313382248878632e-24
SCP682-SC12-protein-residual	external_sample	signal_seq_gse256403_hela_2024	p-AMPK-b1	24	stress_ifn	0.017048314213752747
SCP682-SC12-protein-residual	external_sample	signal_seq_gse256403_hela_2024	p-AMPK-b1	24	ribosomal	0.3238654136657715
SCP682-SC12-protein-residual	external_sample	signal_seq_gse256403_hela_2024	p-AMPK-b1	24	random_control	0.23292389512062073
SCP682-SC12-protein-residual	external_sample	signal_seq_gse256403_hela_2024	p-BLNK	25	BCR_BTK_axis	1.88703663601218e-35
SCP682-SC12-protein-residual	external_sample	signal_seq_gse256403_hela_2024	p-BLNK	25	BTK_PLCG2_axis	2.13991279827081e-28
SCP682-SC12-protein-residual	external_sample	signal_seq_gse256403_hela_2024	p-BLNK	25	ERK_axis	0.06761892139911652
SCP682-SC12-protein-residual	external_sample	signal_seq_gse256403_hela_2024	p-BLNK	25	NFkB_axis	0.018250208348035812
SCP682-SC12-protein-residual	external_sample	signal_seq_gse256403_hela_2024	p-BLNK	25	AKT_mTOR_S6_axis	0.030113423243165016
SCP682-SC12-protein-residual	external_sample	signal_seq_gse256403_hela_2024	p-BLNK	25	cell_cycle	1.0635183844698304e-09
SCP682-SC12-protein-residual	external_sample	signal_seq_gse256403_hela_2024	p-BLNK	25	stress_ifn	0.5447701811790466
SCP682-SC12-protein-residual	external_sample	signal_seq_gse256403_hela_2024	p-BLNK	25	ribosomal	0.3074595630168915
SCP682-SC12-protein-residual	external_sample	signal_seq_gse256403_hela_2024	p-BLNK	25	random_control	0.03178773075342178
SCP682-SC12-protein-residual	external_sample	signal_seq_gse256403_hela_2024	p-CD79a	26	BCR_BTK_axis	5.47991777458863e-40
SCP682-SC12-protein-residual	external_sample	signal_seq_gse256403_hela_2024	p-CD79a	26	BTK_PLCG2_axis	6.43961921099669e-35
SCP682-SC12-protein-residual	external_sample	signal_seq_gse256403_hela_2024	p-CD79a	26	ERK_axis	0.08567274361848831
SCP682-SC12-protein-residual	external_sample	signal_seq_gse256403_hela_2024	p-CD79a	26	NFkB_axis	0.010679556988179684
SCP682-SC12-protein-residual	external_sample	signal_seq_gse256403_hela_2024	p-CD79a	26	AKT_mTOR_S6_axis	0.11966479569673538
SCP682-SC12-protein-residual	external_sample	signal_seq_gse256403_hela_2024	p-CD79a	26	cell_cycle	3.989170817393337e-17
SCP682-SC12-protein-residual	external_sample	signal_seq_gse256403_hela_2024	p-CD79a	26	stress_ifn	0.4686321020126343
SCP682-SC12-protein-residual	external_sample	signal_seq_gse256403_hela_2024	p-CD79a	26	ribosomal	0.3151530921459198
SCP682-SC12-protein-residual	external_sample	signal_seq_gse256403_hela_2024	p-CD79a	26	random_control	0.00019772331870626658
SCP682-SC12-protein-residual	external_sample	signal_seq_gse256403_hela_2024	p-CDK1	27	BCR_BTK_axis	0.40333130955696106
SCP682-SC12-protein-residual	external_sample	signal_seq_gse256403_hela_2024	p-CDK1	27	BTK_PLCG2_axis	0.01713681034743786
SCP682-SC12-protein-residual	external_sample	signal_seq_gse256403_hela_2024	p-CDK1	27	ERK_axis	0.005681675858795643
SCP682-SC12-protein-residual	external_sample	signal_seq_gse256403_hela_2024	p-CDK1	27	NFkB_axis	0.1250043511390686
SCP682-SC12-protein-residual	external_sample	signal_seq_gse256403_hela_2024	p-CDK1	27	AKT_mTOR_S6_axis	0.03606355935335159
SCP682-SC12-protein-residual	external_sample	signal_seq_gse256403_hela_2024	p-CDK1	27	cell_cycle	1.115237025992033e-12
SCP682-SC12-protein-residual	external_sample	signal_seq_gse256403_hela_2024	p-CDK1	27	stress_ifn	1.007220802648713e-19
SCP682-SC12-protein-residual	external_sample	signal_seq_gse256403_hela_2024	p-CDK1	27	ribosomal	0.19884592294692993
SCP682-SC12-protein-residual	external_sample	signal_seq_gse256403_hela_2024	p-CDK1	27	random_control	0.21393634378910065
SCP682-SC12-protein-residual	external_sample	signal_seq_gse256403_hela_2024	p-CDK4	28	BCR_BTK_axis	0.0340825580060482
SCP682-SC12-protein-residual	external_sample	signal_seq_gse256403_hela_2024	p-CDK4	28	BTK_PLCG2_axis	2.22061813381913e-11
SCP682-SC12-protein-residual	external_sample	signal_seq_gse256403_hela_2024	p-CDK4	28	ERK_axis	0.1477356255054474
SCP682-SC12-protein-residual	external_sample	signal_seq_gse256403_hela_2024	p-CDK4	28	NFkB_axis	0.125
SCP682-SC12-protein-residual	external_sample	signal_seq_gse256403_hela_2024	p-CDK4	28	AKT_mTOR_S6_axis	0.09659090638160706
SCP682-SC12-protein-residual	external_sample	signal_seq_gse256403_hela_2024	p-CDK4	28	cell_cycle	2.2623409605660008e-17
SCP682-SC12-protein-residual	external_sample	signal_seq_gse256403_hela_2024	p-CDK4	28	stress_ifn	0.03977220878005028
SCP682-SC12-protein-residual	external_sample	signal_seq_gse256403_hela_2024	p-CDK4	28	ribosomal	0.3068186938762665
SCP682-SC12-protein-residual	external_sample	signal_seq_gse256403_hela_2024	p-CDK4	28	random_control	0.25
SCP682-SC12-protein-residual	external_sample	signal_seq_gse256403_hela_2024	p-HistonH2A.X	30	BCR_BTK_axis	0.14772680401802063
SCP682-SC12-protein-residual	external_sample	signal_seq_gse256403_hela_2024	p-HistonH2A.X	30	BTK_PLCG2_axis	5.876932106111191e-14
SCP682-SC12-protein-residual	external_sample	signal_seq_gse256403_hela_2024	p-HistonH2A.X	30	ERK_axis	0.062499843537807465
SCP682-SC12-protein-residual	external_sample	signal_seq_gse256403_hela_2024	p-HistonH2A.X	30	NFkB_axis	0.10209930688142776
SCP682-SC12-protein-residual	external_sample	signal_seq_gse256403_hela_2024	p-HistonH2A.X	30	AKT_mTOR_S6_axis	2.1883454770499355e-10
SCP682-SC12-protein-residual	external_sample	signal_seq_gse256403_hela_2024	p-HistonH2A.X	30	cell_cycle	1.9520328062294645e-11
SCP682-SC12-protein-residual	external_sample	signal_seq_gse256403_hela_2024	p-HistonH2A.X	30	stress_ifn	0.19865582883358002
SCP682-SC12-protein-residual	external_sample	signal_seq_gse256403_hela_2024	p-HistonH2A.X	30	ribosomal	0.21858662366867065
SCP682-SC12-protein-residual	external_sample	signal_seq_gse256403_hela_2024	p-HistonH2A.X	30	random_control	0.2704315483570099
SCP682-SC12-protein-residual	external_sample	signal_seq_gse256403_hela_2024	p-HistonH3	31	BCR_BTK_axis	0.028419822454452515
SCP682-SC12-protein-residual	external_sample	signal_seq_gse256403_hela_2024	p-HistonH3	31	BTK_PLCG2_axis	7.382302776894056e-14
SCP682-SC12-protein-residual	external_sample	signal_seq_gse256403_hela_2024	p-HistonH3	31	ERK_axis	0.15339834988117218
SCP682-SC12-protein-residual	external_sample	signal_seq_gse256403_hela_2024	p-HistonH3	31	NFkB_axis	0.125
SCP682-SC12-protein-residual	external_sample	signal_seq_gse256403_hela_2024	p-HistonH3	31	AKT_mTOR_S6_axis	0.11256300657987595
SCP682-SC12-protein-residual	external_sample	signal_seq_gse256403_hela_2024	p-HistonH3	31	cell_cycle	8.941609810431409e-20
SCP682-SC12-protein-residual	external_sample	signal_seq_gse256403_hela_2024	p-HistonH3	31	stress_ifn	0.028408927842974663
SCP682-SC12-protein-residual	external_sample	signal_seq_gse256403_hela_2024	p-HistonH3	31	ribosomal	0.3181818723678589
SCP682-SC12-protein-residual	external_sample	signal_seq_gse256403_hela_2024	p-HistonH3	31	random_control	0.23402804136276245
SCP682-SC12-protein-residual	external_sample	signal_seq_gse256403_hela_2024	p-IKKa/b	32	BCR_BTK_axis	0.017364419996738434
SCP682-SC12-protein-residual	external_sample	signal_seq_gse256403_hela_2024	p-IKKa/b	32	BTK_PLCG2_axis	0.004950216040015221
SCP682-SC12-protein-residual	external_sample	signal_seq_gse256403_hela_2024	p-IKKa/b	32	ERK_axis	0.1590907871723175
SCP682-SC12-protein-residual	external_sample	signal_seq_gse256403_hela_2024	p-IKKa/b	32	NFkB_axis	0.12541264295578003
SCP682-SC12-protein-residual	external_sample	signal_seq_gse256403_hela_2024	p-IKKa/b	32	AKT_mTOR_S6_axis	0.11931881308555603
SCP682-SC12-protein-residual	external_sample	signal_seq_gse256403_hela_2024	p-IKKa/b	32	cell_cycle	8.318331785865531e-27
SCP682-SC12-protein-residual	external_sample	signal_seq_gse256403_hela_2024	p-IKKa/b	32	stress_ifn	0.01705106906592846
SCP682-SC12-protein-residual	external_sample	signal_seq_gse256403_hela_2024	p-IKKa/b	32	ribosomal	0.3238581418991089
SCP682-SC12-protein-residual	external_sample	signal_seq_gse256403_hela_2024	p-IKKa/b	32	random_control	0.23295393586158752
SCP682-SC12-protein-residual	external_sample	signal_seq_gse256403_hela_2024	p-IRAK4	33	BCR_BTK_axis	0.03399790823459625
SCP682-SC12-protein-residual	external_sample	signal_seq_gse256403_hela_2024	p-IRAK4	33	BTK_PLCG2_axis	3.5297803633975444e-13
SCP682-SC12-protein-residual	external_sample	signal_seq_gse256403_hela_2024	p-IRAK4	33	ERK_axis	0.14782026410102844
SCP682-SC12-protein-residual	external_sample	signal_seq_gse256403_hela_2024	p-IRAK4	33	NFkB_axis	0.125
SCP682-SC12-protein-residual	external_sample	signal_seq_gse256403_hela_2024	p-IRAK4	33	AKT_mTOR_S6_axis	0.09709198772907257
SCP682-SC12-protein-residual	external_sample	signal_seq_gse256403_hela_2024	p-IRAK4	33	cell_cycle	5.143993865547801e-18
SCP682-SC12-protein-residual	external_sample	signal_seq_gse256403_hela_2024	p-IRAK4	33	stress_ifn	0.029381437227129936
SCP682-SC12-protein-residual	external_sample	signal_seq_gse256403_hela_2024	p-IRAK4	33	ribosomal	0.3172094523906708
SCP682-SC12-protein-residual	external_sample	signal_seq_gse256403_hela_2024	p-IRAK4	33	random_control	0.24949893355369568
SCP682-SC12-protein-residual	external_sample	signal_seq_gse256403_hela_2024	p-JAK1	34	BCR_BTK_axis	0.0
SCP682-SC12-protein-residual	external_sample	signal_seq_gse256403_hela_2024	p-JAK1	34	BTK_PLCG2_axis	0.0
SCP682-SC12-protein-residual	external_sample	signal_seq_gse256403_hela_2024	p-JAK1	34	ERK_axis	0.09744890034198761
SCP682-SC12-protein-residual	external_sample	signal_seq_gse256403_hela_2024	p-JAK1	34	NFkB_axis	3.1196687056259823e-20
SCP682-SC12-protein-residual	external_sample	signal_seq_gse256403_hela_2024	p-JAK1	34	AKT_mTOR_S6_axis	0.11411011964082718
SCP682-SC12-protein-residual	external_sample	signal_seq_gse256403_hela_2024	p-JAK1	34	cell_cycle	7.333978022593893e-15
SCP682-SC12-protein-residual	external_sample	signal_seq_gse256403_hela_2024	p-JAK1	34	stress_ifn	0.4002608358860016
SCP682-SC12-protein-residual	external_sample	signal_seq_gse256403_hela_2024	p-JAK1	34	ribosomal	0.2789793312549591
SCP682-SC12-protein-residual	external_sample	signal_seq_gse256403_hela_2024	p-JAK1	34	random_control	0.10920080542564392
SCP682-SC12-protein-residual	external_sample	signal_seq_gse256403_hela_2024	p-JNK	35	BCR_BTK_axis	0.01086374931037426
SCP682-SC12-protein-residual	external_sample	signal_seq_gse256403_hela_2024	p-JNK	35	BTK_PLCG2_axis	0.005063239485025406
SCP682-SC12-protein-residual	external_sample	signal_seq_gse256403_hela_2024	p-JNK	35	ERK_axis	0.1590871959924698
SCP682-SC12-protein-residual	external_sample	signal_seq_gse256403_hela_2024	p-JNK	35	NFkB_axis	0.13180027902126312
SCP682-SC12-protein-residual	external_sample	signal_seq_gse256403_hela_2024	p-JNK	35	AKT_mTOR_S6_axis	0.11937126517295837
SCP682-SC12-protein-residual	external_sample	signal_seq_gse256403_hela_2024	p-JNK	35	cell_cycle	6.658877822666789e-26
SCP682-SC12-protein-residual	external_sample	signal_seq_gse256403_hela_2024	p-JNK	35	stress_ifn	0.017046170309185982
SCP682-SC12-protein-residual	external_sample	signal_seq_gse256403_hela_2024	p-JNK	35	ribosomal	0.3238666355609894
SCP682-SC12-protein-residual	external_sample	signal_seq_gse256403_hela_2024	p-JNK	35	random_control	0.232901468873024
SCP682-SC12-protein-residual	external_sample	signal_seq_gse256403_hela_2024	p-PKC-b1	36	BCR_BTK_axis	0.14204418659210205
SCP682-SC12-protein-residual	external_sample	signal_seq_gse256403_hela_2024	p-PKC-b1	36	BTK_PLCG2_axis	2.3891401384087445e-17
SCP682-SC12-protein-residual	external_sample	signal_seq_gse256403_hela_2024	p-PKC-b1	36	ERK_axis	0.056865692138671875
SCP682-SC12-protein-residual	external_sample	signal_seq_gse256403_hela_2024	p-PKC-b1	36	NFkB_axis	0.10795582085847855
SCP682-SC12-protein-residual	external_sample	signal_seq_gse256403_hela_2024	p-PKC-b1	36	AKT_mTOR_S6_axis	0.0586453340947628
SCP682-SC12-protein-residual	external_sample	signal_seq_gse256403_hela_2024	p-PKC-b1	36	cell_cycle	3.2981697234424345e-11
SCP682-SC12-protein-residual	external_sample	signal_seq_gse256403_hela_2024	p-PKC-b1	36	stress_ifn	0.07782581448554993
SCP682-SC12-protein-residual	external_sample	signal_seq_gse256403_hela_2024	p-PKC-b1	36	ribosomal	0.3066631555557251
SCP682-SC12-protein-residual	external_sample	signal_seq_gse256403_hela_2024	p-PKC-b1	36	random_control	0.25
SCP682-SC12-protein-residual	external_sample	signal_seq_gse256403_hela_2024	p-Rb	37	BCR_BTK_axis	0.40330827236175537
SCP682-SC12-protein-residual	external_sample	signal_seq_gse256403_hela_2024	p-Rb	37	BTK_PLCG2_axis	0.017152803018689156
SCP682-SC12-protein-residual	external_sample	signal_seq_gse256403_hela_2024	p-Rb	37	ERK_axis	0.005681763868778944
SCP682-SC12-protein-residual	external_sample	signal_seq_gse256403_hela_2024	p-Rb	37	NFkB_axis	0.1249970868229866
SCP682-SC12-protein-residual	external_sample	signal_seq_gse256403_hela_2024	p-Rb	37	AKT_mTOR_S6_axis	0.034265678375959396
SCP682-SC12-protein-residual	external_sample	signal_seq_gse256403_hela_2024	p-Rb	37	cell_cycle	1.5609483649224598e-13
SCP682-SC12-protein-residual	external_sample	signal_seq_gse256403_hela_2024	p-Rb	37	stress_ifn	3.6920763970429704e-20
SCP682-SC12-protein-residual	external_sample	signal_seq_gse256403_hela_2024	p-Rb	37	ribosomal	0.19886012375354767
SCP682-SC12-protein-residual	external_sample	signal_seq_gse256403_hela_2024	p-Rb	37	random_control	0.2157343327999115
SCP682-SC12-protein-residual	external_sample	signal_seq_gse256403_hela_2024	p-STAT5	40	BCR_BTK_axis	0.010314556770026684
SCP682-SC12-protein-residual	external_sample	signal_seq_gse256403_hela_2024	p-STAT5	40	BTK_PLCG2_axis	0.004941479302942753
SCP682-SC12-protein-residual	external_sample	signal_seq_gse256403_hela_2024	p-STAT5	40	ERK_axis	0.15909059345722198
SCP682-SC12-protein-residual	external_sample	signal_seq_gse256403_hela_2024	p-STAT5	40	NFkB_axis	0.1324712336063385
SCP682-SC12-protein-residual	external_sample	signal_seq_gse256403_hela_2024	p-STAT5	40	AKT_mTOR_S6_axis	0.11932039260864258
SCP682-SC12-protein-residual	external_sample	signal_seq_gse256403_hela_2024	p-STAT5	40	cell_cycle	1.0082047776977824e-27
SCP682-SC12-protein-residual	external_sample	signal_seq_gse256403_hela_2024	p-STAT5	40	stress_ifn	0.017046717926859856
SCP682-SC12-protein-residual	external_sample	signal_seq_gse256403_hela_2024	p-STAT5	40	ribosomal	0.3238627016544342
SCP682-SC12-protein-residual	external_sample	signal_seq_gse256403_hela_2024	p-STAT5	40	random_control	0.23295234143733978
SCP682-SC12-protein-residual	external_sample	signal_seq_gse256403_hela_2024	p-STAT6	41	BCR_BTK_axis	0.01689152978360653
SCP682-SC12-protein-residual	external_sample	signal_seq_gse256403_hela_2024	p-STAT6	41	BTK_PLCG2_axis	0.005118599161505699
SCP682-SC12-protein-residual	external_sample	signal_seq_gse256403_hela_2024	p-STAT6	41	ERK_axis	0.15909069776535034
SCP682-SC12-protein-residual	external_sample	signal_seq_gse256403_hela_2024	p-STAT6	41	NFkB_axis	0.1257171481847763
SCP682-SC12-protein-residual	external_sample	signal_seq_gse256403_hela_2024	p-STAT6	41	AKT_mTOR_S6_axis	0.11931978911161423
SCP682-SC12-protein-residual	external_sample	signal_seq_gse256403_hela_2024	p-STAT6	41	cell_cycle	3.5704849905733964e-27
SCP682-SC12-protein-residual	external_sample	signal_seq_gse256403_hela_2024	p-STAT6	41	stress_ifn	0.01704798825085163
SCP682-SC12-protein-residual	external_sample	signal_seq_gse256403_hela_2024	p-STAT6	41	ribosomal	0.323861300945282
SCP682-SC12-protein-residual	external_sample	signal_seq_gse256403_hela_2024	p-STAT6	41	random_control	0.23295293748378754
SCP682-SC12-protein-residual	external_sample	signal_seq_gse256403_hela_2024	p-Src	42	BCR_BTK_axis	0.0
SCP682-SC12-protein-residual	external_sample	signal_seq_gse256403_hela_2024	p-Src	42	BTK_PLCG2_axis	0.0
SCP682-SC12-protein-residual	external_sample	signal_seq_gse256403_hela_2024	p-Src	42	ERK_axis	0.09709722548723221
SCP682-SC12-protein-residual	external_sample	signal_seq_gse256403_hela_2024	p-Src	42	NFkB_axis	1.806141531485222e-27
SCP682-SC12-protein-residual	external_sample	signal_seq_gse256403_hela_2024	p-Src	42	AKT_mTOR_S6_axis	0.10226301848888397
SCP682-SC12-protein-residual	external_sample	signal_seq_gse256403_hela_2024	p-Src	42	cell_cycle	2.337846984144104e-13
SCP682-SC12-protein-residual	external_sample	signal_seq_gse256403_hela_2024	p-Src	42	stress_ifn	0.36817285418510437
SCP682-SC12-protein-residual	external_sample	signal_seq_gse256403_hela_2024	p-Src	42	ribosomal	0.2652057111263275
SCP682-SC12-protein-residual	external_sample	signal_seq_gse256403_hela_2024	p-Src	42	random_control	0.16726119816303253
SCP682-SC12-protein-residual	external_sample	signal_seq_gse256403_hela_2024	p-TOR	43	BCR_BTK_axis	0.016841469332575798
SCP682-SC12-protein-residual	external_sample	signal_seq_gse256403_hela_2024	p-TOR	43	BTK_PLCG2_axis	0.005030367057770491
SCP682-SC12-protein-residual	external_sample	signal_seq_gse256403_hela_2024	p-TOR	43	ERK_axis	0.1590908318758011
SCP682-SC12-protein-residual	external_sample	signal_seq_gse256403_hela_2024	p-TOR	43	NFkB_axis	0.1258554309606552
SCP682-SC12-protein-residual	external_sample	signal_seq_gse256403_hela_2024	p-TOR	43	AKT_mTOR_S6_axis	0.1193186342716217
SCP682-SC12-protein-residual	external_sample	signal_seq_gse256403_hela_2024	p-TOR	43	cell_cycle	2.946213673213729e-27
SCP682-SC12-protein-residual	external_sample	signal_seq_gse256403_hela_2024	p-TOR	43	stress_ifn	0.017050135880708694
SCP682-SC12-protein-residual	external_sample	signal_seq_gse256403_hela_2024	p-TOR	43	ribosomal	0.3238590359687805
SCP682-SC12-protein-residual	external_sample	signal_seq_gse256403_hela_2024	p-TOR	43	random_control	0.23295411467552185
SCP682-SC12-protein-residual	external_sample	signal_seq_gse256403_hela_2024	p-c-Jun	44	BCR_BTK_axis	0.03405922278761864
SCP682-SC12-protein-residual	external_sample	signal_seq_gse256403_hela_2024	p-c-Jun	44	BTK_PLCG2_axis	7.766743498338613e-11
SCP682-SC12-protein-residual	external_sample	signal_seq_gse256403_hela_2024	p-c-Jun	44	ERK_axis	0.14775894582271576
SCP682-SC12-protein-residual	external_sample	signal_seq_gse256403_hela_2024	p-c-Jun	44	NFkB_axis	0.125
SCP682-SC12-protein-residual	external_sample	signal_seq_gse256403_hela_2024	p-c-Jun	44	AKT_mTOR_S6_axis	0.09659090638160706
SCP682-SC12-protein-residual	external_sample	signal_seq_gse256403_hela_2024	p-c-Jun	44	cell_cycle	8.386111236528774e-17
SCP682-SC12-protein-residual	external_sample	signal_seq_gse256403_hela_2024	p-c-Jun	44	stress_ifn	0.039771780371665955
SCP682-SC12-protein-residual	external_sample	signal_seq_gse256403_hela_2024	p-c-Jun	44	ribosomal	0.3068191409111023
SCP682-SC12-protein-residual	external_sample	signal_seq_gse256403_hela_2024	p-c-Jun	44	random_control	0.25
SCP682-SC12-protein-residual	external_sample	signal_seq_gse256403_hela_2024	p-p65	45	BCR_BTK_axis	0.022727228701114655
SCP682-SC12-protein-residual	external_sample	signal_seq_gse256403_hela_2024	p-p65	45	BTK_PLCG2_axis	4.345298876273773e-08
SCP682-SC12-protein-residual	external_sample	signal_seq_gse256403_hela_2024	p-p65	45	ERK_axis	0.1584876924753189
SCP682-SC12-protein-residual	external_sample	signal_seq_gse256403_hela_2024	p-p65	45	NFkB_axis	0.125
SCP682-SC12-protein-residual	external_sample	signal_seq_gse256403_hela_2024	p-p65	45	AKT_mTOR_S6_axis	0.12309904396533966
SCP682-SC12-protein-residual	external_sample	signal_seq_gse256403_hela_2024	p-p65	45	cell_cycle	3.1368867931937004e-19
SCP682-SC12-protein-residual	external_sample	signal_seq_gse256403_hela_2024	p-p65	45	stress_ifn	0.017046647146344185
SCP682-SC12-protein-residual	external_sample	signal_seq_gse256403_hela_2024	p-p65	45	ribosomal	0.32446566224098206
SCP682-SC12-protein-residual	external_sample	signal_seq_gse256403_hela_2024	p-p65	45	random_control	0.2291737049818039
SCP682-SC12-protein-residual	external_sample	signal_seq_gse256403_hela_2024	HISTONE_H3_S28	46	BCR_BTK_axis	0.4029724895954132
SCP682-SC12-protein-residual	external_sample	signal_seq_gse256403_hela_2024	HISTONE_H3_S28	46	BTK_PLCG2_axis	0.017482440918684006
SCP682-SC12-protein-residual	external_sample	signal_seq_gse256403_hela_2024	HISTONE_H3_S28	46	ERK_axis	0.005681152921169996
SCP682-SC12-protein-residual	external_sample	signal_seq_gse256403_hela_2024	HISTONE_H3_S28	46	NFkB_axis	0.1250002533197403
SCP682-SC12-protein-residual	external_sample	signal_seq_gse256403_hela_2024	HISTONE_H3_S28	46	AKT_mTOR_S6_axis	0.028604326769709587
SCP682-SC12-protein-residual	external_sample	signal_seq_gse256403_hela_2024	HISTONE_H3_S28	46	cell_cycle	8.044936244955281e-13
SCP682-SC12-protein-residual	external_sample	signal_seq_gse256403_hela_2024	HISTONE_H3_S28	46	stress_ifn	8.596095563839214e-19
SCP682-SC12-protein-residual	external_sample	signal_seq_gse256403_hela_2024	HISTONE_H3_S28	46	ribosomal	0.19886364042758942
SCP682-SC12-protein-residual	external_sample	signal_seq_gse256403_hela_2024	HISTONE_H3_S28	46	random_control	0.22139567136764526
SCP682-SC12-protein-residual	external_sample	signal_seq_gse256403_hela_2024	NFE2L2_S40	47	BCR_BTK_axis	4.834479701920619e-43
SCP682-SC12-protein-residual	external_sample	signal_seq_gse256403_hela_2024	NFE2L2_S40	47	BTK_PLCG2_axis	4.235438621406403e-40
SCP682-SC12-protein-residual	external_sample	signal_seq_gse256403_hela_2024	NFE2L2_S40	47	ERK_axis	0.09146248549222946
SCP682-SC12-protein-residual	external_sample	signal_seq_gse256403_hela_2024	NFE2L2_S40	47	NFkB_axis	2.915135022263371e-09
SCP682-SC12-protein-residual	external_sample	signal_seq_gse256403_hela_2024	NFE2L2_S40	47	AKT_mTOR_S6_axis	0.11663483828306198
SCP682-SC12-protein-residual	external_sample	signal_seq_gse256403_hela_2024	NFE2L2_S40	47	cell_cycle	1.3095653034200794e-11
SCP682-SC12-protein-residual	external_sample	signal_seq_gse256403_hela_2024	NFE2L2_S40	47	stress_ifn	0.44783908128738403
SCP682-SC12-protein-residual	external_sample	signal_seq_gse256403_hela_2024	NFE2L2_S40	47	ribosomal	0.25777652859687805
SCP682-SC12-protein-residual	external_sample	signal_seq_gse256403_hela_2024	NFE2L2_S40	47	random_control	0.08628705888986588
SCP682-SC12-protein-residual	external_sample	signal_seq_gse256403_hela_2024	AKT_S473	48	BCR_BTK_axis	0.022647591307759285
SCP682-SC12-protein-residual	external_sample	signal_seq_gse256403_hela_2024	AKT_S473	48	BTK_PLCG2_axis	7.898665353422984e-05
SCP682-SC12-protein-residual	external_sample	signal_seq_gse256403_hela_2024	AKT_S473	48	ERK_axis	0.15887771546840668
SCP682-SC12-protein-residual	external_sample	signal_seq_gse256403_hela_2024	AKT_S473	48	NFkB_axis	0.1250007003545761
SCP682-SC12-protein-residual	external_sample	signal_seq_gse256403_hela_2024	AKT_S473	48	AKT_mTOR_S6_axis	0.12394111603498459
SCP682-SC12-protein-residual	external_sample	signal_seq_gse256403_hela_2024	AKT_S473	48	cell_cycle	2.096680709591015e-22
SCP682-SC12-protein-residual	external_sample	signal_seq_gse256403_hela_2024	AKT_S473	48	stress_ifn	0.01704828254878521
SCP682-SC12-protein-residual	external_sample	signal_seq_gse256403_hela_2024	AKT_S473	48	ribosomal	0.32407400012016296
SCP682-SC12-protein-residual	external_sample	signal_seq_gse256403_hela_2024	AKT_S473	48	random_control	0.22833161056041718
SCP682-SC12-protein-residual	external_sample	signal_seq_gse256403_hela_2024	EIF4EBP1_T37_T46	49	BCR_BTK_axis	0.022420665249228477
SCP682-SC12-protein-residual	external_sample	signal_seq_gse256403_hela_2024	EIF4EBP1_T37_T46	49	BTK_PLCG2_axis	0.0003033316461369395
SCP682-SC12-protein-residual	external_sample	signal_seq_gse256403_hela_2024	EIF4EBP1_T37_T46	49	ERK_axis	0.15897023677825928
SCP682-SC12-protein-residual	external_sample	signal_seq_gse256403_hela_2024	EIF4EBP1_T37_T46	49	NFkB_axis	0.12500327825546265
SCP682-SC12-protein-residual	external_sample	signal_seq_gse256403_hela_2024	EIF4EBP1_T37_T46	49	AKT_mTOR_S6_axis	0.1231805831193924
SCP682-SC12-protein-residual	external_sample	signal_seq_gse256403_hela_2024	EIF4EBP1_T37_T46	49	cell_cycle	1.820272084109423e-23
SCP682-SC12-protein-residual	external_sample	signal_seq_gse256403_hela_2024	EIF4EBP1_T37_T46	49	stress_ifn	0.017047196626663208
SCP682-SC12-protein-residual	external_sample	signal_seq_gse256403_hela_2024	EIF4EBP1_T37_T46	49	ribosomal	0.3239825665950775
SCP682-SC12-protein-residual	external_sample	signal_seq_gse256403_hela_2024	EIF4EBP1_T37_T46	49	random_control	0.22909213602542877
SCP682-SC12-protein-residual	external_sample	signal_seq_gse256403_hela_2024	STAT6_Y641	50	BCR_BTK_axis	0.023595236241817474
SCP682-SC12-protein-residual	external_sample	signal_seq_gse256403_hela_2024	STAT6_Y641	50	BTK_PLCG2_axis	1.2812397844064183e-11
SCP682-SC12-protein-residual	external_sample	signal_seq_gse256403_hela_2024	STAT6_Y641	50	ERK_axis	0.15683266520500183
SCP682-SC12-protein-residual	external_sample	signal_seq_gse256403_hela_2024	STAT6_Y641	50	NFkB_axis	0.125
SCP682-SC12-protein-residual	external_sample	signal_seq_gse256403_hela_2024	STAT6_Y641	50	AKT_mTOR_S6_axis	0.12356626242399216
SCP682-SC12-protein-residual	external_sample	signal_seq_gse256403_hela_2024	STAT6_Y641	50	cell_cycle	2.2770764698180727e-14
SCP682-SC12-protein-residual	external_sample	signal_seq_gse256403_hela_2024	STAT6_Y641	50	stress_ifn	0.017053883522748947
SCP682-SC12-protein-residual	external_sample	signal_seq_gse256403_hela_2024	STAT6_Y641	50	ribosomal	0.3252454996109009
SCP682-SC12-protein-residual	external_sample	signal_seq_gse256403_hela_2024	STAT6_Y641	50	random_control	0.2287064492702484
SCP682-SC12-protein-residual	external_sample	signal_seq_gse256403_hela_2024	ZAP70_Y493	51	BCR_BTK_axis	0.031199373304843903
SCP682-SC12-protein-residual	external_sample	signal_seq_gse256403_hela_2024	ZAP70_Y493	51	BTK_PLCG2_axis	7.827820809325203e-05
SCP682-SC12-protein-residual	external_sample	signal_seq_gse256403_hela_2024	ZAP70_Y493	51	ERK_axis	0.15045176446437836
SCP682-SC12-protein-residual	external_sample	signal_seq_gse256403_hela_2024	ZAP70_Y493	51	NFkB_axis	0.12514764070510864
SCP682-SC12-protein-residual	external_sample	signal_seq_gse256403_hela_2024	ZAP70_Y493	51	AKT_mTOR_S6_axis	0.057038404047489166
SCP682-SC12-protein-residual	external_sample	signal_seq_gse256403_hela_2024	ZAP70_Y493	51	cell_cycle	2.0297247227147458e-14
SCP682-SC12-protein-residual	external_sample	signal_seq_gse256403_hela_2024	ZAP70_Y493	51	stress_ifn	0.08500480651855469
SCP682-SC12-protein-residual	external_sample	signal_seq_gse256403_hela_2024	ZAP70_Y493	51	ribosomal	0.30112069845199585
SCP682-SC12-protein-residual	external_sample	signal_seq_gse256403_hela_2024	ZAP70_Y493	51	random_control	0.2499590516090393
SCP682-SC12-protein-residual	external_sample	signal_seq_gse256403_hela_2024	LCK_Y505	52	BCR_BTK_axis	0.0
SCP682-SC12-protein-residual	external_sample	signal_seq_gse256403_hela_2024	LCK_Y505	52	BTK_PLCG2_axis	0.0
SCP682-SC12-protein-residual	external_sample	signal_seq_gse256403_hela_2024	LCK_Y505	52	ERK_axis	0.09202010184526443
SCP682-SC12-protein-residual	external_sample	signal_seq_gse256403_hela_2024	LCK_Y505	52	NFkB_axis	1.4320929124106866e-22
SCP682-SC12-protein-residual	external_sample	signal_seq_gse256403_hela_2024	LCK_Y505	52	AKT_mTOR_S6_axis	0.0975584089756012
SCP682-SC12-protein-residual	external_sample	signal_seq_gse256403_hela_2024	LCK_Y505	52	cell_cycle	1.0890865879758464e-14
SCP682-SC12-protein-residual	external_sample	signal_seq_gse256403_hela_2024	LCK_Y505	52	stress_ifn	0.41105079650878906
SCP682-SC12-protein-residual	external_sample	signal_seq_gse256403_hela_2024	LCK_Y505	52	ribosomal	0.2701689898967743
SCP682-SC12-protein-residual	external_sample	signal_seq_gse256403_hela_2024	LCK_Y505	52	random_control	0.12920166552066803
SCP682-SC12-protein-residual	external_sample	signal_seq_gse256403_hela_2024	STAT5A_Y694	53	BCR_BTK_axis	0.022425873205065727
SCP682-SC12-protein-residual	external_sample	signal_seq_gse256403_hela_2024	STAT5A_Y694	53	BTK_PLCG2_axis	0.0002975945535581559
SCP682-SC12-protein-residual	external_sample	signal_seq_gse256403_hela_2024	STAT5A_Y694	53	ERK_axis	0.15902072191238403
SCP682-SC12-protein-residual	external_sample	signal_seq_gse256403_hela_2024	STAT5A_Y694	53	NFkB_axis	0.12500379979610443
SCP682-SC12-protein-residual	external_sample	signal_seq_gse256403_hela_2024	STAT5A_Y694	53	AKT_mTOR_S6_axis	0.12027538567781448
SCP682-SC12-protein-residual	external_sample	signal_seq_gse256403_hela_2024	STAT5A_Y694	53	cell_cycle	9.256878194896376e-23
SCP682-SC12-protein-residual	external_sample	signal_seq_gse256403_hela_2024	STAT5A_Y694	53	stress_ifn	0.017050273716449738
SCP682-SC12-protein-residual	external_sample	signal_seq_gse256403_hela_2024	STAT5A_Y694	53	ribosomal	0.3239290118217468
SCP682-SC12-protein-residual	external_sample	signal_seq_gse256403_hela_2024	STAT5A_Y694	53	random_control	0.2319973111152649
SCP682-SC12-protein-residual	external_sample	signal_seq_gse256403_hela_2024	PLCG1_Y783	54	BCR_BTK_axis	6.556539606174686e-29
SCP682-SC12-protein-residual	external_sample	signal_seq_gse256403_hela_2024	PLCG1_Y783	54	BTK_PLCG2_axis	1.341437030899506e-11
SCP682-SC12-protein-residual	external_sample	signal_seq_gse256403_hela_2024	PLCG1_Y783	54	ERK_axis	0.06201105937361717
SCP682-SC12-protein-residual	external_sample	signal_seq_gse256403_hela_2024	PLCG1_Y783	54	NFkB_axis	0.10350114852190018
SCP682-SC12-protein-residual	external_sample	signal_seq_gse256403_hela_2024	PLCG1_Y783	54	AKT_mTOR_S6_axis	0.011690708808600903
SCP682-SC12-protein-residual	external_sample	signal_seq_gse256403_hela_2024	PLCG1_Y783	54	cell_cycle	7.240756531246006e-05
SCP682-SC12-protein-residual	external_sample	signal_seq_gse256403_hela_2024	PLCG1_Y783	54	stress_ifn	0.18941694498062134
SCP682-SC12-protein-residual	external_sample	signal_seq_gse256403_hela_2024	PLCG1_Y783	54	ribosomal	0.2830325961112976
SCP682-SC12-protein-residual	external_sample	signal_seq_gse256403_hela_2024	PLCG1_Y783	54	random_control	0.3502751290798187
SCP682-SC12-protein-residual	external_sample	signal_seq_gse256403_hela_2024	CTNND1_T310	55	BCR_BTK_axis	0.1420472115278244
SCP682-SC12-protein-residual	external_sample	signal_seq_gse256403_hela_2024	CTNND1_T310	55	BTK_PLCG2_axis	2.701175859801993e-21
SCP682-SC12-protein-residual	external_sample	signal_seq_gse256403_hela_2024	CTNND1_T310	55	ERK_axis	0.05711139366030693
SCP682-SC12-protein-residual	external_sample	signal_seq_gse256403_hela_2024	CTNND1_T310	55	NFkB_axis	0.1079527884721756
SCP682-SC12-protein-residual	external_sample	signal_seq_gse256403_hela_2024	CTNND1_T310	55	AKT_mTOR_S6_axis	0.06530231982469559
SCP682-SC12-protein-residual	external_sample	signal_seq_gse256403_hela_2024	CTNND1_T310	55	cell_cycle	1.3446779689729738e-07
SCP682-SC12-protein-residual	external_sample	signal_seq_gse256403_hela_2024	CTNND1_T310	55	stress_ifn	0.06183910742402077
SCP682-SC12-protein-residual	external_sample	signal_seq_gse256403_hela_2024	CTNND1_T310	55	ribosomal	0.31574711203575134
SCP682-SC12-protein-residual	external_sample	signal_seq_gse256403_hela_2024	CTNND1_T310	55	random_control	0.24999994039535522
SCP682-SC12-protein-residual	external_sample	signal_seq_gse256403_hela_2024	PDPK1_S241	56	BCR_BTK_axis	0.005681824870407581
SCP682-SC12-protein-residual	external_sample	signal_seq_gse256403_hela_2024	PDPK1_S241	56	BTK_PLCG2_axis	0.004619130864739418
SCP682-SC12-protein-residual	external_sample	signal_seq_gse256403_hela_2024	PDPK1_S241	56	ERK_axis	0.15909090638160706
SCP682-SC12-protein-residual	external_sample	signal_seq_gse256403_hela_2024	PDPK1_S241	56	NFkB_axis	0.13742631673812866
SCP682-SC12-protein-residual	external_sample	signal_seq_gse256403_hela_2024	PDPK1_S241	56	AKT_mTOR_S6_axis	0.11363636702299118
SCP682-SC12-protein-residual	external_sample	signal_seq_gse256403_hela_2024	PDPK1_S241	56	cell_cycle	2.012095248912264e-24
SCP682-SC12-protein-residual	external_sample	signal_seq_gse256403_hela_2024	PDPK1_S241	56	stress_ifn	0.0289203692227602
SCP682-SC12-protein-residual	external_sample	signal_seq_gse256403_hela_2024	PDPK1_S241	56	ribosomal	0.3176705241203308
SCP682-SC12-protein-residual	external_sample	signal_seq_gse256403_hela_2024	PDPK1_S241	56	random_control	0.23295454680919647
SCP682-SC12-protein-residual	external_sample	signal_seq_gse256403_hela_2024	MAP2K4_S257	57	BCR_BTK_axis	1.1667644590878512e-16
SCP682-SC12-protein-residual	external_sample	signal_seq_gse256403_hela_2024	MAP2K4_S257	57	BTK_PLCG2_axis	1.8063036892504263e-14
SCP682-SC12-protein-residual	external_sample	signal_seq_gse256403_hela_2024	MAP2K4_S257	57	ERK_axis	0.06249981001019478
SCP682-SC12-protein-residual	external_sample	signal_seq_gse256403_hela_2024	MAP2K4_S257	57	NFkB_axis	0.0001267557090613991
SCP682-SC12-protein-residual	external_sample	signal_seq_gse256403_hela_2024	MAP2K4_S257	57	AKT_mTOR_S6_axis	5.5754412642272655e-06
SCP682-SC12-protein-residual	external_sample	signal_seq_gse256403_hela_2024	MAP2K4_S257	57	cell_cycle	6.180732725624694e-07
SCP682-SC12-protein-residual	external_sample	signal_seq_gse256403_hela_2024	MAP2K4_S257	57	stress_ifn	0.5309123396873474
SCP682-SC12-protein-residual	external_sample	signal_seq_gse256403_hela_2024	MAP2K4_S257	57	ribosomal	0.2938184440135956
SCP682-SC12-protein-residual	external_sample	signal_seq_gse256403_hela_2024	MAP2K4_S257	57	random_control	0.11263640224933624
SCP682-SC12-protein-residual	external_sample	signal_seq_gse256403_hela_2024	BTK_Y551	58	BCR_BTK_axis	0.0
SCP682-SC12-protein-residual	external_sample	signal_seq_gse256403_hela_2024	BTK_Y551	58	BTK_PLCG2_axis	1.6500344348324523e-37
SCP682-SC12-protein-residual	external_sample	signal_seq_gse256403_hela_2024	BTK_Y551	58	ERK_axis	0.06372517347335815
SCP682-SC12-protein-residual	external_sample	signal_seq_gse256403_hela_2024	BTK_Y551	58	NFkB_axis	4.38259776274208e-05
SCP682-SC12-protein-residual	external_sample	signal_seq_gse256403_hela_2024	BTK_Y551	58	AKT_mTOR_S6_axis	0.10145754367113113
SCP682-SC12-protein-residual	external_sample	signal_seq_gse256403_hela_2024	BTK_Y551	58	cell_cycle	7.394067302879392e-11
SCP682-SC12-protein-residual	external_sample	signal_seq_gse256403_hela_2024	BTK_Y551	58	stress_ifn	0.4314410090446472
SCP682-SC12-protein-residual	external_sample	signal_seq_gse256403_hela_2024	BTK_Y551	58	ribosomal	0.21197180449962616
SCP682-SC12-protein-residual	external_sample	signal_seq_gse256403_hela_2024	BTK_Y551	58	random_control	0.19136065244674683
SCP682-SC12-protein-residual	external_sample	signal_seq_gse256403_hela_2024	H2AFX_S139	59	BCR_BTK_axis	0.4032229483127594
SCP682-SC12-protein-residual	external_sample	signal_seq_gse256403_hela_2024	H2AFX_S139	59	BTK_PLCG2_axis	0.017235256731510162
SCP682-SC12-protein-residual	external_sample	signal_seq_gse256403_hela_2024	H2AFX_S139	59	ERK_axis	0.005672209430485964
SCP682-SC12-protein-residual	external_sample	signal_seq_gse256403_hela_2024	H2AFX_S139	59	NFkB_axis	0.1253069043159485
SCP682-SC12-protein-residual	external_sample	signal_seq_gse256403_hela_2024	H2AFX_S139	59	AKT_mTOR_S6_axis	0.03335924446582794
SCP682-SC12-protein-residual	external_sample	signal_seq_gse256403_hela_2024	H2AFX_S139	59	cell_cycle	2.68034861883662e-13
SCP682-SC12-protein-residual	external_sample	signal_seq_gse256403_hela_2024	H2AFX_S139	59	stress_ifn	2.0251330439616446e-19
SCP682-SC12-protein-residual	external_sample	signal_seq_gse256403_hela_2024	H2AFX_S139	59	ribosomal	0.19856271147727966
SCP682-SC12-protein-residual	external_sample	signal_seq_gse256403_hela_2024	H2AFX_S139	59	random_control	0.21664075553417206
SCP682-SC12-protein-residual	external_sample	signal_seq_gse256403_hela_2024	NDRG1_T346	60	BCR_BTK_axis	0.02164190262556076
SCP682-SC12-protein-residual	external_sample	signal_seq_gse256403_hela_2024	NDRG1_T346	60	BTK_PLCG2_axis	0.0010682339780032635
SCP682-SC12-protein-residual	external_sample	signal_seq_gse256403_hela_2024	NDRG1_T346	60	ERK_axis	0.15894004702568054
SCP682-SC12-protein-residual	external_sample	signal_seq_gse256403_hela_2024	NDRG1_T346	60	NFkB_axis	0.12501713633537292
SCP682-SC12-protein-residual	external_sample	signal_seq_gse256403_hela_2024	NDRG1_T346	60	AKT_mTOR_S6_axis	0.12358797341585159
SCP682-SC12-protein-residual	external_sample	signal_seq_gse256403_hela_2024	NDRG1_T346	60	cell_cycle	6.892732365232877e-22
SCP682-SC12-protein-residual	external_sample	signal_seq_gse256403_hela_2024	NDRG1_T346	60	stress_ifn	0.01706317812204361
SCP682-SC12-protein-residual	external_sample	signal_seq_gse256403_hela_2024	NDRG1_T346	60	ribosomal	0.32399675250053406
SCP682-SC12-protein-residual	external_sample	signal_seq_gse256403_hela_2024	NDRG1_T346	60	random_control	0.22868475317955017
SCP682-SC12-protein-residual	external_sample	signal_seq_gse256404_pdo_caf_2024	RPS6_pSitePending	0	BCR_BTK_axis	0.1959960162639618
SCP682-SC12-protein-residual	external_sample	signal_seq_gse256404_pdo_caf_2024	RPS6_pSitePending	0	BTK_PLCG2_axis	0.1352824866771698
SCP682-SC12-protein-residual	external_sample	signal_seq_gse256404_pdo_caf_2024	RPS6_pSitePending	0	ERK_axis	0.10020075738430023
SCP682-SC12-protein-residual	external_sample	signal_seq_gse256404_pdo_caf_2024	RPS6_pSitePending	0	NFkB_axis	0.1483362764120102
SCP682-SC12-protein-residual	external_sample	signal_seq_gse256404_pdo_caf_2024	RPS6_pSitePending	0	AKT_mTOR_S6_axis	0.03564091771841049
SCP682-SC12-protein-residual	external_sample	signal_seq_gse256404_pdo_caf_2024	RPS6_pSitePending	0	cell_cycle	0.010349968448281288
SCP682-SC12-protein-residual	external_sample	signal_seq_gse256404_pdo_caf_2024	RPS6_pSitePending	0	stress_ifn	0.29456833004951477
SCP682-SC12-protein-residual	external_sample	signal_seq_gse256404_pdo_caf_2024	RPS6_pSitePending	0	ribosomal	0.07594311237335205
SCP682-SC12-protein-residual	external_sample	signal_seq_gse256404_pdo_caf_2024	RPS6_pSitePending	0	random_control	0.0036818075459450483
SCP682-SC12-protein-residual	external_sample	signal_seq_gse256404_pdo_caf_2024	STAT3_Y705	1	BCR_BTK_axis	0.017364846542477608
SCP682-SC12-protein-residual	external_sample	signal_seq_gse256404_pdo_caf_2024	STAT3_Y705	1	BTK_PLCG2_axis	0.0004908976843580604
SCP682-SC12-protein-residual	external_sample	signal_seq_gse256404_pdo_caf_2024	STAT3_Y705	1	ERK_axis	0.026589421555399895
SCP682-SC12-protein-residual	external_sample	signal_seq_gse256404_pdo_caf_2024	STAT3_Y705	1	NFkB_axis	0.03191206231713295
SCP682-SC12-protein-residual	external_sample	signal_seq_gse256404_pdo_caf_2024	STAT3_Y705	1	AKT_mTOR_S6_axis	0.003973095677793026
SCP682-SC12-protein-residual	external_sample	signal_seq_gse256404_pdo_caf_2024	STAT3_Y705	1	cell_cycle	0.012905411422252655
SCP682-SC12-protein-residual	external_sample	signal_seq_gse256404_pdo_caf_2024	STAT3_Y705	1	stress_ifn	0.06711063534021378
SCP682-SC12-protein-residual	external_sample	signal_seq_gse256404_pdo_caf_2024	STAT3_Y705	1	ribosomal	0.832103431224823
SCP682-SC12-protein-residual	external_sample	signal_seq_gse256404_pdo_caf_2024	STAT3_Y705	1	random_control	0.007550167851150036
SCP682-SC12-protein-residual	external_sample	signal_seq_gse256404_pdo_caf_2024	MAPK14_pSitePending	2	BCR_BTK_axis	0.03463972732424736
SCP682-SC12-protein-residual	external_sample	signal_seq_gse256404_pdo_caf_2024	MAPK14_pSitePending	2	BTK_PLCG2_axis	0.03714828938245773
SCP682-SC12-protein-residual	external_sample	signal_seq_gse256404_pdo_caf_2024	MAPK14_pSitePending	2	ERK_axis	0.042394332587718964
SCP682-SC12-protein-residual	external_sample	signal_seq_gse256404_pdo_caf_2024	MAPK14_pSitePending	2	NFkB_axis	0.12045309692621231
SCP682-SC12-protein-residual	external_sample	signal_seq_gse256404_pdo_caf_2024	MAPK14_pSitePending	2	AKT_mTOR_S6_axis	0.06148994341492653
SCP682-SC12-protein-residual	external_sample	signal_seq_gse256404_pdo_caf_2024	MAPK14_pSitePending	2	cell_cycle	0.09817852824926376
SCP682-SC12-protein-residual	external_sample	signal_seq_gse256404_pdo_caf_2024	MAPK14_pSitePending	2	stress_ifn	0.1827487200498581
SCP682-SC12-protein-residual	external_sample	signal_seq_gse256404_pdo_caf_2024	MAPK14_pSitePending	2	ribosomal	0.40740084648132324
SCP682-SC12-protein-residual	external_sample	signal_seq_gse256404_pdo_caf_2024	MAPK14_pSitePending	2	random_control	0.015546884387731552
SCP682-SC12-protein-residual	external_sample	signal_seq_gse256404_pdo_caf_2024	AKT_pSitePending	3	BCR_BTK_axis	0.16639207303524017
SCP682-SC12-protein-residual	external_sample	signal_seq_gse256404_pdo_caf_2024	AKT_pSitePending	3	BTK_PLCG2_axis	0.0012520054588094354
SCP682-SC12-protein-residual	external_sample	signal_seq_gse256404_pdo_caf_2024	AKT_pSitePending	3	ERK_axis	0.05085177347064018
SCP682-SC12-protein-residual	external_sample	signal_seq_gse256404_pdo_caf_2024	AKT_pSitePending	3	NFkB_axis	0.03867487609386444
SCP682-SC12-protein-residual	external_sample	signal_seq_gse256404_pdo_caf_2024	AKT_pSitePending	3	AKT_mTOR_S6_axis	0.018204424530267715
SCP682-SC12-protein-residual	external_sample	signal_seq_gse256404_pdo_caf_2024	AKT_pSitePending	3	cell_cycle	0.0008911929908208549
SCP682-SC12-protein-residual	external_sample	signal_seq_gse256404_pdo_caf_2024	AKT_pSitePending	3	stress_ifn	0.059941258281469345
SCP682-SC12-protein-residual	external_sample	signal_seq_gse256404_pdo_caf_2024	AKT_pSitePending	3	ribosomal	0.47987520694732666
SCP682-SC12-protein-residual	external_sample	signal_seq_gse256404_pdo_caf_2024	AKT_pSitePending	3	random_control	0.18391716480255127
SCP682-SC12-protein-residual	external_sample	signal_seq_gse256404_pdo_caf_2024	BTK_pSitePending	4	BCR_BTK_axis	0.1528089940547943
SCP682-SC12-protein-residual	external_sample	signal_seq_gse256404_pdo_caf_2024	BTK_pSitePending	4	BTK_PLCG2_axis	0.0014803141821175814
SCP682-SC12-protein-residual	external_sample	signal_seq_gse256404_pdo_caf_2024	BTK_pSitePending	4	ERK_axis	0.057982541620731354
SCP682-SC12-protein-residual	external_sample	signal_seq_gse256404_pdo_caf_2024	BTK_pSitePending	4	NFkB_axis	0.04390023276209831
SCP682-SC12-protein-residual	external_sample	signal_seq_gse256404_pdo_caf_2024	BTK_pSitePending	4	AKT_mTOR_S6_axis	0.017668962478637695
SCP682-SC12-protein-residual	external_sample	signal_seq_gse256404_pdo_caf_2024	BTK_pSitePending	4	cell_cycle	0.0008934272918850183
SCP682-SC12-protein-residual	external_sample	signal_seq_gse256404_pdo_caf_2024	BTK_pSitePending	4	stress_ifn	0.058729901909828186
SCP682-SC12-protein-residual	external_sample	signal_seq_gse256404_pdo_caf_2024	BTK_pSitePending	4	ribosomal	0.48039400577545166
SCP682-SC12-protein-residual	external_sample	signal_seq_gse256404_pdo_caf_2024	BTK_pSitePending	4	random_control	0.18614161014556885
SCP682-SC12-protein-residual	external_sample	signal_seq_gse256404_pdo_caf_2024	CREB1_S133_ATF1_S63	5	BCR_BTK_axis	2.0450081137823872e-05
SCP682-SC12-protein-residual	external_sample	signal_seq_gse256404_pdo_caf_2024	CREB1_S133_ATF1_S63	5	BTK_PLCG2_axis	2.5606630060792668e-06
SCP682-SC12-protein-residual	external_sample	signal_seq_gse256404_pdo_caf_2024	CREB1_S133_ATF1_S63	5	ERK_axis	0.010610723868012428
SCP682-SC12-protein-residual	external_sample	signal_seq_gse256404_pdo_caf_2024	CREB1_S133_ATF1_S63	5	NFkB_axis	0.029258674010634422
SCP682-SC12-protein-residual	external_sample	signal_seq_gse256404_pdo_caf_2024	CREB1_S133_ATF1_S63	5	AKT_mTOR_S6_axis	0.008764333091676235
SCP682-SC12-protein-residual	external_sample	signal_seq_gse256404_pdo_caf_2024	CREB1_S133_ATF1_S63	5	cell_cycle	0.011776125989854336
SCP682-SC12-protein-residual	external_sample	signal_seq_gse256404_pdo_caf_2024	CREB1_S133_ATF1_S63	5	stress_ifn	0.32905322313308716
SCP682-SC12-protein-residual	external_sample	signal_seq_gse256404_pdo_caf_2024	CREB1_S133_ATF1_S63	5	ribosomal	0.589510440826416
SCP682-SC12-protein-residual	external_sample	signal_seq_gse256404_pdo_caf_2024	CREB1_S133_ATF1_S63	5	random_control	0.02100398764014244
SCP682-SC12-protein-residual	external_sample	signal_seq_gse256404_pdo_caf_2024	FOS_S32	6	BCR_BTK_axis	0.119938425719738
SCP682-SC12-protein-residual	external_sample	signal_seq_gse256404_pdo_caf_2024	FOS_S32	6	BTK_PLCG2_axis	0.003274366492405534
SCP682-SC12-protein-residual	external_sample	signal_seq_gse256404_pdo_caf_2024	FOS_S32	6	ERK_axis	0.05858583003282547
SCP682-SC12-protein-residual	external_sample	signal_seq_gse256404_pdo_caf_2024	FOS_S32	6	NFkB_axis	0.07562539726495743
SCP682-SC12-protein-residual	external_sample	signal_seq_gse256404_pdo_caf_2024	FOS_S32	6	AKT_mTOR_S6_axis	0.004741644486784935
SCP682-SC12-protein-residual	external_sample	signal_seq_gse256404_pdo_caf_2024	FOS_S32	6	cell_cycle	0.00052940211025998
SCP682-SC12-protein-residual	external_sample	signal_seq_gse256404_pdo_caf_2024	FOS_S32	6	stress_ifn	0.06524864584207535
SCP682-SC12-protein-residual	external_sample	signal_seq_gse256404_pdo_caf_2024	FOS_S32	6	ribosomal	0.48222124576568604
SCP682-SC12-protein-residual	external_sample	signal_seq_gse256404_pdo_caf_2024	FOS_S32	6	random_control	0.18983522057533264
SCP682-SC12-protein-residual	external_sample	signal_seq_gse256404_pdo_caf_2024	HM0025_phospho_p44_42_197G2	7	BCR_BTK_axis	0.030764535069465637
SCP682-SC12-protein-residual	external_sample	signal_seq_gse256404_pdo_caf_2024	HM0025_phospho_p44_42_197G2	7	BTK_PLCG2_axis	0.008631750009953976
SCP682-SC12-protein-residual	external_sample	signal_seq_gse256404_pdo_caf_2024	HM0025_phospho_p44_42_197G2	7	ERK_axis	0.038485728204250336
SCP682-SC12-protein-residual	external_sample	signal_seq_gse256404_pdo_caf_2024	HM0025_phospho_p44_42_197G2	7	NFkB_axis	0.07619652897119522
SCP682-SC12-protein-residual	external_sample	signal_seq_gse256404_pdo_caf_2024	HM0025_phospho_p44_42_197G2	7	AKT_mTOR_S6_axis	0.045058514922857285
SCP682-SC12-protein-residual	external_sample	signal_seq_gse256404_pdo_caf_2024	HM0025_phospho_p44_42_197G2	7	cell_cycle	0.09346901625394821
SCP682-SC12-protein-residual	external_sample	signal_seq_gse256404_pdo_caf_2024	HM0025_phospho_p44_42_197G2	7	stress_ifn	0.17659100890159607
SCP682-SC12-protein-residual	external_sample	signal_seq_gse256404_pdo_caf_2024	HM0025_phospho_p44_42_197G2	7	ribosomal	0.5055834054946899
SCP682-SC12-protein-residual	external_sample	signal_seq_gse256404_pdo_caf_2024	HM0025_phospho_p44_42_197G2	7	random_control	0.025219552218914032
SCP682-SC12-protein-residual	external_sample	signal_seq_gse256404_pdo_caf_2024	JUN_pSitePending	8	BCR_BTK_axis	0.02032773196697235
SCP682-SC12-protein-residual	external_sample	signal_seq_gse256404_pdo_caf_2024	JUN_pSitePending	8	BTK_PLCG2_axis	0.0016182189574465156
SCP682-SC12-protein-residual	external_sample	signal_seq_gse256404_pdo_caf_2024	JUN_pSitePending	8	ERK_axis	0.027426034212112427
SCP682-SC12-protein-residual	external_sample	signal_seq_gse256404_pdo_caf_2024	JUN_pSitePending	8	NFkB_axis	0.04920903220772743
SCP682-SC12-protein-residual	external_sample	signal_seq_gse256404_pdo_caf_2024	JUN_pSitePending	8	AKT_mTOR_S6_axis	0.009284756146371365
SCP682-SC12-protein-residual	external_sample	signal_seq_gse256404_pdo_caf_2024	JUN_pSitePending	8	cell_cycle	0.059384558349847794
SCP682-SC12-protein-residual	external_sample	signal_seq_gse256404_pdo_caf_2024	JUN_pSitePending	8	stress_ifn	0.1002938374876976
SCP682-SC12-protein-residual	external_sample	signal_seq_gse256404_pdo_caf_2024	JUN_pSitePending	8	ribosomal	0.7095218896865845
SCP682-SC12-protein-residual	external_sample	signal_seq_gse256404_pdo_caf_2024	JUN_pSitePending	8	random_control	0.022933464497327805
SCP682-SC12-protein-residual	external_sample	signal_seq_gse256404_pdo_caf_2024	LAT_Y226	9	BCR_BTK_axis	2.2323392840917222e-05
SCP682-SC12-protein-residual	external_sample	signal_seq_gse256404_pdo_caf_2024	LAT_Y226	9	BTK_PLCG2_axis	2.6058451112476178e-06
SCP682-SC12-protein-residual	external_sample	signal_seq_gse256404_pdo_caf_2024	LAT_Y226	9	ERK_axis	0.010425909422338009
SCP682-SC12-protein-residual	external_sample	signal_seq_gse256404_pdo_caf_2024	LAT_Y226	9	NFkB_axis	0.023429393768310547
SCP682-SC12-protein-residual	external_sample	signal_seq_gse256404_pdo_caf_2024	LAT_Y226	9	AKT_mTOR_S6_axis	0.005053400062024593
SCP682-SC12-protein-residual	external_sample	signal_seq_gse256404_pdo_caf_2024	LAT_Y226	9	cell_cycle	0.012577569112181664
SCP682-SC12-protein-residual	external_sample	signal_seq_gse256404_pdo_caf_2024	LAT_Y226	9	stress_ifn	0.32096949219703674
SCP682-SC12-protein-residual	external_sample	signal_seq_gse256404_pdo_caf_2024	LAT_Y226	9	ribosomal	0.6034491658210754
SCP682-SC12-protein-residual	external_sample	signal_seq_gse256404_pdo_caf_2024	LAT_Y226	9	random_control	0.02407038025557995
SCP682-SC12-protein-residual	external_sample	signal_seq_gse256404_pdo_caf_2024	LCP2_S376	10	BCR_BTK_axis	0.049871210008859634
SCP682-SC12-protein-residual	external_sample	signal_seq_gse256404_pdo_caf_2024	LCP2_S376	10	BTK_PLCG2_axis	0.0024384264834225178
SCP682-SC12-protein-residual	external_sample	signal_seq_gse256404_pdo_caf_2024	LCP2_S376	10	ERK_axis	0.03294610604643822
SCP682-SC12-protein-residual	external_sample	signal_seq_gse256404_pdo_caf_2024	LCP2_S376	10	NFkB_axis	0.03829997405409813
SCP682-SC12-protein-residual	external_sample	signal_seq_gse256404_pdo_caf_2024	LCP2_S376	10	AKT_mTOR_S6_axis	0.032998744398355484
SCP682-SC12-protein-residual	external_sample	signal_seq_gse256404_pdo_caf_2024	LCP2_S376	10	cell_cycle	0.035157375037670135
SCP682-SC12-protein-residual	external_sample	signal_seq_gse256404_pdo_caf_2024	LCP2_S376	10	stress_ifn	0.191169872879982
SCP682-SC12-protein-residual	external_sample	signal_seq_gse256404_pdo_caf_2024	LCP2_S376	10	ribosomal	0.5709043741226196
SCP682-SC12-protein-residual	external_sample	signal_seq_gse256404_pdo_caf_2024	LCP2_S376	10	random_control	0.04621368646621704
SCP682-SC12-protein-residual	external_sample	signal_seq_gse256404_pdo_caf_2024	MAP2K1_S298	11	BCR_BTK_axis	0.016104383394122124
SCP682-SC12-protein-residual	external_sample	signal_seq_gse256404_pdo_caf_2024	MAP2K1_S298	11	BTK_PLCG2_axis	0.00917051825672388
SCP682-SC12-protein-residual	external_sample	signal_seq_gse256404_pdo_caf_2024	MAP2K1_S298	11	ERK_axis	0.03254818171262741
SCP682-SC12-protein-residual	external_sample	signal_seq_gse256404_pdo_caf_2024	MAP2K1_S298	11	NFkB_axis	0.08174539357423782
SCP682-SC12-protein-residual	external_sample	signal_seq_gse256404_pdo_caf_2024	MAP2K1_S298	11	AKT_mTOR_S6_axis	0.0383932963013649
SCP682-SC12-protein-residual	external_sample	signal_seq_gse256404_pdo_caf_2024	MAP2K1_S298	11	cell_cycle	0.10064435750246048
SCP682-SC12-protein-residual	external_sample	signal_seq_gse256404_pdo_caf_2024	MAP2K1_S298	11	stress_ifn	0.18789958953857422
SCP682-SC12-protein-residual	external_sample	signal_seq_gse256404_pdo_caf_2024	MAP2K1_S298	11	ribosomal	0.5103310942649841
SCP682-SC12-protein-residual	external_sample	signal_seq_gse256404_pdo_caf_2024	MAP2K1_S298	11	random_control	0.02316325716674328
SCP682-SC12-protein-residual	external_sample	signal_seq_gse256404_pdo_caf_2024	MAPK14_pSitePending_D3F9	12	BCR_BTK_axis	0.0070516327396035194
SCP682-SC12-protein-residual	external_sample	signal_seq_gse256404_pdo_caf_2024	MAPK14_pSitePending_D3F9	12	BTK_PLCG2_axis	0.001450045732781291
SCP682-SC12-protein-residual	external_sample	signal_seq_gse256404_pdo_caf_2024	MAPK14_pSitePending_D3F9	12	ERK_axis	0.026333967223763466
SCP682-SC12-protein-residual	external_sample	signal_seq_gse256404_pdo_caf_2024	MAPK14_pSitePending_D3F9	12	NFkB_axis	0.012549095787107944
SCP682-SC12-protein-residual	external_sample	signal_seq_gse256404_pdo_caf_2024	MAPK14_pSitePending_D3F9	12	AKT_mTOR_S6_axis	0.013997307978570461
SCP682-SC12-protein-residual	external_sample	signal_seq_gse256404_pdo_caf_2024	MAPK14_pSitePending_D3F9	12	cell_cycle	0.0061916992999613285
SCP682-SC12-protein-residual	external_sample	signal_seq_gse256404_pdo_caf_2024	MAPK14_pSitePending_D3F9	12	stress_ifn	0.0338975191116333
SCP682-SC12-protein-residual	external_sample	signal_seq_gse256404_pdo_caf_2024	MAPK14_pSitePending_D3F9	12	ribosomal	0.8896209597587585
SCP682-SC12-protein-residual	external_sample	signal_seq_gse256404_pdo_caf_2024	MAPK14_pSitePending_D3F9	12	random_control	0.00890716165304184
SCP682-SC12-protein-residual	external_sample	signal_seq_gse256404_pdo_caf_2024	MAPK1_MAPK3_T202_Y204	13	BCR_BTK_axis	0.14477013051509857
SCP682-SC12-protein-residual	external_sample	signal_seq_gse256404_pdo_caf_2024	MAPK1_MAPK3_T202_Y204	13	BTK_PLCG2_axis	0.0014879502123221755
SCP682-SC12-protein-residual	external_sample	signal_seq_gse256404_pdo_caf_2024	MAPK1_MAPK3_T202_Y204	13	ERK_axis	0.06100204214453697
SCP682-SC12-protein-residual	external_sample	signal_seq_gse256404_pdo_caf_2024	MAPK1_MAPK3_T202_Y204	13	NFkB_axis	0.048721957951784134
SCP682-SC12-protein-residual	external_sample	signal_seq_gse256404_pdo_caf_2024	MAPK1_MAPK3_T202_Y204	13	AKT_mTOR_S6_axis	0.01694241538643837
SCP682-SC12-protein-residual	external_sample	signal_seq_gse256404_pdo_caf_2024	MAPK1_MAPK3_T202_Y204	13	cell_cycle	0.000892113137524575
SCP682-SC12-protein-residual	external_sample	signal_seq_gse256404_pdo_caf_2024	MAPK1_MAPK3_T202_Y204	13	stress_ifn	0.059242215007543564
SCP682-SC12-protein-residual	external_sample	signal_seq_gse256404_pdo_caf_2024	MAPK1_MAPK3_T202_Y204	13	ribosomal	0.480521023273468
SCP682-SC12-protein-residual	external_sample	signal_seq_gse256404_pdo_caf_2024	MAPK1_MAPK3_T202_Y204	13	random_control	0.18642009794712067
SCP682-SC12-protein-residual	external_sample	signal_seq_gse256404_pdo_caf_2024	MAPK1_MAPK3_pSitePending	14	BCR_BTK_axis	0.14307783544063568
SCP682-SC12-protein-residual	external_sample	signal_seq_gse256404_pdo_caf_2024	MAPK1_MAPK3_pSitePending	14	BTK_PLCG2_axis	0.0015184548683464527
SCP682-SC12-protein-residual	external_sample	signal_seq_gse256404_pdo_caf_2024	MAPK1_MAPK3_pSitePending	14	ERK_axis	0.06201911345124245
SCP682-SC12-protein-residual	external_sample	signal_seq_gse256404_pdo_caf_2024	MAPK1_MAPK3_pSitePending	14	NFkB_axis	0.04937274008989334
SCP682-SC12-protein-residual	external_sample	signal_seq_gse256404_pdo_caf_2024	MAPK1_MAPK3_pSitePending	14	AKT_mTOR_S6_axis	0.016883211210370064
SCP682-SC12-protein-residual	external_sample	signal_seq_gse256404_pdo_caf_2024	MAPK1_MAPK3_pSitePending	14	cell_cycle	0.0008893556660041213
SCP682-SC12-protein-residual	external_sample	signal_seq_gse256404_pdo_caf_2024	MAPK1_MAPK3_pSitePending	14	stress_ifn	0.05930333212018013
SCP682-SC12-protein-residual	external_sample	signal_seq_gse256404_pdo_caf_2024	MAPK1_MAPK3_pSitePending	14	ribosomal	0.48051324486732483
SCP682-SC12-protein-residual	external_sample	signal_seq_gse256404_pdo_caf_2024	MAPK1_MAPK3_pSitePending	14	random_control	0.18642279505729675
SCP682-SC12-protein-residual	external_sample	signal_seq_gse256404_pdo_caf_2024	PLCG2_Y759	15	BCR_BTK_axis	5.345133989825661e-14
SCP682-SC12-protein-residual	external_sample	signal_seq_gse256404_pdo_caf_2024	PLCG2_Y759	15	BTK_PLCG2_axis	1.561683715405158e-20
SCP682-SC12-protein-residual	external_sample	signal_seq_gse256404_pdo_caf_2024	PLCG2_Y759	15	ERK_axis	0.005369256716221571
SCP682-SC12-protein-residual	external_sample	signal_seq_gse256404_pdo_caf_2024	PLCG2_Y759	15	NFkB_axis	0.007085099350661039
SCP682-SC12-protein-residual	external_sample	signal_seq_gse256404_pdo_caf_2024	PLCG2_Y759	15	AKT_mTOR_S6_axis	0.0014397429767996073
SCP682-SC12-protein-residual	external_sample	signal_seq_gse256404_pdo_caf_2024	PLCG2_Y759	15	cell_cycle	0.006924182176589966
SCP682-SC12-protein-residual	external_sample	signal_seq_gse256404_pdo_caf_2024	PLCG2_Y759	15	stress_ifn	0.2957116365432739
SCP682-SC12-protein-residual	external_sample	signal_seq_gse256404_pdo_caf_2024	PLCG2_Y759	15	ribosomal	0.6280720233917236
SCP682-SC12-protein-residual	external_sample	signal_seq_gse256404_pdo_caf_2024	PLCG2_Y759	15	random_control	0.05539840832352638
SCP682-SC12-protein-residual	external_sample	signal_seq_gse256404_pdo_caf_2024	PLCG2_pSitePending	16	BCR_BTK_axis	0.15344804525375366
SCP682-SC12-protein-residual	external_sample	signal_seq_gse256404_pdo_caf_2024	PLCG2_pSitePending	16	BTK_PLCG2_axis	0.0016437885351479053
SCP682-SC12-protein-residual	external_sample	signal_seq_gse256404_pdo_caf_2024	PLCG2_pSitePending	16	ERK_axis	0.0576346181333065
SCP682-SC12-protein-residual	external_sample	signal_seq_gse256404_pdo_caf_2024	PLCG2_pSitePending	16	NFkB_axis	0.04379178583621979
SCP682-SC12-protein-residual	external_sample	signal_seq_gse256404_pdo_caf_2024	PLCG2_pSitePending	16	AKT_mTOR_S6_axis	0.018353775143623352
SCP682-SC12-protein-residual	external_sample	signal_seq_gse256404_pdo_caf_2024	PLCG2_pSitePending	16	cell_cycle	0.0008934751385822892
SCP682-SC12-protein-residual	external_sample	signal_seq_gse256404_pdo_caf_2024	PLCG2_pSitePending	16	stress_ifn	0.058908212929964066
SCP682-SC12-protein-residual	external_sample	signal_seq_gse256404_pdo_caf_2024	PLCG2_pSitePending	16	ribosomal	0.48012325167655945
SCP682-SC12-protein-residual	external_sample	signal_seq_gse256404_pdo_caf_2024	PLCG2_pSitePending	16	random_control	0.18520313501358032
SCP682-SC12-protein-residual	external_sample	signal_seq_gse256404_pdo_caf_2024	RELA_S536	17	BCR_BTK_axis	0.16617998480796814
SCP682-SC12-protein-residual	external_sample	signal_seq_gse256404_pdo_caf_2024	RELA_S536	17	BTK_PLCG2_axis	0.0012597311288118362
SCP682-SC12-protein-residual	external_sample	signal_seq_gse256404_pdo_caf_2024	RELA_S536	17	ERK_axis	0.050816360861063004
SCP682-SC12-protein-residual	external_sample	signal_seq_gse256404_pdo_caf_2024	RELA_S536	17	NFkB_axis	0.03896908462047577
SCP682-SC12-protein-residual	external_sample	signal_seq_gse256404_pdo_caf_2024	RELA_S536	17	AKT_mTOR_S6_axis	0.017241984605789185
SCP682-SC12-protein-residual	external_sample	signal_seq_gse256404_pdo_caf_2024	RELA_S536	17	cell_cycle	0.0008828597492538393
SCP682-SC12-protein-residual	external_sample	signal_seq_gse256404_pdo_caf_2024	RELA_S536	17	stress_ifn	0.06032923236489296
SCP682-SC12-protein-residual	external_sample	signal_seq_gse256404_pdo_caf_2024	RELA_S536	17	ribosomal	0.4801385700702667
SCP682-SC12-protein-residual	external_sample	signal_seq_gse256404_pdo_caf_2024	RELA_S536	17	random_control	0.18418219685554504
SCP682-SC12-protein-residual	external_sample	signal_seq_gse256404_pdo_caf_2024	RELA_pSitePending_93H1	18	BCR_BTK_axis	0.002248186618089676
SCP682-SC12-protein-residual	external_sample	signal_seq_gse256404_pdo_caf_2024	RELA_pSitePending_93H1	18	BTK_PLCG2_axis	0.00023723245249129832
SCP682-SC12-protein-residual	external_sample	signal_seq_gse256404_pdo_caf_2024	RELA_pSitePending_93H1	18	ERK_axis	0.018363257870078087
SCP682-SC12-protein-residual	external_sample	signal_seq_gse256404_pdo_caf_2024	RELA_pSitePending_93H1	18	NFkB_axis	0.016361117362976074
SCP682-SC12-protein-residual	external_sample	signal_seq_gse256404_pdo_caf_2024	RELA_pSitePending_93H1	18	AKT_mTOR_S6_axis	0.005737804342061281
SCP682-SC12-protein-residual	external_sample	signal_seq_gse256404_pdo_caf_2024	RELA_pSitePending_93H1	18	cell_cycle	0.003085939446464181
SCP682-SC12-protein-residual	external_sample	signal_seq_gse256404_pdo_caf_2024	RELA_pSitePending_93H1	18	stress_ifn	0.066365085542202
SCP682-SC12-protein-residual	external_sample	signal_seq_gse256404_pdo_caf_2024	RELA_pSitePending_93H1	18	ribosomal	0.8827825784683228
SCP682-SC12-protein-residual	external_sample	signal_seq_gse256404_pdo_caf_2024	RELA_pSitePending_93H1	18	random_control	0.004818760324269533
SCP682-SC12-protein-residual	external_sample	signal_seq_gse256404_pdo_caf_2024	STAT5A_STAT5B_Y694_Y699	21	BCR_BTK_axis	0.00014928070595487952
SCP682-SC12-protein-residual	external_sample	signal_seq_gse256404_pdo_caf_2024	STAT5A_STAT5B_Y694_Y699	21	BTK_PLCG2_axis	1.7410113287041895e-05
SCP682-SC12-protein-residual	external_sample	signal_seq_gse256404_pdo_caf_2024	STAT5A_STAT5B_Y694_Y699	21	ERK_axis	0.012664606794714928
SCP682-SC12-protein-residual	external_sample	signal_seq_gse256404_pdo_caf_2024	STAT5A_STAT5B_Y694_Y699	21	NFkB_axis	0.02211880311369896
SCP682-SC12-protein-residual	external_sample	signal_seq_gse256404_pdo_caf_2024	STAT5A_STAT5B_Y694_Y699	21	AKT_mTOR_S6_axis	0.0008606754709035158
SCP682-SC12-protein-residual	external_sample	signal_seq_gse256404_pdo_caf_2024	STAT5A_STAT5B_Y694_Y699	21	cell_cycle	0.007308491040021181
SCP682-SC12-protein-residual	external_sample	signal_seq_gse256404_pdo_caf_2024	STAT5A_STAT5B_Y694_Y699	21	stress_ifn	0.18810027837753296
SCP682-SC12-protein-residual	external_sample	signal_seq_gse256404_pdo_caf_2024	STAT5A_STAT5B_Y694_Y699	21	ribosomal	0.7481014132499695
SCP682-SC12-protein-residual	external_sample	signal_seq_gse256404_pdo_caf_2024	STAT5A_STAT5B_Y694_Y699	21	random_control	0.02067873254418373
SCP682-SC12-protein-residual	external_sample	signal_seq_gse256404_pdo_caf_2024	SYK_pSitePending	22	BCR_BTK_axis	2.847104401738389e-14
SCP682-SC12-protein-residual	external_sample	signal_seq_gse256404_pdo_caf_2024	SYK_pSitePending	22	BTK_PLCG2_axis	2.3960095851752527e-20
SCP682-SC12-protein-residual	external_sample	signal_seq_gse256404_pdo_caf_2024	SYK_pSitePending	22	ERK_axis	0.005363991484045982
SCP682-SC12-protein-residual	external_sample	signal_seq_gse256404_pdo_caf_2024	SYK_pSitePending	22	NFkB_axis	0.006437548436224461
SCP682-SC12-protein-residual	external_sample	signal_seq_gse256404_pdo_caf_2024	SYK_pSitePending	22	AKT_mTOR_S6_axis	0.0009275649208575487
SCP682-SC12-protein-residual	external_sample	signal_seq_gse256404_pdo_caf_2024	SYK_pSitePending	22	cell_cycle	0.006412545684725046
SCP682-SC12-protein-residual	external_sample	signal_seq_gse256404_pdo_caf_2024	SYK_pSitePending	22	stress_ifn	0.30805811285972595
SCP682-SC12-protein-residual	external_sample	signal_seq_gse256404_pdo_caf_2024	SYK_pSitePending	22	ribosomal	0.6271514296531677
SCP682-SC12-protein-residual	external_sample	signal_seq_gse256404_pdo_caf_2024	SYK_pSitePending	22	random_control	0.0456489697098732
SCP682-SC12-protein-residual	external_sample	signal_seq_gse256404_pdo_caf_2024	p-AMPK-a1/2	23	BCR_BTK_axis	0.16785182058811188
SCP682-SC12-protein-residual	external_sample	signal_seq_gse256404_pdo_caf_2024	p-AMPK-a1/2	23	BTK_PLCG2_axis	0.0012151306727901101
SCP682-SC12-protein-residual	external_sample	signal_seq_gse256404_pdo_caf_2024	p-AMPK-a1/2	23	ERK_axis	0.05004943162202835
SCP682-SC12-protein-residual	external_sample	signal_seq_gse256404_pdo_caf_2024	p-AMPK-a1/2	23	NFkB_axis	0.03808647394180298
SCP682-SC12-protein-residual	external_sample	signal_seq_gse256404_pdo_caf_2024	p-AMPK-a1/2	23	AKT_mTOR_S6_axis	0.01807555928826332
SCP682-SC12-protein-residual	external_sample	signal_seq_gse256404_pdo_caf_2024	p-AMPK-a1/2	23	cell_cycle	0.0008834482869133353
SCP682-SC12-protein-residual	external_sample	signal_seq_gse256404_pdo_caf_2024	p-AMPK-a1/2	23	stress_ifn	0.060115087777376175
SCP682-SC12-protein-residual	external_sample	signal_seq_gse256404_pdo_caf_2024	p-AMPK-a1/2	23	ribosomal	0.47990334033966064
SCP682-SC12-protein-residual	external_sample	signal_seq_gse256404_pdo_caf_2024	p-AMPK-a1/2	23	random_control	0.1838197410106659
SCP682-SC12-protein-residual	external_sample	signal_seq_gse256404_pdo_caf_2024	p-AMPK-b1	24	BCR_BTK_axis	0.15217381715774536
SCP682-SC12-protein-residual	external_sample	signal_seq_gse256404_pdo_caf_2024	p-AMPK-b1	24	BTK_PLCG2_axis	0.0015454726526513696
SCP682-SC12-protein-residual	external_sample	signal_seq_gse256404_pdo_caf_2024	p-AMPK-b1	24	ERK_axis	0.058393459767103195
SCP682-SC12-protein-residual	external_sample	signal_seq_gse256404_pdo_caf_2024	p-AMPK-b1	24	NFkB_axis	0.04426724836230278
SCP682-SC12-protein-residual	external_sample	signal_seq_gse256404_pdo_caf_2024	p-AMPK-b1	24	AKT_mTOR_S6_axis	0.01782160811126232
SCP682-SC12-protein-residual	external_sample	signal_seq_gse256404_pdo_caf_2024	p-AMPK-b1	24	cell_cycle	0.0008934226934798062
SCP682-SC12-protein-residual	external_sample	signal_seq_gse256404_pdo_caf_2024	p-AMPK-b1	24	stress_ifn	0.05874522030353546
SCP682-SC12-protein-residual	external_sample	signal_seq_gse256404_pdo_caf_2024	p-AMPK-b1	24	ribosomal	0.480123907327652
SCP682-SC12-protein-residual	external_sample	signal_seq_gse256404_pdo_caf_2024	p-AMPK-b1	24	random_control	0.18603581190109253
SCP682-SC12-protein-residual	external_sample	signal_seq_gse256404_pdo_caf_2024	p-BLNK	25	BCR_BTK_axis	5.156577205164825e-13
SCP682-SC12-protein-residual	external_sample	signal_seq_gse256404_pdo_caf_2024	p-BLNK	25	BTK_PLCG2_axis	7.262326817371383e-17
SCP682-SC12-protein-residual	external_sample	signal_seq_gse256404_pdo_caf_2024	p-BLNK	25	ERK_axis	0.0017290188698098063
SCP682-SC12-protein-residual	external_sample	signal_seq_gse256404_pdo_caf_2024	p-BLNK	25	NFkB_axis	0.03902655094861984
SCP682-SC12-protein-residual	external_sample	signal_seq_gse256404_pdo_caf_2024	p-BLNK	25	AKT_mTOR_S6_axis	0.0016650640172883868
SCP682-SC12-protein-residual	external_sample	signal_seq_gse256404_pdo_caf_2024	p-BLNK	25	cell_cycle	0.006486418191343546
SCP682-SC12-protein-residual	external_sample	signal_seq_gse256404_pdo_caf_2024	p-BLNK	25	stress_ifn	0.4485940933227539
SCP682-SC12-protein-residual	external_sample	signal_seq_gse256404_pdo_caf_2024	p-BLNK	25	ribosomal	0.47694283723831177
SCP682-SC12-protein-residual	external_sample	signal_seq_gse256404_pdo_caf_2024	p-BLNK	25	random_control	0.025555778294801712
SCP682-SC12-protein-residual	external_sample	signal_seq_gse256404_pdo_caf_2024	p-CD79a	26	BCR_BTK_axis	8.012182063643625e-12
SCP682-SC12-protein-residual	external_sample	signal_seq_gse256404_pdo_caf_2024	p-CD79a	26	BTK_PLCG2_axis	1.8848888649978385e-15
SCP682-SC12-protein-residual	external_sample	signal_seq_gse256404_pdo_caf_2024	p-CD79a	26	ERK_axis	0.005556047894060612
SCP682-SC12-protein-residual	external_sample	signal_seq_gse256404_pdo_caf_2024	p-CD79a	26	NFkB_axis	0.020732659846544266
SCP682-SC12-protein-residual	external_sample	signal_seq_gse256404_pdo_caf_2024	p-CD79a	26	AKT_mTOR_S6_axis	0.003839585231617093
SCP682-SC12-protein-residual	external_sample	signal_seq_gse256404_pdo_caf_2024	p-CD79a	26	cell_cycle	0.006954222451895475
SCP682-SC12-protein-residual	external_sample	signal_seq_gse256404_pdo_caf_2024	p-CD79a	26	stress_ifn	0.36243653297424316
SCP682-SC12-protein-residual	external_sample	signal_seq_gse256404_pdo_caf_2024	p-CD79a	26	ribosomal	0.5761111974716187
SCP682-SC12-protein-residual	external_sample	signal_seq_gse256404_pdo_caf_2024	p-CD79a	26	random_control	0.024369684979319572
SCP682-SC12-protein-residual	external_sample	signal_seq_gse256404_pdo_caf_2024	p-CDK1	27	BCR_BTK_axis	0.6119473576545715
SCP682-SC12-protein-residual	external_sample	signal_seq_gse256404_pdo_caf_2024	p-CDK1	27	BTK_PLCG2_axis	0.04443497210741043
SCP682-SC12-protein-residual	external_sample	signal_seq_gse256404_pdo_caf_2024	p-CDK1	27	ERK_axis	0.064845509827137
SCP682-SC12-protein-residual	external_sample	signal_seq_gse256404_pdo_caf_2024	p-CDK1	27	NFkB_axis	0.025541312992572784
SCP682-SC12-protein-residual	external_sample	signal_seq_gse256404_pdo_caf_2024	p-CDK1	27	AKT_mTOR_S6_axis	0.019776033237576485
SCP682-SC12-protein-residual	external_sample	signal_seq_gse256404_pdo_caf_2024	p-CDK1	27	cell_cycle	0.00011499086394906044
SCP682-SC12-protein-residual	external_sample	signal_seq_gse256404_pdo_caf_2024	p-CDK1	27	stress_ifn	0.054469749331474304
SCP682-SC12-protein-residual	external_sample	signal_seq_gse256404_pdo_caf_2024	p-CDK1	27	ribosomal	1.9331555035423776e-20
SCP682-SC12-protein-residual	external_sample	signal_seq_gse256404_pdo_caf_2024	p-CDK1	27	random_control	0.17887014150619507
SCP682-SC12-protein-residual	external_sample	signal_seq_gse256404_pdo_caf_2024	p-CDK4	28	BCR_BTK_axis	0.19070827960968018
SCP682-SC12-protein-residual	external_sample	signal_seq_gse256404_pdo_caf_2024	p-CDK4	28	BTK_PLCG2_axis	0.0005880320095457137
SCP682-SC12-protein-residual	external_sample	signal_seq_gse256404_pdo_caf_2024	p-CDK4	28	ERK_axis	0.030502378940582275
SCP682-SC12-protein-residual	external_sample	signal_seq_gse256404_pdo_caf_2024	p-CDK4	28	NFkB_axis	0.03917856141924858
SCP682-SC12-protein-residual	external_sample	signal_seq_gse256404_pdo_caf_2024	p-CDK4	28	AKT_mTOR_S6_axis	0.0021093019749969244
SCP682-SC12-protein-residual	external_sample	signal_seq_gse256404_pdo_caf_2024	p-CDK4	28	cell_cycle	0.0003250196750741452
SCP682-SC12-protein-residual	external_sample	signal_seq_gse256404_pdo_caf_2024	p-CDK4	28	stress_ifn	0.06056462600827217
SCP682-SC12-protein-residual	external_sample	signal_seq_gse256404_pdo_caf_2024	p-CDK4	28	ribosomal	0.4828156530857086
SCP682-SC12-protein-residual	external_sample	signal_seq_gse256404_pdo_caf_2024	p-CDK4	28	random_control	0.19320809841156006
SCP682-SC12-protein-residual	external_sample	signal_seq_gse256404_pdo_caf_2024	p-HistonH2A.X	30	BCR_BTK_axis	0.24416306614875793
SCP682-SC12-protein-residual	external_sample	signal_seq_gse256404_pdo_caf_2024	p-HistonH2A.X	30	BTK_PLCG2_axis	0.0007855622097849846
SCP682-SC12-protein-residual	external_sample	signal_seq_gse256404_pdo_caf_2024	p-HistonH2A.X	30	ERK_axis	0.000358205841621384
SCP682-SC12-protein-residual	external_sample	signal_seq_gse256404_pdo_caf_2024	p-HistonH2A.X	30	NFkB_axis	0.020771527662873268
SCP682-SC12-protein-residual	external_sample	signal_seq_gse256404_pdo_caf_2024	p-HistonH2A.X	30	AKT_mTOR_S6_axis	7.0688614961511576e-09
SCP682-SC12-protein-residual	external_sample	signal_seq_gse256404_pdo_caf_2024	p-HistonH2A.X	30	cell_cycle	0.00046515229041688144
SCP682-SC12-protein-residual	external_sample	signal_seq_gse256404_pdo_caf_2024	p-HistonH2A.X	30	stress_ifn	0.1285160332918167
SCP682-SC12-protein-residual	external_sample	signal_seq_gse256404_pdo_caf_2024	p-HistonH2A.X	30	ribosomal	0.4020237326622009
SCP682-SC12-protein-residual	external_sample	signal_seq_gse256404_pdo_caf_2024	p-HistonH2A.X	30	random_control	0.20291689038276672
SCP682-SC12-protein-residual	external_sample	signal_seq_gse256404_pdo_caf_2024	p-HistonH3	31	BCR_BTK_axis	0.18395449221134186
SCP682-SC12-protein-residual	external_sample	signal_seq_gse256404_pdo_caf_2024	p-HistonH3	31	BTK_PLCG2_axis	0.0006559579633176327
SCP682-SC12-protein-residual	external_sample	signal_seq_gse256404_pdo_caf_2024	p-HistonH3	31	ERK_axis	0.038413163274526596
SCP682-SC12-protein-residual	external_sample	signal_seq_gse256404_pdo_caf_2024	p-HistonH3	31	NFkB_axis	0.032699812203645706
SCP682-SC12-protein-residual	external_sample	signal_seq_gse256404_pdo_caf_2024	p-HistonH3	31	AKT_mTOR_S6_axis	0.011917058378458023
SCP682-SC12-protein-residual	external_sample	signal_seq_gse256404_pdo_caf_2024	p-HistonH3	31	cell_cycle	0.000418164418078959
SCP682-SC12-protein-residual	external_sample	signal_seq_gse256404_pdo_caf_2024	p-HistonH3	31	stress_ifn	0.0601668655872345
SCP682-SC12-protein-residual	external_sample	signal_seq_gse256404_pdo_caf_2024	p-HistonH3	31	ribosomal	0.4836576282978058
SCP682-SC12-protein-residual	external_sample	signal_seq_gse256404_pdo_caf_2024	p-HistonH3	31	random_control	0.18811683356761932
SCP682-SC12-protein-residual	external_sample	signal_seq_gse256404_pdo_caf_2024	p-IKKa/b	32	BCR_BTK_axis	0.15503443777561188
SCP682-SC12-protein-residual	external_sample	signal_seq_gse256404_pdo_caf_2024	p-IKKa/b	32	BTK_PLCG2_axis	0.001395507133565843
SCP682-SC12-protein-residual	external_sample	signal_seq_gse256404_pdo_caf_2024	p-IKKa/b	32	ERK_axis	0.05686640366911888
SCP682-SC12-protein-residual	external_sample	signal_seq_gse256404_pdo_caf_2024	p-IKKa/b	32	NFkB_axis	0.04281751811504364
SCP682-SC12-protein-residual	external_sample	signal_seq_gse256404_pdo_caf_2024	p-IKKa/b	32	AKT_mTOR_S6_axis	0.01698298566043377
SCP682-SC12-protein-residual	external_sample	signal_seq_gse256404_pdo_caf_2024	p-IKKa/b	32	cell_cycle	0.0008934857905842364
SCP682-SC12-protein-residual	external_sample	signal_seq_gse256404_pdo_caf_2024	p-IKKa/b	32	stress_ifn	0.0591459795832634
SCP682-SC12-protein-residual	external_sample	signal_seq_gse256404_pdo_caf_2024	p-IKKa/b	32	ribosomal	0.48040270805358887
SCP682-SC12-protein-residual	external_sample	signal_seq_gse256404_pdo_caf_2024	p-IKKa/b	32	random_control	0.18646107614040375
SCP682-SC12-protein-residual	external_sample	signal_seq_gse256404_pdo_caf_2024	p-IRAK4	33	BCR_BTK_axis	0.18934811651706696
SCP682-SC12-protein-residual	external_sample	signal_seq_gse256404_pdo_caf_2024	p-IRAK4	33	BTK_PLCG2_axis	0.0006250857841223478
SCP682-SC12-protein-residual	external_sample	signal_seq_gse256404_pdo_caf_2024	p-IRAK4	33	ERK_axis	0.03307125344872475
SCP682-SC12-protein-residual	external_sample	signal_seq_gse256404_pdo_caf_2024	p-IRAK4	33	NFkB_axis	0.03496801108121872
SCP682-SC12-protein-residual	external_sample	signal_seq_gse256404_pdo_caf_2024	p-IRAK4	33	AKT_mTOR_S6_axis	0.006312743294984102
SCP682-SC12-protein-residual	external_sample	signal_seq_gse256404_pdo_caf_2024	p-IRAK4	33	cell_cycle	0.0002751140855252743
SCP682-SC12-protein-residual	external_sample	signal_seq_gse256404_pdo_caf_2024	p-IRAK4	33	stress_ifn	0.06072536110877991
SCP682-SC12-protein-residual	external_sample	signal_seq_gse256404_pdo_caf_2024	p-IRAK4	33	ribosomal	0.4834517538547516
SCP682-SC12-protein-residual	external_sample	signal_seq_gse256404_pdo_caf_2024	p-IRAK4	33	random_control	0.19122248888015747
SCP682-SC12-protein-residual	external_sample	signal_seq_gse256404_pdo_caf_2024	p-JAK1	34	BCR_BTK_axis	1.0429272734053391e-13
SCP682-SC12-protein-residual	external_sample	signal_seq_gse256404_pdo_caf_2024	p-JAK1	34	BTK_PLCG2_axis	6.267998831736015e-19
SCP682-SC12-protein-residual	external_sample	signal_seq_gse256404_pdo_caf_2024	p-JAK1	34	ERK_axis	0.00513297226279974
SCP682-SC12-protein-residual	external_sample	signal_seq_gse256404_pdo_caf_2024	p-JAK1	34	NFkB_axis	0.006034671328961849
SCP682-SC12-protein-residual	external_sample	signal_seq_gse256404_pdo_caf_2024	p-JAK1	34	AKT_mTOR_S6_axis	0.0008537587127648294
SCP682-SC12-protein-residual	external_sample	signal_seq_gse256404_pdo_caf_2024	p-JAK1	34	cell_cycle	0.006416617427021265
SCP682-SC12-protein-residual	external_sample	signal_seq_gse256404_pdo_caf_2024	p-JAK1	34	stress_ifn	0.3178642988204956
SCP682-SC12-protein-residual	external_sample	signal_seq_gse256404_pdo_caf_2024	p-JAK1	34	ribosomal	0.6241673231124878
SCP682-SC12-protein-residual	external_sample	signal_seq_gse256404_pdo_caf_2024	p-JAK1	34	random_control	0.039530228823423386
SCP682-SC12-protein-residual	external_sample	signal_seq_gse256404_pdo_caf_2024	p-JNK	35	BCR_BTK_axis	0.14838901162147522
SCP682-SC12-protein-residual	external_sample	signal_seq_gse256404_pdo_caf_2024	p-JNK	35	BTK_PLCG2_axis	0.001570153865031898
SCP682-SC12-protein-residual	external_sample	signal_seq_gse256404_pdo_caf_2024	p-JNK	35	ERK_axis	0.05979893356561661
SCP682-SC12-protein-residual	external_sample	signal_seq_gse256404_pdo_caf_2024	p-JNK	35	NFkB_axis	0.0465678833425045
SCP682-SC12-protein-residual	external_sample	signal_seq_gse256404_pdo_caf_2024	p-JNK	35	AKT_mTOR_S6_axis	0.01795329339802265
SCP682-SC12-protein-residual	external_sample	signal_seq_gse256404_pdo_caf_2024	p-JNK	35	cell_cycle	0.0008932579657994211
SCP682-SC12-protein-residual	external_sample	signal_seq_gse256404_pdo_caf_2024	p-JNK	35	stress_ifn	0.05883533135056496
SCP682-SC12-protein-residual	external_sample	signal_seq_gse256404_pdo_caf_2024	p-JNK	35	ribosomal	0.48011279106140137
SCP682-SC12-protein-residual	external_sample	signal_seq_gse256404_pdo_caf_2024	p-JNK	35	random_control	0.18587927520275116
SCP682-SC12-protein-residual	external_sample	signal_seq_gse256404_pdo_caf_2024	p-PKC-b1	36	BCR_BTK_axis	0.23405398428440094
SCP682-SC12-protein-residual	external_sample	signal_seq_gse256404_pdo_caf_2024	p-PKC-b1	36	BTK_PLCG2_axis	0.0003429665812291205
SCP682-SC12-protein-residual	external_sample	signal_seq_gse256404_pdo_caf_2024	p-PKC-b1	36	ERK_axis	0.0024700730573385954
SCP682-SC12-protein-residual	external_sample	signal_seq_gse256404_pdo_caf_2024	p-PKC-b1	36	NFkB_axis	0.023963121697306633
SCP682-SC12-protein-residual	external_sample	signal_seq_gse256404_pdo_caf_2024	p-PKC-b1	36	AKT_mTOR_S6_axis	0.00032420866773463786
SCP682-SC12-protein-residual	external_sample	signal_seq_gse256404_pdo_caf_2024	p-PKC-b1	36	cell_cycle	0.0003458912833593786
SCP682-SC12-protein-residual	external_sample	signal_seq_gse256404_pdo_caf_2024	p-PKC-b1	36	stress_ifn	0.06323163956403732
SCP682-SC12-protein-residual	external_sample	signal_seq_gse256404_pdo_caf_2024	p-PKC-b1	36	ribosomal	0.4794747233390808
SCP682-SC12-protein-residual	external_sample	signal_seq_gse256404_pdo_caf_2024	p-PKC-b1	36	random_control	0.19579339027404785
SCP682-SC12-protein-residual	external_sample	signal_seq_gse256404_pdo_caf_2024	p-Rb	37	BCR_BTK_axis	0.6096126437187195
SCP682-SC12-protein-residual	external_sample	signal_seq_gse256404_pdo_caf_2024	p-Rb	37	BTK_PLCG2_axis	0.04437871649861336
SCP682-SC12-protein-residual	external_sample	signal_seq_gse256404_pdo_caf_2024	p-Rb	37	ERK_axis	0.06706782430410385
SCP682-SC12-protein-residual	external_sample	signal_seq_gse256404_pdo_caf_2024	p-Rb	37	NFkB_axis	0.02538907714188099
SCP682-SC12-protein-residual	external_sample	signal_seq_gse256404_pdo_caf_2024	p-Rb	37	AKT_mTOR_S6_axis	0.019322536885738373
SCP682-SC12-protein-residual	external_sample	signal_seq_gse256404_pdo_caf_2024	p-Rb	37	cell_cycle	0.00011840862862300128
SCP682-SC12-protein-residual	external_sample	signal_seq_gse256404_pdo_caf_2024	p-Rb	37	stress_ifn	0.05447526276111603
SCP682-SC12-protein-residual	external_sample	signal_seq_gse256404_pdo_caf_2024	p-Rb	37	ribosomal	1.9256593407998292e-20
SCP682-SC12-protein-residual	external_sample	signal_seq_gse256404_pdo_caf_2024	p-Rb	37	random_control	0.17963556945323944
SCP682-SC12-protein-residual	external_sample	signal_seq_gse256404_pdo_caf_2024	p-STAT5	40	BCR_BTK_axis	0.14797167479991913
SCP682-SC12-protein-residual	external_sample	signal_seq_gse256404_pdo_caf_2024	p-STAT5	40	BTK_PLCG2_axis	0.0014906558208167553
SCP682-SC12-protein-residual	external_sample	signal_seq_gse256404_pdo_caf_2024	p-STAT5	40	ERK_axis	0.05991489067673683
SCP682-SC12-protein-residual	external_sample	signal_seq_gse256404_pdo_caf_2024	p-STAT5	40	NFkB_axis	0.046673815697431564
SCP682-SC12-protein-residual	external_sample	signal_seq_gse256404_pdo_caf_2024	p-STAT5	40	AKT_mTOR_S6_axis	0.017189010977745056
SCP682-SC12-protein-residual	external_sample	signal_seq_gse256404_pdo_caf_2024	p-STAT5	40	cell_cycle	0.0008932289783842862
SCP682-SC12-protein-residual	external_sample	signal_seq_gse256404_pdo_caf_2024	p-STAT5	40	stress_ifn	0.05915694683790207
SCP682-SC12-protein-residual	external_sample	signal_seq_gse256404_pdo_caf_2024	p-STAT5	40	ribosomal	0.480459988117218
SCP682-SC12-protein-residual	external_sample	signal_seq_gse256404_pdo_caf_2024	p-STAT5	40	random_control	0.18624982237815857
SCP682-SC12-protein-residual	external_sample	signal_seq_gse256404_pdo_caf_2024	p-STAT6	41	BCR_BTK_axis	0.15259918570518494
SCP682-SC12-protein-residual	external_sample	signal_seq_gse256404_pdo_caf_2024	p-STAT6	41	BTK_PLCG2_axis	0.0014677679864689708
SCP682-SC12-protein-residual	external_sample	signal_seq_gse256404_pdo_caf_2024	p-STAT6	41	ERK_axis	0.05797302722930908
SCP682-SC12-protein-residual	external_sample	signal_seq_gse256404_pdo_caf_2024	p-STAT6	41	NFkB_axis	0.04402342066168785
SCP682-SC12-protein-residual	external_sample	signal_seq_gse256404_pdo_caf_2024	p-STAT6	41	AKT_mTOR_S6_axis	0.01719016581773758
SCP682-SC12-protein-residual	external_sample	signal_seq_gse256404_pdo_caf_2024	p-STAT6	41	cell_cycle	0.0008934590732678771
SCP682-SC12-protein-residual	external_sample	signal_seq_gse256404_pdo_caf_2024	p-STAT6	41	stress_ifn	0.05909018963575363
SCP682-SC12-protein-residual	external_sample	signal_seq_gse256404_pdo_caf_2024	p-STAT6	41	ribosomal	0.4804469347000122
SCP682-SC12-protein-residual	external_sample	signal_seq_gse256404_pdo_caf_2024	p-STAT6	41	random_control	0.1863158643245697
SCP682-SC12-protein-residual	external_sample	signal_seq_gse256404_pdo_caf_2024	p-Src	42	BCR_BTK_axis	1.803246577937196e-14
SCP682-SC12-protein-residual	external_sample	signal_seq_gse256404_pdo_caf_2024	p-Src	42	BTK_PLCG2_axis	6.635211916032422e-21
SCP682-SC12-protein-residual	external_sample	signal_seq_gse256404_pdo_caf_2024	p-Src	42	ERK_axis	0.005549096968024969
SCP682-SC12-protein-residual	external_sample	signal_seq_gse256404_pdo_caf_2024	p-Src	42	NFkB_axis	0.007183783687651157
SCP682-SC12-protein-residual	external_sample	signal_seq_gse256404_pdo_caf_2024	p-Src	42	AKT_mTOR_S6_axis	0.0014853683533146977
SCP682-SC12-protein-residual	external_sample	signal_seq_gse256404_pdo_caf_2024	p-Src	42	cell_cycle	0.006730847060680389
SCP682-SC12-protein-residual	external_sample	signal_seq_gse256404_pdo_caf_2024	p-Src	42	stress_ifn	0.29645469784736633
SCP682-SC12-protein-residual	external_sample	signal_seq_gse256404_pdo_caf_2024	p-Src	42	ribosomal	0.6290952563285828
SCP682-SC12-protein-residual	external_sample	signal_seq_gse256404_pdo_caf_2024	p-Src	42	random_control	0.05350105091929436
SCP682-SC12-protein-residual	external_sample	signal_seq_gse256404_pdo_caf_2024	p-TOR	43	BCR_BTK_axis	0.15281927585601807
SCP682-SC12-protein-residual	external_sample	signal_seq_gse256404_pdo_caf_2024	p-TOR	43	BTK_PLCG2_axis	0.0014519698452204466
SCP682-SC12-protein-residual	external_sample	signal_seq_gse256404_pdo_caf_2024	p-TOR	43	ERK_axis	0.05759575963020325
SCP682-SC12-protein-residual	external_sample	signal_seq_gse256404_pdo_caf_2024	p-TOR	43	NFkB_axis	0.04411347955465317
SCP682-SC12-protein-residual	external_sample	signal_seq_gse256404_pdo_caf_2024	p-TOR	43	AKT_mTOR_S6_axis	0.01680709421634674
SCP682-SC12-protein-residual	external_sample	signal_seq_gse256404_pdo_caf_2024	p-TOR	43	cell_cycle	0.0008934710058383644
SCP682-SC12-protein-residual	external_sample	signal_seq_gse256404_pdo_caf_2024	p-TOR	43	stress_ifn	0.059306904673576355
SCP682-SC12-protein-residual	external_sample	signal_seq_gse256404_pdo_caf_2024	p-TOR	43	ribosomal	0.4805147647857666
SCP682-SC12-protein-residual	external_sample	signal_seq_gse256404_pdo_caf_2024	p-TOR	43	random_control	0.186497300863266
SCP682-SC12-protein-residual	external_sample	signal_seq_gse256404_pdo_caf_2024	p-c-Jun	44	BCR_BTK_axis	0.1898856908082962
SCP682-SC12-protein-residual	external_sample	signal_seq_gse256404_pdo_caf_2024	p-c-Jun	44	BTK_PLCG2_axis	0.000596418569330126
SCP682-SC12-protein-residual	external_sample	signal_seq_gse256404_pdo_caf_2024	p-c-Jun	44	ERK_axis	0.031104624271392822
SCP682-SC12-protein-residual	external_sample	signal_seq_gse256404_pdo_caf_2024	p-c-Jun	44	NFkB_axis	0.03944423422217369
SCP682-SC12-protein-residual	external_sample	signal_seq_gse256404_pdo_caf_2024	p-c-Jun	44	AKT_mTOR_S6_axis	0.0020822780206799507
SCP682-SC12-protein-residual	external_sample	signal_seq_gse256404_pdo_caf_2024	p-c-Jun	44	cell_cycle	0.0003312563931103796
SCP682-SC12-protein-residual	external_sample	signal_seq_gse256404_pdo_caf_2024	p-c-Jun	44	stress_ifn	0.06033821031451225
SCP682-SC12-protein-residual	external_sample	signal_seq_gse256404_pdo_caf_2024	p-c-Jun	44	ribosomal	0.48301464319229126
SCP682-SC12-protein-residual	external_sample	signal_seq_gse256404_pdo_caf_2024	p-c-Jun	44	random_control	0.1932026594877243
SCP682-SC12-protein-residual	external_sample	signal_seq_gse256404_pdo_caf_2024	p-p65	45	BCR_BTK_axis	0.16940343379974365
SCP682-SC12-protein-residual	external_sample	signal_seq_gse256404_pdo_caf_2024	p-p65	45	BTK_PLCG2_axis	0.0009802161948755383
SCP682-SC12-protein-residual	external_sample	signal_seq_gse256404_pdo_caf_2024	p-p65	45	ERK_axis	0.04964109882712364
SCP682-SC12-protein-residual	external_sample	signal_seq_gse256404_pdo_caf_2024	p-p65	45	NFkB_axis	0.037288863211870193
SCP682-SC12-protein-residual	external_sample	signal_seq_gse256404_pdo_caf_2024	p-p65	45	AKT_mTOR_S6_axis	0.018592478707432747
SCP682-SC12-protein-residual	external_sample	signal_seq_gse256404_pdo_caf_2024	p-p65	45	cell_cycle	0.0008612332749180496
SCP682-SC12-protein-residual	external_sample	signal_seq_gse256404_pdo_caf_2024	p-p65	45	stress_ifn	0.059142645448446274
SCP682-SC12-protein-residual	external_sample	signal_seq_gse256404_pdo_caf_2024	p-p65	45	ribosomal	0.47995975613594055
SCP682-SC12-protein-residual	external_sample	signal_seq_gse256404_pdo_caf_2024	p-p65	45	random_control	0.18413028120994568
SCP682-SC12-protein-residual	external_sample	signal_seq_gse256404_pdo_caf_2024	HISTONE_H3_S28	46	BCR_BTK_axis	0.6054839491844177
SCP682-SC12-protein-residual	external_sample	signal_seq_gse256404_pdo_caf_2024	HISTONE_H3_S28	46	BTK_PLCG2_axis	0.04433641955256462
SCP682-SC12-protein-residual	external_sample	signal_seq_gse256404_pdo_caf_2024	HISTONE_H3_S28	46	ERK_axis	0.07071305066347122
SCP682-SC12-protein-residual	external_sample	signal_seq_gse256404_pdo_caf_2024	HISTONE_H3_S28	46	NFkB_axis	0.026062875986099243
SCP682-SC12-protein-residual	external_sample	signal_seq_gse256404_pdo_caf_2024	HISTONE_H3_S28	46	AKT_mTOR_S6_axis	0.0172012597322464
SCP682-SC12-protein-residual	external_sample	signal_seq_gse256404_pdo_caf_2024	HISTONE_H3_S28	46	cell_cycle	0.00013099981879349798
SCP682-SC12-protein-residual	external_sample	signal_seq_gse256404_pdo_caf_2024	HISTONE_H3_S28	46	stress_ifn	0.05490885674953461
SCP682-SC12-protein-residual	external_sample	signal_seq_gse256404_pdo_caf_2024	HISTONE_H3_S28	46	ribosomal	1.2322122878266085e-18
SCP682-SC12-protein-residual	external_sample	signal_seq_gse256404_pdo_caf_2024	HISTONE_H3_S28	46	random_control	0.18116246163845062
SCP682-SC12-protein-residual	external_sample	signal_seq_gse256404_pdo_caf_2024	NFE2L2_S40	47	BCR_BTK_axis	5.050776962466086e-13
SCP682-SC12-protein-residual	external_sample	signal_seq_gse256404_pdo_caf_2024	NFE2L2_S40	47	BTK_PLCG2_axis	6.900240581063238e-18
SCP682-SC12-protein-residual	external_sample	signal_seq_gse256404_pdo_caf_2024	NFE2L2_S40	47	ERK_axis	0.004568014293909073
SCP682-SC12-protein-residual	external_sample	signal_seq_gse256404_pdo_caf_2024	NFE2L2_S40	47	NFkB_axis	0.006188449449837208
SCP682-SC12-protein-residual	external_sample	signal_seq_gse256404_pdo_caf_2024	NFE2L2_S40	47	AKT_mTOR_S6_axis	0.0008629848598502576
SCP682-SC12-protein-residual	external_sample	signal_seq_gse256404_pdo_caf_2024	NFE2L2_S40	47	cell_cycle	0.006978898774832487
SCP682-SC12-protein-residual	external_sample	signal_seq_gse256404_pdo_caf_2024	NFE2L2_S40	47	stress_ifn	0.3473900854587555
SCP682-SC12-protein-residual	external_sample	signal_seq_gse256404_pdo_caf_2024	NFE2L2_S40	47	ribosomal	0.6028311848640442
SCP682-SC12-protein-residual	external_sample	signal_seq_gse256404_pdo_caf_2024	NFE2L2_S40	47	random_control	0.031180489808321
SCP682-SC12-protein-residual	external_sample	signal_seq_gse256404_pdo_caf_2024	AKT_S473	48	BCR_BTK_axis	0.16280849277973175
SCP682-SC12-protein-residual	external_sample	signal_seq_gse256404_pdo_caf_2024	AKT_S473	48	BTK_PLCG2_axis	0.001341454335488379
SCP682-SC12-protein-residual	external_sample	signal_seq_gse256404_pdo_caf_2024	AKT_S473	48	ERK_axis	0.05284680426120758
SCP682-SC12-protein-residual	external_sample	signal_seq_gse256404_pdo_caf_2024	AKT_S473	48	NFkB_axis	0.04000439867377281
SCP682-SC12-protein-residual	external_sample	signal_seq_gse256404_pdo_caf_2024	AKT_S473	48	AKT_mTOR_S6_axis	0.018247166648507118
SCP682-SC12-protein-residual	external_sample	signal_seq_gse256404_pdo_caf_2024	AKT_S473	48	cell_cycle	0.0008931942284107208
SCP682-SC12-protein-residual	external_sample	signal_seq_gse256404_pdo_caf_2024	AKT_S473	48	stress_ifn	0.05982626602053642
SCP682-SC12-protein-residual	external_sample	signal_seq_gse256404_pdo_caf_2024	AKT_S473	48	ribosomal	0.4800610840320587
SCP682-SC12-protein-residual	external_sample	signal_seq_gse256404_pdo_caf_2024	AKT_S473	48	random_control	0.18397125601768494
SCP682-SC12-protein-residual	external_sample	signal_seq_gse256404_pdo_caf_2024	EIF4EBP1_T37_T46	49	BCR_BTK_axis	0.1612277626991272
SCP682-SC12-protein-residual	external_sample	signal_seq_gse256404_pdo_caf_2024	EIF4EBP1_T37_T46	49	BTK_PLCG2_axis	0.0013738588895648718
SCP682-SC12-protein-residual	external_sample	signal_seq_gse256404_pdo_caf_2024	EIF4EBP1_T37_T46	49	ERK_axis	0.053769033402204514
SCP682-SC12-protein-residual	external_sample	signal_seq_gse256404_pdo_caf_2024	EIF4EBP1_T37_T46	49	NFkB_axis	0.040578827261924744
SCP682-SC12-protein-residual	external_sample	signal_seq_gse256404_pdo_caf_2024	EIF4EBP1_T37_T46	49	AKT_mTOR_S6_axis	0.018284570425748825
SCP682-SC12-protein-residual	external_sample	signal_seq_gse256404_pdo_caf_2024	EIF4EBP1_T37_T46	49	cell_cycle	0.0008934005745686591
SCP682-SC12-protein-residual	external_sample	signal_seq_gse256404_pdo_caf_2024	EIF4EBP1_T37_T46	49	stress_ifn	0.05953817442059517
SCP682-SC12-protein-residual	external_sample	signal_seq_gse256404_pdo_caf_2024	EIF4EBP1_T37_T46	49	ribosomal	0.48007622361183167
SCP682-SC12-protein-residual	external_sample	signal_seq_gse256404_pdo_caf_2024	EIF4EBP1_T37_T46	49	random_control	0.18425807356834412
SCP682-SC12-protein-residual	external_sample	signal_seq_gse256404_pdo_caf_2024	STAT6_Y641	50	BCR_BTK_axis	0.17704591155052185
SCP682-SC12-protein-residual	external_sample	signal_seq_gse256404_pdo_caf_2024	STAT6_Y641	50	BTK_PLCG2_axis	0.0008361570653505623
SCP682-SC12-protein-residual	external_sample	signal_seq_gse256404_pdo_caf_2024	STAT6_Y641	50	ERK_axis	0.04598226398229599
SCP682-SC12-protein-residual	external_sample	signal_seq_gse256404_pdo_caf_2024	STAT6_Y641	50	NFkB_axis	0.03417956456542015
SCP682-SC12-protein-residual	external_sample	signal_seq_gse256404_pdo_caf_2024	STAT6_Y641	50	AKT_mTOR_S6_axis	0.01871696673333645
SCP682-SC12-protein-residual	external_sample	signal_seq_gse256404_pdo_caf_2024	STAT6_Y641	50	cell_cycle	0.0006082812906242907
SCP682-SC12-protein-residual	external_sample	signal_seq_gse256404_pdo_caf_2024	STAT6_Y641	50	stress_ifn	0.058786552399396896
SCP682-SC12-protein-residual	external_sample	signal_seq_gse256404_pdo_caf_2024	STAT6_Y641	50	ribosomal	0.47977712750434875
SCP682-SC12-protein-residual	external_sample	signal_seq_gse256404_pdo_caf_2024	STAT6_Y641	50	random_control	0.1840672343969345
SCP682-SC12-protein-residual	external_sample	signal_seq_gse256404_pdo_caf_2024	ZAP70_Y493	51	BCR_BTK_axis	0.18116505444049835
SCP682-SC12-protein-residual	external_sample	signal_seq_gse256404_pdo_caf_2024	ZAP70_Y493	51	BTK_PLCG2_axis	0.0006511008832603693
SCP682-SC12-protein-residual	external_sample	signal_seq_gse256404_pdo_caf_2024	ZAP70_Y493	51	ERK_axis	0.031030144542455673
SCP682-SC12-protein-residual	external_sample	signal_seq_gse256404_pdo_caf_2024	ZAP70_Y493	51	NFkB_axis	0.049157094210386276
SCP682-SC12-protein-residual	external_sample	signal_seq_gse256404_pdo_caf_2024	ZAP70_Y493	51	AKT_mTOR_S6_axis	1.4194146160662058e-06
SCP682-SC12-protein-residual	external_sample	signal_seq_gse256404_pdo_caf_2024	ZAP70_Y493	51	cell_cycle	0.0005411354941315949
SCP682-SC12-protein-residual	external_sample	signal_seq_gse256404_pdo_caf_2024	ZAP70_Y493	51	stress_ifn	0.07390589267015457
SCP682-SC12-protein-residual	external_sample	signal_seq_gse256404_pdo_caf_2024	ZAP70_Y493	51	ribosomal	0.4744473993778229
SCP682-SC12-protein-residual	external_sample	signal_seq_gse256404_pdo_caf_2024	ZAP70_Y493	51	random_control	0.18910068273544312
SCP682-SC12-protein-residual	external_sample	signal_seq_gse256404_pdo_caf_2024	LCK_Y505	52	BCR_BTK_axis	5.869172606687983e-14
SCP682-SC12-protein-residual	external_sample	signal_seq_gse256404_pdo_caf_2024	LCK_Y505	52	BTK_PLCG2_axis	2.2367004153112216e-20
SCP682-SC12-protein-residual	external_sample	signal_seq_gse256404_pdo_caf_2024	LCK_Y505	52	ERK_axis	0.004908449482172728
SCP682-SC12-protein-residual	external_sample	signal_seq_gse256404_pdo_caf_2024	LCK_Y505	52	NFkB_axis	0.005987937096506357
SCP682-SC12-protein-residual	external_sample	signal_seq_gse256404_pdo_caf_2024	LCK_Y505	52	AKT_mTOR_S6_axis	0.0007202823180705309
SCP682-SC12-protein-residual	external_sample	signal_seq_gse256404_pdo_caf_2024	LCK_Y505	52	cell_cycle	0.00647360784932971
SCP682-SC12-protein-residual	external_sample	signal_seq_gse256404_pdo_caf_2024	LCK_Y505	52	stress_ifn	0.3172837197780609
SCP682-SC12-protein-residual	external_sample	signal_seq_gse256404_pdo_caf_2024	LCK_Y505	52	ribosomal	0.6233200430870056
SCP682-SC12-protein-residual	external_sample	signal_seq_gse256404_pdo_caf_2024	LCK_Y505	52	random_control	0.041306331753730774
SCP682-SC12-protein-residual	external_sample	signal_seq_gse256404_pdo_caf_2024	STAT5A_Y694	53	BCR_BTK_axis	0.1612744778394699
SCP682-SC12-protein-residual	external_sample	signal_seq_gse256404_pdo_caf_2024	STAT5A_Y694	53	BTK_PLCG2_axis	0.001343107782304287
SCP682-SC12-protein-residual	external_sample	signal_seq_gse256404_pdo_caf_2024	STAT5A_Y694	53	ERK_axis	0.053785353899002075
SCP682-SC12-protein-residual	external_sample	signal_seq_gse256404_pdo_caf_2024	STAT5A_Y694	53	NFkB_axis	0.04053940996527672
SCP682-SC12-protein-residual	external_sample	signal_seq_gse256404_pdo_caf_2024	STAT5A_Y694	53	AKT_mTOR_S6_axis	0.01789213716983795
SCP682-SC12-protein-residual	external_sample	signal_seq_gse256404_pdo_caf_2024	STAT5A_Y694	53	cell_cycle	0.0008933932986110449
SCP682-SC12-protein-residual	external_sample	signal_seq_gse256404_pdo_caf_2024	STAT5A_Y694	53	stress_ifn	0.059543676674366
SCP682-SC12-protein-residual	external_sample	signal_seq_gse256404_pdo_caf_2024	STAT5A_Y694	53	ribosomal	0.4800301492214203
SCP682-SC12-protein-residual	external_sample	signal_seq_gse256404_pdo_caf_2024	STAT5A_Y694	53	random_control	0.18469810485839844
SCP682-SC12-protein-residual	external_sample	signal_seq_gse256404_pdo_caf_2024	PLCG1_Y783	54	BCR_BTK_axis	1.3480544244803216e-17
SCP682-SC12-protein-residual	external_sample	signal_seq_gse256404_pdo_caf_2024	PLCG1_Y783	54	BTK_PLCG2_axis	7.322329548253848e-11
SCP682-SC12-protein-residual	external_sample	signal_seq_gse256404_pdo_caf_2024	PLCG1_Y783	54	ERK_axis	0.0021273947786539793
SCP682-SC12-protein-residual	external_sample	signal_seq_gse256404_pdo_caf_2024	PLCG1_Y783	54	NFkB_axis	0.03833593428134918
SCP682-SC12-protein-residual	external_sample	signal_seq_gse256404_pdo_caf_2024	PLCG1_Y783	54	AKT_mTOR_S6_axis	0.000281998363789171
SCP682-SC12-protein-residual	external_sample	signal_seq_gse256404_pdo_caf_2024	PLCG1_Y783	54	cell_cycle	0.0026805326342582703
SCP682-SC12-protein-residual	external_sample	signal_seq_gse256404_pdo_caf_2024	PLCG1_Y783	54	stress_ifn	0.12200481444597244
SCP682-SC12-protein-residual	external_sample	signal_seq_gse256404_pdo_caf_2024	PLCG1_Y783	54	ribosomal	0.6227601766586304
SCP682-SC12-protein-residual	external_sample	signal_seq_gse256404_pdo_caf_2024	PLCG1_Y783	54	random_control	0.21180886030197144
SCP682-SC12-protein-residual	external_sample	signal_seq_gse256404_pdo_caf_2024	CTNND1_T310	55	BCR_BTK_axis	0.2355528622865677
SCP682-SC12-protein-residual	external_sample	signal_seq_gse256404_pdo_caf_2024	CTNND1_T310	55	BTK_PLCG2_axis	0.0004139909287914634
SCP682-SC12-protein-residual	external_sample	signal_seq_gse256404_pdo_caf_2024	CTNND1_T310	55	ERK_axis	0.002377284225076437
SCP682-SC12-protein-residual	external_sample	signal_seq_gse256404_pdo_caf_2024	CTNND1_T310	55	NFkB_axis	0.02070995606482029
SCP682-SC12-protein-residual	external_sample	signal_seq_gse256404_pdo_caf_2024	CTNND1_T310	55	AKT_mTOR_S6_axis	0.0012737939832732081
SCP682-SC12-protein-residual	external_sample	signal_seq_gse256404_pdo_caf_2024	CTNND1_T310	55	cell_cycle	0.0002917738747783005
SCP682-SC12-protein-residual	external_sample	signal_seq_gse256404_pdo_caf_2024	CTNND1_T310	55	stress_ifn	0.06274805217981339
SCP682-SC12-protein-residual	external_sample	signal_seq_gse256404_pdo_caf_2024	CTNND1_T310	55	ribosomal	0.48356401920318604
SCP682-SC12-protein-residual	external_sample	signal_seq_gse256404_pdo_caf_2024	CTNND1_T310	55	random_control	0.19306831061840057
SCP682-SC12-protein-residual	external_sample	signal_seq_gse256404_pdo_caf_2024	PDPK1_S241	56	BCR_BTK_axis	0.13705365359783173
SCP682-SC12-protein-residual	external_sample	signal_seq_gse256404_pdo_caf_2024	PDPK1_S241	56	BTK_PLCG2_axis	0.0024501136504113674
SCP682-SC12-protein-residual	external_sample	signal_seq_gse256404_pdo_caf_2024	PDPK1_S241	56	ERK_axis	0.061408255249261856
SCP682-SC12-protein-residual	external_sample	signal_seq_gse256404_pdo_caf_2024	PDPK1_S241	56	NFkB_axis	0.05474526807665825
SCP682-SC12-protein-residual	external_sample	signal_seq_gse256404_pdo_caf_2024	PDPK1_S241	56	AKT_mTOR_S6_axis	0.012922192923724651
SCP682-SC12-protein-residual	external_sample	signal_seq_gse256404_pdo_caf_2024	PDPK1_S241	56	cell_cycle	0.0008853792096488178
SCP682-SC12-protein-residual	external_sample	signal_seq_gse256404_pdo_caf_2024	PDPK1_S241	56	stress_ifn	0.06353935599327087
SCP682-SC12-protein-residual	external_sample	signal_seq_gse256404_pdo_caf_2024	PDPK1_S241	56	ribosomal	0.48221179842948914
SCP682-SC12-protein-residual	external_sample	signal_seq_gse256404_pdo_caf_2024	PDPK1_S241	56	random_control	0.18478406965732574
SCP682-SC12-protein-residual	external_sample	signal_seq_gse256404_pdo_caf_2024	MAP2K4_S257	57	BCR_BTK_axis	1.5055336144431664e-10
SCP682-SC12-protein-residual	external_sample	signal_seq_gse256404_pdo_caf_2024	MAP2K4_S257	57	BTK_PLCG2_axis	1.305441171828292e-10
SCP682-SC12-protein-residual	external_sample	signal_seq_gse256404_pdo_caf_2024	MAP2K4_S257	57	ERK_axis	3.626996203820454e-06
SCP682-SC12-protein-residual	external_sample	signal_seq_gse256404_pdo_caf_2024	MAP2K4_S257	57	NFkB_axis	0.04855112358927727
SCP682-SC12-protein-residual	external_sample	signal_seq_gse256404_pdo_caf_2024	MAP2K4_S257	57	AKT_mTOR_S6_axis	0.00012863907613791525
SCP682-SC12-protein-residual	external_sample	signal_seq_gse256404_pdo_caf_2024	MAP2K4_S257	57	cell_cycle	0.01919170655310154
SCP682-SC12-protein-residual	external_sample	signal_seq_gse256404_pdo_caf_2024	MAP2K4_S257	57	stress_ifn	0.48747584223747253
SCP682-SC12-protein-residual	external_sample	signal_seq_gse256404_pdo_caf_2024	MAP2K4_S257	57	ribosomal	0.3743917942047119
SCP682-SC12-protein-residual	external_sample	signal_seq_gse256404_pdo_caf_2024	MAP2K4_S257	57	random_control	0.07025731354951859
SCP682-SC12-protein-residual	external_sample	signal_seq_gse256404_pdo_caf_2024	BTK_Y551	58	BCR_BTK_axis	2.2654906261105863e-15
SCP682-SC12-protein-residual	external_sample	signal_seq_gse256404_pdo_caf_2024	BTK_Y551	58	BTK_PLCG2_axis	1.404837088235808e-26
SCP682-SC12-protein-residual	external_sample	signal_seq_gse256404_pdo_caf_2024	BTK_Y551	58	ERK_axis	0.0015065509360283613
SCP682-SC12-protein-residual	external_sample	signal_seq_gse256404_pdo_caf_2024	BTK_Y551	58	NFkB_axis	0.021099021658301353
SCP682-SC12-protein-residual	external_sample	signal_seq_gse256404_pdo_caf_2024	BTK_Y551	58	AKT_mTOR_S6_axis	0.0006767311715520918
SCP682-SC12-protein-residual	external_sample	signal_seq_gse256404_pdo_caf_2024	BTK_Y551	58	cell_cycle	0.007090677507221699
SCP682-SC12-protein-residual	external_sample	signal_seq_gse256404_pdo_caf_2024	BTK_Y551	58	stress_ifn	0.3375369906425476
SCP682-SC12-protein-residual	external_sample	signal_seq_gse256404_pdo_caf_2024	BTK_Y551	58	ribosomal	0.5777159333229065
SCP682-SC12-protein-residual	external_sample	signal_seq_gse256404_pdo_caf_2024	BTK_Y551	58	random_control	0.054374080151319504
SCP682-SC12-protein-residual	external_sample	signal_seq_gse256404_pdo_caf_2024	H2AFX_S139	59	BCR_BTK_axis	0.6187968254089355
SCP682-SC12-protein-residual	external_sample	signal_seq_gse256404_pdo_caf_2024	H2AFX_S139	59	BTK_PLCG2_axis	0.04339722543954849
SCP682-SC12-protein-residual	external_sample	signal_seq_gse256404_pdo_caf_2024	H2AFX_S139	59	ERK_axis	0.058257196098566055
SCP682-SC12-protein-residual	external_sample	signal_seq_gse256404_pdo_caf_2024	H2AFX_S139	59	NFkB_axis	0.02690175734460354
SCP682-SC12-protein-residual	external_sample	signal_seq_gse256404_pdo_caf_2024	H2AFX_S139	59	AKT_mTOR_S6_axis	0.018526902422308922
SCP682-SC12-protein-residual	external_sample	signal_seq_gse256404_pdo_caf_2024	H2AFX_S139	59	cell_cycle	0.00014747274690307677
SCP682-SC12-protein-residual	external_sample	signal_seq_gse256404_pdo_caf_2024	H2AFX_S139	59	stress_ifn	0.05413161218166351
SCP682-SC12-protein-residual	external_sample	signal_seq_gse256404_pdo_caf_2024	H2AFX_S139	59	ribosomal	2.1475201024555763e-19
SCP682-SC12-protein-residual	external_sample	signal_seq_gse256404_pdo_caf_2024	H2AFX_S139	59	random_control	0.17984101176261902
SCP682-SC12-protein-residual	external_sample	signal_seq_gse256404_pdo_caf_2024	NDRG1_T346	60	BCR_BTK_axis	0.1607663631439209
SCP682-SC12-protein-residual	external_sample	signal_seq_gse256404_pdo_caf_2024	NDRG1_T346	60	BTK_PLCG2_axis	0.0014639401342719793
SCP682-SC12-protein-residual	external_sample	signal_seq_gse256404_pdo_caf_2024	NDRG1_T346	60	ERK_axis	0.05376933142542839
SCP682-SC12-protein-residual	external_sample	signal_seq_gse256404_pdo_caf_2024	NDRG1_T346	60	NFkB_axis	0.04095638915896416
SCP682-SC12-protein-residual	external_sample	signal_seq_gse256404_pdo_caf_2024	NDRG1_T346	60	AKT_mTOR_S6_axis	0.018110714852809906
SCP682-SC12-protein-residual	external_sample	signal_seq_gse256404_pdo_caf_2024	NDRG1_T346	60	cell_cycle	0.0008933338103815913
SCP682-SC12-protein-residual	external_sample	signal_seq_gse256404_pdo_caf_2024	NDRG1_T346	60	stress_ifn	0.05994671210646629
SCP682-SC12-protein-residual	external_sample	signal_seq_gse256404_pdo_caf_2024	NDRG1_T346	60	ribosomal	0.4801931083202362
SCP682-SC12-protein-residual	external_sample	signal_seq_gse256404_pdo_caf_2024	NDRG1_T346	60	random_control	0.18390004336833954
SCP682-SC12-protein-residual	external_sample	vivo_seq_th17_2025	RPS6_pSitePending	0	BCR_BTK_axis	0.1059679388999939
SCP682-SC12-protein-residual	external_sample	vivo_seq_th17_2025	RPS6_pSitePending	0	BTK_PLCG2_axis	0.1869402974843979
SCP682-SC12-protein-residual	external_sample	vivo_seq_th17_2025	RPS6_pSitePending	0	ERK_axis	0.06369421631097794
SCP682-SC12-protein-residual	external_sample	vivo_seq_th17_2025	RPS6_pSitePending	0	NFkB_axis	0.03408351540565491
SCP682-SC12-protein-residual	external_sample	vivo_seq_th17_2025	RPS6_pSitePending	0	AKT_mTOR_S6_axis	0.027097973972558975
SCP682-SC12-protein-residual	external_sample	vivo_seq_th17_2025	RPS6_pSitePending	0	cell_cycle	0.003958804998546839
SCP682-SC12-protein-residual	external_sample	vivo_seq_th17_2025	RPS6_pSitePending	0	stress_ifn	0.3980455994606018
SCP682-SC12-protein-residual	external_sample	vivo_seq_th17_2025	RPS6_pSitePending	0	ribosomal	0.16302749514579773
SCP682-SC12-protein-residual	external_sample	vivo_seq_th17_2025	RPS6_pSitePending	0	random_control	0.017184162512421608
SCP682-SC12-protein-residual	external_sample	vivo_seq_th17_2025	STAT3_Y705	1	BCR_BTK_axis	0.001900991192087531
SCP682-SC12-protein-residual	external_sample	vivo_seq_th17_2025	STAT3_Y705	1	BTK_PLCG2_axis	0.00013295788085088134
SCP682-SC12-protein-residual	external_sample	vivo_seq_th17_2025	STAT3_Y705	1	ERK_axis	0.0017808882985264063
SCP682-SC12-protein-residual	external_sample	vivo_seq_th17_2025	STAT3_Y705	1	NFkB_axis	0.003716490464285016
SCP682-SC12-protein-residual	external_sample	vivo_seq_th17_2025	STAT3_Y705	1	AKT_mTOR_S6_axis	0.007216740399599075
SCP682-SC12-protein-residual	external_sample	vivo_seq_th17_2025	STAT3_Y705	1	cell_cycle	0.0229724682867527
SCP682-SC12-protein-residual	external_sample	vivo_seq_th17_2025	STAT3_Y705	1	stress_ifn	0.031359851360321045
SCP682-SC12-protein-residual	external_sample	vivo_seq_th17_2025	STAT3_Y705	1	ribosomal	0.9295597076416016
SCP682-SC12-protein-residual	external_sample	vivo_seq_th17_2025	STAT3_Y705	1	random_control	0.0013599948724731803
SCP682-SC12-protein-residual	external_sample	vivo_seq_th17_2025	MAPK14_pSitePending	2	BCR_BTK_axis	0.0092439791187644
SCP682-SC12-protein-residual	external_sample	vivo_seq_th17_2025	MAPK14_pSitePending	2	BTK_PLCG2_axis	0.02898971550166607
SCP682-SC12-protein-residual	external_sample	vivo_seq_th17_2025	MAPK14_pSitePending	2	ERK_axis	0.013457031920552254
SCP682-SC12-protein-residual	external_sample	vivo_seq_th17_2025	MAPK14_pSitePending	2	NFkB_axis	0.037779465317726135
SCP682-SC12-protein-residual	external_sample	vivo_seq_th17_2025	MAPK14_pSitePending	2	AKT_mTOR_S6_axis	0.07448119670152664
SCP682-SC12-protein-residual	external_sample	vivo_seq_th17_2025	MAPK14_pSitePending	2	cell_cycle	0.11097443103790283
SCP682-SC12-protein-residual	external_sample	vivo_seq_th17_2025	MAPK14_pSitePending	2	stress_ifn	0.17913414537906647
SCP682-SC12-protein-residual	external_sample	vivo_seq_th17_2025	MAPK14_pSitePending	2	ribosomal	0.5271458625793457
SCP682-SC12-protein-residual	external_sample	vivo_seq_th17_2025	MAPK14_pSitePending	2	random_control	0.018794216215610504
SCP682-SC12-protein-residual	external_sample	vivo_seq_th17_2025	AKT_pSitePending	3	BCR_BTK_axis	0.1708361655473709
SCP682-SC12-protein-residual	external_sample	vivo_seq_th17_2025	AKT_pSitePending	3	BTK_PLCG2_axis	0.007388709113001823
SCP682-SC12-protein-residual	external_sample	vivo_seq_th17_2025	AKT_pSitePending	3	ERK_axis	0.03413112834095955
SCP682-SC12-protein-residual	external_sample	vivo_seq_th17_2025	AKT_pSitePending	3	NFkB_axis	0.037643976509571075
SCP682-SC12-protein-residual	external_sample	vivo_seq_th17_2025	AKT_pSitePending	3	AKT_mTOR_S6_axis	0.007422553841024637
SCP682-SC12-protein-residual	external_sample	vivo_seq_th17_2025	AKT_pSitePending	3	cell_cycle	3.522064415469579e-27
SCP682-SC12-protein-residual	external_sample	vivo_seq_th17_2025	AKT_pSitePending	3	stress_ifn	0.01370607316493988
SCP682-SC12-protein-residual	external_sample	vivo_seq_th17_2025	AKT_pSitePending	3	ribosomal	0.48839446902275085
SCP682-SC12-protein-residual	external_sample	vivo_seq_th17_2025	AKT_pSitePending	3	random_control	0.24047693610191345
SCP682-SC12-protein-residual	external_sample	vivo_seq_th17_2025	BTK_pSitePending	4	BCR_BTK_axis	0.14086928963661194
SCP682-SC12-protein-residual	external_sample	vivo_seq_th17_2025	BTK_pSitePending	4	BTK_PLCG2_axis	0.01200881227850914
SCP682-SC12-protein-residual	external_sample	vivo_seq_th17_2025	BTK_pSitePending	4	ERK_axis	0.05431666970252991
SCP682-SC12-protein-residual	external_sample	vivo_seq_th17_2025	BTK_pSitePending	4	NFkB_axis	0.042805228382349014
SCP682-SC12-protein-residual	external_sample	vivo_seq_th17_2025	BTK_pSitePending	4	AKT_mTOR_S6_axis	0.009514774195849895
SCP682-SC12-protein-residual	external_sample	vivo_seq_th17_2025	BTK_pSitePending	4	cell_cycle	1.561859774013074e-22
SCP682-SC12-protein-residual	external_sample	vivo_seq_th17_2025	BTK_pSitePending	4	stress_ifn	0.011792642995715141
SCP682-SC12-protein-residual	external_sample	vivo_seq_th17_2025	BTK_pSitePending	4	ribosomal	0.4881040155887604
SCP682-SC12-protein-residual	external_sample	vivo_seq_th17_2025	BTK_pSitePending	4	random_control	0.24058854579925537
SCP682-SC12-protein-residual	external_sample	vivo_seq_th17_2025	CREB1_S133_ATF1_S63	5	BCR_BTK_axis	4.344919535270719e-09
SCP682-SC12-protein-residual	external_sample	vivo_seq_th17_2025	CREB1_S133_ATF1_S63	5	BTK_PLCG2_axis	2.520616135370801e-06
SCP682-SC12-protein-residual	external_sample	vivo_seq_th17_2025	CREB1_S133_ATF1_S63	5	ERK_axis	1.5391673287012964e-06
SCP682-SC12-protein-residual	external_sample	vivo_seq_th17_2025	CREB1_S133_ATF1_S63	5	NFkB_axis	0.0001726377959130332
SCP682-SC12-protein-residual	external_sample	vivo_seq_th17_2025	CREB1_S133_ATF1_S63	5	AKT_mTOR_S6_axis	0.0034966510720551014
SCP682-SC12-protein-residual	external_sample	vivo_seq_th17_2025	CREB1_S133_ATF1_S63	5	cell_cycle	0.07471074908971786
SCP682-SC12-protein-residual	external_sample	vivo_seq_th17_2025	CREB1_S133_ATF1_S63	5	stress_ifn	0.1970137506723404
SCP682-SC12-protein-residual	external_sample	vivo_seq_th17_2025	CREB1_S133_ATF1_S63	5	ribosomal	0.7047770619392395
SCP682-SC12-protein-residual	external_sample	vivo_seq_th17_2025	CREB1_S133_ATF1_S63	5	random_control	0.019825095310807228
SCP682-SC12-protein-residual	external_sample	vivo_seq_th17_2025	FOS_S32	6	BCR_BTK_axis	0.10996750742197037
SCP682-SC12-protein-residual	external_sample	vivo_seq_th17_2025	FOS_S32	6	BTK_PLCG2_axis	0.013160056434571743
SCP682-SC12-protein-residual	external_sample	vivo_seq_th17_2025	FOS_S32	6	ERK_axis	0.05588890239596367
SCP682-SC12-protein-residual	external_sample	vivo_seq_th17_2025	FOS_S32	6	NFkB_axis	0.06007206812500954
SCP682-SC12-protein-residual	external_sample	vivo_seq_th17_2025	FOS_S32	6	AKT_mTOR_S6_axis	0.009606676176190376
SCP682-SC12-protein-residual	external_sample	vivo_seq_th17_2025	FOS_S32	6	cell_cycle	0.0023835350293666124
SCP682-SC12-protein-residual	external_sample	vivo_seq_th17_2025	FOS_S32	6	stress_ifn	0.014032534323632717
SCP682-SC12-protein-residual	external_sample	vivo_seq_th17_2025	FOS_S32	6	ribosomal	0.48747873306274414
SCP682-SC12-protein-residual	external_sample	vivo_seq_th17_2025	FOS_S32	6	random_control	0.24740996956825256
SCP682-SC12-protein-residual	external_sample	vivo_seq_th17_2025	HM0025_phospho_p44_42_197G2	7	BCR_BTK_axis	0.003472563810646534
SCP682-SC12-protein-residual	external_sample	vivo_seq_th17_2025	HM0025_phospho_p44_42_197G2	7	BTK_PLCG2_axis	0.002410317538306117
SCP682-SC12-protein-residual	external_sample	vivo_seq_th17_2025	HM0025_phospho_p44_42_197G2	7	ERK_axis	0.011124396696686745
SCP682-SC12-protein-residual	external_sample	vivo_seq_th17_2025	HM0025_phospho_p44_42_197G2	7	NFkB_axis	0.009115613996982574
SCP682-SC12-protein-residual	external_sample	vivo_seq_th17_2025	HM0025_phospho_p44_42_197G2	7	AKT_mTOR_S6_axis	0.029085673391819
SCP682-SC12-protein-residual	external_sample	vivo_seq_th17_2025	HM0025_phospho_p44_42_197G2	7	cell_cycle	0.15491151809692383
SCP682-SC12-protein-residual	external_sample	vivo_seq_th17_2025	HM0025_phospho_p44_42_197G2	7	stress_ifn	0.12091013044118881
SCP682-SC12-protein-residual	external_sample	vivo_seq_th17_2025	HM0025_phospho_p44_42_197G2	7	ribosomal	0.6486629843711853
SCP682-SC12-protein-residual	external_sample	vivo_seq_th17_2025	HM0025_phospho_p44_42_197G2	7	random_control	0.020306728780269623
SCP682-SC12-protein-residual	external_sample	vivo_seq_th17_2025	JUN_pSitePending	8	BCR_BTK_axis	0.0020584738813340664
SCP682-SC12-protein-residual	external_sample	vivo_seq_th17_2025	JUN_pSitePending	8	BTK_PLCG2_axis	0.000485920172650367
SCP682-SC12-protein-residual	external_sample	vivo_seq_th17_2025	JUN_pSitePending	8	ERK_axis	0.002445005811750889
SCP682-SC12-protein-residual	external_sample	vivo_seq_th17_2025	JUN_pSitePending	8	NFkB_axis	0.0068584103137254715
SCP682-SC12-protein-residual	external_sample	vivo_seq_th17_2025	JUN_pSitePending	8	AKT_mTOR_S6_axis	0.009399499744176865
SCP682-SC12-protein-residual	external_sample	vivo_seq_th17_2025	JUN_pSitePending	8	cell_cycle	0.09526865184307098
SCP682-SC12-protein-residual	external_sample	vivo_seq_th17_2025	JUN_pSitePending	8	stress_ifn	0.05504276230931282
SCP682-SC12-protein-residual	external_sample	vivo_seq_th17_2025	JUN_pSitePending	8	ribosomal	0.8206833004951477
SCP682-SC12-protein-residual	external_sample	vivo_seq_th17_2025	JUN_pSitePending	8	random_control	0.0077579147182404995
SCP682-SC12-protein-residual	external_sample	vivo_seq_th17_2025	LAT_Y226	9	BCR_BTK_axis	1.1249298381699191e-08
SCP682-SC12-protein-residual	external_sample	vivo_seq_th17_2025	LAT_Y226	9	BTK_PLCG2_axis	2.4697194476175355e-06
SCP682-SC12-protein-residual	external_sample	vivo_seq_th17_2025	LAT_Y226	9	ERK_axis	3.1887411751085892e-06
SCP682-SC12-protein-residual	external_sample	vivo_seq_th17_2025	LAT_Y226	9	NFkB_axis	0.00012115194840589538
SCP682-SC12-protein-residual	external_sample	vivo_seq_th17_2025	LAT_Y226	9	AKT_mTOR_S6_axis	0.0028771357610821724
SCP682-SC12-protein-residual	external_sample	vivo_seq_th17_2025	LAT_Y226	9	cell_cycle	0.0760454460978508
SCP682-SC12-protein-residual	external_sample	vivo_seq_th17_2025	LAT_Y226	9	stress_ifn	0.19397933781147003
SCP682-SC12-protein-residual	external_sample	vivo_seq_th17_2025	LAT_Y226	9	ribosomal	0.7072514891624451
SCP682-SC12-protein-residual	external_sample	vivo_seq_th17_2025	LAT_Y226	9	random_control	0.019719785079360008
SCP682-SC12-protein-residual	external_sample	vivo_seq_th17_2025	LCP2_S376	10	BCR_BTK_axis	0.005964324809610844
SCP682-SC12-protein-residual	external_sample	vivo_seq_th17_2025	LCP2_S376	10	BTK_PLCG2_axis	0.0004524680261965841
SCP682-SC12-protein-residual	external_sample	vivo_seq_th17_2025	LCP2_S376	10	ERK_axis	0.007002141326665878
SCP682-SC12-protein-residual	external_sample	vivo_seq_th17_2025	LCP2_S376	10	NFkB_axis	0.0017402510857209563
SCP682-SC12-protein-residual	external_sample	vivo_seq_th17_2025	LCP2_S376	10	AKT_mTOR_S6_axis	0.013710984960198402
SCP682-SC12-protein-residual	external_sample	vivo_seq_th17_2025	LCP2_S376	10	cell_cycle	0.0986362099647522
SCP682-SC12-protein-residual	external_sample	vivo_seq_th17_2025	LCP2_S376	10	stress_ifn	0.1269427090883255
SCP682-SC12-protein-residual	external_sample	vivo_seq_th17_2025	LCP2_S376	10	ribosomal	0.7051358819007874
SCP682-SC12-protein-residual	external_sample	vivo_seq_th17_2025	LCP2_S376	10	random_control	0.04041488841176033
SCP682-SC12-protein-residual	external_sample	vivo_seq_th17_2025	MAP2K1_S298	11	BCR_BTK_axis	0.0011433020699769258
SCP682-SC12-protein-residual	external_sample	vivo_seq_th17_2025	MAP2K1_S298	11	BTK_PLCG2_axis	0.0030786318238824606
SCP682-SC12-protein-residual	external_sample	vivo_seq_th17_2025	MAP2K1_S298	11	ERK_axis	0.008683886379003525
SCP682-SC12-protein-residual	external_sample	vivo_seq_th17_2025	MAP2K1_S298	11	NFkB_axis	0.009295439347624779
SCP682-SC12-protein-residual	external_sample	vivo_seq_th17_2025	MAP2K1_S298	11	AKT_mTOR_S6_axis	0.028815362602472305
SCP682-SC12-protein-residual	external_sample	vivo_seq_th17_2025	MAP2K1_S298	11	cell_cycle	0.15723483264446259
SCP682-SC12-protein-residual	external_sample	vivo_seq_th17_2025	MAP2K1_S298	11	stress_ifn	0.12825042009353638
SCP682-SC12-protein-residual	external_sample	vivo_seq_th17_2025	MAP2K1_S298	11	ribosomal	0.6444013118743896
SCP682-SC12-protein-residual	external_sample	vivo_seq_th17_2025	MAP2K1_S298	11	random_control	0.019096888601779938
SCP682-SC12-protein-residual	external_sample	vivo_seq_th17_2025	MAPK14_pSitePending_D3F9	12	BCR_BTK_axis	0.0024503835011273623
SCP682-SC12-protein-residual	external_sample	vivo_seq_th17_2025	MAPK14_pSitePending_D3F9	12	BTK_PLCG2_axis	0.0006646497640758753
SCP682-SC12-protein-residual	external_sample	vivo_seq_th17_2025	MAPK14_pSitePending_D3F9	12	ERK_axis	0.0033008104655891657
SCP682-SC12-protein-residual	external_sample	vivo_seq_th17_2025	MAPK14_pSitePending_D3F9	12	NFkB_axis	0.004746063146740198
SCP682-SC12-protein-residual	external_sample	vivo_seq_th17_2025	MAPK14_pSitePending_D3F9	12	AKT_mTOR_S6_axis	0.018628284335136414
SCP682-SC12-protein-residual	external_sample	vivo_seq_th17_2025	MAPK14_pSitePending_D3F9	12	cell_cycle	0.009409140795469284
SCP682-SC12-protein-residual	external_sample	vivo_seq_th17_2025	MAPK14_pSitePending_D3F9	12	stress_ifn	0.01628010906279087
SCP682-SC12-protein-residual	external_sample	vivo_seq_th17_2025	MAPK14_pSitePending_D3F9	12	ribosomal	0.9439628720283508
SCP682-SC12-protein-residual	external_sample	vivo_seq_th17_2025	MAPK14_pSitePending_D3F9	12	random_control	0.0005577722913585603
SCP682-SC12-protein-residual	external_sample	vivo_seq_th17_2025	MAPK1_MAPK3_T202_Y204	13	BCR_BTK_axis	0.13810521364212036
SCP682-SC12-protein-residual	external_sample	vivo_seq_th17_2025	MAPK1_MAPK3_T202_Y204	13	BTK_PLCG2_axis	0.014157752506434917
SCP682-SC12-protein-residual	external_sample	vivo_seq_th17_2025	MAPK1_MAPK3_T202_Y204	13	ERK_axis	0.05476216971874237
SCP682-SC12-protein-residual	external_sample	vivo_seq_th17_2025	MAPK1_MAPK3_T202_Y204	13	NFkB_axis	0.042974866926670074
SCP682-SC12-protein-residual	external_sample	vivo_seq_th17_2025	MAPK1_MAPK3_T202_Y204	13	AKT_mTOR_S6_axis	0.009468729607760906
SCP682-SC12-protein-residual	external_sample	vivo_seq_th17_2025	MAPK1_MAPK3_T202_Y204	13	cell_cycle	1.7300631145562892e-19
SCP682-SC12-protein-residual	external_sample	vivo_seq_th17_2025	MAPK1_MAPK3_T202_Y204	13	stress_ifn	0.01169324479997158
SCP682-SC12-protein-residual	external_sample	vivo_seq_th17_2025	MAPK1_MAPK3_T202_Y204	13	ribosomal	0.48811042308807373
SCP682-SC12-protein-residual	external_sample	vivo_seq_th17_2025	MAPK1_MAPK3_T202_Y204	13	random_control	0.24072761833667755
SCP682-SC12-protein-residual	external_sample	vivo_seq_th17_2025	MAPK1_MAPK3_pSitePending	14	BCR_BTK_axis	0.13805560767650604
SCP682-SC12-protein-residual	external_sample	vivo_seq_th17_2025	MAPK1_MAPK3_pSitePending	14	BTK_PLCG2_axis	0.014136149547994137
SCP682-SC12-protein-residual	external_sample	vivo_seq_th17_2025	MAPK1_MAPK3_pSitePending	14	ERK_axis	0.05476798117160797
SCP682-SC12-protein-residual	external_sample	vivo_seq_th17_2025	MAPK1_MAPK3_pSitePending	14	NFkB_axis	0.04304026812314987
SCP682-SC12-protein-residual	external_sample	vivo_seq_th17_2025	MAPK1_MAPK3_pSitePending	14	AKT_mTOR_S6_axis	0.009418077766895294
SCP682-SC12-protein-residual	external_sample	vivo_seq_th17_2025	MAPK1_MAPK3_pSitePending	14	cell_cycle	9.401890352232873e-18
SCP682-SC12-protein-residual	external_sample	vivo_seq_th17_2025	MAPK1_MAPK3_pSitePending	14	stress_ifn	0.011763272807002068
SCP682-SC12-protein-residual	external_sample	vivo_seq_th17_2025	MAPK1_MAPK3_pSitePending	14	ribosomal	0.48810699582099915
SCP682-SC12-protein-residual	external_sample	vivo_seq_th17_2025	MAPK1_MAPK3_pSitePending	14	random_control	0.24071162939071655
SCP682-SC12-protein-residual	external_sample	vivo_seq_th17_2025	PLCG2_Y759	15	BCR_BTK_axis	4.406579202854393e-40
SCP682-SC12-protein-residual	external_sample	vivo_seq_th17_2025	PLCG2_Y759	15	BTK_PLCG2_axis	5.325298009405895e-29
SCP682-SC12-protein-residual	external_sample	vivo_seq_th17_2025	PLCG2_Y759	15	ERK_axis	6.1292423374399276e-21
SCP682-SC12-protein-residual	external_sample	vivo_seq_th17_2025	PLCG2_Y759	15	NFkB_axis	2.8272550025576493e-06
SCP682-SC12-protein-residual	external_sample	vivo_seq_th17_2025	PLCG2_Y759	15	AKT_mTOR_S6_axis	0.0024232128635048866
SCP682-SC12-protein-residual	external_sample	vivo_seq_th17_2025	PLCG2_Y759	15	cell_cycle	0.06890407204627991
SCP682-SC12-protein-residual	external_sample	vivo_seq_th17_2025	PLCG2_Y759	15	stress_ifn	0.2040647566318512
SCP682-SC12-protein-residual	external_sample	vivo_seq_th17_2025	PLCG2_Y759	15	ribosomal	0.6886142492294312
SCP682-SC12-protein-residual	external_sample	vivo_seq_th17_2025	PLCG2_Y759	15	random_control	0.035990867763757706
SCP682-SC12-protein-residual	external_sample	vivo_seq_th17_2025	PLCG2_pSitePending	16	BCR_BTK_axis	0.1410522758960724
SCP682-SC12-protein-residual	external_sample	vivo_seq_th17_2025	PLCG2_pSitePending	16	BTK_PLCG2_axis	0.012310707941651344
SCP682-SC12-protein-residual	external_sample	vivo_seq_th17_2025	PLCG2_pSitePending	16	ERK_axis	0.05405215173959732
SCP682-SC12-protein-residual	external_sample	vivo_seq_th17_2025	PLCG2_pSitePending	16	NFkB_axis	0.042584847658872604
SCP682-SC12-protein-residual	external_sample	vivo_seq_th17_2025	PLCG2_pSitePending	16	AKT_mTOR_S6_axis	0.009496374055743217
SCP682-SC12-protein-residual	external_sample	vivo_seq_th17_2025	PLCG2_pSitePending	16	cell_cycle	1.8105057888875605e-24
SCP682-SC12-protein-residual	external_sample	vivo_seq_th17_2025	PLCG2_pSitePending	16	stress_ifn	0.011901073157787323
SCP682-SC12-protein-residual	external_sample	vivo_seq_th17_2025	PLCG2_pSitePending	16	ribosomal	0.4881199896335602
SCP682-SC12-protein-residual	external_sample	vivo_seq_th17_2025	PLCG2_pSitePending	16	random_control	0.24048256874084473
SCP682-SC12-protein-residual	external_sample	vivo_seq_th17_2025	RELA_S536	17	BCR_BTK_axis	0.17002637684345245
SCP682-SC12-protein-residual	external_sample	vivo_seq_th17_2025	RELA_S536	17	BTK_PLCG2_axis	0.007582454942166805
SCP682-SC12-protein-residual	external_sample	vivo_seq_th17_2025	RELA_S536	17	ERK_axis	0.0348040871322155
SCP682-SC12-protein-residual	external_sample	vivo_seq_th17_2025	RELA_S536	17	NFkB_axis	0.037587061524391174
SCP682-SC12-protein-residual	external_sample	vivo_seq_th17_2025	RELA_S536	17	AKT_mTOR_S6_axis	0.007542470470070839
SCP682-SC12-protein-residual	external_sample	vivo_seq_th17_2025	RELA_S536	17	cell_cycle	4.938589354884436e-22
SCP682-SC12-protein-residual	external_sample	vivo_seq_th17_2025	RELA_S536	17	stress_ifn	0.013782763853669167
SCP682-SC12-protein-residual	external_sample	vivo_seq_th17_2025	RELA_S536	17	ribosomal	0.4881911277770996
SCP682-SC12-protein-residual	external_sample	vivo_seq_th17_2025	RELA_S536	17	random_control	0.24048364162445068
SCP682-SC12-protein-residual	external_sample	vivo_seq_th17_2025	RELA_pSitePending_93H1	18	BCR_BTK_axis	0.0002358241326874122
SCP682-SC12-protein-residual	external_sample	vivo_seq_th17_2025	RELA_pSitePending_93H1	18	BTK_PLCG2_axis	3.9584825572092086e-05
SCP682-SC12-protein-residual	external_sample	vivo_seq_th17_2025	RELA_pSitePending_93H1	18	ERK_axis	0.0005639471346512437
SCP682-SC12-protein-residual	external_sample	vivo_seq_th17_2025	RELA_pSitePending_93H1	18	NFkB_axis	0.0007092191372066736
SCP682-SC12-protein-residual	external_sample	vivo_seq_th17_2025	RELA_pSitePending_93H1	18	AKT_mTOR_S6_axis	0.011009065434336662
SCP682-SC12-protein-residual	external_sample	vivo_seq_th17_2025	RELA_pSitePending_93H1	18	cell_cycle	0.008558656089007854
SCP682-SC12-protein-residual	external_sample	vivo_seq_th17_2025	RELA_pSitePending_93H1	18	stress_ifn	0.031111687421798706
SCP682-SC12-protein-residual	external_sample	vivo_seq_th17_2025	RELA_pSitePending_93H1	18	ribosomal	0.9472964406013489
SCP682-SC12-protein-residual	external_sample	vivo_seq_th17_2025	RELA_pSitePending_93H1	18	random_control	0.00047561488463543355
SCP682-SC12-protein-residual	external_sample	vivo_seq_th17_2025	STAT5A_STAT5B_Y694_Y699	21	BCR_BTK_axis	4.371583145257318e-06
SCP682-SC12-protein-residual	external_sample	vivo_seq_th17_2025	STAT5A_STAT5B_Y694_Y699	21	BTK_PLCG2_axis	1.3432254490908235e-06
SCP682-SC12-protein-residual	external_sample	vivo_seq_th17_2025	STAT5A_STAT5B_Y694_Y699	21	ERK_axis	0.00010444296640343964
SCP682-SC12-protein-residual	external_sample	vivo_seq_th17_2025	STAT5A_STAT5B_Y694_Y699	21	NFkB_axis	0.0013354988768696785
SCP682-SC12-protein-residual	external_sample	vivo_seq_th17_2025	STAT5A_STAT5B_Y694_Y699	21	AKT_mTOR_S6_axis	0.003559466451406479
SCP682-SC12-protein-residual	external_sample	vivo_seq_th17_2025	STAT5A_STAT5B_Y694_Y699	21	cell_cycle	0.04137246310710907
SCP682-SC12-protein-residual	external_sample	vivo_seq_th17_2025	STAT5A_STAT5B_Y694_Y699	21	stress_ifn	0.12417083978652954
SCP682-SC12-protein-residual	external_sample	vivo_seq_th17_2025	STAT5A_STAT5B_Y694_Y699	21	ribosomal	0.8244590163230896
SCP682-SC12-protein-residual	external_sample	vivo_seq_th17_2025	STAT5A_STAT5B_Y694_Y699	21	random_control	0.004992286209017038
SCP682-SC12-protein-residual	external_sample	vivo_seq_th17_2025	SYK_pSitePending	22	BCR_BTK_axis	3.464290063503813e-41
SCP682-SC12-protein-residual	external_sample	vivo_seq_th17_2025	SYK_pSitePending	22	BTK_PLCG2_axis	9.861192242087704e-29
SCP682-SC12-protein-residual	external_sample	vivo_seq_th17_2025	SYK_pSitePending	22	ERK_axis	8.023821578413427e-22
SCP682-SC12-protein-residual	external_sample	vivo_seq_th17_2025	SYK_pSitePending	22	NFkB_axis	4.592199275066378e-06
SCP682-SC12-protein-residual	external_sample	vivo_seq_th17_2025	SYK_pSitePending	22	AKT_mTOR_S6_axis	0.002380085177719593
SCP682-SC12-protein-residual	external_sample	vivo_seq_th17_2025	SYK_pSitePending	22	cell_cycle	0.06426524370908737
SCP682-SC12-protein-residual	external_sample	vivo_seq_th17_2025	SYK_pSitePending	22	stress_ifn	0.20777228474617004
SCP682-SC12-protein-residual	external_sample	vivo_seq_th17_2025	SYK_pSitePending	22	ribosomal	0.6914625763893127
SCP682-SC12-protein-residual	external_sample	vivo_seq_th17_2025	SYK_pSitePending	22	random_control	0.0341152660548687
SCP682-SC12-protein-residual	external_sample	vivo_seq_th17_2025	p-AMPK-a1/2	23	BCR_BTK_axis	0.17435669898986816
SCP682-SC12-protein-residual	external_sample	vivo_seq_th17_2025	p-AMPK-a1/2	23	BTK_PLCG2_axis	0.007238471880555153
SCP682-SC12-protein-residual	external_sample	vivo_seq_th17_2025	p-AMPK-a1/2	23	ERK_axis	0.03182845935225487
SCP682-SC12-protein-residual	external_sample	vivo_seq_th17_2025	p-AMPK-a1/2	23	NFkB_axis	0.03657637536525726
SCP682-SC12-protein-residual	external_sample	vivo_seq_th17_2025	p-AMPK-a1/2	23	AKT_mTOR_S6_axis	0.007260000333189964
SCP682-SC12-protein-residual	external_sample	vivo_seq_th17_2025	p-AMPK-a1/2	23	cell_cycle	1.5501472699446605e-26
SCP682-SC12-protein-residual	external_sample	vivo_seq_th17_2025	p-AMPK-a1/2	23	stress_ifn	0.014013568870723248
SCP682-SC12-protein-residual	external_sample	vivo_seq_th17_2025	p-AMPK-a1/2	23	ribosomal	0.4882490634918213
SCP682-SC12-protein-residual	external_sample	vivo_seq_th17_2025	p-AMPK-a1/2	23	random_control	0.24047738313674927
SCP682-SC12-protein-residual	external_sample	vivo_seq_th17_2025	p-AMPK-b1	24	BCR_BTK_axis	0.13952754437923431
SCP682-SC12-protein-residual	external_sample	vivo_seq_th17_2025	p-AMPK-b1	24	BTK_PLCG2_axis	0.013073564507067204
SCP682-SC12-protein-residual	external_sample	vivo_seq_th17_2025	p-AMPK-b1	24	ERK_axis	0.05456011742353439
SCP682-SC12-protein-residual	external_sample	vivo_seq_th17_2025	p-AMPK-b1	24	NFkB_axis	0.042838796973228455
SCP682-SC12-protein-residual	external_sample	vivo_seq_th17_2025	p-AMPK-b1	24	AKT_mTOR_S6_axis	0.009519238024950027
SCP682-SC12-protein-residual	external_sample	vivo_seq_th17_2025	p-AMPK-b1	24	cell_cycle	7.626565867802527e-23
SCP682-SC12-protein-residual	external_sample	vivo_seq_th17_2025	p-AMPK-b1	24	stress_ifn	0.011850070208311081
SCP682-SC12-protein-residual	external_sample	vivo_seq_th17_2025	p-AMPK-b1	24	ribosomal	0.4880996346473694
SCP682-SC12-protein-residual	external_sample	vivo_seq_th17_2025	p-AMPK-b1	24	random_control	0.2405310720205307
SCP682-SC12-protein-residual	external_sample	vivo_seq_th17_2025	p-BLNK	25	BCR_BTK_axis	3.614396239527744e-25
SCP682-SC12-protein-residual	external_sample	vivo_seq_th17_2025	p-BLNK	25	BTK_PLCG2_axis	1.7807537764693044e-19
SCP682-SC12-protein-residual	external_sample	vivo_seq_th17_2025	p-BLNK	25	ERK_axis	1.487915148154747e-16
SCP682-SC12-protein-residual	external_sample	vivo_seq_th17_2025	p-BLNK	25	NFkB_axis	0.030445003882050514
SCP682-SC12-protein-residual	external_sample	vivo_seq_th17_2025	p-BLNK	25	AKT_mTOR_S6_axis	1.1365860336232103e-10
SCP682-SC12-protein-residual	external_sample	vivo_seq_th17_2025	p-BLNK	25	cell_cycle	0.065322145819664
SCP682-SC12-protein-residual	external_sample	vivo_seq_th17_2025	p-BLNK	25	stress_ifn	0.3026510775089264
SCP682-SC12-protein-residual	external_sample	vivo_seq_th17_2025	p-BLNK	25	ribosomal	0.5802034735679626
SCP682-SC12-protein-residual	external_sample	vivo_seq_th17_2025	p-BLNK	25	random_control	0.021378260105848312
SCP682-SC12-protein-residual	external_sample	vivo_seq_th17_2025	p-CD79a	26	BCR_BTK_axis	2.2180868695302256e-32
SCP682-SC12-protein-residual	external_sample	vivo_seq_th17_2025	p-CD79a	26	BTK_PLCG2_axis	1.3954927259621125e-19
SCP682-SC12-protein-residual	external_sample	vivo_seq_th17_2025	p-CD79a	26	ERK_axis	4.369387198367419e-18
SCP682-SC12-protein-residual	external_sample	vivo_seq_th17_2025	p-CD79a	26	NFkB_axis	2.6809155315277167e-05
SCP682-SC12-protein-residual	external_sample	vivo_seq_th17_2025	p-CD79a	26	AKT_mTOR_S6_axis	1.672097238447634e-09
SCP682-SC12-protein-residual	external_sample	vivo_seq_th17_2025	p-CD79a	26	cell_cycle	0.06135500222444534
SCP682-SC12-protein-residual	external_sample	vivo_seq_th17_2025	p-CD79a	26	stress_ifn	0.22411642968654633
SCP682-SC12-protein-residual	external_sample	vivo_seq_th17_2025	p-CD79a	26	ribosomal	0.6877158284187317
SCP682-SC12-protein-residual	external_sample	vivo_seq_th17_2025	p-CD79a	26	random_control	0.02678597904741764
SCP682-SC12-protein-residual	external_sample	vivo_seq_th17_2025	p-CDK1	27	BCR_BTK_axis	0.5944041013717651
SCP682-SC12-protein-residual	external_sample	vivo_seq_th17_2025	p-CDK1	27	BTK_PLCG2_axis	0.015955690294504166
SCP682-SC12-protein-residual	external_sample	vivo_seq_th17_2025	p-CDK1	27	ERK_axis	0.0948299989104271
SCP682-SC12-protein-residual	external_sample	vivo_seq_th17_2025	p-CDK1	27	NFkB_axis	0.03991072624921799
SCP682-SC12-protein-residual	external_sample	vivo_seq_th17_2025	p-CDK1	27	AKT_mTOR_S6_axis	5.767068156359301e-09
SCP682-SC12-protein-residual	external_sample	vivo_seq_th17_2025	p-CDK1	27	cell_cycle	3.6553934478863906e-16
SCP682-SC12-protein-residual	external_sample	vivo_seq_th17_2025	p-CDK1	27	stress_ifn	0.014324226416647434
SCP682-SC12-protein-residual	external_sample	vivo_seq_th17_2025	p-CDK1	27	ribosomal	0.00013757470878772438
SCP682-SC12-protein-residual	external_sample	vivo_seq_th17_2025	p-CDK1	27	random_control	0.24043768644332886
SCP682-SC12-protein-residual	external_sample	vivo_seq_th17_2025	p-CDK4	28	BCR_BTK_axis	0.20382559299468994
SCP682-SC12-protein-residual	external_sample	vivo_seq_th17_2025	p-CDK4	28	BTK_PLCG2_axis	0.0030983039177954197
SCP682-SC12-protein-residual	external_sample	vivo_seq_th17_2025	p-CDK4	28	ERK_axis	0.011997667141258717
SCP682-SC12-protein-residual	external_sample	vivo_seq_th17_2025	p-CDK4	28	NFkB_axis	0.03107842244207859
SCP682-SC12-protein-residual	external_sample	vivo_seq_th17_2025	p-CDK4	28	AKT_mTOR_S6_axis	0.002919793128967285
SCP682-SC12-protein-residual	external_sample	vivo_seq_th17_2025	p-CDK4	28	cell_cycle	2.8047905308922382e-21
SCP682-SC12-protein-residual	external_sample	vivo_seq_th17_2025	p-CDK4	28	stress_ifn	0.011389044113457203
SCP682-SC12-protein-residual	external_sample	vivo_seq_th17_2025	p-CDK4	28	ribosomal	0.48809510469436646
SCP682-SC12-protein-residual	external_sample	vivo_seq_th17_2025	p-CDK4	28	random_control	0.24759608507156372
SCP682-SC12-protein-residual	external_sample	vivo_seq_th17_2025	p-HistonH2A.X	30	BCR_BTK_axis	0.23692826926708221
SCP682-SC12-protein-residual	external_sample	vivo_seq_th17_2025	p-HistonH2A.X	30	BTK_PLCG2_axis	0.0005152277881279588
SCP682-SC12-protein-residual	external_sample	vivo_seq_th17_2025	p-HistonH2A.X	30	ERK_axis	4.757301752533749e-08
SCP682-SC12-protein-residual	external_sample	vivo_seq_th17_2025	p-HistonH2A.X	30	NFkB_axis	0.012556458823382854
SCP682-SC12-protein-residual	external_sample	vivo_seq_th17_2025	p-HistonH2A.X	30	AKT_mTOR_S6_axis	2.1089356927461722e-09
SCP682-SC12-protein-residual	external_sample	vivo_seq_th17_2025	p-HistonH2A.X	30	cell_cycle	0.003860258497297764
SCP682-SC12-protein-residual	external_sample	vivo_seq_th17_2025	p-HistonH2A.X	30	stress_ifn	0.06101274862885475
SCP682-SC12-protein-residual	external_sample	vivo_seq_th17_2025	p-HistonH2A.X	30	ribosomal	0.43750661611557007
SCP682-SC12-protein-residual	external_sample	vivo_seq_th17_2025	p-HistonH2A.X	30	random_control	0.2476203590631485
SCP682-SC12-protein-residual	external_sample	vivo_seq_th17_2025	p-HistonH3	31	BCR_BTK_axis	0.1953277438879013
SCP682-SC12-protein-residual	external_sample	vivo_seq_th17_2025	p-HistonH3	31	BTK_PLCG2_axis	0.0047290432266891
SCP682-SC12-protein-residual	external_sample	vivo_seq_th17_2025	p-HistonH3	31	ERK_axis	0.018960369750857353
SCP682-SC12-protein-residual	external_sample	vivo_seq_th17_2025	p-HistonH3	31	NFkB_axis	0.030982838943600655
SCP682-SC12-protein-residual	external_sample	vivo_seq_th17_2025	p-HistonH3	31	AKT_mTOR_S6_axis	0.0071428571827709675
SCP682-SC12-protein-residual	external_sample	vivo_seq_th17_2025	p-HistonH3	31	cell_cycle	3.681673625531936e-26
SCP682-SC12-protein-residual	external_sample	vivo_seq_th17_2025	p-HistonH3	31	stress_ifn	0.011661854572594166
SCP682-SC12-protein-residual	external_sample	vivo_seq_th17_2025	p-HistonH3	31	ribosomal	0.4881017506122589
SCP682-SC12-protein-residual	external_sample	vivo_seq_th17_2025	p-HistonH3	31	random_control	0.2430935502052307
SCP682-SC12-protein-residual	external_sample	vivo_seq_th17_2025	p-IKKa/b	32	BCR_BTK_axis	0.14679570496082306
SCP682-SC12-protein-residual	external_sample	vivo_seq_th17_2025	p-IKKa/b	32	BTK_PLCG2_axis	0.009887461550533772
SCP682-SC12-protein-residual	external_sample	vivo_seq_th17_2025	p-IKKa/b	32	ERK_axis	0.052276670932769775
SCP682-SC12-protein-residual	external_sample	vivo_seq_th17_2025	p-IKKa/b	32	NFkB_axis	0.04104016348719597
SCP682-SC12-protein-residual	external_sample	vivo_seq_th17_2025	p-IKKa/b	32	AKT_mTOR_S6_axis	0.00941053032875061
SCP682-SC12-protein-residual	external_sample	vivo_seq_th17_2025	p-IKKa/b	32	cell_cycle	1.640559018885469e-24
SCP682-SC12-protein-residual	external_sample	vivo_seq_th17_2025	p-IKKa/b	32	stress_ifn	0.0116634676232934
SCP682-SC12-protein-residual	external_sample	vivo_seq_th17_2025	p-IKKa/b	32	ribosomal	0.4881875813007355
SCP682-SC12-protein-residual	external_sample	vivo_seq_th17_2025	p-IKKa/b	32	random_control	0.2407383918762207
SCP682-SC12-protein-residual	external_sample	vivo_seq_th17_2025	p-IRAK4	33	BCR_BTK_axis	0.2016628235578537
SCP682-SC12-protein-residual	external_sample	vivo_seq_th17_2025	p-IRAK4	33	BTK_PLCG2_axis	0.0031879821326583624
SCP682-SC12-protein-residual	external_sample	vivo_seq_th17_2025	p-IRAK4	33	ERK_axis	0.014184924773871899
SCP682-SC12-protein-residual	external_sample	vivo_seq_th17_2025	p-IRAK4	33	NFkB_axis	0.030964283272624016
SCP682-SC12-protein-residual	external_sample	vivo_seq_th17_2025	p-IRAK4	33	AKT_mTOR_S6_axis	0.0071413652040064335
SCP682-SC12-protein-residual	external_sample	vivo_seq_th17_2025	p-IRAK4	33	cell_cycle	7.081082711895446e-25
SCP682-SC12-protein-residual	external_sample	vivo_seq_th17_2025	p-IRAK4	33	stress_ifn	0.009419616311788559
SCP682-SC12-protein-residual	external_sample	vivo_seq_th17_2025	p-IRAK4	33	ribosomal	0.488095223903656
SCP682-SC12-protein-residual	external_sample	vivo_seq_th17_2025	p-IRAK4	33	random_control	0.24534377455711365
SCP682-SC12-protein-residual	external_sample	vivo_seq_th17_2025	p-JAK1	34	BCR_BTK_axis	1.3260488769204208e-38
SCP682-SC12-protein-residual	external_sample	vivo_seq_th17_2025	p-JAK1	34	BTK_PLCG2_axis	2.3035023470085314e-26
SCP682-SC12-protein-residual	external_sample	vivo_seq_th17_2025	p-JAK1	34	ERK_axis	1.2929654500261407e-20
SCP682-SC12-protein-residual	external_sample	vivo_seq_th17_2025	p-JAK1	34	NFkB_axis	1.3817350918543525e-05
SCP682-SC12-protein-residual	external_sample	vivo_seq_th17_2025	p-JAK1	34	AKT_mTOR_S6_axis	0.0022306854370981455
SCP682-SC12-protein-residual	external_sample	vivo_seq_th17_2025	p-JAK1	34	cell_cycle	0.06268011033535004
SCP682-SC12-protein-residual	external_sample	vivo_seq_th17_2025	p-JAK1	34	stress_ifn	0.2099868655204773
SCP682-SC12-protein-residual	external_sample	vivo_seq_th17_2025	p-JAK1	34	ribosomal	0.6927605271339417
SCP682-SC12-protein-residual	external_sample	vivo_seq_th17_2025	p-JAK1	34	random_control	0.032328009605407715
SCP682-SC12-protein-residual	external_sample	vivo_seq_th17_2025	p-JNK	35	BCR_BTK_axis	0.13819178938865662
SCP682-SC12-protein-residual	external_sample	vivo_seq_th17_2025	p-JNK	35	BTK_PLCG2_axis	0.014164428226649761
SCP682-SC12-protein-residual	external_sample	vivo_seq_th17_2025	p-JNK	35	ERK_axis	0.05475299805402756
SCP682-SC12-protein-residual	external_sample	vivo_seq_th17_2025	p-JNK	35	NFkB_axis	0.0428907684981823
SCP682-SC12-protein-residual	external_sample	vivo_seq_th17_2025	p-JNK	35	AKT_mTOR_S6_axis	0.009522555395960808
SCP682-SC12-protein-residual	external_sample	vivo_seq_th17_2025	p-JNK	35	cell_cycle	5.2718211144275997e-23
SCP682-SC12-protein-residual	external_sample	vivo_seq_th17_2025	p-JNK	35	stress_ifn	0.01187006663531065
SCP682-SC12-protein-residual	external_sample	vivo_seq_th17_2025	p-JNK	35	ribosomal	0.48809632658958435
SCP682-SC12-protein-residual	external_sample	vivo_seq_th17_2025	p-JNK	35	random_control	0.24051104485988617
SCP682-SC12-protein-residual	external_sample	vivo_seq_th17_2025	p-PKC-b1	36	BCR_BTK_axis	0.2333407998085022
SCP682-SC12-protein-residual	external_sample	vivo_seq_th17_2025	p-PKC-b1	36	BTK_PLCG2_axis	5.047170459349104e-10
SCP682-SC12-protein-residual	external_sample	vivo_seq_th17_2025	p-PKC-b1	36	ERK_axis	1.2454712261522616e-10
SCP682-SC12-protein-residual	external_sample	vivo_seq_th17_2025	p-PKC-b1	36	NFkB_axis	0.016659216955304146
SCP682-SC12-protein-residual	external_sample	vivo_seq_th17_2025	p-PKC-b1	36	AKT_mTOR_S6_axis	1.3922575998389508e-16
SCP682-SC12-protein-residual	external_sample	vivo_seq_th17_2025	p-PKC-b1	36	cell_cycle	1.835819240511772e-16
SCP682-SC12-protein-residual	external_sample	vivo_seq_th17_2025	p-PKC-b1	36	stress_ifn	0.01484983041882515
SCP682-SC12-protein-residual	external_sample	vivo_seq_th17_2025	p-PKC-b1	36	ribosomal	0.4875311255455017
SCP682-SC12-protein-residual	external_sample	vivo_seq_th17_2025	p-PKC-b1	36	random_control	0.24761903285980225
SCP682-SC12-protein-residual	external_sample	vivo_seq_th17_2025	p-Rb	37	BCR_BTK_axis	0.5927250385284424
SCP682-SC12-protein-residual	external_sample	vivo_seq_th17_2025	p-Rb	37	BTK_PLCG2_axis	0.01590721495449543
SCP682-SC12-protein-residual	external_sample	vivo_seq_th17_2025	p-Rb	37	ERK_axis	0.09662629663944244
SCP682-SC12-protein-residual	external_sample	vivo_seq_th17_2025	p-Rb	37	NFkB_axis	0.03851236775517464
SCP682-SC12-protein-residual	external_sample	vivo_seq_th17_2025	p-Rb	37	AKT_mTOR_S6_axis	2.042058744322617e-09
SCP682-SC12-protein-residual	external_sample	vivo_seq_th17_2025	p-Rb	37	cell_cycle	3.0836123271718477e-16
SCP682-SC12-protein-residual	external_sample	vivo_seq_th17_2025	p-Rb	37	stress_ifn	0.014289320446550846
SCP682-SC12-protein-residual	external_sample	vivo_seq_th17_2025	p-Rb	37	ribosomal	0.0014672443503513932
SCP682-SC12-protein-residual	external_sample	vivo_seq_th17_2025	p-Rb	37	random_control	0.24047259986400604
SCP682-SC12-protein-residual	external_sample	vivo_seq_th17_2025	p-STAT5	40	BCR_BTK_axis	0.13821910321712494
SCP682-SC12-protein-residual	external_sample	vivo_seq_th17_2025	p-STAT5	40	BTK_PLCG2_axis	0.014110865071415901
SCP682-SC12-protein-residual	external_sample	vivo_seq_th17_2025	p-STAT5	40	ERK_axis	0.054754242300987244
SCP682-SC12-protein-residual	external_sample	vivo_seq_th17_2025	p-STAT5	40	NFkB_axis	0.04291580244898796
SCP682-SC12-protein-residual	external_sample	vivo_seq_th17_2025	p-STAT5	40	AKT_mTOR_S6_axis	0.009503833018243313
SCP682-SC12-protein-residual	external_sample	vivo_seq_th17_2025	p-STAT5	40	cell_cycle	1.7308442875386723e-23
SCP682-SC12-protein-residual	external_sample	vivo_seq_th17_2025	p-STAT5	40	stress_ifn	0.011774524115025997
SCP682-SC12-protein-residual	external_sample	vivo_seq_th17_2025	p-STAT5	40	ribosomal	0.48810532689094543
SCP682-SC12-protein-residual	external_sample	vivo_seq_th17_2025	p-STAT5	40	random_control	0.24061629176139832
SCP682-SC12-protein-residual	external_sample	vivo_seq_th17_2025	p-STAT6	41	BCR_BTK_axis	0.1405370682477951
SCP682-SC12-protein-residual	external_sample	vivo_seq_th17_2025	p-STAT6	41	BTK_PLCG2_axis	0.012210898101329803
SCP682-SC12-protein-residual	external_sample	vivo_seq_th17_2025	p-STAT6	41	ERK_axis	0.05442004278302193
SCP682-SC12-protein-residual	external_sample	vivo_seq_th17_2025	p-STAT6	41	NFkB_axis	0.04283200204372406
SCP682-SC12-protein-residual	external_sample	vivo_seq_th17_2025	p-STAT6	41	AKT_mTOR_S6_axis	0.009503201581537724
SCP682-SC12-protein-residual	external_sample	vivo_seq_th17_2025	p-STAT6	41	cell_cycle	4.782166709745232e-24
SCP682-SC12-protein-residual	external_sample	vivo_seq_th17_2025	p-STAT6	41	stress_ifn	0.011738047935068607
SCP682-SC12-protein-residual	external_sample	vivo_seq_th17_2025	p-STAT6	41	ribosomal	0.4881106913089752
SCP682-SC12-protein-residual	external_sample	vivo_seq_th17_2025	p-STAT6	41	random_control	0.2406480759382248
SCP682-SC12-protein-residual	external_sample	vivo_seq_th17_2025	p-Src	42	BCR_BTK_axis	2.8768657472588494e-42
SCP682-SC12-protein-residual	external_sample	vivo_seq_th17_2025	p-Src	42	BTK_PLCG2_axis	6.223407516417188e-30
SCP682-SC12-protein-residual	external_sample	vivo_seq_th17_2025	p-Src	42	ERK_axis	3.743856610919083e-22
SCP682-SC12-protein-residual	external_sample	vivo_seq_th17_2025	p-Src	42	NFkB_axis	1.2065977443853626e-06
SCP682-SC12-protein-residual	external_sample	vivo_seq_th17_2025	p-Src	42	AKT_mTOR_S6_axis	0.00238760351203382
SCP682-SC12-protein-residual	external_sample	vivo_seq_th17_2025	p-Src	42	cell_cycle	0.06869003176689148
SCP682-SC12-protein-residual	external_sample	vivo_seq_th17_2025	p-Src	42	stress_ifn	0.2057940512895584
SCP682-SC12-protein-residual	external_sample	vivo_seq_th17_2025	p-Src	42	ribosomal	0.6871280670166016
SCP682-SC12-protein-residual	external_sample	vivo_seq_th17_2025	p-Src	42	random_control	0.03599906340241432
SCP682-SC12-protein-residual	external_sample	vivo_seq_th17_2025	p-TOR	43	BCR_BTK_axis	0.1408764272928238
SCP682-SC12-protein-residual	external_sample	vivo_seq_th17_2025	p-TOR	43	BTK_PLCG2_axis	0.012078125961124897
SCP682-SC12-protein-residual	external_sample	vivo_seq_th17_2025	p-TOR	43	ERK_axis	0.05420805141329765
SCP682-SC12-protein-residual	external_sample	vivo_seq_th17_2025	p-TOR	43	NFkB_axis	0.04283740743994713
SCP682-SC12-protein-residual	external_sample	vivo_seq_th17_2025	p-TOR	43	AKT_mTOR_S6_axis	0.008532810024917126
SCP682-SC12-protein-residual	external_sample	vivo_seq_th17_2025	p-TOR	43	cell_cycle	6.488371084681507e-25
SCP682-SC12-protein-residual	external_sample	vivo_seq_th17_2025	p-TOR	43	stress_ifn	0.012184198945760727
SCP682-SC12-protein-residual	external_sample	vivo_seq_th17_2025	p-TOR	43	ribosomal	0.4884791076183319
SCP682-SC12-protein-residual	external_sample	vivo_seq_th17_2025	p-TOR	43	random_control	0.24080389738082886
SCP682-SC12-protein-residual	external_sample	vivo_seq_th17_2025	p-c-Jun	44	BCR_BTK_axis	0.20252549648284912
SCP682-SC12-protein-residual	external_sample	vivo_seq_th17_2025	p-c-Jun	44	BTK_PLCG2_axis	0.0032552562188357115
SCP682-SC12-protein-residual	external_sample	vivo_seq_th17_2025	p-c-Jun	44	ERK_axis	0.013067265972495079
SCP682-SC12-protein-residual	external_sample	vivo_seq_th17_2025	p-c-Jun	44	NFkB_axis	0.031151996925473213
SCP682-SC12-protein-residual	external_sample	vivo_seq_th17_2025	p-c-Jun	44	AKT_mTOR_S6_axis	0.004211714491248131
SCP682-SC12-protein-residual	external_sample	vivo_seq_th17_2025	p-c-Jun	44	cell_cycle	1.1617303377877618e-20
SCP682-SC12-protein-residual	external_sample	vivo_seq_th17_2025	p-c-Jun	44	stress_ifn	0.010102581232786179
SCP682-SC12-protein-residual	external_sample	vivo_seq_th17_2025	p-c-Jun	44	ribosomal	0.48809513449668884
SCP682-SC12-protein-residual	external_sample	vivo_seq_th17_2025	p-c-Jun	44	random_control	0.2475905865430832
SCP682-SC12-protein-residual	external_sample	vivo_seq_th17_2025	p-p65	45	BCR_BTK_axis	0.1772603541612625
SCP682-SC12-protein-residual	external_sample	vivo_seq_th17_2025	p-p65	45	BTK_PLCG2_axis	0.007159873377531767
SCP682-SC12-protein-residual	external_sample	vivo_seq_th17_2025	p-p65	45	ERK_axis	0.029780186712741852
SCP682-SC12-protein-residual	external_sample	vivo_seq_th17_2025	p-p65	45	NFkB_axis	0.035799577832221985
SCP682-SC12-protein-residual	external_sample	vivo_seq_th17_2025	p-p65	45	AKT_mTOR_S6_axis	0.008963814936578274
SCP682-SC12-protein-residual	external_sample	vivo_seq_th17_2025	p-p65	45	cell_cycle	7.317443558248578e-26
SCP682-SC12-protein-residual	external_sample	vivo_seq_th17_2025	p-p65	45	stress_ifn	0.012155295349657536
SCP682-SC12-protein-residual	external_sample	vivo_seq_th17_2025	p-p65	45	ribosomal	0.4884033203125
SCP682-SC12-protein-residual	external_sample	vivo_seq_th17_2025	p-p65	45	random_control	0.24047759175300598
SCP682-SC12-protein-residual	external_sample	vivo_seq_th17_2025	HISTONE_H3_S28	46	BCR_BTK_axis	0.5885316133499146
SCP682-SC12-protein-residual	external_sample	vivo_seq_th17_2025	HISTONE_H3_S28	46	BTK_PLCG2_axis	0.016248291358351707
SCP682-SC12-protein-residual	external_sample	vivo_seq_th17_2025	HISTONE_H3_S28	46	ERK_axis	0.10592666268348694
SCP682-SC12-protein-residual	external_sample	vivo_seq_th17_2025	HISTONE_H3_S28	46	NFkB_axis	0.03453121706843376
SCP682-SC12-protein-residual	external_sample	vivo_seq_th17_2025	HISTONE_H3_S28	46	AKT_mTOR_S6_axis	3.056709052540185e-10
SCP682-SC12-protein-residual	external_sample	vivo_seq_th17_2025	HISTONE_H3_S28	46	cell_cycle	6.041821214744459e-15
SCP682-SC12-protein-residual	external_sample	vivo_seq_th17_2025	HISTONE_H3_S28	46	stress_ifn	0.01423563715070486
SCP682-SC12-protein-residual	external_sample	vivo_seq_th17_2025	HISTONE_H3_S28	46	ribosomal	2.841927368990582e-07
SCP682-SC12-protein-residual	external_sample	vivo_seq_th17_2025	HISTONE_H3_S28	46	random_control	0.24052627384662628
SCP682-SC12-protein-residual	external_sample	vivo_seq_th17_2025	NFE2L2_S40	47	BCR_BTK_axis	5.21678397873742e-32
SCP682-SC12-protein-residual	external_sample	vivo_seq_th17_2025	NFE2L2_S40	47	BTK_PLCG2_axis	4.6873133645266427e-23
SCP682-SC12-protein-residual	external_sample	vivo_seq_th17_2025	NFE2L2_S40	47	ERK_axis	2.4899231624977153e-17
SCP682-SC12-protein-residual	external_sample	vivo_seq_th17_2025	NFE2L2_S40	47	NFkB_axis	0.0013478355249390006
SCP682-SC12-protein-residual	external_sample	vivo_seq_th17_2025	NFE2L2_S40	47	AKT_mTOR_S6_axis	9.899227215726114e-09
SCP682-SC12-protein-residual	external_sample	vivo_seq_th17_2025	NFE2L2_S40	47	cell_cycle	0.06298741698265076
SCP682-SC12-protein-residual	external_sample	vivo_seq_th17_2025	NFE2L2_S40	47	stress_ifn	0.2221478670835495
SCP682-SC12-protein-residual	external_sample	vivo_seq_th17_2025	NFE2L2_S40	47	ribosomal	0.6868757009506226
SCP682-SC12-protein-residual	external_sample	vivo_seq_th17_2025	NFE2L2_S40	47	random_control	0.026641223579645157
SCP682-SC12-protein-residual	external_sample	vivo_seq_th17_2025	AKT_S473	48	BCR_BTK_axis	0.16178788244724274
SCP682-SC12-protein-residual	external_sample	vivo_seq_th17_2025	AKT_S473	48	BTK_PLCG2_axis	0.009037998504936695
SCP682-SC12-protein-residual	external_sample	vivo_seq_th17_2025	AKT_S473	48	ERK_axis	0.041088495403528214
SCP682-SC12-protein-residual	external_sample	vivo_seq_th17_2025	AKT_S473	48	NFkB_axis	0.03808563947677612
SCP682-SC12-protein-residual	external_sample	vivo_seq_th17_2025	AKT_S473	48	AKT_mTOR_S6_axis	0.007460582070052624
SCP682-SC12-protein-residual	external_sample	vivo_seq_th17_2025	AKT_S473	48	cell_cycle	2.5174617623246825e-26
SCP682-SC12-protein-residual	external_sample	vivo_seq_th17_2025	AKT_S473	48	stress_ifn	0.013711508363485336
SCP682-SC12-protein-residual	external_sample	vivo_seq_th17_2025	AKT_S473	48	ribosomal	0.4883508086204529
SCP682-SC12-protein-residual	external_sample	vivo_seq_th17_2025	AKT_S473	48	random_control	0.2404770851135254
SCP682-SC12-protein-residual	external_sample	vivo_seq_th17_2025	EIF4EBP1_T37_T46	49	BCR_BTK_axis	0.15842710435390472
SCP682-SC12-protein-residual	external_sample	vivo_seq_th17_2025	EIF4EBP1_T37_T46	49	BTK_PLCG2_axis	0.009405824355781078
SCP682-SC12-protein-residual	external_sample	vivo_seq_th17_2025	EIF4EBP1_T37_T46	49	ERK_axis	0.04407316446304321
SCP682-SC12-protein-residual	external_sample	vivo_seq_th17_2025	EIF4EBP1_T37_T46	49	NFkB_axis	0.0380939245223999
SCP682-SC12-protein-residual	external_sample	vivo_seq_th17_2025	EIF4EBP1_T37_T46	49	AKT_mTOR_S6_axis	0.008204684592783451
SCP682-SC12-protein-residual	external_sample	vivo_seq_th17_2025	EIF4EBP1_T37_T46	49	cell_cycle	6.800079610618274e-27
SCP682-SC12-protein-residual	external_sample	vivo_seq_th17_2025	EIF4EBP1_T37_T46	49	stress_ifn	0.01289838645607233
SCP682-SC12-protein-residual	external_sample	vivo_seq_th17_2025	EIF4EBP1_T37_T46	49	ribosomal	0.48841968178749084
SCP682-SC12-protein-residual	external_sample	vivo_seq_th17_2025	EIF4EBP1_T37_T46	49	random_control	0.24047726392745972
SCP682-SC12-protein-residual	external_sample	vivo_seq_th17_2025	STAT6_Y641	50	BCR_BTK_axis	0.1852887123823166
SCP682-SC12-protein-residual	external_sample	vivo_seq_th17_2025	STAT6_Y641	50	BTK_PLCG2_axis	0.007143703754991293
SCP682-SC12-protein-residual	external_sample	vivo_seq_th17_2025	STAT6_Y641	50	ERK_axis	0.025842925533652306
SCP682-SC12-protein-residual	external_sample	vivo_seq_th17_2025	STAT6_Y641	50	NFkB_axis	0.031724654138088226
SCP682-SC12-protein-residual	external_sample	vivo_seq_th17_2025	STAT6_Y641	50	AKT_mTOR_S6_axis	0.008075911551713943
SCP682-SC12-protein-residual	external_sample	vivo_seq_th17_2025	STAT6_Y641	50	cell_cycle	9.482144368358202e-24
SCP682-SC12-protein-residual	external_sample	vivo_seq_th17_2025	STAT6_Y641	50	stress_ifn	0.011986466124653816
SCP682-SC12-protein-residual	external_sample	vivo_seq_th17_2025	STAT6_Y641	50	ribosomal	0.48945972323417664
SCP682-SC12-protein-residual	external_sample	vivo_seq_th17_2025	STAT6_Y641	50	random_control	0.24047790467739105
SCP682-SC12-protein-residual	external_sample	vivo_seq_th17_2025	ZAP70_Y493	51	BCR_BTK_axis	0.19169700145721436
SCP682-SC12-protein-residual	external_sample	vivo_seq_th17_2025	ZAP70_Y493	51	BTK_PLCG2_axis	0.0065518771298229694
SCP682-SC12-protein-residual	external_sample	vivo_seq_th17_2025	ZAP70_Y493	51	ERK_axis	0.015590832568705082
SCP682-SC12-protein-residual	external_sample	vivo_seq_th17_2025	ZAP70_Y493	51	NFkB_axis	0.036160241812467575
SCP682-SC12-protein-residual	external_sample	vivo_seq_th17_2025	ZAP70_Y493	51	AKT_mTOR_S6_axis	7.880186103648157e-08
SCP682-SC12-protein-residual	external_sample	vivo_seq_th17_2025	ZAP70_Y493	51	cell_cycle	1.2785739578191624e-08
SCP682-SC12-protein-residual	external_sample	vivo_seq_th17_2025	ZAP70_Y493	51	stress_ifn	0.018272455781698227
SCP682-SC12-protein-residual	external_sample	vivo_seq_th17_2025	ZAP70_Y493	51	ribosomal	0.4841090142726898
SCP682-SC12-protein-residual	external_sample	vivo_seq_th17_2025	ZAP70_Y493	51	random_control	0.24761846661567688
SCP682-SC12-protein-residual	external_sample	vivo_seq_th17_2025	LCK_Y505	52	BCR_BTK_axis	1.6530449844532077e-37
SCP682-SC12-protein-residual	external_sample	vivo_seq_th17_2025	LCK_Y505	52	BTK_PLCG2_axis	8.718325672306388e-28
SCP682-SC12-protein-residual	external_sample	vivo_seq_th17_2025	LCK_Y505	52	ERK_axis	5.780495155589972e-20
SCP682-SC12-protein-residual	external_sample	vivo_seq_th17_2025	LCK_Y505	52	NFkB_axis	7.051959983073175e-05
SCP682-SC12-protein-residual	external_sample	vivo_seq_th17_2025	LCK_Y505	52	AKT_mTOR_S6_axis	0.002241498325020075
SCP682-SC12-protein-residual	external_sample	vivo_seq_th17_2025	LCK_Y505	52	cell_cycle	0.06418035924434662
SCP682-SC12-protein-residual	external_sample	vivo_seq_th17_2025	LCK_Y505	52	stress_ifn	0.21098081767559052
SCP682-SC12-protein-residual	external_sample	vivo_seq_th17_2025	LCK_Y505	52	ribosomal	0.6920784115791321
SCP682-SC12-protein-residual	external_sample	vivo_seq_th17_2025	LCK_Y505	52	random_control	0.03044837713241577
SCP682-SC12-protein-residual	external_sample	vivo_seq_th17_2025	STAT5A_Y694	53	BCR_BTK_axis	0.15855902433395386
SCP682-SC12-protein-residual	external_sample	vivo_seq_th17_2025	STAT5A_Y694	53	BTK_PLCG2_axis	0.009390217252075672
SCP682-SC12-protein-residual	external_sample	vivo_seq_th17_2025	STAT5A_Y694	53	ERK_axis	0.04395636171102524
SCP682-SC12-protein-residual	external_sample	vivo_seq_th17_2025	STAT5A_Y694	53	NFkB_axis	0.038094401359558105
SCP682-SC12-protein-residual	external_sample	vivo_seq_th17_2025	STAT5A_Y694	53	AKT_mTOR_S6_axis	0.008787666447460651
SCP682-SC12-protein-residual	external_sample	vivo_seq_th17_2025	STAT5A_Y694	53	cell_cycle	3.176876910049144e-27
SCP682-SC12-protein-residual	external_sample	vivo_seq_th17_2025	STAT5A_Y694	53	stress_ifn	0.012528160586953163
SCP682-SC12-protein-residual	external_sample	vivo_seq_th17_2025	STAT5A_Y694	53	ribosomal	0.48820561170578003
SCP682-SC12-protein-residual	external_sample	vivo_seq_th17_2025	STAT5A_Y694	53	random_control	0.2404785454273224
SCP682-SC12-protein-residual	external_sample	vivo_seq_th17_2025	PLCG1_Y783	54	BCR_BTK_axis	3.147641155442687e-23
SCP682-SC12-protein-residual	external_sample	vivo_seq_th17_2025	PLCG1_Y783	54	BTK_PLCG2_axis	1.826523649485697e-17
SCP682-SC12-protein-residual	external_sample	vivo_seq_th17_2025	PLCG1_Y783	54	ERK_axis	5.66269850021256e-13
SCP682-SC12-protein-residual	external_sample	vivo_seq_th17_2025	PLCG1_Y783	54	NFkB_axis	0.017323138192296028
SCP682-SC12-protein-residual	external_sample	vivo_seq_th17_2025	PLCG1_Y783	54	AKT_mTOR_S6_axis	3.1813979228800804e-10
SCP682-SC12-protein-residual	external_sample	vivo_seq_th17_2025	PLCG1_Y783	54	cell_cycle	0.007756966631859541
SCP682-SC12-protein-residual	external_sample	vivo_seq_th17_2025	PLCG1_Y783	54	stress_ifn	0.05212048441171646
SCP682-SC12-protein-residual	external_sample	vivo_seq_th17_2025	PLCG1_Y783	54	ribosomal	0.679500162601471
SCP682-SC12-protein-residual	external_sample	vivo_seq_th17_2025	PLCG1_Y783	54	random_control	0.2432991862297058
SCP682-SC12-protein-residual	external_sample	vivo_seq_th17_2025	CTNND1_T310	55	BCR_BTK_axis	0.23347799479961395
SCP682-SC12-protein-residual	external_sample	vivo_seq_th17_2025	CTNND1_T310	55	BTK_PLCG2_axis	1.9711624693607988e-11
SCP682-SC12-protein-residual	external_sample	vivo_seq_th17_2025	CTNND1_T310	55	ERK_axis	4.1143841805757475e-12
SCP682-SC12-protein-residual	external_sample	vivo_seq_th17_2025	CTNND1_T310	55	NFkB_axis	0.0165219996124506
SCP682-SC12-protein-residual	external_sample	vivo_seq_th17_2025	CTNND1_T310	55	AKT_mTOR_S6_axis	6.38120415882848e-13
SCP682-SC12-protein-residual	external_sample	vivo_seq_th17_2025	CTNND1_T310	55	cell_cycle	3.286991174749424e-18
SCP682-SC12-protein-residual	external_sample	vivo_seq_th17_2025	CTNND1_T310	55	stress_ifn	0.014307452365756035
SCP682-SC12-protein-residual	external_sample	vivo_seq_th17_2025	CTNND1_T310	55	ribosomal	0.4880961775779724
SCP682-SC12-protein-residual	external_sample	vivo_seq_th17_2025	CTNND1_T310	55	random_control	0.2475963532924652
SCP682-SC12-protein-residual	external_sample	vivo_seq_th17_2025	PDPK1_S241	56	BCR_BTK_axis	0.1347355842590332
SCP682-SC12-protein-residual	external_sample	vivo_seq_th17_2025	PDPK1_S241	56	BTK_PLCG2_axis	0.014242495410144329
SCP682-SC12-protein-residual	external_sample	vivo_seq_th17_2025	PDPK1_S241	56	ERK_axis	0.05576743558049202
SCP682-SC12-protein-residual	external_sample	vivo_seq_th17_2025	PDPK1_S241	56	NFkB_axis	0.04524925351142883
SCP682-SC12-protein-residual	external_sample	vivo_seq_th17_2025	PDPK1_S241	56	AKT_mTOR_S6_axis	0.007146427873522043
SCP682-SC12-protein-residual	external_sample	vivo_seq_th17_2025	PDPK1_S241	56	cell_cycle	1.6453753914902336e-06
SCP682-SC12-protein-residual	external_sample	vivo_seq_th17_2025	PDPK1_S241	56	stress_ifn	0.013662642799317837
SCP682-SC12-protein-residual	external_sample	vivo_seq_th17_2025	PDPK1_S241	56	ribosomal	0.488095223903656
SCP682-SC12-protein-residual	external_sample	vivo_seq_th17_2025	PDPK1_S241	56	random_control	0.2410992532968521
SCP682-SC12-protein-residual	external_sample	vivo_seq_th17_2025	MAP2K4_S257	57	BCR_BTK_axis	1.057900698330427e-14
SCP682-SC12-protein-residual	external_sample	vivo_seq_th17_2025	MAP2K4_S257	57	BTK_PLCG2_axis	8.125612135185742e-14
SCP682-SC12-protein-residual	external_sample	vivo_seq_th17_2025	MAP2K4_S257	57	ERK_axis	2.504086890099677e-14
SCP682-SC12-protein-residual	external_sample	vivo_seq_th17_2025	MAP2K4_S257	57	NFkB_axis	0.027164850383996964
SCP682-SC12-protein-residual	external_sample	vivo_seq_th17_2025	MAP2K4_S257	57	AKT_mTOR_S6_axis	5.661902058307078e-09
SCP682-SC12-protein-residual	external_sample	vivo_seq_th17_2025	MAP2K4_S257	57	cell_cycle	0.13226604461669922
SCP682-SC12-protein-residual	external_sample	vivo_seq_th17_2025	MAP2K4_S257	57	stress_ifn	0.33552753925323486
SCP682-SC12-protein-residual	external_sample	vivo_seq_th17_2025	MAP2K4_S257	57	ribosomal	0.44142964482307434
SCP682-SC12-protein-residual	external_sample	vivo_seq_th17_2025	MAP2K4_S257	57	random_control	0.06361182779073715
SCP682-SC12-protein-residual	external_sample	vivo_seq_th17_2025	BTK_Y551	58	BCR_BTK_axis	3.0936101955720367e-28
SCP682-SC12-protein-residual	external_sample	vivo_seq_th17_2025	BTK_Y551	58	BTK_PLCG2_axis	6.127643033247329e-33
SCP682-SC12-protein-residual	external_sample	vivo_seq_th17_2025	BTK_Y551	58	ERK_axis	2.4811985577048735e-19
SCP682-SC12-protein-residual	external_sample	vivo_seq_th17_2025	BTK_Y551	58	NFkB_axis	0.04227030277252197
SCP682-SC12-protein-residual	external_sample	vivo_seq_th17_2025	BTK_Y551	58	AKT_mTOR_S6_axis	0.0023835496976971626
SCP682-SC12-protein-residual	external_sample	vivo_seq_th17_2025	BTK_Y551	58	cell_cycle	0.07780878990888596
SCP682-SC12-protein-residual	external_sample	vivo_seq_th17_2025	BTK_Y551	58	stress_ifn	0.26092401146888733
SCP682-SC12-protein-residual	external_sample	vivo_seq_th17_2025	BTK_Y551	58	ribosomal	0.5934761166572571
SCP682-SC12-protein-residual	external_sample	vivo_seq_th17_2025	BTK_Y551	58	random_control	0.023137181997299194
SCP682-SC12-protein-residual	external_sample	vivo_seq_th17_2025	H2AFX_S139	59	BCR_BTK_axis	0.5987594127655029
SCP682-SC12-protein-residual	external_sample	vivo_seq_th17_2025	H2AFX_S139	59	BTK_PLCG2_axis	0.01490438636392355
SCP682-SC12-protein-residual	external_sample	vivo_seq_th17_2025	H2AFX_S139	59	ERK_axis	0.09147141128778458
SCP682-SC12-protein-residual	external_sample	vivo_seq_th17_2025	H2AFX_S139	59	NFkB_axis	0.04010285064578056
SCP682-SC12-protein-residual	external_sample	vivo_seq_th17_2025	H2AFX_S139	59	AKT_mTOR_S6_axis	5.443159256657282e-10
SCP682-SC12-protein-residual	external_sample	vivo_seq_th17_2025	H2AFX_S139	59	cell_cycle	7.714481210247405e-16
SCP682-SC12-protein-residual	external_sample	vivo_seq_th17_2025	H2AFX_S139	59	stress_ifn	0.014282074756920338
SCP682-SC12-protein-residual	external_sample	vivo_seq_th17_2025	H2AFX_S139	59	ribosomal	1.014744711869131e-11
SCP682-SC12-protein-residual	external_sample	vivo_seq_th17_2025	H2AFX_S139	59	random_control	0.24047984182834625
SCP682-SC12-protein-residual	external_sample	vivo_seq_th17_2025	NDRG1_T346	60	BCR_BTK_axis	0.15702742338180542
SCP682-SC12-protein-residual	external_sample	vivo_seq_th17_2025	NDRG1_T346	60	BTK_PLCG2_axis	0.009478132240474224
SCP682-SC12-protein-residual	external_sample	vivo_seq_th17_2025	NDRG1_T346	60	ERK_axis	0.04540092498064041
SCP682-SC12-protein-residual	external_sample	vivo_seq_th17_2025	NDRG1_T346	60	NFkB_axis	0.038093529641628265
SCP682-SC12-protein-residual	external_sample	vivo_seq_th17_2025	NDRG1_T346	60	AKT_mTOR_S6_axis	0.007351458538323641
SCP682-SC12-protein-residual	external_sample	vivo_seq_th17_2025	NDRG1_T346	60	cell_cycle	4.470889887938846e-25
SCP682-SC12-protein-residual	external_sample	vivo_seq_th17_2025	NDRG1_T346	60	stress_ifn	0.013824207708239555
SCP682-SC12-protein-residual	external_sample	vivo_seq_th17_2025	NDRG1_T346	60	ribosomal	0.48834678530693054
SCP682-SC12-protein-residual	external_sample	vivo_seq_th17_2025	NDRG1_T346	60	random_control	0.2404775321483612
