model	evaluation	test_dataset	target_id	target_index	n	spearman	pearson	component
SCP682-SC12-protein-residual	internal_cv_reconstruction	all	RPS6_pSitePending	0	12185	-0.013245807625579965	0.02708277750998373	protein_only
SCP682-SC12-protein-residual	internal_cv_reconstruction	all	STAT3_Y705	1	11440	0.040461818423720625	0.015453470316908517	protein_only
SCP682-SC12-protein-residual	internal_cv_reconstruction	all	MAPK14_pSitePending	2	12185	-0.012815259651931657	0.0065172015181766	protein_only
SCP682-SC12-protein-residual	internal_cv_reconstruction	all	AKT_pSitePending	3	745	0.11516234836412391	0.11340316215903565	protein_only
SCP682-SC12-protein-residual	internal_cv_reconstruction	all	BTK_pSitePending	4	745	-0.0023245520267406406	0.002151037946791428	protein_only
SCP682-SC12-protein-residual	internal_cv_reconstruction	all	CREB1_S133_ATF1_S63	5	11440	0.015203663469715639	0.00939449384650475	protein_only
SCP682-SC12-protein-residual	internal_cv_reconstruction	all	HM0025_phospho_p44_42_197G2	7	11440	0.028726871399983943	0.023556319633321925	protein_only
SCP682-SC12-protein-residual	internal_cv_reconstruction	all	JUN_pSitePending	8	11440	0.03300253208922686	0.006191254154795605	protein_only
SCP682-SC12-protein-residual	internal_cv_reconstruction	all	LAT_Y226	9	11440	0.057048282268349605	0.003619970703880575	protein_only
SCP682-SC12-protein-residual	internal_cv_reconstruction	all	LCP2_S376	10	11440	0.02631188592090601	0.01652230127121765	protein_only
SCP682-SC12-protein-residual	internal_cv_reconstruction	all	MAP2K1_S298	11	11440	0.0420623649831157	-0.0016404845279264927	protein_only
SCP682-SC12-protein-residual	internal_cv_reconstruction	all	MAPK14_pSitePending_D3F9	12	11440	0.06062141866930746	0.02956494659628181	protein_only
SCP682-SC12-protein-residual	internal_cv_reconstruction	all	MAPK1_MAPK3_pSitePending	14	745	0.0933263999218394	0.0751608762611973	protein_only
SCP682-SC12-protein-residual	internal_cv_reconstruction	all	PLCG2_Y759	15	745	0.09271346460764344	0.1096268466282308	protein_only
SCP682-SC12-protein-residual	internal_cv_reconstruction	all	PLCG2_pSitePending	16	745	0.03092386010584895	0.0018708370071183478	protein_only
SCP682-SC12-protein-residual	internal_cv_reconstruction	all	RELA_pSitePending_93H1	18	11440	0.09109006229127081	0.05916608519804644	protein_only
SCP682-SC12-protein-residual	internal_cv_reconstruction	all	STAT5A_STAT5B_Y694_Y699	21	11440	0.07382419941141248	0.02179378008753121	protein_only
SCP682-SC12-protein-residual	internal_cv_reconstruction	all	SYK_pSitePending	22	745	0.04253527115832322	0.05028926159167939	protein_only
SCP682-SC12-protein-residual	internal_cv_reconstruction	all	p-AMPK-a1/2	23	745	0.07219273207074982	0.07501034079023396	protein_only
SCP682-SC12-protein-residual	internal_cv_reconstruction	all	p-AMPK-b1	24	745	0.024530373852149977	0.01266730800284089	protein_only
SCP682-SC12-protein-residual	internal_cv_reconstruction	all	p-BLNK	25	745	0.05404100035288204	0.019745972346365957	protein_only
SCP682-SC12-protein-residual	internal_cv_reconstruction	all	p-CD79a	26	745	0.09644942493980099	0.016519138705223223	protein_only
SCP682-SC12-protein-residual	internal_cv_reconstruction	all	p-CDK1	27	745	0.05002300908045565	0.07216455182010129	protein_only
SCP682-SC12-protein-residual	internal_cv_reconstruction	all	p-CDK4	28	745	-0.010011494888758639	-0.002972674231162785	protein_only
SCP682-SC12-protein-residual	internal_cv_reconstruction	all	p-HistonH2A.X	30	745	0.030570589656617995	0.011959594794064986	protein_only
SCP682-SC12-protein-residual	internal_cv_reconstruction	all	p-HistonH3	31	745	0.04904445685358583	0.013677493878904604	protein_only
SCP682-SC12-protein-residual	internal_cv_reconstruction	all	p-IKKa/b	32	745	0.025309072026228417	0.038567033661681294	protein_only
SCP682-SC12-protein-residual	internal_cv_reconstruction	all	p-IRAK4	33	745	-0.002282134355966735	-0.03582445570878644	protein_only
SCP682-SC12-protein-residual	internal_cv_reconstruction	all	p-JAK1	34	745	0.14582377190168147	0.08537822175760718	protein_only
SCP682-SC12-protein-residual	internal_cv_reconstruction	all	p-JNK	35	745	0.005918097694166235	0.015262076896974135	protein_only
SCP682-SC12-protein-residual	internal_cv_reconstruction	all	p-PKC-b1	36	745	0.061803212109525225	0.06283251096173441	protein_only
SCP682-SC12-protein-residual	internal_cv_reconstruction	all	p-Rb	37	745	0.061083788995887366	0.09328465473586578	protein_only
SCP682-SC12-protein-residual	internal_cv_reconstruction	all	p-STAT5	40	745	0.029296712126493474	0.001299532859878898	protein_only
SCP682-SC12-protein-residual	internal_cv_reconstruction	all	p-STAT6	41	745	0.10308346249836797	0.07505578198968593	protein_only
SCP682-SC12-protein-residual	internal_cv_reconstruction	all	p-Src	42	745	0.08284490196486896	0.0795349854980417	protein_only
SCP682-SC12-protein-residual	internal_cv_reconstruction	all	p-TOR	43	745	0.0011219681082010394	-0.012439981245677063	protein_only
SCP682-SC12-protein-residual	internal_cv_reconstruction	all	p-c-Jun	44	745	0.06020387843331052	0.07351383720507043	protein_only
SCP682-SC12-protein-residual	internal_cv_reconstruction	all	p-p65	45	745	0.04823273322876015	0.03805352633980598	protein_only
SCP682-SC12-protein-residual	internal_cv_reconstruction	iccite_seq_tcell_2025	RPS6_pSitePending	0	11440	-0.018037551275469237	0.021917362244932743	protein_only
SCP682-SC12-protein-residual	internal_cv_reconstruction	iccite_seq_tcell_2025	STAT3_Y705	1	11440	0.040461818423720625	0.015453470316908517	protein_only
SCP682-SC12-protein-residual	internal_cv_reconstruction	iccite_seq_tcell_2025	MAPK14_pSitePending	2	11440	-0.01150892982336881	0.0064142620490510735	protein_only
SCP682-SC12-protein-residual	internal_cv_reconstruction	iccite_seq_tcell_2025	CREB1_S133_ATF1_S63	5	11440	0.015203663469715639	0.00939449384650475	protein_only
SCP682-SC12-protein-residual	internal_cv_reconstruction	iccite_seq_tcell_2025	HM0025_phospho_p44_42_197G2	7	11440	0.028726871399983943	0.023556319633321925	protein_only
SCP682-SC12-protein-residual	internal_cv_reconstruction	iccite_seq_tcell_2025	JUN_pSitePending	8	11440	0.03300253208922686	0.006191254154795605	protein_only
SCP682-SC12-protein-residual	internal_cv_reconstruction	iccite_seq_tcell_2025	LAT_Y226	9	11440	0.057048282268349605	0.003619970703880575	protein_only
SCP682-SC12-protein-residual	internal_cv_reconstruction	iccite_seq_tcell_2025	LCP2_S376	10	11440	0.02631188592090601	0.01652230127121765	protein_only
SCP682-SC12-protein-residual	internal_cv_reconstruction	iccite_seq_tcell_2025	MAP2K1_S298	11	11440	0.0420623649831157	-0.0016404845279264927	protein_only
SCP682-SC12-protein-residual	internal_cv_reconstruction	iccite_seq_tcell_2025	MAPK14_pSitePending_D3F9	12	11440	0.06062141866930746	0.02956494659628181	protein_only
SCP682-SC12-protein-residual	internal_cv_reconstruction	iccite_seq_tcell_2025	RELA_pSitePending_93H1	18	11440	0.09109006229127081	0.05916608519804644	protein_only
SCP682-SC12-protein-residual	internal_cv_reconstruction	iccite_seq_tcell_2025	STAT5A_STAT5B_Y694_Y699	21	11440	0.07382419941141248	0.02179378008753121	protein_only
SCP682-SC12-protein-residual	internal_cv_reconstruction	qurie_seq_bjab_2021	RPS6_pSitePending	0	745	0.22331053651688434	0.1601892434113496	protein_only
SCP682-SC12-protein-residual	internal_cv_reconstruction	qurie_seq_bjab_2021	MAPK14_pSitePending	2	745	0.04164212062281952	0.02405981186716578	protein_only
SCP682-SC12-protein-residual	internal_cv_reconstruction	qurie_seq_bjab_2021	AKT_pSitePending	3	745	0.11516234836412391	0.11340316215903565	protein_only
SCP682-SC12-protein-residual	internal_cv_reconstruction	qurie_seq_bjab_2021	BTK_pSitePending	4	745	-0.0023245520267406406	0.002151037946791428	protein_only
SCP682-SC12-protein-residual	internal_cv_reconstruction	qurie_seq_bjab_2021	MAPK1_MAPK3_pSitePending	14	745	0.0933263999218394	0.0751608762611973	protein_only
SCP682-SC12-protein-residual	internal_cv_reconstruction	qurie_seq_bjab_2021	PLCG2_Y759	15	745	0.09271346460764344	0.1096268466282308	protein_only
SCP682-SC12-protein-residual	internal_cv_reconstruction	qurie_seq_bjab_2021	PLCG2_pSitePending	16	745	0.03092386010584895	0.0018708370071183478	protein_only
SCP682-SC12-protein-residual	internal_cv_reconstruction	qurie_seq_bjab_2021	SYK_pSitePending	22	745	0.04253527115832322	0.05028926159167939	protein_only
SCP682-SC12-protein-residual	internal_cv_reconstruction	qurie_seq_bjab_2021	p-AMPK-a1/2	23	745	0.07219273207074982	0.07501034079023396	protein_only
SCP682-SC12-protein-residual	internal_cv_reconstruction	qurie_seq_bjab_2021	p-AMPK-b1	24	745	0.024530373852149977	0.01266730800284089	protein_only
SCP682-SC12-protein-residual	internal_cv_reconstruction	qurie_seq_bjab_2021	p-BLNK	25	745	0.05404100035288204	0.019745972346365957	protein_only
SCP682-SC12-protein-residual	internal_cv_reconstruction	qurie_seq_bjab_2021	p-CD79a	26	745	0.09644942493980099	0.016519138705223223	protein_only
SCP682-SC12-protein-residual	internal_cv_reconstruction	qurie_seq_bjab_2021	p-CDK1	27	745	0.05002300908045565	0.07216455182010129	protein_only
SCP682-SC12-protein-residual	internal_cv_reconstruction	qurie_seq_bjab_2021	p-CDK4	28	745	-0.010011494888758639	-0.002972674231162785	protein_only
SCP682-SC12-protein-residual	internal_cv_reconstruction	qurie_seq_bjab_2021	p-HistonH2A.X	30	745	0.030570589656617995	0.011959594794064986	protein_only
SCP682-SC12-protein-residual	internal_cv_reconstruction	qurie_seq_bjab_2021	p-HistonH3	31	745	0.04904445685358583	0.013677493878904604	protein_only
SCP682-SC12-protein-residual	internal_cv_reconstruction	qurie_seq_bjab_2021	p-IKKa/b	32	745	0.025309072026228417	0.038567033661681294	protein_only
SCP682-SC12-protein-residual	internal_cv_reconstruction	qurie_seq_bjab_2021	p-IRAK4	33	745	-0.002282134355966735	-0.03582445570878644	protein_only
SCP682-SC12-protein-residual	internal_cv_reconstruction	qurie_seq_bjab_2021	p-JAK1	34	745	0.14582377190168147	0.08537822175760718	protein_only
SCP682-SC12-protein-residual	internal_cv_reconstruction	qurie_seq_bjab_2021	p-JNK	35	745	0.005918097694166235	0.015262076896974135	protein_only
SCP682-SC12-protein-residual	internal_cv_reconstruction	qurie_seq_bjab_2021	p-PKC-b1	36	745	0.061803212109525225	0.06283251096173441	protein_only
SCP682-SC12-protein-residual	internal_cv_reconstruction	qurie_seq_bjab_2021	p-Rb	37	745	0.061083788995887366	0.09328465473586578	protein_only
SCP682-SC12-protein-residual	internal_cv_reconstruction	qurie_seq_bjab_2021	p-STAT5	40	745	0.029296712126493474	0.001299532859878898	protein_only
SCP682-SC12-protein-residual	internal_cv_reconstruction	qurie_seq_bjab_2021	p-STAT6	41	745	0.10308346249836797	0.07505578198968593	protein_only
SCP682-SC12-protein-residual	internal_cv_reconstruction	qurie_seq_bjab_2021	p-Src	42	745	0.08284490196486896	0.0795349854980417	protein_only
SCP682-SC12-protein-residual	internal_cv_reconstruction	qurie_seq_bjab_2021	p-TOR	43	745	0.0011219681082010394	-0.012439981245677063	protein_only
SCP682-SC12-protein-residual	internal_cv_reconstruction	qurie_seq_bjab_2021	p-c-Jun	44	745	0.06020387843331052	0.07351383720507043	protein_only
SCP682-SC12-protein-residual	internal_cv_reconstruction	qurie_seq_bjab_2021	p-p65	45	745	0.04823273322876015	0.03805352633980598	protein_only
SCP682-SC12-protein-residual	internal_cv_reconstruction	all	RPS6_pSitePending	0	12185	0.5120350846982146	0.5593290855515822	phospho_residual_only
SCP682-SC12-protein-residual	internal_cv_reconstruction	all	STAT3_Y705	1	11440	0.2700015633681891	0.25989056262679067	phospho_residual_only
SCP682-SC12-protein-residual	internal_cv_reconstruction	all	MAPK14_pSitePending	2	12185	0.37928498230148455	0.18294686954789596	phospho_residual_only
SCP682-SC12-protein-residual	internal_cv_reconstruction	all	AKT_pSitePending	3	745	0.20598044329149873	0.20960839379280682	phospho_residual_only
SCP682-SC12-protein-residual	internal_cv_reconstruction	all	BTK_pSitePending	4	745	0.11803710016630961	0.10792960704503973	phospho_residual_only
SCP682-SC12-protein-residual	internal_cv_reconstruction	all	CREB1_S133_ATF1_S63	5	11440	0.32416098370746416	0.09702713111028119	phospho_residual_only
SCP682-SC12-protein-residual	internal_cv_reconstruction	all	HM0025_phospho_p44_42_197G2	7	11440	0.2706997730987501	0.2727993129755949	phospho_residual_only
SCP682-SC12-protein-residual	internal_cv_reconstruction	all	JUN_pSitePending	8	11440	0.2371148949739171	0.23193145377002045	phospho_residual_only
SCP682-SC12-protein-residual	internal_cv_reconstruction	all	LAT_Y226	9	11440	0.34208037712541284	0.07238036209548926	phospho_residual_only
SCP682-SC12-protein-residual	internal_cv_reconstruction	all	LCP2_S376	10	11440	0.46115565770027256	0.46991239216790337	phospho_residual_only
SCP682-SC12-protein-residual	internal_cv_reconstruction	all	MAP2K1_S298	11	11440	0.3305035920081849	0.170199324681583	phospho_residual_only
SCP682-SC12-protein-residual	internal_cv_reconstruction	all	MAPK14_pSitePending_D3F9	12	11440	0.3380783577691021	0.32131432738145493	phospho_residual_only
SCP682-SC12-protein-residual	internal_cv_reconstruction	all	MAPK1_MAPK3_pSitePending	14	745	0.04204145869870909	0.07216624563365963	phospho_residual_only
SCP682-SC12-protein-residual	internal_cv_reconstruction	all	PLCG2_Y759	15	745	0.16838904362203427	0.1430990992847121	phospho_residual_only
SCP682-SC12-protein-residual	internal_cv_reconstruction	all	PLCG2_pSitePending	16	745	0.11464837517733074	0.11947450653540481	phospho_residual_only
SCP682-SC12-protein-residual	internal_cv_reconstruction	all	RELA_pSitePending_93H1	18	11440	0.21572323911280672	0.2062892875911929	phospho_residual_only
SCP682-SC12-protein-residual	internal_cv_reconstruction	all	STAT5A_STAT5B_Y694_Y699	21	11440	0.4223015730531305	0.148010524453903	phospho_residual_only
SCP682-SC12-protein-residual	internal_cv_reconstruction	all	SYK_pSitePending	22	745	0.11916554482485318	0.1406689604418224	phospho_residual_only
SCP682-SC12-protein-residual	internal_cv_reconstruction	all	p-AMPK-a1/2	23	745	0.16386625457507556	0.17333944004164187	phospho_residual_only
SCP682-SC12-protein-residual	internal_cv_reconstruction	all	p-AMPK-b1	24	745	0.06917599155698047	0.0925258688434851	phospho_residual_only
SCP682-SC12-protein-residual	internal_cv_reconstruction	all	p-BLNK	25	745	0.033258096429993264	0.05688724630453747	phospho_residual_only
SCP682-SC12-protein-residual	internal_cv_reconstruction	all	p-CD79a	26	745	0.0075126572842231735	0.043550686156288175	phospho_residual_only
SCP682-SC12-protein-residual	internal_cv_reconstruction	all	p-CDK1	27	745	0.2817993206540012	0.28758983466111887	phospho_residual_only
SCP682-SC12-protein-residual	internal_cv_reconstruction	all	p-CDK4	28	745	0.058174768840498686	0.04349484498885717	phospho_residual_only
SCP682-SC12-protein-residual	internal_cv_reconstruction	all	p-HistonH2A.X	30	745	0.07804569131688228	0.03988674019115271	phospho_residual_only
SCP682-SC12-protein-residual	internal_cv_reconstruction	all	p-HistonH3	31	745	0.05631610930179095	0.07562492402499046	phospho_residual_only
SCP682-SC12-protein-residual	internal_cv_reconstruction	all	p-IKKa/b	32	745	0.055610027370079945	0.05092847418448598	phospho_residual_only
SCP682-SC12-protein-residual	internal_cv_reconstruction	all	p-IRAK4	33	745	0.07222251814915526	0.082958310705329	phospho_residual_only
SCP682-SC12-protein-residual	internal_cv_reconstruction	all	p-JAK1	34	745	0.06729771752159842	0.09553492773177803	phospho_residual_only
SCP682-SC12-protein-residual	internal_cv_reconstruction	all	p-JNK	35	745	0.14200781652179414	0.14023869941289066	phospho_residual_only
SCP682-SC12-protein-residual	internal_cv_reconstruction	all	p-PKC-b1	36	745	0.05584355355393587	0.02413767739904879	phospho_residual_only
SCP682-SC12-protein-residual	internal_cv_reconstruction	all	p-Rb	37	745	0.26848137214406337	0.28929908774521046	phospho_residual_only
SCP682-SC12-protein-residual	internal_cv_reconstruction	all	p-STAT5	40	745	0.07181648634155746	0.06900650901462346	phospho_residual_only
SCP682-SC12-protein-residual	internal_cv_reconstruction	all	p-STAT6	41	745	0.11632806385064708	0.10474987234493315	phospho_residual_only
SCP682-SC12-protein-residual	internal_cv_reconstruction	all	p-Src	42	745	0.18183398624385955	0.1969546945954495	phospho_residual_only
SCP682-SC12-protein-residual	internal_cv_reconstruction	all	p-TOR	43	745	0.12513255282398594	0.12727354026761578	phospho_residual_only
SCP682-SC12-protein-residual	internal_cv_reconstruction	all	p-c-Jun	44	745	0.1399471392083732	0.1411615900633894	phospho_residual_only
SCP682-SC12-protein-residual	internal_cv_reconstruction	all	p-p65	45	745	0.155730389941127	0.1643594841169036	phospho_residual_only
SCP682-SC12-protein-residual	internal_cv_reconstruction	iccite_seq_tcell_2025	RPS6_pSitePending	0	11440	0.43874491487691086	0.4631727786793778	phospho_residual_only
SCP682-SC12-protein-residual	internal_cv_reconstruction	iccite_seq_tcell_2025	STAT3_Y705	1	11440	0.2700015633681891	0.25989056262679067	phospho_residual_only
SCP682-SC12-protein-residual	internal_cv_reconstruction	iccite_seq_tcell_2025	MAPK14_pSitePending	2	11440	0.29318167702832376	0.13630059792815158	phospho_residual_only
SCP682-SC12-protein-residual	internal_cv_reconstruction	iccite_seq_tcell_2025	CREB1_S133_ATF1_S63	5	11440	0.32416098370746416	0.09702713111028119	phospho_residual_only
SCP682-SC12-protein-residual	internal_cv_reconstruction	iccite_seq_tcell_2025	HM0025_phospho_p44_42_197G2	7	11440	0.2706997730987501	0.2727993129755949	phospho_residual_only
SCP682-SC12-protein-residual	internal_cv_reconstruction	iccite_seq_tcell_2025	JUN_pSitePending	8	11440	0.2371148949739171	0.23193145377002045	phospho_residual_only
SCP682-SC12-protein-residual	internal_cv_reconstruction	iccite_seq_tcell_2025	LAT_Y226	9	11440	0.34208037712541284	0.07238036209548926	phospho_residual_only
SCP682-SC12-protein-residual	internal_cv_reconstruction	iccite_seq_tcell_2025	LCP2_S376	10	11440	0.46115565770027256	0.46991239216790337	phospho_residual_only
SCP682-SC12-protein-residual	internal_cv_reconstruction	iccite_seq_tcell_2025	MAP2K1_S298	11	11440	0.3305035920081849	0.170199324681583	phospho_residual_only
SCP682-SC12-protein-residual	internal_cv_reconstruction	iccite_seq_tcell_2025	MAPK14_pSitePending_D3F9	12	11440	0.3380783577691021	0.32131432738145493	phospho_residual_only
SCP682-SC12-protein-residual	internal_cv_reconstruction	iccite_seq_tcell_2025	RELA_pSitePending_93H1	18	11440	0.21572323911280672	0.2062892875911929	phospho_residual_only
SCP682-SC12-protein-residual	internal_cv_reconstruction	iccite_seq_tcell_2025	STAT5A_STAT5B_Y694_Y699	21	11440	0.4223015730531305	0.148010524453903	phospho_residual_only
SCP682-SC12-protein-residual	internal_cv_reconstruction	qurie_seq_bjab_2021	RPS6_pSitePending	0	745	0.28426498471473804	0.2396596480114952	phospho_residual_only
SCP682-SC12-protein-residual	internal_cv_reconstruction	qurie_seq_bjab_2021	MAPK14_pSitePending	2	745	0.15315623105622356	0.134032753447645	phospho_residual_only
SCP682-SC12-protein-residual	internal_cv_reconstruction	qurie_seq_bjab_2021	AKT_pSitePending	3	745	0.20598044329149873	0.20960839379280682	phospho_residual_only
SCP682-SC12-protein-residual	internal_cv_reconstruction	qurie_seq_bjab_2021	BTK_pSitePending	4	745	0.11803710016630961	0.10792960704503973	phospho_residual_only
SCP682-SC12-protein-residual	internal_cv_reconstruction	qurie_seq_bjab_2021	MAPK1_MAPK3_pSitePending	14	745	0.04204145869870909	0.07216624563365963	phospho_residual_only
SCP682-SC12-protein-residual	internal_cv_reconstruction	qurie_seq_bjab_2021	PLCG2_Y759	15	745	0.16838904362203427	0.1430990992847121	phospho_residual_only
SCP682-SC12-protein-residual	internal_cv_reconstruction	qurie_seq_bjab_2021	PLCG2_pSitePending	16	745	0.11464837517733074	0.11947450653540481	phospho_residual_only
SCP682-SC12-protein-residual	internal_cv_reconstruction	qurie_seq_bjab_2021	SYK_pSitePending	22	745	0.11916554482485318	0.1406689604418224	phospho_residual_only
SCP682-SC12-protein-residual	internal_cv_reconstruction	qurie_seq_bjab_2021	p-AMPK-a1/2	23	745	0.16386625457507556	0.17333944004164187	phospho_residual_only
SCP682-SC12-protein-residual	internal_cv_reconstruction	qurie_seq_bjab_2021	p-AMPK-b1	24	745	0.06917599155698047	0.0925258688434851	phospho_residual_only
SCP682-SC12-protein-residual	internal_cv_reconstruction	qurie_seq_bjab_2021	p-BLNK	25	745	0.033258096429993264	0.05688724630453747	phospho_residual_only
SCP682-SC12-protein-residual	internal_cv_reconstruction	qurie_seq_bjab_2021	p-CD79a	26	745	0.0075126572842231735	0.043550686156288175	phospho_residual_only
SCP682-SC12-protein-residual	internal_cv_reconstruction	qurie_seq_bjab_2021	p-CDK1	27	745	0.2817993206540012	0.28758983466111887	phospho_residual_only
SCP682-SC12-protein-residual	internal_cv_reconstruction	qurie_seq_bjab_2021	p-CDK4	28	745	0.058174768840498686	0.04349484498885717	phospho_residual_only
SCP682-SC12-protein-residual	internal_cv_reconstruction	qurie_seq_bjab_2021	p-HistonH2A.X	30	745	0.07804569131688228	0.03988674019115271	phospho_residual_only
SCP682-SC12-protein-residual	internal_cv_reconstruction	qurie_seq_bjab_2021	p-HistonH3	31	745	0.05631610930179095	0.07562492402499046	phospho_residual_only
SCP682-SC12-protein-residual	internal_cv_reconstruction	qurie_seq_bjab_2021	p-IKKa/b	32	745	0.055610027370079945	0.05092847418448598	phospho_residual_only
SCP682-SC12-protein-residual	internal_cv_reconstruction	qurie_seq_bjab_2021	p-IRAK4	33	745	0.07222251814915526	0.082958310705329	phospho_residual_only
SCP682-SC12-protein-residual	internal_cv_reconstruction	qurie_seq_bjab_2021	p-JAK1	34	745	0.06729771752159842	0.09553492773177803	phospho_residual_only
SCP682-SC12-protein-residual	internal_cv_reconstruction	qurie_seq_bjab_2021	p-JNK	35	745	0.14200781652179414	0.14023869941289066	phospho_residual_only
SCP682-SC12-protein-residual	internal_cv_reconstruction	qurie_seq_bjab_2021	p-PKC-b1	36	745	0.05584355355393587	0.02413767739904879	phospho_residual_only
SCP682-SC12-protein-residual	internal_cv_reconstruction	qurie_seq_bjab_2021	p-Rb	37	745	0.26848137214406337	0.28929908774521046	phospho_residual_only
SCP682-SC12-protein-residual	internal_cv_reconstruction	qurie_seq_bjab_2021	p-STAT5	40	745	0.07181648634155746	0.06900650901462346	phospho_residual_only
SCP682-SC12-protein-residual	internal_cv_reconstruction	qurie_seq_bjab_2021	p-STAT6	41	745	0.11632806385064708	0.10474987234493315	phospho_residual_only
SCP682-SC12-protein-residual	internal_cv_reconstruction	qurie_seq_bjab_2021	p-Src	42	745	0.18183398624385955	0.1969546945954495	phospho_residual_only
SCP682-SC12-protein-residual	internal_cv_reconstruction	qurie_seq_bjab_2021	p-TOR	43	745	0.12513255282398594	0.12727354026761578	phospho_residual_only
SCP682-SC12-protein-residual	internal_cv_reconstruction	qurie_seq_bjab_2021	p-c-Jun	44	745	0.1399471392083732	0.1411615900633894	phospho_residual_only
SCP682-SC12-protein-residual	internal_cv_reconstruction	qurie_seq_bjab_2021	p-p65	45	745	0.155730389941127	0.1643594841169036	phospho_residual_only
SCP682-SC12-protein-residual	internal_cv_reconstruction	all	RPS6_pSitePending	0	12185	0.5114587238778213	0.5593042832882573	protein_plus_residual
SCP682-SC12-protein-residual	internal_cv_reconstruction	all	STAT3_Y705	1	11440	0.271185964090831	0.2605037757547333	protein_plus_residual
SCP682-SC12-protein-residual	internal_cv_reconstruction	all	MAPK14_pSitePending	2	12185	0.3791940685610051	0.18295514619083136	protein_plus_residual
SCP682-SC12-protein-residual	internal_cv_reconstruction	all	AKT_pSitePending	3	745	0.21798786248971588	0.22767360945193227	protein_plus_residual
SCP682-SC12-protein-residual	internal_cv_reconstruction	all	BTK_pSitePending	4	745	0.12291148729004703	0.10946178742741469	protein_plus_residual
SCP682-SC12-protein-residual	internal_cv_reconstruction	all	CREB1_S133_ATF1_S63	5	11440	0.3242497041203259	0.09720930825609518	protein_plus_residual
SCP682-SC12-protein-residual	internal_cv_reconstruction	all	HM0025_phospho_p44_42_197G2	7	11440	0.27157138184054097	0.27346148402662734	protein_plus_residual
SCP682-SC12-protein-residual	internal_cv_reconstruction	all	JUN_pSitePending	8	11440	0.2375892486834624	0.2321477433647009	protein_plus_residual
SCP682-SC12-protein-residual	internal_cv_reconstruction	all	LAT_Y226	9	11440	0.3409286176647347	0.07225059567480004	protein_plus_residual
SCP682-SC12-protein-residual	internal_cv_reconstruction	all	LCP2_S376	10	11440	0.4623571655799911	0.47083241165182205	protein_plus_residual
SCP682-SC12-protein-residual	internal_cv_reconstruction	all	MAP2K1_S298	11	11440	0.3291240421770877	0.16946745738996594	protein_plus_residual
SCP682-SC12-protein-residual	internal_cv_reconstruction	all	MAPK14_pSitePending_D3F9	12	11440	0.3381702604944417	0.32214250273299044	protein_plus_residual
SCP682-SC12-protein-residual	internal_cv_reconstruction	all	MAPK1_MAPK3_pSitePending	14	745	0.047754217509154304	0.07605289310525955	protein_plus_residual
SCP682-SC12-protein-residual	internal_cv_reconstruction	all	PLCG2_Y759	15	745	0.20517581345480362	0.18141215432393015	protein_plus_residual
SCP682-SC12-protein-residual	internal_cv_reconstruction	all	PLCG2_pSitePending	16	745	0.1228457199351601	0.12012519973868471	protein_plus_residual
SCP682-SC12-protein-residual	internal_cv_reconstruction	all	RELA_pSitePending_93H1	18	11440	0.21740911146456385	0.20797369885340702	protein_plus_residual
SCP682-SC12-protein-residual	internal_cv_reconstruction	all	STAT5A_STAT5B_Y694_Y699	21	11440	0.4155367947941345	0.14706973813273552	protein_plus_residual
SCP682-SC12-protein-residual	internal_cv_reconstruction	all	SYK_pSitePending	22	745	0.13599923314512077	0.15116041483099882	protein_plus_residual
SCP682-SC12-protein-residual	internal_cv_reconstruction	all	p-AMPK-a1/2	23	745	0.17201752270998502	0.17892408118920167	protein_plus_residual
SCP682-SC12-protein-residual	internal_cv_reconstruction	all	p-AMPK-b1	24	745	0.07154514817958679	0.09264009090276343	protein_plus_residual
SCP682-SC12-protein-residual	internal_cv_reconstruction	all	p-BLNK	25	745	0.03920840948664148	0.057873313306404384	protein_plus_residual
SCP682-SC12-protein-residual	internal_cv_reconstruction	all	p-CD79a	26	745	0.022224567167043435	0.045687682721636036	protein_plus_residual
SCP682-SC12-protein-residual	internal_cv_reconstruction	all	p-CDK1	27	745	0.24755497610498342	0.27298874184760463	protein_plus_residual
SCP682-SC12-protein-residual	internal_cv_reconstruction	all	p-CDK4	28	745	0.055708303729899336	0.04285844498672995	protein_plus_residual
SCP682-SC12-protein-residual	internal_cv_reconstruction	all	p-HistonH2A.X	30	745	0.07162541324978777	0.03615618166558467	protein_plus_residual
SCP682-SC12-protein-residual	internal_cv_reconstruction	all	p-HistonH3	31	745	0.05630206636304864	0.07563776294761249	protein_plus_residual
SCP682-SC12-protein-residual	internal_cv_reconstruction	all	p-IKKa/b	32	745	0.06055258216146814	0.05698733235676237	protein_plus_residual
SCP682-SC12-protein-residual	internal_cv_reconstruction	all	p-IRAK4	33	745	0.06951960575572654	0.07811965952577327	protein_plus_residual
SCP682-SC12-protein-residual	internal_cv_reconstruction	all	p-JAK1	34	745	0.12201049389741278	0.12509303372045458	protein_plus_residual
SCP682-SC12-protein-residual	internal_cv_reconstruction	all	p-JNK	35	745	0.1432997649631593	0.14153003923624424	protein_plus_residual
SCP682-SC12-protein-residual	internal_cv_reconstruction	all	p-PKC-b1	36	745	0.06834810075274128	0.0453261319084646	protein_plus_residual
SCP682-SC12-protein-residual	internal_cv_reconstruction	all	p-Rb	37	745	0.270481758135084	0.2910841055058356	protein_plus_residual
SCP682-SC12-protein-residual	internal_cv_reconstruction	all	p-STAT5	40	745	0.06977352951271613	0.06394912642553194	protein_plus_residual
SCP682-SC12-protein-residual	internal_cv_reconstruction	all	p-STAT6	41	745	0.12045258473857465	0.11009436395597844	protein_plus_residual
SCP682-SC12-protein-residual	internal_cv_reconstruction	all	p-Src	42	745	0.18385202899448538	0.19943540290104128	protein_plus_residual
SCP682-SC12-protein-residual	internal_cv_reconstruction	all	p-TOR	43	745	0.12373443525258922	0.1254810214515989	protein_plus_residual
SCP682-SC12-protein-residual	internal_cv_reconstruction	all	p-c-Jun	44	745	0.1414312036568984	0.142953305024198	protein_plus_residual
SCP682-SC12-protein-residual	internal_cv_reconstruction	all	p-p65	45	745	0.15929594273281153	0.16802171271371813	protein_plus_residual
SCP682-SC12-protein-residual	internal_cv_reconstruction	iccite_seq_tcell_2025	RPS6_pSitePending	0	11440	0.4380302010614218	0.4629322414797965	protein_plus_residual
SCP682-SC12-protein-residual	internal_cv_reconstruction	iccite_seq_tcell_2025	STAT3_Y705	1	11440	0.271185964090831	0.2605037757547333	protein_plus_residual
SCP682-SC12-protein-residual	internal_cv_reconstruction	iccite_seq_tcell_2025	MAPK14_pSitePending	2	11440	0.29307243025196095	0.1363163154659874	protein_plus_residual
SCP682-SC12-protein-residual	internal_cv_reconstruction	iccite_seq_tcell_2025	CREB1_S133_ATF1_S63	5	11440	0.3242497041203259	0.09720930825609518	protein_plus_residual
SCP682-SC12-protein-residual	internal_cv_reconstruction	iccite_seq_tcell_2025	HM0025_phospho_p44_42_197G2	7	11440	0.27157138184054097	0.27346148402662734	protein_plus_residual
SCP682-SC12-protein-residual	internal_cv_reconstruction	iccite_seq_tcell_2025	JUN_pSitePending	8	11440	0.2375892486834624	0.2321477433647009	protein_plus_residual
SCP682-SC12-protein-residual	internal_cv_reconstruction	iccite_seq_tcell_2025	LAT_Y226	9	11440	0.3409286176647347	0.07225059567480004	protein_plus_residual
SCP682-SC12-protein-residual	internal_cv_reconstruction	iccite_seq_tcell_2025	LCP2_S376	10	11440	0.4623571655799911	0.47083241165182205	protein_plus_residual
SCP682-SC12-protein-residual	internal_cv_reconstruction	iccite_seq_tcell_2025	MAP2K1_S298	11	11440	0.3291240421770877	0.16946745738996594	protein_plus_residual
SCP682-SC12-protein-residual	internal_cv_reconstruction	iccite_seq_tcell_2025	MAPK14_pSitePending_D3F9	12	11440	0.3381702604944417	0.32214250273299044	protein_plus_residual
SCP682-SC12-protein-residual	internal_cv_reconstruction	iccite_seq_tcell_2025	RELA_pSitePending_93H1	18	11440	0.21740911146456385	0.20797369885340702	protein_plus_residual
SCP682-SC12-protein-residual	internal_cv_reconstruction	iccite_seq_tcell_2025	STAT5A_STAT5B_Y694_Y699	21	11440	0.4155367947941345	0.14706973813273552	protein_plus_residual
SCP682-SC12-protein-residual	internal_cv_reconstruction	qurie_seq_bjab_2021	RPS6_pSitePending	0	745	0.29776044188958745	0.25315890497038895	protein_plus_residual
SCP682-SC12-protein-residual	internal_cv_reconstruction	qurie_seq_bjab_2021	MAPK14_pSitePending	2	745	0.15301992851575355	0.1343489367187017	protein_plus_residual
SCP682-SC12-protein-residual	internal_cv_reconstruction	qurie_seq_bjab_2021	AKT_pSitePending	3	745	0.21798786248971588	0.22767360945193227	protein_plus_residual
SCP682-SC12-protein-residual	internal_cv_reconstruction	qurie_seq_bjab_2021	BTK_pSitePending	4	745	0.12291148729004703	0.10946178742741469	protein_plus_residual
SCP682-SC12-protein-residual	internal_cv_reconstruction	qurie_seq_bjab_2021	MAPK1_MAPK3_pSitePending	14	745	0.047754217509154304	0.07605289310525955	protein_plus_residual
SCP682-SC12-protein-residual	internal_cv_reconstruction	qurie_seq_bjab_2021	PLCG2_Y759	15	745	0.20517581345480362	0.18141215432393015	protein_plus_residual
SCP682-SC12-protein-residual	internal_cv_reconstruction	qurie_seq_bjab_2021	PLCG2_pSitePending	16	745	0.1228457199351601	0.12012519973868471	protein_plus_residual
SCP682-SC12-protein-residual	internal_cv_reconstruction	qurie_seq_bjab_2021	SYK_pSitePending	22	745	0.13599923314512077	0.15116041483099882	protein_plus_residual
SCP682-SC12-protein-residual	internal_cv_reconstruction	qurie_seq_bjab_2021	p-AMPK-a1/2	23	745	0.17201752270998502	0.17892408118920167	protein_plus_residual
SCP682-SC12-protein-residual	internal_cv_reconstruction	qurie_seq_bjab_2021	p-AMPK-b1	24	745	0.07154514817958679	0.09264009090276343	protein_plus_residual
SCP682-SC12-protein-residual	internal_cv_reconstruction	qurie_seq_bjab_2021	p-BLNK	25	745	0.03920840948664148	0.057873313306404384	protein_plus_residual
SCP682-SC12-protein-residual	internal_cv_reconstruction	qurie_seq_bjab_2021	p-CD79a	26	745	0.022224567167043435	0.045687682721636036	protein_plus_residual
SCP682-SC12-protein-residual	internal_cv_reconstruction	qurie_seq_bjab_2021	p-CDK1	27	745	0.24755497610498342	0.27298874184760463	protein_plus_residual
SCP682-SC12-protein-residual	internal_cv_reconstruction	qurie_seq_bjab_2021	p-CDK4	28	745	0.055708303729899336	0.04285844498672995	protein_plus_residual
SCP682-SC12-protein-residual	internal_cv_reconstruction	qurie_seq_bjab_2021	p-HistonH2A.X	30	745	0.07162541324978777	0.03615618166558467	protein_plus_residual
SCP682-SC12-protein-residual	internal_cv_reconstruction	qurie_seq_bjab_2021	p-HistonH3	31	745	0.05630206636304864	0.07563776294761249	protein_plus_residual
SCP682-SC12-protein-residual	internal_cv_reconstruction	qurie_seq_bjab_2021	p-IKKa/b	32	745	0.06055258216146814	0.05698733235676237	protein_plus_residual
SCP682-SC12-protein-residual	internal_cv_reconstruction	qurie_seq_bjab_2021	p-IRAK4	33	745	0.06951960575572654	0.07811965952577327	protein_plus_residual
SCP682-SC12-protein-residual	internal_cv_reconstruction	qurie_seq_bjab_2021	p-JAK1	34	745	0.12201049389741278	0.12509303372045458	protein_plus_residual
SCP682-SC12-protein-residual	internal_cv_reconstruction	qurie_seq_bjab_2021	p-JNK	35	745	0.1432997649631593	0.14153003923624424	protein_plus_residual
SCP682-SC12-protein-residual	internal_cv_reconstruction	qurie_seq_bjab_2021	p-PKC-b1	36	745	0.06834810075274128	0.0453261319084646	protein_plus_residual
SCP682-SC12-protein-residual	internal_cv_reconstruction	qurie_seq_bjab_2021	p-Rb	37	745	0.270481758135084	0.2910841055058356	protein_plus_residual
SCP682-SC12-protein-residual	internal_cv_reconstruction	qurie_seq_bjab_2021	p-STAT5	40	745	0.06977352951271613	0.06394912642553194	protein_plus_residual
SCP682-SC12-protein-residual	internal_cv_reconstruction	qurie_seq_bjab_2021	p-STAT6	41	745	0.12045258473857465	0.11009436395597844	protein_plus_residual
SCP682-SC12-protein-residual	internal_cv_reconstruction	qurie_seq_bjab_2021	p-Src	42	745	0.18385202899448538	0.19943540290104128	protein_plus_residual
SCP682-SC12-protein-residual	internal_cv_reconstruction	qurie_seq_bjab_2021	p-TOR	43	745	0.12373443525258922	0.1254810214515989	protein_plus_residual
SCP682-SC12-protein-residual	internal_cv_reconstruction	qurie_seq_bjab_2021	p-c-Jun	44	745	0.1414312036568984	0.142953305024198	protein_plus_residual
SCP682-SC12-protein-residual	internal_cv_reconstruction	qurie_seq_bjab_2021	p-p65	45	745	0.15929594273281153	0.16802171271371813	protein_plus_residual
SCP682-SC12-protein-residual	train_reconstruction	all	RPS6_pSitePending	0	20000	-0.011582091306745203	0.010893053641598928	protein_only
SCP682-SC12-protein-residual	train_reconstruction	all	STAT3_Y705	1	18721	0.044963255589732395	0.028185998851810133	protein_only
SCP682-SC12-protein-residual	train_reconstruction	all	MAPK14_pSitePending	2	20000	-0.006630705535354822	-0.008689700517264639	protein_only
SCP682-SC12-protein-residual	train_reconstruction	all	AKT_pSitePending	3	1279	0.11311197496868637	0.11502495848738238	protein_only
SCP682-SC12-protein-residual	train_reconstruction	all	BTK_pSitePending	4	1279	0.014658234035565041	0.01994626179232912	protein_only
SCP682-SC12-protein-residual	train_reconstruction	all	CREB1_S133_ATF1_S63	5	18721	0.014085662315008712	-0.00806648044365218	protein_only
SCP682-SC12-protein-residual	train_reconstruction	all	HM0025_phospho_p44_42_197G2	7	18721	-0.00014311518187344775	0.012847867666057583	protein_only
SCP682-SC12-protein-residual	train_reconstruction	all	JUN_pSitePending	8	18721	0.039700594519755314	0.020949790610546023	protein_only
SCP682-SC12-protein-residual	train_reconstruction	all	LAT_Y226	9	18721	0.05692499440483705	0.007724904893719037	protein_only
SCP682-SC12-protein-residual	train_reconstruction	all	LCP2_S376	10	18721	0.013009271166569102	0.008804831364545507	protein_only
SCP682-SC12-protein-residual	train_reconstruction	all	MAP2K1_S298	11	18721	0.06737154957399727	0.011507130323409871	protein_only
SCP682-SC12-protein-residual	train_reconstruction	all	MAPK14_pSitePending_D3F9	12	18721	0.06472927025810103	0.039554248596956776	protein_only
SCP682-SC12-protein-residual	train_reconstruction	all	MAPK1_MAPK3_pSitePending	14	1279	0.0027844805327539852	-0.0063002719315787895	protein_only
SCP682-SC12-protein-residual	train_reconstruction	all	PLCG2_Y759	15	1279	0.09955637287996494	0.06418700296568423	protein_only
SCP682-SC12-protein-residual	train_reconstruction	all	PLCG2_pSitePending	16	1279	0.00703573743296965	0.020769532174543668	protein_only
SCP682-SC12-protein-residual	train_reconstruction	all	RELA_pSitePending_93H1	18	18721	0.08689580513214255	0.06653191843605963	protein_only
SCP682-SC12-protein-residual	train_reconstruction	all	STAT5A_STAT5B_Y694_Y699	21	18721	0.11452845317291192	0.01110158348366511	protein_only
SCP682-SC12-protein-residual	train_reconstruction	all	SYK_pSitePending	22	1279	0.03585262875483298	-0.011277611593690999	protein_only
SCP682-SC12-protein-residual	train_reconstruction	all	p-AMPK-a1/2	23	1279	0.02997526669646761	0.039219340091944936	protein_only
SCP682-SC12-protein-residual	train_reconstruction	all	p-AMPK-b1	24	1279	0.029231672208787012	0.03180778973958466	protein_only
SCP682-SC12-protein-residual	train_reconstruction	all	p-BLNK	25	1279	-0.0026253485423522543	-0.002179693822287691	protein_only
SCP682-SC12-protein-residual	train_reconstruction	all	p-CD79a	26	1279	0.02471177822288127	0.0040012506212931	protein_only
SCP682-SC12-protein-residual	train_reconstruction	all	p-CDK1	27	1279	0.12022292202216518	0.1454923610728453	protein_only
SCP682-SC12-protein-residual	train_reconstruction	all	p-CDK4	28	1279	-0.0410237221253094	-0.03159345219577916	protein_only
SCP682-SC12-protein-residual	train_reconstruction	all	p-HistonH2A.X	30	1279	0.10282944175988235	0.14561697708466842	protein_only
SCP682-SC12-protein-residual	train_reconstruction	all	p-HistonH3	31	1279	-0.004364029670849947	0.009304258247298771	protein_only
SCP682-SC12-protein-residual	train_reconstruction	all	p-IKKa/b	32	1279	-0.0171234404482641	0.010334255064957661	protein_only
SCP682-SC12-protein-residual	train_reconstruction	all	p-IRAK4	33	1279	0.0707932198077229	0.05853767182117293	protein_only
SCP682-SC12-protein-residual	train_reconstruction	all	p-JAK1	34	1279	0.04564454436914114	0.021535142227645694	protein_only
SCP682-SC12-protein-residual	train_reconstruction	all	p-JNK	35	1279	-0.028050811519469858	-0.006525328177051809	protein_only
SCP682-SC12-protein-residual	train_reconstruction	all	p-PKC-b1	36	1279	0.03519098056988114	0.026903593217404598	protein_only
SCP682-SC12-protein-residual	train_reconstruction	all	p-Rb	37	1279	-0.004210987067204982	0.022126704828645836	protein_only
SCP682-SC12-protein-residual	train_reconstruction	all	p-STAT5	40	1279	0.0527192031484563	0.044237157282690204	protein_only
SCP682-SC12-protein-residual	train_reconstruction	all	p-STAT6	41	1279	0.02382005771103528	0.04637361205450972	protein_only
SCP682-SC12-protein-residual	train_reconstruction	all	p-Src	42	1279	0.008835723509247002	-0.010029069866275274	protein_only
SCP682-SC12-protein-residual	train_reconstruction	all	p-TOR	43	1279	0.004398186267077108	0.0056287520721464545	protein_only
SCP682-SC12-protein-residual	train_reconstruction	all	p-c-Jun	44	1279	-0.0016834822361245047	-0.03482879817067951	protein_only
SCP682-SC12-protein-residual	train_reconstruction	all	p-p65	45	1279	0.008978821060685151	-0.01526453956540234	protein_only
SCP682-SC12-protein-residual	train_reconstruction	iccite_seq_tcell_2025	RPS6_pSitePending	0	18721	-0.01429567132606253	0.0035306507322089313	protein_only
SCP682-SC12-protein-residual	train_reconstruction	iccite_seq_tcell_2025	STAT3_Y705	1	18721	0.044963255589732395	0.028185998851810133	protein_only
SCP682-SC12-protein-residual	train_reconstruction	iccite_seq_tcell_2025	MAPK14_pSitePending	2	18721	-0.0041274499195746725	-0.009073279341191495	protein_only
SCP682-SC12-protein-residual	train_reconstruction	iccite_seq_tcell_2025	CREB1_S133_ATF1_S63	5	18721	0.014085662315008712	-0.00806648044365218	protein_only
SCP682-SC12-protein-residual	train_reconstruction	iccite_seq_tcell_2025	HM0025_phospho_p44_42_197G2	7	18721	-0.00014311518187344775	0.012847867666057583	protein_only
SCP682-SC12-protein-residual	train_reconstruction	iccite_seq_tcell_2025	JUN_pSitePending	8	18721	0.039700594519755314	0.020949790610546023	protein_only
SCP682-SC12-protein-residual	train_reconstruction	iccite_seq_tcell_2025	LAT_Y226	9	18721	0.05692499440483705	0.007724904893719037	protein_only
SCP682-SC12-protein-residual	train_reconstruction	iccite_seq_tcell_2025	LCP2_S376	10	18721	0.013009271166569102	0.008804831364545507	protein_only
SCP682-SC12-protein-residual	train_reconstruction	iccite_seq_tcell_2025	MAP2K1_S298	11	18721	0.06737154957399727	0.011507130323409871	protein_only
SCP682-SC12-protein-residual	train_reconstruction	iccite_seq_tcell_2025	MAPK14_pSitePending_D3F9	12	18721	0.06472927025810103	0.039554248596956776	protein_only
SCP682-SC12-protein-residual	train_reconstruction	iccite_seq_tcell_2025	RELA_pSitePending_93H1	18	18721	0.08689580513214255	0.06653191843605963	protein_only
SCP682-SC12-protein-residual	train_reconstruction	iccite_seq_tcell_2025	STAT5A_STAT5B_Y694_Y699	21	18721	0.11452845317291192	0.01110158348366511	protein_only
SCP682-SC12-protein-residual	train_reconstruction	qurie_seq_bjab_2021	RPS6_pSitePending	0	1279	0.20861187829255662	0.1556832587076709	protein_only
SCP682-SC12-protein-residual	train_reconstruction	qurie_seq_bjab_2021	MAPK14_pSitePending	2	1279	0.04033840417970626	0.015943356259068495	protein_only
SCP682-SC12-protein-residual	train_reconstruction	qurie_seq_bjab_2021	AKT_pSitePending	3	1279	0.11311197496868637	0.11502495848738238	protein_only
SCP682-SC12-protein-residual	train_reconstruction	qurie_seq_bjab_2021	BTK_pSitePending	4	1279	0.014658234035565041	0.01994626179232912	protein_only
SCP682-SC12-protein-residual	train_reconstruction	qurie_seq_bjab_2021	MAPK1_MAPK3_pSitePending	14	1279	0.0027844805327539852	-0.0063002719315787895	protein_only
SCP682-SC12-protein-residual	train_reconstruction	qurie_seq_bjab_2021	PLCG2_Y759	15	1279	0.09955637287996494	0.06418700296568423	protein_only
SCP682-SC12-protein-residual	train_reconstruction	qurie_seq_bjab_2021	PLCG2_pSitePending	16	1279	0.00703573743296965	0.020769532174543668	protein_only
SCP682-SC12-protein-residual	train_reconstruction	qurie_seq_bjab_2021	SYK_pSitePending	22	1279	0.03585262875483298	-0.011277611593690999	protein_only
SCP682-SC12-protein-residual	train_reconstruction	qurie_seq_bjab_2021	p-AMPK-a1/2	23	1279	0.02997526669646761	0.039219340091944936	protein_only
SCP682-SC12-protein-residual	train_reconstruction	qurie_seq_bjab_2021	p-AMPK-b1	24	1279	0.029231672208787012	0.03180778973958466	protein_only
SCP682-SC12-protein-residual	train_reconstruction	qurie_seq_bjab_2021	p-BLNK	25	1279	-0.0026253485423522543	-0.002179693822287691	protein_only
SCP682-SC12-protein-residual	train_reconstruction	qurie_seq_bjab_2021	p-CD79a	26	1279	0.02471177822288127	0.0040012506212931	protein_only
SCP682-SC12-protein-residual	train_reconstruction	qurie_seq_bjab_2021	p-CDK1	27	1279	0.12022292202216518	0.1454923610728453	protein_only
SCP682-SC12-protein-residual	train_reconstruction	qurie_seq_bjab_2021	p-CDK4	28	1279	-0.0410237221253094	-0.03159345219577916	protein_only
SCP682-SC12-protein-residual	train_reconstruction	qurie_seq_bjab_2021	p-HistonH2A.X	30	1279	0.10282944175988235	0.14561697708466842	protein_only
SCP682-SC12-protein-residual	train_reconstruction	qurie_seq_bjab_2021	p-HistonH3	31	1279	-0.004364029670849947	0.009304258247298771	protein_only
SCP682-SC12-protein-residual	train_reconstruction	qurie_seq_bjab_2021	p-IKKa/b	32	1279	-0.0171234404482641	0.010334255064957661	protein_only
SCP682-SC12-protein-residual	train_reconstruction	qurie_seq_bjab_2021	p-IRAK4	33	1279	0.0707932198077229	0.05853767182117293	protein_only
SCP682-SC12-protein-residual	train_reconstruction	qurie_seq_bjab_2021	p-JAK1	34	1279	0.04564454436914114	0.021535142227645694	protein_only
SCP682-SC12-protein-residual	train_reconstruction	qurie_seq_bjab_2021	p-JNK	35	1279	-0.028050811519469858	-0.006525328177051809	protein_only
SCP682-SC12-protein-residual	train_reconstruction	qurie_seq_bjab_2021	p-PKC-b1	36	1279	0.03519098056988114	0.026903593217404598	protein_only
SCP682-SC12-protein-residual	train_reconstruction	qurie_seq_bjab_2021	p-Rb	37	1279	-0.004210987067204982	0.022126704828645836	protein_only
SCP682-SC12-protein-residual	train_reconstruction	qurie_seq_bjab_2021	p-STAT5	40	1279	0.0527192031484563	0.044237157282690204	protein_only
SCP682-SC12-protein-residual	train_reconstruction	qurie_seq_bjab_2021	p-STAT6	41	1279	0.02382005771103528	0.04637361205450972	protein_only
SCP682-SC12-protein-residual	train_reconstruction	qurie_seq_bjab_2021	p-Src	42	1279	0.008835723509247002	-0.010029069866275274	protein_only
SCP682-SC12-protein-residual	train_reconstruction	qurie_seq_bjab_2021	p-TOR	43	1279	0.004398186267077108	0.0056287520721464545	protein_only
SCP682-SC12-protein-residual	train_reconstruction	qurie_seq_bjab_2021	p-c-Jun	44	1279	-0.0016834822361245047	-0.03482879817067951	protein_only
SCP682-SC12-protein-residual	train_reconstruction	qurie_seq_bjab_2021	p-p65	45	1279	0.008978821060685151	-0.01526453956540234	protein_only
SCP682-SC12-protein-residual	train_reconstruction	all	RPS6_pSitePending	0	20000	0.5194240425007993	0.5657602453855934	phospho_residual_only
SCP682-SC12-protein-residual	train_reconstruction	all	STAT3_Y705	1	18721	0.29142599122764473	0.19272057613136984	phospho_residual_only
SCP682-SC12-protein-residual	train_reconstruction	all	MAPK14_pSitePending	2	20000	0.3861439898990165	0.11718539648283546	phospho_residual_only
SCP682-SC12-protein-residual	train_reconstruction	all	AKT_pSitePending	3	1279	0.3406094459920011	0.3519162171956676	phospho_residual_only
SCP682-SC12-protein-residual	train_reconstruction	all	BTK_pSitePending	4	1279	0.1749199400672754	0.22142593894894358	phospho_residual_only
SCP682-SC12-protein-residual	train_reconstruction	all	CREB1_S133_ATF1_S63	5	18721	0.32873902224334695	0.06378517651839612	phospho_residual_only
SCP682-SC12-protein-residual	train_reconstruction	all	HM0025_phospho_p44_42_197G2	7	18721	0.2645866580030808	0.226478796627541	phospho_residual_only
SCP682-SC12-protein-residual	train_reconstruction	all	JUN_pSitePending	8	18721	0.2503426948152066	0.16678707785285582	phospho_residual_only
SCP682-SC12-protein-residual	train_reconstruction	all	LAT_Y226	9	18721	0.3478998659575565	0.05548867452295616	phospho_residual_only
SCP682-SC12-protein-residual	train_reconstruction	all	LCP2_S376	10	18721	0.46113066956339527	0.4583765090117838	phospho_residual_only
SCP682-SC12-protein-residual	train_reconstruction	all	MAP2K1_S298	11	18721	0.33137424018407285	0.11375409742773834	phospho_residual_only
SCP682-SC12-protein-residual	train_reconstruction	all	MAPK14_pSitePending_D3F9	12	18721	0.346886371105513	0.24671643643790558	phospho_residual_only
SCP682-SC12-protein-residual	train_reconstruction	all	MAPK1_MAPK3_pSitePending	14	1279	0.16707578597500192	0.1966625094217052	phospho_residual_only
SCP682-SC12-protein-residual	train_reconstruction	all	PLCG2_Y759	15	1279	0.18097570380532213	0.20852666474629972	phospho_residual_only
SCP682-SC12-protein-residual	train_reconstruction	all	PLCG2_pSitePending	16	1279	0.2520343368699212	0.2822287213246383	phospho_residual_only
SCP682-SC12-protein-residual	train_reconstruction	all	RELA_pSitePending_93H1	18	18721	0.20765796071469855	0.18425965471343964	phospho_residual_only
SCP682-SC12-protein-residual	train_reconstruction	all	STAT5A_STAT5B_Y694_Y699	21	18721	0.4348954439563487	0.10646924320065855	phospho_residual_only
SCP682-SC12-protein-residual	train_reconstruction	all	SYK_pSitePending	22	1279	0.17340486059378923	0.1847995193472869	phospho_residual_only
SCP682-SC12-protein-residual	train_reconstruction	all	p-AMPK-a1/2	23	1279	0.31484717194403045	0.3448462978744003	phospho_residual_only
SCP682-SC12-protein-residual	train_reconstruction	all	p-AMPK-b1	24	1279	0.20108497385650942	0.2513029124460514	phospho_residual_only
SCP682-SC12-protein-residual	train_reconstruction	all	p-BLNK	25	1279	0.08015343457102377	0.10111798407158695	phospho_residual_only
SCP682-SC12-protein-residual	train_reconstruction	all	p-CD79a	26	1279	0.07130125519286896	0.07197251175783748	phospho_residual_only
SCP682-SC12-protein-residual	train_reconstruction	all	p-CDK1	27	1279	0.35443644735952035	0.38711811294079146	phospho_residual_only
SCP682-SC12-protein-residual	train_reconstruction	all	p-CDK4	28	1279	0.15877696058975108	0.1781633667382912	phospho_residual_only
SCP682-SC12-protein-residual	train_reconstruction	all	p-HistonH2A.X	30	1279	0.17040898218452602	0.11703922341446002	phospho_residual_only
SCP682-SC12-protein-residual	train_reconstruction	all	p-HistonH3	31	1279	0.09914256709765687	0.13010583665299003	phospho_residual_only
SCP682-SC12-protein-residual	train_reconstruction	all	p-IKKa/b	32	1279	0.13729887453360348	0.1628809884878299	phospho_residual_only
SCP682-SC12-protein-residual	train_reconstruction	all	p-IRAK4	33	1279	0.17974376242868256	0.20361966900036815	phospho_residual_only
SCP682-SC12-protein-residual	train_reconstruction	all	p-JAK1	34	1279	0.1585764737784433	0.18429330494274393	phospho_residual_only
SCP682-SC12-protein-residual	train_reconstruction	all	p-JNK	35	1279	0.18470724708057087	0.242064594974848	phospho_residual_only
SCP682-SC12-protein-residual	train_reconstruction	all	p-PKC-b1	36	1279	0.10224222558707158	0.13382891369179584	phospho_residual_only
SCP682-SC12-protein-residual	train_reconstruction	all	p-Rb	37	1279	0.2663433144530061	0.29711861546789403	phospho_residual_only
SCP682-SC12-protein-residual	train_reconstruction	all	p-STAT5	40	1279	0.17552607855142519	0.20373781975081853	phospho_residual_only
SCP682-SC12-protein-residual	train_reconstruction	all	p-STAT6	41	1279	0.15938689944393594	0.18616393074042797	phospho_residual_only
SCP682-SC12-protein-residual	train_reconstruction	all	p-Src	42	1279	0.22649564237998	0.2413045305077857	phospho_residual_only
SCP682-SC12-protein-residual	train_reconstruction	all	p-TOR	43	1279	0.17385211091559508	0.1879742123333576	phospho_residual_only
SCP682-SC12-protein-residual	train_reconstruction	all	p-c-Jun	44	1279	0.08414999470136009	0.07720512861268897	phospho_residual_only
SCP682-SC12-protein-residual	train_reconstruction	all	p-p65	45	1279	0.24055671369632545	0.2993958226258363	phospho_residual_only
SCP682-SC12-protein-residual	train_reconstruction	iccite_seq_tcell_2025	RPS6_pSitePending	0	18721	0.44451262612891	0.4649603003223099	phospho_residual_only
SCP682-SC12-protein-residual	train_reconstruction	iccite_seq_tcell_2025	STAT3_Y705	1	18721	0.29142599122764473	0.19272057613136984	phospho_residual_only
SCP682-SC12-protein-residual	train_reconstruction	iccite_seq_tcell_2025	MAPK14_pSitePending	2	18721	0.2974341610574614	0.08354909628258286	phospho_residual_only
SCP682-SC12-protein-residual	train_reconstruction	iccite_seq_tcell_2025	CREB1_S133_ATF1_S63	5	18721	0.32873902224334695	0.06378517651839612	phospho_residual_only
SCP682-SC12-protein-residual	train_reconstruction	iccite_seq_tcell_2025	HM0025_phospho_p44_42_197G2	7	18721	0.2645866580030808	0.226478796627541	phospho_residual_only
SCP682-SC12-protein-residual	train_reconstruction	iccite_seq_tcell_2025	JUN_pSitePending	8	18721	0.2503426948152066	0.16678707785285582	phospho_residual_only
SCP682-SC12-protein-residual	train_reconstruction	iccite_seq_tcell_2025	LAT_Y226	9	18721	0.3478998659575565	0.05548867452295616	phospho_residual_only
SCP682-SC12-protein-residual	train_reconstruction	iccite_seq_tcell_2025	LCP2_S376	10	18721	0.46113066956339527	0.4583765090117838	phospho_residual_only
SCP682-SC12-protein-residual	train_reconstruction	iccite_seq_tcell_2025	MAP2K1_S298	11	18721	0.33137424018407285	0.11375409742773834	phospho_residual_only
SCP682-SC12-protein-residual	train_reconstruction	iccite_seq_tcell_2025	MAPK14_pSitePending_D3F9	12	18721	0.346886371105513	0.24671643643790558	phospho_residual_only
SCP682-SC12-protein-residual	train_reconstruction	iccite_seq_tcell_2025	RELA_pSitePending_93H1	18	18721	0.20765796071469855	0.18425965471343964	phospho_residual_only
SCP682-SC12-protein-residual	train_reconstruction	iccite_seq_tcell_2025	STAT5A_STAT5B_Y694_Y699	21	18721	0.4348954439563487	0.10646924320065855	phospho_residual_only
SCP682-SC12-protein-residual	train_reconstruction	qurie_seq_bjab_2021	RPS6_pSitePending	0	1279	0.3120323439732239	0.2658208337149844	phospho_residual_only
SCP682-SC12-protein-residual	train_reconstruction	qurie_seq_bjab_2021	MAPK14_pSitePending	2	1279	0.24679000316518213	0.25099046125968455	phospho_residual_only
SCP682-SC12-protein-residual	train_reconstruction	qurie_seq_bjab_2021	AKT_pSitePending	3	1279	0.3406094459920011	0.3519162171956676	phospho_residual_only
SCP682-SC12-protein-residual	train_reconstruction	qurie_seq_bjab_2021	BTK_pSitePending	4	1279	0.1749199400672754	0.22142593894894358	phospho_residual_only
SCP682-SC12-protein-residual	train_reconstruction	qurie_seq_bjab_2021	MAPK1_MAPK3_pSitePending	14	1279	0.16707578597500192	0.1966625094217052	phospho_residual_only
SCP682-SC12-protein-residual	train_reconstruction	qurie_seq_bjab_2021	PLCG2_Y759	15	1279	0.18097570380532213	0.20852666474629972	phospho_residual_only
SCP682-SC12-protein-residual	train_reconstruction	qurie_seq_bjab_2021	PLCG2_pSitePending	16	1279	0.2520343368699212	0.2822287213246383	phospho_residual_only
SCP682-SC12-protein-residual	train_reconstruction	qurie_seq_bjab_2021	SYK_pSitePending	22	1279	0.17340486059378923	0.1847995193472869	phospho_residual_only
SCP682-SC12-protein-residual	train_reconstruction	qurie_seq_bjab_2021	p-AMPK-a1/2	23	1279	0.31484717194403045	0.3448462978744003	phospho_residual_only
SCP682-SC12-protein-residual	train_reconstruction	qurie_seq_bjab_2021	p-AMPK-b1	24	1279	0.20108497385650942	0.2513029124460514	phospho_residual_only
SCP682-SC12-protein-residual	train_reconstruction	qurie_seq_bjab_2021	p-BLNK	25	1279	0.08015343457102377	0.10111798407158695	phospho_residual_only
SCP682-SC12-protein-residual	train_reconstruction	qurie_seq_bjab_2021	p-CD79a	26	1279	0.07130125519286896	0.07197251175783748	phospho_residual_only
SCP682-SC12-protein-residual	train_reconstruction	qurie_seq_bjab_2021	p-CDK1	27	1279	0.35443644735952035	0.38711811294079146	phospho_residual_only
SCP682-SC12-protein-residual	train_reconstruction	qurie_seq_bjab_2021	p-CDK4	28	1279	0.15877696058975108	0.1781633667382912	phospho_residual_only
SCP682-SC12-protein-residual	train_reconstruction	qurie_seq_bjab_2021	p-HistonH2A.X	30	1279	0.17040898218452602	0.11703922341446002	phospho_residual_only
SCP682-SC12-protein-residual	train_reconstruction	qurie_seq_bjab_2021	p-HistonH3	31	1279	0.09914256709765687	0.13010583665299003	phospho_residual_only
SCP682-SC12-protein-residual	train_reconstruction	qurie_seq_bjab_2021	p-IKKa/b	32	1279	0.13729887453360348	0.1628809884878299	phospho_residual_only
SCP682-SC12-protein-residual	train_reconstruction	qurie_seq_bjab_2021	p-IRAK4	33	1279	0.17974376242868256	0.20361966900036815	phospho_residual_only
SCP682-SC12-protein-residual	train_reconstruction	qurie_seq_bjab_2021	p-JAK1	34	1279	0.1585764737784433	0.18429330494274393	phospho_residual_only
SCP682-SC12-protein-residual	train_reconstruction	qurie_seq_bjab_2021	p-JNK	35	1279	0.18470724708057087	0.242064594974848	phospho_residual_only
SCP682-SC12-protein-residual	train_reconstruction	qurie_seq_bjab_2021	p-PKC-b1	36	1279	0.10224222558707158	0.13382891369179584	phospho_residual_only
SCP682-SC12-protein-residual	train_reconstruction	qurie_seq_bjab_2021	p-Rb	37	1279	0.2663433144530061	0.29711861546789403	phospho_residual_only
SCP682-SC12-protein-residual	train_reconstruction	qurie_seq_bjab_2021	p-STAT5	40	1279	0.17552607855142519	0.20373781975081853	phospho_residual_only
SCP682-SC12-protein-residual	train_reconstruction	qurie_seq_bjab_2021	p-STAT6	41	1279	0.15938689944393594	0.18616393074042797	phospho_residual_only
SCP682-SC12-protein-residual	train_reconstruction	qurie_seq_bjab_2021	p-Src	42	1279	0.22649564237998	0.2413045305077857	phospho_residual_only
SCP682-SC12-protein-residual	train_reconstruction	qurie_seq_bjab_2021	p-TOR	43	1279	0.17385211091559508	0.1879742123333576	phospho_residual_only
SCP682-SC12-protein-residual	train_reconstruction	qurie_seq_bjab_2021	p-c-Jun	44	1279	0.08414999470136009	0.07720512861268897	phospho_residual_only
SCP682-SC12-protein-residual	train_reconstruction	qurie_seq_bjab_2021	p-p65	45	1279	0.24055671369632545	0.2993958226258363	phospho_residual_only
SCP682-SC12-protein-residual	train_reconstruction	all	RPS6_pSitePending	0	20000	0.5187765294967936	0.5655727585079671	protein_plus_residual
SCP682-SC12-protein-residual	train_reconstruction	all	STAT3_Y705	1	18721	0.29275757980425915	0.19396946656709393	protein_plus_residual
SCP682-SC12-protein-residual	train_reconstruction	all	MAPK14_pSitePending	2	20000	0.3860745689118246	0.11709131182450228	protein_plus_residual
SCP682-SC12-protein-residual	train_reconstruction	all	AKT_pSitePending	3	1279	0.3461015496022584	0.3589216791126808	protein_plus_residual
SCP682-SC12-protein-residual	train_reconstruction	all	BTK_pSitePending	4	1279	0.17822633420793038	0.2251887059808427	protein_plus_residual
SCP682-SC12-protein-residual	train_reconstruction	all	CREB1_S133_ATF1_S63	5	18721	0.3287841348938247	0.06348225608079126	protein_plus_residual
SCP682-SC12-protein-residual	train_reconstruction	all	HM0025_phospho_p44_42_197G2	7	18721	0.26494662752455556	0.22692386305496048	protein_plus_residual
SCP682-SC12-protein-residual	train_reconstruction	all	JUN_pSitePending	8	18721	0.251140283265625	0.16756122639210796	protein_plus_residual
SCP682-SC12-protein-residual	train_reconstruction	all	LAT_Y226	9	18721	0.34701559972275786	0.055516830703660695	protein_plus_residual
SCP682-SC12-protein-residual	train_reconstruction	all	LCP2_S376	10	18721	0.4620572884625026	0.45912456637873633	protein_plus_residual
SCP682-SC12-protein-residual	train_reconstruction	all	MAP2K1_S298	11	18721	0.3310947398235573	0.1137187557295896	protein_plus_residual
SCP682-SC12-protein-residual	train_reconstruction	all	MAPK14_pSitePending_D3F9	12	18721	0.34778668076190533	0.2489249186903319	protein_plus_residual
SCP682-SC12-protein-residual	train_reconstruction	all	MAPK1_MAPK3_pSitePending	14	1279	0.16700166914022085	0.1967015736823887	protein_plus_residual
SCP682-SC12-protein-residual	train_reconstruction	all	PLCG2_Y759	15	1279	0.20366306292790365	0.2202956208810622	protein_plus_residual
SCP682-SC12-protein-residual	train_reconstruction	all	PLCG2_pSitePending	16	1279	0.2515075985565588	0.2841904019020548	protein_plus_residual
SCP682-SC12-protein-residual	train_reconstruction	all	RELA_pSitePending_93H1	18	18721	0.2124382907996532	0.18894836272154025	protein_plus_residual
SCP682-SC12-protein-residual	train_reconstruction	all	STAT5A_STAT5B_Y694_Y699	21	18721	0.43205533251151657	0.10516087215113867	protein_plus_residual
SCP682-SC12-protein-residual	train_reconstruction	all	SYK_pSitePending	22	1279	0.17300500749168662	0.178954374618234	protein_plus_residual
SCP682-SC12-protein-residual	train_reconstruction	all	p-AMPK-a1/2	23	1279	0.3170271356714256	0.34654491411278043	protein_plus_residual
SCP682-SC12-protein-residual	train_reconstruction	all	p-AMPK-b1	24	1279	0.20277634708551492	0.25212789424990123	protein_plus_residual
SCP682-SC12-protein-residual	train_reconstruction	all	p-BLNK	25	1279	0.07413160033214947	0.09880579958045473	protein_plus_residual
SCP682-SC12-protein-residual	train_reconstruction	all	p-CD79a	26	1279	0.0736976671318393	0.0724883072752027	protein_plus_residual
SCP682-SC12-protein-residual	train_reconstruction	all	p-CDK1	27	1279	0.3496800939358955	0.39057293824386186	protein_plus_residual
SCP682-SC12-protein-residual	train_reconstruction	all	p-CDK4	28	1279	0.15735925653528055	0.17500968068218234	protein_plus_residual
SCP682-SC12-protein-residual	train_reconstruction	all	p-HistonH2A.X	30	1279	0.2006854320494897	0.18144244636303863	protein_plus_residual
SCP682-SC12-protein-residual	train_reconstruction	all	p-HistonH3	31	1279	0.09932260591125401	0.13008425682210845	protein_plus_residual
SCP682-SC12-protein-residual	train_reconstruction	all	p-IKKa/b	32	1279	0.13667826748050124	0.16322207177863057	protein_plus_residual
SCP682-SC12-protein-residual	train_reconstruction	all	p-IRAK4	33	1279	0.18610774112741776	0.21093256193383902	protein_plus_residual
SCP682-SC12-protein-residual	train_reconstruction	all	p-JAK1	34	1279	0.16667825549643228	0.18419149326572365	protein_plus_residual
SCP682-SC12-protein-residual	train_reconstruction	all	p-JNK	35	1279	0.18409819629175644	0.24234680598319927	protein_plus_residual
SCP682-SC12-protein-residual	train_reconstruction	all	p-PKC-b1	36	1279	0.10824143637273745	0.1389513085110032	protein_plus_residual
SCP682-SC12-protein-residual	train_reconstruction	all	p-Rb	37	1279	0.2655713377951754	0.2964869879869068	protein_plus_residual
SCP682-SC12-protein-residual	train_reconstruction	all	p-STAT5	40	1279	0.1765728625515247	0.20008449139681517	protein_plus_residual
SCP682-SC12-protein-residual	train_reconstruction	all	p-STAT6	41	1279	0.1622551118237682	0.18840783646716946	protein_plus_residual
SCP682-SC12-protein-residual	train_reconstruction	all	p-Src	42	1279	0.22773212444549132	0.2414834790384344	protein_plus_residual
SCP682-SC12-protein-residual	train_reconstruction	all	p-TOR	43	1279	0.17313718635882802	0.18778313759763987	protein_plus_residual
SCP682-SC12-protein-residual	train_reconstruction	all	p-c-Jun	44	1279	0.08417740128535783	0.07659989546159895	protein_plus_residual
SCP682-SC12-protein-residual	train_reconstruction	all	p-p65	45	1279	0.24304396602670156	0.3002525645200289	protein_plus_residual
SCP682-SC12-protein-residual	train_reconstruction	iccite_seq_tcell_2025	RPS6_pSitePending	0	18721	0.4437003359655027	0.464460879921354	protein_plus_residual
SCP682-SC12-protein-residual	train_reconstruction	iccite_seq_tcell_2025	STAT3_Y705	1	18721	0.29275757980425915	0.19396946656709393	protein_plus_residual
SCP682-SC12-protein-residual	train_reconstruction	iccite_seq_tcell_2025	MAPK14_pSitePending	2	18721	0.29735469455883434	0.08343522685058434	protein_plus_residual
SCP682-SC12-protein-residual	train_reconstruction	iccite_seq_tcell_2025	CREB1_S133_ATF1_S63	5	18721	0.3287841348938247	0.06348225608079126	protein_plus_residual
SCP682-SC12-protein-residual	train_reconstruction	iccite_seq_tcell_2025	HM0025_phospho_p44_42_197G2	7	18721	0.26494662752455556	0.22692386305496048	protein_plus_residual
SCP682-SC12-protein-residual	train_reconstruction	iccite_seq_tcell_2025	JUN_pSitePending	8	18721	0.251140283265625	0.16756122639210796	protein_plus_residual
SCP682-SC12-protein-residual	train_reconstruction	iccite_seq_tcell_2025	LAT_Y226	9	18721	0.34701559972275786	0.055516830703660695	protein_plus_residual
SCP682-SC12-protein-residual	train_reconstruction	iccite_seq_tcell_2025	LCP2_S376	10	18721	0.4620572884625026	0.45912456637873633	protein_plus_residual
SCP682-SC12-protein-residual	train_reconstruction	iccite_seq_tcell_2025	MAP2K1_S298	11	18721	0.3310947398235573	0.1137187557295896	protein_plus_residual
SCP682-SC12-protein-residual	train_reconstruction	iccite_seq_tcell_2025	MAPK14_pSitePending_D3F9	12	18721	0.34778668076190533	0.2489249186903319	protein_plus_residual
SCP682-SC12-protein-residual	train_reconstruction	iccite_seq_tcell_2025	RELA_pSitePending_93H1	18	18721	0.2124382907996532	0.18894836272154025	protein_plus_residual
SCP682-SC12-protein-residual	train_reconstruction	iccite_seq_tcell_2025	STAT5A_STAT5B_Y694_Y699	21	18721	0.43205533251151657	0.10516087215113867	protein_plus_residual
SCP682-SC12-protein-residual	train_reconstruction	qurie_seq_bjab_2021	RPS6_pSitePending	0	1279	0.3325388173228661	0.27939345511755775	protein_plus_residual
SCP682-SC12-protein-residual	train_reconstruction	qurie_seq_bjab_2021	MAPK14_pSitePending	2	1279	0.24710139357297503	0.2509586702550202	protein_plus_residual
SCP682-SC12-protein-residual	train_reconstruction	qurie_seq_bjab_2021	AKT_pSitePending	3	1279	0.3461015496022584	0.3589216791126808	protein_plus_residual
SCP682-SC12-protein-residual	train_reconstruction	qurie_seq_bjab_2021	BTK_pSitePending	4	1279	0.17822633420793038	0.2251887059808427	protein_plus_residual
SCP682-SC12-protein-residual	train_reconstruction	qurie_seq_bjab_2021	MAPK1_MAPK3_pSitePending	14	1279	0.16700166914022085	0.1967015736823887	protein_plus_residual
SCP682-SC12-protein-residual	train_reconstruction	qurie_seq_bjab_2021	PLCG2_Y759	15	1279	0.20366306292790365	0.2202956208810622	protein_plus_residual
SCP682-SC12-protein-residual	train_reconstruction	qurie_seq_bjab_2021	PLCG2_pSitePending	16	1279	0.2515075985565588	0.2841904019020548	protein_plus_residual
SCP682-SC12-protein-residual	train_reconstruction	qurie_seq_bjab_2021	SYK_pSitePending	22	1279	0.17300500749168662	0.178954374618234	protein_plus_residual
SCP682-SC12-protein-residual	train_reconstruction	qurie_seq_bjab_2021	p-AMPK-a1/2	23	1279	0.3170271356714256	0.34654491411278043	protein_plus_residual
SCP682-SC12-protein-residual	train_reconstruction	qurie_seq_bjab_2021	p-AMPK-b1	24	1279	0.20277634708551492	0.25212789424990123	protein_plus_residual
SCP682-SC12-protein-residual	train_reconstruction	qurie_seq_bjab_2021	p-BLNK	25	1279	0.07413160033214947	0.09880579958045473	protein_plus_residual
SCP682-SC12-protein-residual	train_reconstruction	qurie_seq_bjab_2021	p-CD79a	26	1279	0.0736976671318393	0.0724883072752027	protein_plus_residual
SCP682-SC12-protein-residual	train_reconstruction	qurie_seq_bjab_2021	p-CDK1	27	1279	0.3496800939358955	0.39057293824386186	protein_plus_residual
SCP682-SC12-protein-residual	train_reconstruction	qurie_seq_bjab_2021	p-CDK4	28	1279	0.15735925653528055	0.17500968068218234	protein_plus_residual
SCP682-SC12-protein-residual	train_reconstruction	qurie_seq_bjab_2021	p-HistonH2A.X	30	1279	0.2006854320494897	0.18144244636303863	protein_plus_residual
SCP682-SC12-protein-residual	train_reconstruction	qurie_seq_bjab_2021	p-HistonH3	31	1279	0.09932260591125401	0.13008425682210845	protein_plus_residual
SCP682-SC12-protein-residual	train_reconstruction	qurie_seq_bjab_2021	p-IKKa/b	32	1279	0.13667826748050124	0.16322207177863057	protein_plus_residual
SCP682-SC12-protein-residual	train_reconstruction	qurie_seq_bjab_2021	p-IRAK4	33	1279	0.18610774112741776	0.21093256193383902	protein_plus_residual
SCP682-SC12-protein-residual	train_reconstruction	qurie_seq_bjab_2021	p-JAK1	34	1279	0.16667825549643228	0.18419149326572365	protein_plus_residual
SCP682-SC12-protein-residual	train_reconstruction	qurie_seq_bjab_2021	p-JNK	35	1279	0.18409819629175644	0.24234680598319927	protein_plus_residual
SCP682-SC12-protein-residual	train_reconstruction	qurie_seq_bjab_2021	p-PKC-b1	36	1279	0.10824143637273745	0.1389513085110032	protein_plus_residual
SCP682-SC12-protein-residual	train_reconstruction	qurie_seq_bjab_2021	p-Rb	37	1279	0.2655713377951754	0.2964869879869068	protein_plus_residual
SCP682-SC12-protein-residual	train_reconstruction	qurie_seq_bjab_2021	p-STAT5	40	1279	0.1765728625515247	0.20008449139681517	protein_plus_residual
SCP682-SC12-protein-residual	train_reconstruction	qurie_seq_bjab_2021	p-STAT6	41	1279	0.1622551118237682	0.18840783646716946	protein_plus_residual
SCP682-SC12-protein-residual	train_reconstruction	qurie_seq_bjab_2021	p-Src	42	1279	0.22773212444549132	0.2414834790384344	protein_plus_residual
SCP682-SC12-protein-residual	train_reconstruction	qurie_seq_bjab_2021	p-TOR	43	1279	0.17313718635882802	0.18778313759763987	protein_plus_residual
SCP682-SC12-protein-residual	train_reconstruction	qurie_seq_bjab_2021	p-c-Jun	44	1279	0.08417740128535783	0.07659989546159895	protein_plus_residual
SCP682-SC12-protein-residual	train_reconstruction	qurie_seq_bjab_2021	p-p65	45	1279	0.24304396602670156	0.3002525645200289	protein_plus_residual
SCP682-SC12-protein-residual	external_reconstruction	all	RPS6_pSitePending	0	88743	0.01816134764729623	-0.010817578469288656	protein_only
SCP682-SC12-protein-residual	external_reconstruction	all	STAT3_Y705	1	56284	0.016859544408302517	-0.01364399762373405	protein_only
SCP682-SC12-protein-residual	external_reconstruction	all	MAPK14_pSitePending	2	87269	0.10140990241004562	0.03187745131530318	protein_only
SCP682-SC12-protein-residual	external_reconstruction	all	AKT_pSitePending	3	32038	0.10727085154522184	0.10771855609001282	protein_only
SCP682-SC12-protein-residual	external_reconstruction	all	CREB1_S133_ATF1_S63	5	55231	-0.1263115704480978	-0.06669533679917576	protein_only
SCP682-SC12-protein-residual	external_reconstruction	all	FOS_S32	6	1177			protein_only
SCP682-SC12-protein-residual	external_reconstruction	all	JUN_pSitePending	8	55231	0.2060311645291308	0.14620685766971234	protein_only
SCP682-SC12-protein-residual	external_reconstruction	all	LAT_Y226	9	55231	0.12140933950237685	0.08898666220291343	protein_only
SCP682-SC12-protein-residual	external_reconstruction	all	LCP2_S376	10	55231	0.27891215223395455	0.24947953680944135	protein_only
SCP682-SC12-protein-residual	external_reconstruction	all	MAP2K1_S298	11	55231	-0.00040901896562830977	0.004690375964327543	protein_only
SCP682-SC12-protein-residual	external_reconstruction	all	MAPK14_pSitePending_D3F9	12	55231	0.3485684994782398	0.2599197920382973	protein_only
SCP682-SC12-protein-residual	external_reconstruction	all	MAPK1_MAPK3_T202_Y204	13	1177			protein_only
SCP682-SC12-protein-residual	external_reconstruction	all	RELA_S536	17	1053			protein_only
SCP682-SC12-protein-residual	external_reconstruction	all	RELA_pSitePending_93H1	18	55231	0.2941618838990667	0.21879206928408354	protein_only
SCP682-SC12-protein-residual	external_reconstruction	all	p-Rb	37	87269	-0.023184427136900634	-0.0068703981491396995	protein_only
SCP682-SC12-protein-residual	external_reconstruction	all	p-p65	45	32038	0.06106022912696793	0.07805773923478426	protein_only
SCP682-SC12-protein-residual	external_reconstruction	all	HISTONE_H3_S28	46	87269			protein_only
SCP682-SC12-protein-residual	external_reconstruction	all	NFE2L2_S40	47	55231			protein_only
SCP682-SC12-protein-residual	external_reconstruction	all	AKT_S473	48	55231			protein_only
SCP682-SC12-protein-residual	external_reconstruction	all	EIF4EBP1_T37_T46	49	87269			protein_only
SCP682-SC12-protein-residual	external_reconstruction	all	STAT6_Y641	50	55231			protein_only
SCP682-SC12-protein-residual	external_reconstruction	all	ZAP70_Y493	51	55231			protein_only
SCP682-SC12-protein-residual	external_reconstruction	all	LCK_Y505	52	55231			protein_only
SCP682-SC12-protein-residual	external_reconstruction	all	STAT5A_Y694	53	55231			protein_only
SCP682-SC12-protein-residual	external_reconstruction	all	PLCG1_Y783	54	55231			protein_only
SCP682-SC12-protein-residual	external_reconstruction	all	CTNND1_T310	55	32038			protein_only
SCP682-SC12-protein-residual	external_reconstruction	all	PDPK1_S241	56	32038			protein_only
SCP682-SC12-protein-residual	external_reconstruction	all	MAP2K4_S257	57	32038			protein_only
SCP682-SC12-protein-residual	external_reconstruction	all	BTK_Y551	58	32038			protein_only
SCP682-SC12-protein-residual	external_reconstruction	all	H2AFX_S139	59	32038			protein_only
SCP682-SC12-protein-residual	external_reconstruction	all	NDRG1_T346	60	32038			protein_only
SCP682-SC12-protein-residual	external_reconstruction	gse300551_iccite_plex_kinase_2025	RPS6_pSitePending	0	55231	-0.07096069544150858	-0.030640789594295965	protein_only
SCP682-SC12-protein-residual	external_reconstruction	gse300551_iccite_plex_kinase_2025	STAT3_Y705	1	55231	0.01598767305953303	-0.006996041316844807	protein_only
SCP682-SC12-protein-residual	external_reconstruction	gse300551_iccite_plex_kinase_2025	MAPK14_pSitePending	2	55231	0.12842886112294927	0.10419936963724416	protein_only
SCP682-SC12-protein-residual	external_reconstruction	gse300551_iccite_plex_kinase_2025	CREB1_S133_ATF1_S63	5	55231	-0.1263115704480978	-0.06669533679917576	protein_only
SCP682-SC12-protein-residual	external_reconstruction	gse300551_iccite_plex_kinase_2025	JUN_pSitePending	8	55231	0.2060311645291308	0.14620685766971234	protein_only
SCP682-SC12-protein-residual	external_reconstruction	gse300551_iccite_plex_kinase_2025	LAT_Y226	9	55231	0.12140933950237685	0.08898666220291343	protein_only
SCP682-SC12-protein-residual	external_reconstruction	gse300551_iccite_plex_kinase_2025	LCP2_S376	10	55231	0.27891215223395455	0.24947953680944135	protein_only
SCP682-SC12-protein-residual	external_reconstruction	gse300551_iccite_plex_kinase_2025	MAP2K1_S298	11	55231	-0.00040901896562830977	0.004690375964327543	protein_only
SCP682-SC12-protein-residual	external_reconstruction	gse300551_iccite_plex_kinase_2025	MAPK14_pSitePending_D3F9	12	55231	0.3485684994782398	0.2599197920382973	protein_only
SCP682-SC12-protein-residual	external_reconstruction	gse300551_iccite_plex_kinase_2025	RELA_pSitePending_93H1	18	55231	0.2941618838990667	0.21879206928408354	protein_only
SCP682-SC12-protein-residual	external_reconstruction	gse300551_iccite_plex_kinase_2025	p-Rb	37	55231	-0.20802881083682867	-0.1395190509499642	protein_only
SCP682-SC12-protein-residual	external_reconstruction	gse300551_iccite_plex_kinase_2025	HISTONE_H3_S28	46	55231			protein_only
SCP682-SC12-protein-residual	external_reconstruction	gse300551_iccite_plex_kinase_2025	NFE2L2_S40	47	55231			protein_only
SCP682-SC12-protein-residual	external_reconstruction	gse300551_iccite_plex_kinase_2025	AKT_S473	48	55231			protein_only
SCP682-SC12-protein-residual	external_reconstruction	gse300551_iccite_plex_kinase_2025	EIF4EBP1_T37_T46	49	55231			protein_only
SCP682-SC12-protein-residual	external_reconstruction	gse300551_iccite_plex_kinase_2025	STAT6_Y641	50	55231			protein_only
SCP682-SC12-protein-residual	external_reconstruction	gse300551_iccite_plex_kinase_2025	ZAP70_Y493	51	55231			protein_only
SCP682-SC12-protein-residual	external_reconstruction	gse300551_iccite_plex_kinase_2025	LCK_Y505	52	55231			protein_only
SCP682-SC12-protein-residual	external_reconstruction	gse300551_iccite_plex_kinase_2025	STAT5A_Y694	53	55231			protein_only
SCP682-SC12-protein-residual	external_reconstruction	gse300551_iccite_plex_kinase_2025	PLCG1_Y783	54	55231			protein_only
SCP682-SC12-protein-residual	external_reconstruction	phospho_seq_blair_2025_phospho_multi	RPS6_pSitePending	0	1474	-0.10122753197036238	-0.09702716118274582	protein_only
SCP682-SC12-protein-residual	external_reconstruction	signal_seq_gse256403_hela_2024	RPS6_pSitePending	0	1143			protein_only
SCP682-SC12-protein-residual	external_reconstruction	signal_seq_gse256403_hela_2024	MAPK14_pSitePending	2	1143			protein_only
SCP682-SC12-protein-residual	external_reconstruction	signal_seq_gse256403_hela_2024	AKT_pSitePending	3	1143	-0.46657127487261635	-0.451342227880388	protein_only
SCP682-SC12-protein-residual	external_reconstruction	signal_seq_gse256403_hela_2024	p-Rb	37	1143			protein_only
SCP682-SC12-protein-residual	external_reconstruction	signal_seq_gse256403_hela_2024	p-p65	45	1143			protein_only
SCP682-SC12-protein-residual	external_reconstruction	signal_seq_gse256403_hela_2024	HISTONE_H3_S28	46	1143			protein_only
SCP682-SC12-protein-residual	external_reconstruction	signal_seq_gse256403_hela_2024	EIF4EBP1_T37_T46	49	1143			protein_only
SCP682-SC12-protein-residual	external_reconstruction	signal_seq_gse256403_hela_2024	CTNND1_T310	55	1143			protein_only
SCP682-SC12-protein-residual	external_reconstruction	signal_seq_gse256403_hela_2024	PDPK1_S241	56	1143			protein_only
SCP682-SC12-protein-residual	external_reconstruction	signal_seq_gse256403_hela_2024	MAP2K4_S257	57	1143			protein_only
SCP682-SC12-protein-residual	external_reconstruction	signal_seq_gse256403_hela_2024	BTK_Y551	58	1143			protein_only
SCP682-SC12-protein-residual	external_reconstruction	signal_seq_gse256403_hela_2024	H2AFX_S139	59	1143			protein_only
SCP682-SC12-protein-residual	external_reconstruction	signal_seq_gse256403_hela_2024	NDRG1_T346	60	1143			protein_only
SCP682-SC12-protein-residual	external_reconstruction	signal_seq_gse256404_pdo_caf_2024	RPS6_pSitePending	0	30895	0.09496402645296705	-0.019693629082404154	protein_only
SCP682-SC12-protein-residual	external_reconstruction	signal_seq_gse256404_pdo_caf_2024	MAPK14_pSitePending	2	30895	0.100031845198845	0.10519808704196719	protein_only
SCP682-SC12-protein-residual	external_reconstruction	signal_seq_gse256404_pdo_caf_2024	AKT_pSitePending	3	30895	0.1253249369614262	0.14014038946411103	protein_only
SCP682-SC12-protein-residual	external_reconstruction	signal_seq_gse256404_pdo_caf_2024	p-Rb	37	30895	0.21918970214604303	0.2222203354315498	protein_only
SCP682-SC12-protein-residual	external_reconstruction	signal_seq_gse256404_pdo_caf_2024	p-p65	45	30895	0.05984842669325402	0.08143635292918627	protein_only
SCP682-SC12-protein-residual	external_reconstruction	signal_seq_gse256404_pdo_caf_2024	HISTONE_H3_S28	46	30895			protein_only
SCP682-SC12-protein-residual	external_reconstruction	signal_seq_gse256404_pdo_caf_2024	EIF4EBP1_T37_T46	49	30895			protein_only
SCP682-SC12-protein-residual	external_reconstruction	signal_seq_gse256404_pdo_caf_2024	CTNND1_T310	55	30895			protein_only
SCP682-SC12-protein-residual	external_reconstruction	signal_seq_gse256404_pdo_caf_2024	PDPK1_S241	56	30895			protein_only
SCP682-SC12-protein-residual	external_reconstruction	signal_seq_gse256404_pdo_caf_2024	MAP2K4_S257	57	30895			protein_only
SCP682-SC12-protein-residual	external_reconstruction	signal_seq_gse256404_pdo_caf_2024	BTK_Y551	58	30895			protein_only
SCP682-SC12-protein-residual	external_reconstruction	signal_seq_gse256404_pdo_caf_2024	H2AFX_S139	59	30895			protein_only
SCP682-SC12-protein-residual	external_reconstruction	signal_seq_gse256404_pdo_caf_2024	NDRG1_T346	60	30895			protein_only
SCP682-SC12-protein-residual	external_reconstruction	vivo_seq_th17_2025	STAT3_Y705	1	1053	-0.27743207311887125	-0.11447417953818928	protein_only
SCP682-SC12-protein-residual	external_reconstruction	vivo_seq_th17_2025	FOS_S32	6	1177			protein_only
SCP682-SC12-protein-residual	external_reconstruction	vivo_seq_th17_2025	MAPK1_MAPK3_T202_Y204	13	1177			protein_only
SCP682-SC12-protein-residual	external_reconstruction	vivo_seq_th17_2025	RELA_S536	17	1053			protein_only
SCP682-SC12-protein-residual	external_reconstruction	all	RPS6_pSitePending	0	88743	0.21871828333934662	0.14582462102847762	phospho_residual_only
SCP682-SC12-protein-residual	external_reconstruction	all	STAT3_Y705	1	56284	0.19816475535631806	0.06874443489043895	phospho_residual_only
SCP682-SC12-protein-residual	external_reconstruction	all	MAPK14_pSitePending	2	87269	0.11972567456464622	0.14940885656972785	phospho_residual_only
SCP682-SC12-protein-residual	external_reconstruction	all	AKT_pSitePending	3	32038	0.1415647226124105	0.14697118237103626	phospho_residual_only
SCP682-SC12-protein-residual	external_reconstruction	all	CREB1_S133_ATF1_S63	5	55231	0.3279590703927815	0.3648780637006643	phospho_residual_only
SCP682-SC12-protein-residual	external_reconstruction	all	FOS_S32	6	1177	0.08126796292889238	0.08009384531505122	phospho_residual_only
SCP682-SC12-protein-residual	external_reconstruction	all	JUN_pSitePending	8	55231	0.3919198893945989	0.42877195854140593	phospho_residual_only
SCP682-SC12-protein-residual	external_reconstruction	all	LAT_Y226	9	55231	0.30775769718417	0.3243055050086441	phospho_residual_only
SCP682-SC12-protein-residual	external_reconstruction	all	LCP2_S376	10	55231	0.4726364554614749	0.5064038808668067	phospho_residual_only
SCP682-SC12-protein-residual	external_reconstruction	all	MAP2K1_S298	11	55231	0.1860300794198964	0.24737017060058933	phospho_residual_only
SCP682-SC12-protein-residual	external_reconstruction	all	MAPK14_pSitePending_D3F9	12	55231	0.5549994852689902	0.5812750061461512	phospho_residual_only
SCP682-SC12-protein-residual	external_reconstruction	all	MAPK1_MAPK3_T202_Y204	13	1177	0.1537839403745425	0.16725923833130976	phospho_residual_only
SCP682-SC12-protein-residual	external_reconstruction	all	RELA_S536	17	1053	0.26700676839680515	0.19005644313525188	phospho_residual_only
SCP682-SC12-protein-residual	external_reconstruction	all	RELA_pSitePending_93H1	18	55231	0.48249554968465347	0.5193080291201638	phospho_residual_only
SCP682-SC12-protein-residual	external_reconstruction	all	p-Rb	37	87269	0.2374105880707568	0.1047355981775406	phospho_residual_only
SCP682-SC12-protein-residual	external_reconstruction	all	p-p65	45	32038	0.1517766789464567	0.1629266282239698	phospho_residual_only
SCP682-SC12-protein-residual	external_reconstruction	all	HISTONE_H3_S28	46	87269	0.1493268866037444	0.04544854832596707	phospho_residual_only
SCP682-SC12-protein-residual	external_reconstruction	all	NFE2L2_S40	47	55231	0.6585733446763098	0.6800223297557656	phospho_residual_only
SCP682-SC12-protein-residual	external_reconstruction	all	AKT_S473	48	55231	0.05486937914764595	0.04194511664177087	phospho_residual_only
SCP682-SC12-protein-residual	external_reconstruction	all	EIF4EBP1_T37_T46	49	87269	0.2563268211868405	0.16418378408290935	phospho_residual_only
SCP682-SC12-protein-residual	external_reconstruction	all	STAT6_Y641	50	55231	0.40292168713318366	0.4065023340617696	phospho_residual_only
SCP682-SC12-protein-residual	external_reconstruction	all	ZAP70_Y493	51	55231	0.2376433661390325	0.2312869665044148	phospho_residual_only
SCP682-SC12-protein-residual	external_reconstruction	all	LCK_Y505	52	55231	0.09627979374845737	0.13513901468509612	phospho_residual_only
SCP682-SC12-protein-residual	external_reconstruction	all	STAT5A_Y694	53	55231	0.18498984147579786	0.1693822683351469	phospho_residual_only
SCP682-SC12-protein-residual	external_reconstruction	all	PLCG1_Y783	54	55231	0.20704375146563422	0.2286433638540889	phospho_residual_only
SCP682-SC12-protein-residual	external_reconstruction	all	CTNND1_T310	55	32038	0.19066888101527846	0.18917917500944453	phospho_residual_only
SCP682-SC12-protein-residual	external_reconstruction	all	PDPK1_S241	56	32038	0.08798242994198523	0.10193955660485077	phospho_residual_only
SCP682-SC12-protein-residual	external_reconstruction	all	MAP2K4_S257	57	32038	-0.10103184644584902	-0.026153350710663516	phospho_residual_only
SCP682-SC12-protein-residual	external_reconstruction	all	BTK_Y551	58	32038	0.07579739571301258	0.07266841561945186	phospho_residual_only
SCP682-SC12-protein-residual	external_reconstruction	all	H2AFX_S139	59	32038	0.1457485032829291	0.11216748537132296	phospho_residual_only
SCP682-SC12-protein-residual	external_reconstruction	all	NDRG1_T346	60	32038	0.08853040828920576	0.11401016896512872	phospho_residual_only
SCP682-SC12-protein-residual	external_reconstruction	gse300551_iccite_plex_kinase_2025	RPS6_pSitePending	0	55231	0.3106843022462047	0.33333774210693545	phospho_residual_only
SCP682-SC12-protein-residual	external_reconstruction	gse300551_iccite_plex_kinase_2025	STAT3_Y705	1	55231	0.22221628978019226	0.3057778206944139	phospho_residual_only
SCP682-SC12-protein-residual	external_reconstruction	gse300551_iccite_plex_kinase_2025	MAPK14_pSitePending	2	55231	0.042752447093253196	0.1222375637866682	phospho_residual_only
SCP682-SC12-protein-residual	external_reconstruction	gse300551_iccite_plex_kinase_2025	CREB1_S133_ATF1_S63	5	55231	0.3279590703927815	0.3648780637006643	phospho_residual_only
SCP682-SC12-protein-residual	external_reconstruction	gse300551_iccite_plex_kinase_2025	JUN_pSitePending	8	55231	0.3919198893945989	0.42877195854140593	phospho_residual_only
SCP682-SC12-protein-residual	external_reconstruction	gse300551_iccite_plex_kinase_2025	LAT_Y226	9	55231	0.30775769718417	0.3243055050086441	phospho_residual_only
SCP682-SC12-protein-residual	external_reconstruction	gse300551_iccite_plex_kinase_2025	LCP2_S376	10	55231	0.4726364554614749	0.5064038808668067	phospho_residual_only
SCP682-SC12-protein-residual	external_reconstruction	gse300551_iccite_plex_kinase_2025	MAP2K1_S298	11	55231	0.1860300794198964	0.24737017060058933	phospho_residual_only
SCP682-SC12-protein-residual	external_reconstruction	gse300551_iccite_plex_kinase_2025	MAPK14_pSitePending_D3F9	12	55231	0.5549994852689902	0.5812750061461512	phospho_residual_only
SCP682-SC12-protein-residual	external_reconstruction	gse300551_iccite_plex_kinase_2025	RELA_pSitePending_93H1	18	55231	0.48249554968465347	0.5193080291201638	phospho_residual_only
SCP682-SC12-protein-residual	external_reconstruction	gse300551_iccite_plex_kinase_2025	p-Rb	37	55231	0.4117347813533072	0.3541590174116881	phospho_residual_only
SCP682-SC12-protein-residual	external_reconstruction	gse300551_iccite_plex_kinase_2025	HISTONE_H3_S28	46	55231	0.24308498527089928	0.23204929547758707	phospho_residual_only
SCP682-SC12-protein-residual	external_reconstruction	gse300551_iccite_plex_kinase_2025	NFE2L2_S40	47	55231	0.6585733446763098	0.6800223297557656	phospho_residual_only
SCP682-SC12-protein-residual	external_reconstruction	gse300551_iccite_plex_kinase_2025	AKT_S473	48	55231	0.05486937914764595	0.04194511664177087	phospho_residual_only
SCP682-SC12-protein-residual	external_reconstruction	gse300551_iccite_plex_kinase_2025	EIF4EBP1_T37_T46	49	55231	0.31242446934259	0.16087021661098402	phospho_residual_only
SCP682-SC12-protein-residual	external_reconstruction	gse300551_iccite_plex_kinase_2025	STAT6_Y641	50	55231	0.40292168713318366	0.4065023340617696	phospho_residual_only
SCP682-SC12-protein-residual	external_reconstruction	gse300551_iccite_plex_kinase_2025	ZAP70_Y493	51	55231	0.2376433661390325	0.2312869665044148	phospho_residual_only
SCP682-SC12-protein-residual	external_reconstruction	gse300551_iccite_plex_kinase_2025	LCK_Y505	52	55231	0.09627979374845737	0.13513901468509612	phospho_residual_only
SCP682-SC12-protein-residual	external_reconstruction	gse300551_iccite_plex_kinase_2025	STAT5A_Y694	53	55231	0.18498984147579786	0.1693822683351469	phospho_residual_only
SCP682-SC12-protein-residual	external_reconstruction	gse300551_iccite_plex_kinase_2025	PLCG1_Y783	54	55231	0.20704375146563422	0.2286433638540889	phospho_residual_only
SCP682-SC12-protein-residual	external_reconstruction	phospho_seq_blair_2025_phospho_multi	RPS6_pSitePending	0	1474	0.37855669707942285	0.3878587428741287	phospho_residual_only
SCP682-SC12-protein-residual	external_reconstruction	signal_seq_gse256403_hela_2024	RPS6_pSitePending	0	1143			phospho_residual_only
SCP682-SC12-protein-residual	external_reconstruction	signal_seq_gse256403_hela_2024	MAPK14_pSitePending	2	1143			phospho_residual_only
SCP682-SC12-protein-residual	external_reconstruction	signal_seq_gse256403_hela_2024	AKT_pSitePending	3	1143	0.554395651201724	0.5326234375966927	phospho_residual_only
SCP682-SC12-protein-residual	external_reconstruction	signal_seq_gse256403_hela_2024	p-Rb	37	1143			phospho_residual_only
SCP682-SC12-protein-residual	external_reconstruction	signal_seq_gse256403_hela_2024	p-p65	45	1143			phospho_residual_only
SCP682-SC12-protein-residual	external_reconstruction	signal_seq_gse256403_hela_2024	HISTONE_H3_S28	46	1143			phospho_residual_only
SCP682-SC12-protein-residual	external_reconstruction	signal_seq_gse256403_hela_2024	EIF4EBP1_T37_T46	49	1143			phospho_residual_only
SCP682-SC12-protein-residual	external_reconstruction	signal_seq_gse256403_hela_2024	CTNND1_T310	55	1143	0.7413836121129199	0.8057484425122482	phospho_residual_only
SCP682-SC12-protein-residual	external_reconstruction	signal_seq_gse256403_hela_2024	PDPK1_S241	56	1143	0.5675121486533268	0.5957559819304996	phospho_residual_only
SCP682-SC12-protein-residual	external_reconstruction	signal_seq_gse256403_hela_2024	MAP2K4_S257	57	1143	0.5729747260705579	0.6091069511539269	phospho_residual_only
SCP682-SC12-protein-residual	external_reconstruction	signal_seq_gse256403_hela_2024	BTK_Y551	58	1143			phospho_residual_only
SCP682-SC12-protein-residual	external_reconstruction	signal_seq_gse256403_hela_2024	H2AFX_S139	59	1143			phospho_residual_only
SCP682-SC12-protein-residual	external_reconstruction	signal_seq_gse256403_hela_2024	NDRG1_T346	60	1143	0.630485062594448	0.7576483866411776	phospho_residual_only
SCP682-SC12-protein-residual	external_reconstruction	signal_seq_gse256404_pdo_caf_2024	RPS6_pSitePending	0	30895	0.13622897556542904	0.0513383681173458	phospho_residual_only
SCP682-SC12-protein-residual	external_reconstruction	signal_seq_gse256404_pdo_caf_2024	MAPK14_pSitePending	2	30895	0.12441288238970263	0.09859675312077257	phospho_residual_only
SCP682-SC12-protein-residual	external_reconstruction	signal_seq_gse256404_pdo_caf_2024	AKT_pSitePending	3	30895	0.12421490883092677	0.1305288865252197	phospho_residual_only
SCP682-SC12-protein-residual	external_reconstruction	signal_seq_gse256404_pdo_caf_2024	p-Rb	37	30895	0.1687457156673466	0.1922324809569065	phospho_residual_only
SCP682-SC12-protein-residual	external_reconstruction	signal_seq_gse256404_pdo_caf_2024	p-p65	45	30895	0.12226238537276972	0.13311359715166865	phospho_residual_only
SCP682-SC12-protein-residual	external_reconstruction	signal_seq_gse256404_pdo_caf_2024	HISTONE_H3_S28	46	30895	-0.004749718826270114	-0.002206891945990341	phospho_residual_only
SCP682-SC12-protein-residual	external_reconstruction	signal_seq_gse256404_pdo_caf_2024	EIF4EBP1_T37_T46	49	30895	0.041424277112496334	0.041993861177325134	phospho_residual_only
SCP682-SC12-protein-residual	external_reconstruction	signal_seq_gse256404_pdo_caf_2024	CTNND1_T310	55	30895	0.1584787151944788	0.1535884573753168	phospho_residual_only
SCP682-SC12-protein-residual	external_reconstruction	signal_seq_gse256404_pdo_caf_2024	PDPK1_S241	56	30895	0.09246559509949043	0.0976699037736394	phospho_residual_only
SCP682-SC12-protein-residual	external_reconstruction	signal_seq_gse256404_pdo_caf_2024	MAP2K4_S257	57	30895			phospho_residual_only
SCP682-SC12-protein-residual	external_reconstruction	signal_seq_gse256404_pdo_caf_2024	BTK_Y551	58	30895	0.05989846604863657	0.05746513536734811	phospho_residual_only
SCP682-SC12-protein-residual	external_reconstruction	signal_seq_gse256404_pdo_caf_2024	H2AFX_S139	59	30895	0.11208084412400757	0.08072964762283946	phospho_residual_only
SCP682-SC12-protein-residual	external_reconstruction	signal_seq_gse256404_pdo_caf_2024	NDRG1_T346	60	30895	0.09510653317614517	0.10100932794052234	phospho_residual_only
SCP682-SC12-protein-residual	external_reconstruction	vivo_seq_th17_2025	STAT3_Y705	1	1053	0.4491633469554236	0.35822081455963023	phospho_residual_only
SCP682-SC12-protein-residual	external_reconstruction	vivo_seq_th17_2025	FOS_S32	6	1177	0.08126796292889238	0.08009384531505122	phospho_residual_only
SCP682-SC12-protein-residual	external_reconstruction	vivo_seq_th17_2025	MAPK1_MAPK3_T202_Y204	13	1177	0.1537839403745425	0.16725923833130976	phospho_residual_only
SCP682-SC12-protein-residual	external_reconstruction	vivo_seq_th17_2025	RELA_S536	17	1053	0.26700676839680515	0.19005644313525188	phospho_residual_only
SCP682-SC12-protein-residual	external_reconstruction	all	RPS6_pSitePending	0	88743	0.22091352232346373	0.14621767692014476	protein_plus_residual
SCP682-SC12-protein-residual	external_reconstruction	all	STAT3_Y705	1	56284	0.19259279239402743	0.06689310948852431	protein_plus_residual
SCP682-SC12-protein-residual	external_reconstruction	all	MAPK14_pSitePending	2	87269	0.12032005334407578	0.14997518698383336	protein_plus_residual
SCP682-SC12-protein-residual	external_reconstruction	all	AKT_pSitePending	3	32038	0.15072844943172484	0.15420766049872198	protein_plus_residual
SCP682-SC12-protein-residual	external_reconstruction	all	CREB1_S133_ATF1_S63	5	55231	0.3311818460325967	0.3675366942553753	protein_plus_residual
SCP682-SC12-protein-residual	external_reconstruction	all	FOS_S32	6	1177	0.08126796292889238	0.08009384531505122	protein_plus_residual
SCP682-SC12-protein-residual	external_reconstruction	all	JUN_pSitePending	8	55231	0.3890152574185752	0.4255050342498008	protein_plus_residual
SCP682-SC12-protein-residual	external_reconstruction	all	LAT_Y226	9	55231	0.3054512843988874	0.32227156550240854	protein_plus_residual
SCP682-SC12-protein-residual	external_reconstruction	all	LCP2_S376	10	55231	0.4717873385542262	0.5053469152480722	protein_plus_residual
SCP682-SC12-protein-residual	external_reconstruction	all	MAP2K1_S298	11	55231	0.18264606826018318	0.24351976962377234	protein_plus_residual
SCP682-SC12-protein-residual	external_reconstruction	all	MAPK14_pSitePending_D3F9	12	55231	0.5478605001573597	0.5733149469912389	protein_plus_residual
SCP682-SC12-protein-residual	external_reconstruction	all	MAPK1_MAPK3_T202_Y204	13	1177	0.1537839403745425	0.16725923833130976	protein_plus_residual
SCP682-SC12-protein-residual	external_reconstruction	all	RELA_S536	17	1053	0.26700676839680515	0.19005644313525188	protein_plus_residual
SCP682-SC12-protein-residual	external_reconstruction	all	RELA_pSitePending_93H1	18	55231	0.46043489346199895	0.49622187579165733	protein_plus_residual
SCP682-SC12-protein-residual	external_reconstruction	all	p-Rb	37	87269	0.23638834506582473	0.10499439457460256	protein_plus_residual
SCP682-SC12-protein-residual	external_reconstruction	all	p-p65	45	32038	0.1522586000855	0.16365249646139524	protein_plus_residual
SCP682-SC12-protein-residual	external_reconstruction	all	HISTONE_H3_S28	46	87269	0.1493268866037444	0.04544854832596707	protein_plus_residual
SCP682-SC12-protein-residual	external_reconstruction	all	NFE2L2_S40	47	55231	0.6585733446763098	0.6800223297557656	protein_plus_residual
SCP682-SC12-protein-residual	external_reconstruction	all	AKT_S473	48	55231	0.05486937914764595	0.04194511664177087	protein_plus_residual
SCP682-SC12-protein-residual	external_reconstruction	all	EIF4EBP1_T37_T46	49	87269	0.2563268211868405	0.16418378408290935	protein_plus_residual
SCP682-SC12-protein-residual	external_reconstruction	all	STAT6_Y641	50	55231	0.40292168713318366	0.4065023340617696	protein_plus_residual
SCP682-SC12-protein-residual	external_reconstruction	all	ZAP70_Y493	51	55231	0.2376433661390325	0.2312869665044148	protein_plus_residual
SCP682-SC12-protein-residual	external_reconstruction	all	LCK_Y505	52	55231	0.09627979374845737	0.13513901468509612	protein_plus_residual
SCP682-SC12-protein-residual	external_reconstruction	all	STAT5A_Y694	53	55231	0.18498984147579786	0.1693822683351469	protein_plus_residual
SCP682-SC12-protein-residual	external_reconstruction	all	PLCG1_Y783	54	55231	0.20704375146563422	0.2286433638540889	protein_plus_residual
SCP682-SC12-protein-residual	external_reconstruction	all	CTNND1_T310	55	32038	0.19066888101527846	0.18917917500944453	protein_plus_residual
SCP682-SC12-protein-residual	external_reconstruction	all	PDPK1_S241	56	32038	0.08798242994198523	0.10193955660485077	protein_plus_residual
SCP682-SC12-protein-residual	external_reconstruction	all	MAP2K4_S257	57	32038	-0.10103184644584902	-0.026153350710663516	protein_plus_residual
SCP682-SC12-protein-residual	external_reconstruction	all	BTK_Y551	58	32038	0.07579739571301258	0.07266841561945186	protein_plus_residual
SCP682-SC12-protein-residual	external_reconstruction	all	H2AFX_S139	59	32038	0.1457485032829291	0.11216748537132296	protein_plus_residual
SCP682-SC12-protein-residual	external_reconstruction	all	NDRG1_T346	60	32038	0.08853040828920576	0.11401016896512872	protein_plus_residual
SCP682-SC12-protein-residual	external_reconstruction	gse300551_iccite_plex_kinase_2025	RPS6_pSitePending	0	55231	0.31270268976103416	0.33498302393107826	protein_plus_residual
SCP682-SC12-protein-residual	external_reconstruction	gse300551_iccite_plex_kinase_2025	STAT3_Y705	1	55231	0.21619295962246846	0.299168268937301	protein_plus_residual
SCP682-SC12-protein-residual	external_reconstruction	gse300551_iccite_plex_kinase_2025	MAPK14_pSitePending	2	55231	0.043728958825502345	0.12327039620651498	protein_plus_residual
SCP682-SC12-protein-residual	external_reconstruction	gse300551_iccite_plex_kinase_2025	CREB1_S133_ATF1_S63	5	55231	0.3311818460325967	0.3675366942553753	protein_plus_residual
SCP682-SC12-protein-residual	external_reconstruction	gse300551_iccite_plex_kinase_2025	JUN_pSitePending	8	55231	0.3890152574185752	0.4255050342498008	protein_plus_residual
SCP682-SC12-protein-residual	external_reconstruction	gse300551_iccite_plex_kinase_2025	LAT_Y226	9	55231	0.3054512843988874	0.32227156550240854	protein_plus_residual
SCP682-SC12-protein-residual	external_reconstruction	gse300551_iccite_plex_kinase_2025	LCP2_S376	10	55231	0.4717873385542262	0.5053469152480722	protein_plus_residual
SCP682-SC12-protein-residual	external_reconstruction	gse300551_iccite_plex_kinase_2025	MAP2K1_S298	11	55231	0.18264606826018318	0.24351976962377234	protein_plus_residual
SCP682-SC12-protein-residual	external_reconstruction	gse300551_iccite_plex_kinase_2025	MAPK14_pSitePending_D3F9	12	55231	0.5478605001573597	0.5733149469912389	protein_plus_residual
SCP682-SC12-protein-residual	external_reconstruction	gse300551_iccite_plex_kinase_2025	RELA_pSitePending_93H1	18	55231	0.46043489346199895	0.49622187579165733	protein_plus_residual
SCP682-SC12-protein-residual	external_reconstruction	gse300551_iccite_plex_kinase_2025	p-Rb	37	55231	0.4132924655259538	0.3547310043894967	protein_plus_residual
SCP682-SC12-protein-residual	external_reconstruction	gse300551_iccite_plex_kinase_2025	HISTONE_H3_S28	46	55231	0.24308498527089928	0.23204929547758707	protein_plus_residual
SCP682-SC12-protein-residual	external_reconstruction	gse300551_iccite_plex_kinase_2025	NFE2L2_S40	47	55231	0.6585733446763098	0.6800223297557656	protein_plus_residual
SCP682-SC12-protein-residual	external_reconstruction	gse300551_iccite_plex_kinase_2025	AKT_S473	48	55231	0.05486937914764595	0.04194511664177087	protein_plus_residual
SCP682-SC12-protein-residual	external_reconstruction	gse300551_iccite_plex_kinase_2025	EIF4EBP1_T37_T46	49	55231	0.31242446934259	0.16087021661098402	protein_plus_residual
SCP682-SC12-protein-residual	external_reconstruction	gse300551_iccite_plex_kinase_2025	STAT6_Y641	50	55231	0.40292168713318366	0.4065023340617696	protein_plus_residual
SCP682-SC12-protein-residual	external_reconstruction	gse300551_iccite_plex_kinase_2025	ZAP70_Y493	51	55231	0.2376433661390325	0.2312869665044148	protein_plus_residual
SCP682-SC12-protein-residual	external_reconstruction	gse300551_iccite_plex_kinase_2025	LCK_Y505	52	55231	0.09627979374845737	0.13513901468509612	protein_plus_residual
SCP682-SC12-protein-residual	external_reconstruction	gse300551_iccite_plex_kinase_2025	STAT5A_Y694	53	55231	0.18498984147579786	0.1693822683351469	protein_plus_residual
SCP682-SC12-protein-residual	external_reconstruction	gse300551_iccite_plex_kinase_2025	PLCG1_Y783	54	55231	0.20704375146563422	0.2286433638540889	protein_plus_residual
SCP682-SC12-protein-residual	external_reconstruction	phospho_seq_blair_2025_phospho_multi	RPS6_pSitePending	0	1474	0.37569587900373225	0.3879229045469794	protein_plus_residual
SCP682-SC12-protein-residual	external_reconstruction	signal_seq_gse256403_hela_2024	RPS6_pSitePending	0	1143			protein_plus_residual
SCP682-SC12-protein-residual	external_reconstruction	signal_seq_gse256403_hela_2024	MAPK14_pSitePending	2	1143			protein_plus_residual
SCP682-SC12-protein-residual	external_reconstruction	signal_seq_gse256403_hela_2024	AKT_pSitePending	3	1143	0.5520506775367721	0.5291433789482852	protein_plus_residual
SCP682-SC12-protein-residual	external_reconstruction	signal_seq_gse256403_hela_2024	p-Rb	37	1143			protein_plus_residual
SCP682-SC12-protein-residual	external_reconstruction	signal_seq_gse256403_hela_2024	p-p65	45	1143			protein_plus_residual
SCP682-SC12-protein-residual	external_reconstruction	signal_seq_gse256403_hela_2024	HISTONE_H3_S28	46	1143			protein_plus_residual
SCP682-SC12-protein-residual	external_reconstruction	signal_seq_gse256403_hela_2024	EIF4EBP1_T37_T46	49	1143			protein_plus_residual
SCP682-SC12-protein-residual	external_reconstruction	signal_seq_gse256403_hela_2024	CTNND1_T310	55	1143	0.7413836121129199	0.8057484425122482	protein_plus_residual
SCP682-SC12-protein-residual	external_reconstruction	signal_seq_gse256403_hela_2024	PDPK1_S241	56	1143	0.5675121486533268	0.5957559819304996	protein_plus_residual
SCP682-SC12-protein-residual	external_reconstruction	signal_seq_gse256403_hela_2024	MAP2K4_S257	57	1143	0.5729747260705579	0.6091069511539269	protein_plus_residual
SCP682-SC12-protein-residual	external_reconstruction	signal_seq_gse256403_hela_2024	BTK_Y551	58	1143			protein_plus_residual
SCP682-SC12-protein-residual	external_reconstruction	signal_seq_gse256403_hela_2024	H2AFX_S139	59	1143			protein_plus_residual
SCP682-SC12-protein-residual	external_reconstruction	signal_seq_gse256403_hela_2024	NDRG1_T346	60	1143	0.630485062594448	0.7576483866411776	protein_plus_residual
SCP682-SC12-protein-residual	external_reconstruction	signal_seq_gse256404_pdo_caf_2024	RPS6_pSitePending	0	30895	0.13623641988310786	0.05106329835643699	protein_plus_residual
SCP682-SC12-protein-residual	external_reconstruction	signal_seq_gse256404_pdo_caf_2024	MAPK14_pSitePending	2	30895	0.1248259912738107	0.0993274724642402	protein_plus_residual
SCP682-SC12-protein-residual	external_reconstruction	signal_seq_gse256404_pdo_caf_2024	AKT_pSitePending	3	30895	0.1362370624158991	0.14085556731281362	protein_plus_residual
SCP682-SC12-protein-residual	external_reconstruction	signal_seq_gse256404_pdo_caf_2024	p-Rb	37	30895	0.17128950557706327	0.19423212752852448	protein_plus_residual
SCP682-SC12-protein-residual	external_reconstruction	signal_seq_gse256404_pdo_caf_2024	p-p65	45	30895	0.12321000542461209	0.13400886647130075	protein_plus_residual
SCP682-SC12-protein-residual	external_reconstruction	signal_seq_gse256404_pdo_caf_2024	HISTONE_H3_S28	46	30895	-0.004749718826270114	-0.002206891945990341	protein_plus_residual
SCP682-SC12-protein-residual	external_reconstruction	signal_seq_gse256404_pdo_caf_2024	EIF4EBP1_T37_T46	49	30895	0.041424277112496334	0.041993861177325134	protein_plus_residual
SCP682-SC12-protein-residual	external_reconstruction	signal_seq_gse256404_pdo_caf_2024	CTNND1_T310	55	30895	0.1584787151944788	0.1535884573753168	protein_plus_residual
SCP682-SC12-protein-residual	external_reconstruction	signal_seq_gse256404_pdo_caf_2024	PDPK1_S241	56	30895	0.09246559509949043	0.0976699037736394	protein_plus_residual
SCP682-SC12-protein-residual	external_reconstruction	signal_seq_gse256404_pdo_caf_2024	MAP2K4_S257	57	30895			protein_plus_residual
SCP682-SC12-protein-residual	external_reconstruction	signal_seq_gse256404_pdo_caf_2024	BTK_Y551	58	30895	0.05989846604863657	0.05746513536734811	protein_plus_residual
SCP682-SC12-protein-residual	external_reconstruction	signal_seq_gse256404_pdo_caf_2024	H2AFX_S139	59	30895	0.11208084412400757	0.08072964762283946	protein_plus_residual
SCP682-SC12-protein-residual	external_reconstruction	signal_seq_gse256404_pdo_caf_2024	NDRG1_T346	60	30895	0.09510653317614517	0.10100932794052234	protein_plus_residual
SCP682-SC12-protein-residual	external_reconstruction	vivo_seq_th17_2025	STAT3_Y705	1	1053	0.443151227208485	0.3587972607981902	protein_plus_residual
SCP682-SC12-protein-residual	external_reconstruction	vivo_seq_th17_2025	FOS_S32	6	1177	0.08126796292889238	0.08009384531505122	protein_plus_residual
SCP682-SC12-protein-residual	external_reconstruction	vivo_seq_th17_2025	MAPK1_MAPK3_T202_Y204	13	1177	0.1537839403745425	0.16725923833130976	protein_plus_residual
SCP682-SC12-protein-residual	external_reconstruction	vivo_seq_th17_2025	RELA_S536	17	1053	0.26700676839680515	0.19005644313525188	protein_plus_residual
