phosphosite	n_calibration_observed	raw_slope	shrunk_slope
AAAS|S462	0	0.0	0.1
AAK1|S18	111	0.7883105	0.462097
AAK1|S624	186	0.039165545	0.060436334
AAK1|S637	186	1.0030407	0.5
AAK1|S670_S678	0	0.0	0.1
AAK1|S678	217	0.9169108	0.5
AAK1|S846	176	1.4309826	0.5
AAK1|T389	6	0.71697015	0.13492283
AAK1|T620	235	0.37007117	0.2894529
AAK1|T620_S624	6	0.29461738	0.11101608
AAK1|T640	60	0.5041774	0.25156653
AAMDC|S46	166	0.5451277	0.37778646
AARSD1|S174	148	0.284644	0.21019079
AARS|S399	63	0.79288036	0.36780038
AATF|S203	186	0.46068448	0.33457103
AATF|S316_S320_S321	0	0.0	0.1
AATF|S320_S321	0	0.0	0.1
ABCA1|S1296	155	1.8733315	0.5
ABCA2|S1328_S1332	0	0.0	0.1
ABCA2|T2413	0	0.0	0.1
ABCB1|S671_S675	0	0.0	0.1
ABCC1|S930	182	0.38652956	0.28492334
ABCC3|S908	182	1.2940226	0.5
ABCC4|S404	108	0.6288633	0.3746021
ABCC4|S655	104	1.4961671	0.5
ABCC4|S668	128	0.42307296	0.2813743
ABCC4|T646	222	0.7097545	0.5
ABCD3|S40	0	0.0	0.1
ABCE1|S328	165	1.372985	0.5
ABCF1|S105	56	0.08356398	0.094099894
ABCF1|S105_T108_S109	0	0.0	0.1
ABCF1|S109	199	0.8462328	0.5
ABCF1|S140	145	0.6187042	0.40698823
ABCF1|S166	247	0.98036623	0.5
ABCF1|S22	100	1.1868552	0.5
ABCF1|S228	228	1.2676042	0.5
ABCF1|T108_S109	0	0.0	0.1
ABI1|S183	185	0.33049214	0.24961771
ABI1|S222	220	1.005932	0.5
ABI1|S222_S225	0	0.0	0.1
ABI1|S225	247	1.0315144	0.5
ABI1|S231	205	1.2494651	0.5
ABI1|S296	0	0.0	0.1
ABI1|T178	0	0.0	0.1
ABI1|T200	0	0.0	0.1
ABI2|S177	0	0.0	0.1
ABI2|S183	0	0.0	0.1
ABI2|S221	0	0.0	0.1
ABI2|S227	190	1.21597	0.5
ABI3|S210	0	0.0	0.1
ABL1|S16	0	0.0	0.1
ABL1|S588	0	0.0	0.1
ABL1|S702	0	0.0	0.1
ABL1|S737	0	0.0	0.1
ABL1|T871	0	0.0	0.1
ABL2|S605	0	0.0	0.1
ABL2|S616	0	0.0	0.1
ABL2|S631	149	0.47677094	0.3254573
ABL2|S921	0	0.0	0.1
ABLIM1|S156	0	0.0	0.1
ABLIM1|S307	0	0.0	0.1
ABLIM1|S362	0	0.0	0.1
ABLIM1|S371	0	0.0	0.1
ABLIM1|S371_S375	0	0.0	0.1
ABLIM1|S375	0	0.0	0.1
ABLIM1|S390	0	0.0	0.1
ABLIM1|S392	0	0.0	0.1
ABLIM1|S395	0	0.0	0.1
ABLIM1|S399	0	0.0	0.1
ABLIM1|S403	0	0.0	0.1
ABLIM1|S413	0	0.0	0.1
ABLIM1|S423	0	0.0	0.1
ABLIM1|S526_S527	0	0.0	0.1
ABLIM1|S547	0	0.0	0.1
ABLIM1|S556_S557	0	0.0	0.1
ABLIM1|S611	0	0.0	0.1
ABLIM1|S625	0	0.0	0.1
ABLIM1|S646	0	0.0	0.1
ABLIM1|S676	0	0.0	0.1
ABLIM1|T407	0	0.0	0.1
ABLIM2|S446	186	0.6995015	0.48988563
ABLIM2|S479	0	0.0	0.1
ABLIM2|S536	0	0.0	0.1
ABLIM3|S372	186	0.82836527	0.5
ABLIM3|S372_S373	0	0.0	0.1
ABLIM3|S373	210	0.22573589	0.18517593
ABLIM3|S388	182	0.62547404	0.43913573
ABLIM3|S394	166	0.35609347	0.25981772
ABLIM3|S503	186	0.81361663	0.5
ABLIM3|S503_S504	0	0.0	0.1
ABLIM3|S567	174	0.22451621	0.17907234
ABLIM3|S576	151	-0.10488612	-0.02325818
ABRAXAS1|S386_S387_T390	0	0.0	0.1
ABRAXAS2|S159	0	0.0	0.1
ABRAXAS2|S280	149	0.55429727	0.37184858
ABR|S225	0	0.0	0.1
ABR|S312	0	0.0	0.1
ACACA|S115	0	0.0	0.1
ACACA|S117	0	0.0	0.1
ACACA|S133	0	0.0	0.1
ACACA|S66	0	0.0	0.1
ACACB|T1342	111	0.37855336	0.24653755
ACAP2|S278	0	0.0	0.1
ACAP2|S379	186	0.19271168	0.16029502
ACAP2|S384	193	0.20006485	0.16591303
ACAP2|S384_S387	0	0.0	0.1
ACAP2|S387	176	-0.08449138	-0.017646678
ACAP2|S521	247	0.9553728	0.5
ACAP2|S581	211	0.92899984	0.5
ACAP3|S280	0	0.0	0.1
ACBD3|S43	27	0.82353437	0.25382227
ACBD5|S374	0	0.0	0.1
ACBD5|S400	0	0.0	0.1
ACBD5|T137	0	0.0	0.1
ACIN1|S1003	0	0.0	0.1
ACIN1|S1004	247	0.56825805	0.43331337
ACIN1|S1148	0	0.0	0.1
ACIN1|S1161	184	0.9690003	0.5
ACIN1|S216	241	0.26686764	0.21793285
ACIN1|S240	188	0.623668	0.44183883
ACIN1|S240_S243	12	1.0011698	0.19655392
ACIN1|S243	186	1.3396468	0.5
ACIN1|S295	0	0.0	0.1
ACIN1|S328	186	1.4918939	0.5
ACIN1|S365	186	0.45785385	0.33273014
ACIN1|S386_S388	0	0.0	0.1
ACIN1|S400	56	0.31639263	0.17767942
ACIN1|S410	95	0.74938715	0.4163681
ACIN1|S410_T414	0	0.0	0.1
ACIN1|S478	0	0.0	0.1
ACIN1|S490	220	0.82160604	0.5
ACIN1|S561	184	0.66321653	0.46490085
ACIN1|S655	186	0.7371981	0.5
ACIN1|S655_S657	0	0.0	0.1
ACIN1|S657	241	0.78940284	0.5
ACIN1|S710	247	0.80772	0.5
ACIN1|S729	216	0.59081614	0.43549457
ACIN1|S825	142	0.9732585	0.5
ACIN1|S837	0	0.0	0.1
ACIN1|S838	186	0.5219327	0.3744038
ACIN1|S862	0	0.0	0.1
ACIN1|S863	60	0.80875796	0.36578423
ACIN1|S885	0	0.0	0.1
ACIN1|S898	186	1.0139308	0.5
ACIN1|S974	0	0.0	0.1
ACIN1|S987	131	1.0412178	0.5
ACIN1|S991	0	0.0	0.1
ACIN1|T254	176	0.61546886	0.4287048
ACIN1|T414	99	0.7505748	0.4236528
ACIN1|T563	0	0.0	0.1
ACIN1|T682	68	0.660151	0.3267278
ACIN1|T765	0	0.0	0.1
ACIN1|T840	134	0.14177969	0.12392512
ACLY|S455	243	0.89649975	0.5
ACLY|S481	235	0.5267231	0.39934307
ACO1|T628	163	1.3480659	0.5
ACSL5|S28	0	0.0	0.1
ACSS2|S265	16	0.6296601	0.17305657
ACSS2|S267	192	1.4221898	0.5
ACSS2|S30	241	0.95664483	0.5
ACTA1|S35	0	0.0	0.1
ACTA1|T320	10	-0.18194827	0.07436834
ACTA2|S325	0	0.0	0.1
ACTA2|S35	0	0.0	0.1
ACTA2|S54	0	0.0	0.1
ACTA2|S62	0	0.0	0.1
ACTA2|T251	0	0.0	0.1
ACTA2|T320	0	0.0	0.1
ACTBL2|S240	0	0.0	0.1
ACTBL2|T250	0	0.0	0.1
ACTB|S323	176	0.90972817	0.5
ACTB|S33	0	0.0	0.1
ACTB|S365	0	0.0	0.1
ACTB|S368	0	0.0	0.1
ACTB|S52	186	1.2721852	0.5
ACTB|S60	173	1.0375631	0.5
ACTB|T249	87	0.29485124	0.19065271
ACTB|T318	0	0.0	0.1
ACTB|Y218	0	0.0	0.1
ACTG1|S323	0	0.0	0.1
ACTG1|S33	0	0.0	0.1
ACTG1|S365	0	0.0	0.1
ACTG1|S368	0	0.0	0.1
ACTG1|S60	0	0.0	0.1
ACTG1|T249	0	0.0	0.1
ACTG1|T318	0	0.0	0.1
ACTG1|Y218	0	0.0	0.1
ACTL6A|S233	223	0.927664	0.5
ACTN1|S140	50	1.4627825	0.5
ACTN1|S172	82	1.6391658	0.5
ACTN1|S284	0	0.0	0.1
ACTN1|S348	186	0.5570584	0.3972478
ACTN1|S362	0	0.0	0.1
ACTN1|S404	0	0.0	0.1
ACTN1|S677	49	0.49688944	0.2305207
ACTN1|T230	0	0.0	0.1
ACTN1|T50	0	0.0	0.1
ACTN1|Y193	0	0.0	0.1
ACTN2|S147	50	1.1772809	0.45909363
ACTN4|S159	236	1.3324113	0.5
ACTN4|S191	92	1.4637957	0.5
ACTN4|S303	0	0.0	0.1
ACTN4|S367	0	0.0	0.1
ACTN4|S381	0	0.0	0.1
ACTN4|S423	173	0.941068	0.5
ACTN4|S507	149	0.8619674	0.5
ACTN4|S656	164	0.5187962	0.36016127
ACTN4|T69	0	0.0	0.1
ACTR2|T122	0	0.0	0.1
ACTR8|S132	187	0.6685712	0.47046274
ADAM10|S740	70	0.77085197	0.37623316
ADAM10|T719	0	0.0	0.1
ADAM17|S785	0	0.0	0.1
ADAM17|S791	215	0.7958314	0.5
ADAM17|T735	0	0.0	0.1
ADAM22|S797	0	0.0	0.1
ADAM9|S752	0	0.0	0.1
ADAM9|S758	203	0.6110439	0.4423825
ADAM9|S758_T761	0	0.0	0.1
ADAM9|T761	49	0.1965154	0.13173997
ADAMTSL1|S976	71	1.5433118	0.5
ADAR|S319	0	0.0	0.1
ADAR|S334	0	0.0	0.1
ADAR|S530	0	0.0	0.1
ADAR|S614	139	0.4524785	0.30499795
ADAR|S629	180	1.3577471	0.5
ADAR|S814	165	1.5966015	0.5
ADAR|S825	200	0.72782	0.5
ADAR|T808	42	0.4875171	0.21461773
ADAT1|S42	0	0.0	0.1
ADCY6|S54	181	0.7058894	0.49027038
ADCY6|S576	186	0.7618896	0.5
ADCY9|S1257	118	0.9518615	0.5
ADCY9|S1307	0	0.0	0.1
ADD1|S12	173	0.7879439	0.5
ADD1|S355	174	0.65488523	0.45237234
ADD1|S355_S358	0	0.0	0.1
ADD1|S358	247	0.8407784	0.5
ADD1|S366	181	1.4729681	0.5
ADD1|S423	0	0.0	0.1
ADD1|S427	46	0.5761113	0.25000766
ADD1|S457	147	0.3110475	0.22560316
ADD1|S465	186	0.6575969	0.46263295
ADD1|S586	212	0.69789946	0.5
ADD1|S617	0	0.0	0.1
ADD1|S631	0	0.0	0.1
ADD1|S726	25	1.2942957	0.33885914
ADD1|T429	0	0.0	0.1
ADD1|T614	0	0.0	0.1
ADD1|T724	49	0.7003664	0.29743594
ADD1|T755	0	0.0	0.1
ADD2|S592	177	1.7154375	0.5
ADD2|S596	72	0.12124202	0.10889201
ADD2|S596_S600	0	0.0	0.1
ADD2|S596_S600_S604	0	0.0	0.1
ADD2|S600	80	-0.7370215	-0.27200955
ADD2|S613	72	1.3549962	0.5
ADD2|S621	71	0.093602166	0.09734359
ADD2|S693	67	0.75043225	0.36095184
ADD2|S697	75	1.1550667	0.5
ADD2|S713	25	1.4904442	0.37808886
ADD2|T675	0	0.0	0.1
ADD2|T711	0	0.0	0.1
ADD3|S414	0	0.0	0.1
ADD3|S42	178	0.58012706	0.40741947
ADD3|S423	54	0.11364472	0.10478452
ADD3|S442	0	0.0	0.1
ADD3|S645	0	0.0	0.1
ADD3|S673	182	0.054281935	0.07049402
ADD3|S673_S677	0	0.0	0.1
ADD3|S677	203	1.0061609	0.5
ADD3|S677_S681	0	0.0	0.1
ADD3|S681	212	0.70823926	0.5
ADD3|S693	25	1.3659543	0.35319087
ADD3|T691	0	0.0	0.1
ADGRA2|S1107	58	0.5811936	0.2766407
ADGRA2|S982	186	1.2097416	0.5
ADGRG1|S201	62	1.1689036	0.5
ADGRL2|S1353	0	0.0	0.1
ADGRL2|S1374	174	1.7364258	0.5
ADGRL3|S1485	0	0.0	0.1
ADH5|S351	106	0.8949804	0.5
ADIRF|S66	0	0.0	0.1
ADNP|S709	65	0.565756	0.28347966
ADNP|S921	217	0.6977454	0.5
ADNP|S953	178	0.92137456	0.5
ADNP|S953_S955	0	0.0	0.1
ADNP|S98	136	1.0972446	0.5
ADRA2A|S346	0	0.0	0.1
ADRM1|S211	143	0.9496292	0.5
ADRM1|T217	128	0.52063954	0.33614853
AEBP2|S141	190	1.482315	0.5
AEBP2|S206	188	0.7875087	0.5
AEBP2|S24	75	0.8257813	0.41104913
AEBP2|S390	0	0.0	0.1
AES|S196	111	0.17537078	0.13965003
AFAP1L1|S296	0	0.0	0.1
AFAP1L1|S329	50	0.49957007	0.23319003
AFAP1L1|S714	0	0.0	0.1
AFAP1L1|S747	223	1.0659354	0.5
AFAP1L1|S98	217	1.1607314	0.5
AFAP1L2|S165	0	0.0	0.1
AFAP1L2|S344	178	0.7749928	0.5
AFAP1L2|S484	192	0.8316767	0.5
AFAP1L2|S640	0	0.0	0.1
AFAP1L2|S796	0	0.0	0.1
AFAP1L2|T635	0	0.0	0.1
AFAP1L2|Y383	0	0.0	0.1
AFAP1|S264	49	0.18810163	0.12897302
AFAP1|S265	52	0.536682	0.24939121
AFAP1|S277_S278	0	0.0	0.1
AFAP1|S632	0	0.0	0.1
AFAP1|S752	0	0.0	0.1
AFDN|S1066	0	0.0	0.1
AFDN|S1100	0	0.0	0.1
AFDN|S1136	0	0.0	0.1
AFDN|S1175	0	0.0	0.1
AFDN|S1234	0	0.0	0.1
AFDN|S1268	0	0.0	0.1
AFDN|S1321	0	0.0	0.1
AFDN|S1505	0	0.0	0.1
AFDN|S1714	0	0.0	0.1
AFDN|S1792	0	0.0	0.1
AFDN|S182	0	0.0	0.1
AFDN|S217	0	0.0	0.1
AFDN|S247	0	0.0	0.1
AFDN|S410	0	0.0	0.1
AFDN|S498	0	0.0	0.1
AFDN|S543	0	0.0	0.1
AFDN|T1204	0	0.0	0.1
AFDN|T1345	0	0.0	0.1
AFDN|T1808	0	0.0	0.1
AFF1|S1099	0	0.0	0.1
AFF1|S219	0	0.0	0.1
AFF1|S595	0	0.0	0.1
AFF1|S757	0	0.0	0.1
AFF3|S906	0	0.0	0.1
AFF4|S1043	153	0.6292873	0.4200828
AFF4|S1055	37	0.15180178	0.11399026
AFF4|S1058	173	0.799969	0.5
AFF4|S212	178	0.6457291	0.44942367
AFF4|S487	183	0.36030895	0.268327
AFF4|S549	229	0.5423611	0.40790483
AFF4|S694	186	1.4635819	0.5
AFF4|S703	155	1.2965646	0.5
AFF4|S703_S706	0	0.0	0.1
AFF4|S706	168	0.97580457	0.5
AFF4|S814	0	0.0	0.1
AFF4|S836	142	1.4954917	0.5
AFF4|T332	0	0.0	0.1
AFF4|T336	0	0.0	0.1
AFF4|T528	171	1.0693668	0.5
AFF4|T674	168	0.46185654	0.32683545
AFTPH|S151	0	0.0	0.1
AFTPH|S382	186	0.89412665	0.5
AFTPH|S411	0	0.0	0.1
AFTPH|S508	111	0.86440426	0.5
AFTPH|S518	111	1.1611947	0.5
AFTPH|T617	163	1.0151082	0.5
AFTPH|T897	0	0.0	0.1
AGAP1|S315	0	0.0	0.1
AGAP1|S521	192	0.56183946	0.40367526
AGAP1|T836	128	1.3104386	0.5
AGAP2|S638	85	0.09164137	0.09615955
AGAP2|S648	157	1.6406953	0.5
AGAP2|S927	132	0.44831327	0.29817823
AGAP3|S152	0	0.0	0.1
AGAP3|S157	0	0.0	0.1
AGAP3|S24	0	0.0	0.1
AGAP3|S372	0	0.0	0.1
AGAP3|S479	0	0.0	0.1
AGAP3|S574	0	0.0	0.1
AGFG1|S162	0	0.0	0.1
AGFG1|S167	161	0.91359687	0.5
AGFG1|S179	0	0.0	0.1
AGFG1|S181	241	1.119692	0.5
AGFG1|S386	0	0.0	0.1
AGFG1|T177	186	1.2544829	0.5
AGFG1|T177_S179	0	0.0	0.1
AGGF1|S344	0	0.0	0.1
AGPS|S65	181	0.33512777	0.2514524
AGRN|S896	0	0.0	0.1
AHCTF1|S1142	151	0.79662746	0.5
AHCTF1|S1160	166	0.8407933	0.5
AHCTF1|S1214	192	0.5104901	0.36991128
AHCTF1|S1218	179	0.8169605	0.5
AHCTF1|S1218_S1222	0	0.0	0.1
AHCTF1|S1222	234	0.77078825	0.5
AHCTF1|S1232	223	0.63223934	0.46745935
AHCTF1|S1295	185	-0.13627896	-0.053374067
AHCTF1|S1533	111	0.7469113	0.44031826
AHCTF1|S1541	184	1.6533031	0.5
AHCTF1|S1944	200	0.9246631	0.5
AHCTF1|S509	183	1.6688933	0.5
AHCTF1|S528	183	0.84347403	0.5
AHCTF1|T1369	0	0.0	0.1
AHDC1|S1064	149	0.3604392	0.25584516
AHDC1|S1187	127	1.1816927	0.5
AHDC1|S1476	26	0.58346266	0.19976214
AHDC1|S1507	0	0.0	0.1
AHDC1|S1549	49	0.31804195	0.17170507
AHDC1|S596	132	0.26204827	0.19219989
AHDC1|S868	0	0.0	0.1
AHDC1|S896	183	0.18184075	0.15292177
AHDC1|T99	136	1.5710311	0.5
AHNAK2|S1007	0	0.0	0.1
AHNAK2|S102	0	0.0	0.1
AHNAK2|S1088	0	0.0	0.1
AHNAK2|S1172	0	0.0	0.1
AHNAK2|S1198	7	0.47471482	0.12451406
AHNAK2|S1337	0	0.0	0.1
AHNAK2|S1418	53	2.209891	0.5
AHNAK2|S1502	0	0.0	0.1
AHNAK2|S1528	0	0.0	0.1
AHNAK2|S1583	60	1.2239368	0.5
AHNAK2|S1667	0	0.0	0.1
AHNAK2|S1693	0	0.0	0.1
AHNAK2|S1832	0	0.0	0.1
AHNAK2|S1913	0	0.0	0.1
AHNAK2|S194	0	0.0	0.1
AHNAK2|S1997	43	0.97260296	0.3623911
AHNAK2|S2023	0	0.0	0.1
AHNAK2|S2162	0	0.0	0.1
AHNAK2|S2243	0	0.0	0.1
AHNAK2|S2336	0	0.0	0.1
AHNAK2|S2353	0	0.0	0.1
AHNAK2|S2492	0	0.0	0.1
AHNAK2|S2573	0	0.0	0.1
AHNAK2|S2666	0	0.0	0.1
AHNAK2|S2822	0	0.0	0.1
AHNAK2|S2903	0	0.0	0.1
AHNAK2|S294	178	0.35524338	0.26342922
AHNAK2|S2987	0	0.0	0.1
AHNAK2|S3152	0	0.0	0.1
AHNAK2|S332	37	0.8217937	0.29493698
AHNAK2|S3398	0	0.0	0.1
AHNAK2|S3408	0	0.0	0.1
AHNAK2|S3482	0	0.0	0.1
AHNAK2|S365	48	0.55754775	0.24839386
AHNAK2|S3673	0	0.0	0.1
AHNAK2|S3812	0	0.0	0.1
AHNAK2|S3838	0	0.0	0.1
AHNAK2|S3893	0	0.0	0.1
AHNAK2|S3977	0	0.0	0.1
AHNAK2|S4003	0	0.0	0.1
AHNAK2|S4058	0	0.0	0.1
AHNAK2|S4142	0	0.0	0.1
AHNAK2|S4307	0	0.0	0.1
AHNAK2|S4333	0	0.0	0.1
AHNAK2|S4388	0	0.0	0.1
AHNAK2|S447	0	0.0	0.1
AHNAK2|S4472	0	0.0	0.1
AHNAK2|S4553	0	0.0	0.1
AHNAK2|S466	0	0.0	0.1
AHNAK2|S4710	0	0.0	0.1
AHNAK2|S4897	0	0.0	0.1
AHNAK2|S5036	0	0.0	0.1
AHNAK2|S5175	5	-0.014599009	0.094542906
AHNAK2|S5428	0	0.0	0.1
AHNAK2|S5542	0	0.0	0.1
AHNAK2|S589	0	0.0	0.1
AHNAK2|S593	0	0.0	0.1
AHNAK2|S753	0	0.0	0.1
AHNAK2|S842	110	1.0232105	0.5
AHNAK2|S851	0	0.0	0.1
AHNAK2|S923	4	-0.34078524	0.08304672
AHNAK2|T5513	0	0.0	0.1
AHNAK|S1007	46	1.189389	0.44323215
AHNAK|S1010	150	1.021004	0.5
AHNAK|S1042	214	1.2101741	0.5
AHNAK|S1068	230	0.95156056	0.5
AHNAK|S110	143	0.76921904	0.49382028
AHNAK|S1123	208	1.341419	0.5
AHNAK|S1135	0	0.0	0.1
AHNAK|S1138	0	0.0	0.1
AHNAK|S115	147	0.2302946	0.17754374
AHNAK|S1158	73	0.37897405	0.21771738
AHNAK|S1170	154	1.6678858	0.5
AHNAK|S1196	0	0.0	0.1
AHNAK|S1216	0	0.0	0.1
AHNAK|S1263	0	0.0	0.1
AHNAK|S1286	26	1.4828997	0.38536024
AHNAK|S1298	204	1.3336935	0.5
AHNAK|S1324	0	0.0	0.1
AHNAK|S1344	78	0.8708759	0.43779954
AHNAK|S135	247	1.0167761	0.5
AHNAK|S1367	0	0.0	0.1
AHNAK|S1391	0	0.0	0.1
AHNAK|S1452	171	0.7850452	0.5
AHNAK|S1519	0	0.0	0.1
AHNAK|S1571	46	0.94480395	0.3661711
AHNAK|S1580	193	1.0364438	0.5
AHNAK|S1654	0	0.0	0.1
AHNAK|S1721	0	0.0	0.1
AHNAK|S177	229	1.1867106	0.5
AHNAK|S1782	41	0.7988398	0.3032087
AHNAK|S18	138	0.1578801	0.13356073
AHNAK|S1802	133	0.7392233	0.46487853
AHNAK|S1856	0	0.0	0.1
AHNAK|S1923	0	0.0	0.1
AHNAK|S1943	0	0.0	0.1
AHNAK|S1990	0	0.0	0.1
AHNAK|S2057	0	0.0	0.1
AHNAK|S2080	0	0.0	0.1
AHNAK|S2092	0	0.0	0.1
AHNAK|S210	241	0.7367825	0.5
AHNAK|S210_S212	0	0.0	0.1
AHNAK|S210_S216	11	0.21392812	0.11129017
AHNAK|S2118	0	0.0	0.1
AHNAK|S212	183	1.0049933	0.5
AHNAK|S212_S216	7	0.12444406	0.10159914
AHNAK|S2138	184	1.1126783	0.5
AHNAK|S216	241	0.8446912	0.5
AHNAK|S216_S220	0	0.0	0.1
AHNAK|S216_T218	0	0.0	0.1
AHNAK|S2185	68	1.045517	0.48270926
AHNAK|S220	209	1.3175553	0.5
AHNAK|S2252	0	0.0	0.1
AHNAK|S2287	0	0.0	0.1
AHNAK|S230	0	0.0	0.1
AHNAK|S2313	0	0.0	0.1
AHNAK|S2333	0	0.0	0.1
AHNAK|S2387	125	1.1289376	0.5
AHNAK|S2397	0	0.0	0.1
AHNAK|S242	0	0.0	0.1
AHNAK|S2423	0	0.0	0.1
AHNAK|S2454	0	0.0	0.1
AHNAK|S2519	0	0.0	0.1
AHNAK|S2542	0	0.0	0.1
AHNAK|S256	131	0.78764236	0.48996168
AHNAK|S2580	194	1.0817438	0.5
AHNAK|S2600	0	0.0	0.1
AHNAK|S2647	0	0.0	0.1
AHNAK|S2670	0	0.0	0.1
AHNAK|S2708	45	1.161995	0.42958465
AHNAK|S2728	0	0.0	0.1
AHNAK|S2775	0	0.0	0.1
AHNAK|S2798	0	0.0	0.1
AHNAK|S283	151	0.58495283	0.39174452
AHNAK|S2836	96	1.4752288	0.5
AHNAK|S2903	0	0.0	0.1
AHNAK|S295	0	0.0	0.1
AHNAK|S2984	149	1.8840947	0.5
AHNAK|S3031	0	0.0	0.1
AHNAK|S3054	26	1.6451892	0.41884854
AHNAK|S3092	0	0.0	0.1
AHNAK|S3112	161	1.46954	0.5
AHNAK|S3159	0	0.0	0.1
AHNAK|S3182	0	0.0	0.1
AHNAK|S3220	45	1.161995	0.42958465
AHNAK|S3294	119	1.1759266	0.5
AHNAK|S3314	0	0.0	0.1
AHNAK|S332	163	0.5023064	0.34933817
AHNAK|S3326	76	0.9245572	0.4560588
AHNAK|S3360	182	1.2616538	0.5
AHNAK|S337	68	0.68119437	0.33524534
AHNAK|S3412	178	1.4450972	0.5
AHNAK|S3416	0	0.0	0.1
AHNAK|S3426	134	1.3460323	0.5
AHNAK|S3483	39	0.33492613	0.16591454
AHNAK|S3544	0	0.0	0.1
AHNAK|S3564	0	0.0	0.1
AHNAK|S3611	0	0.0	0.1
AHNAK|S3672	144	1.5357282	0.5
AHNAK|S3724	104	1.8825742	0.5
AHNAK|S3746	0	0.0	0.1
AHNAK|S3766	0	0.0	0.1
AHNAK|S379	169	1.0607141	0.5
AHNAK|S3813	0	0.0	0.1
AHNAK|S3836	0	0.0	0.1
AHNAK|S3874	0	0.0	0.1
AHNAK|S3894	0	0.0	0.1
AHNAK|S3941	0	0.0	0.1
AHNAK|S3964	0	0.0	0.1
AHNAK|S4002	0	0.0	0.1
AHNAK|S4022	0	0.0	0.1
AHNAK|S4069	0	0.0	0.1
AHNAK|S4092	0	0.0	0.1
AHNAK|S41	182	0.6798097	0.4742034
AHNAK|S4130	20	0.91401666	0.23566946
AHNAK|S4150	0	0.0	0.1
AHNAK|S4197	0	0.0	0.1
AHNAK|S4220	0	0.0	0.1
AHNAK|S4258	0	0.0	0.1
AHNAK|S4278	0	0.0	0.1
AHNAK|S4325	0	0.0	0.1
AHNAK|S4360	132	2.089358	0.5
AHNAK|S4386	146	1.2747549	0.5
AHNAK|S440	0	0.0	0.1
AHNAK|S4406	0	0.0	0.1
AHNAK|S4425	204	1.2662885	0.5
AHNAK|S4425_T4430	0	0.0	0.1
AHNAK|S4460	0	0.0	0.1
AHNAK|S4480	0	0.0	0.1
AHNAK|S4486	181	1.1053694	0.5
AHNAK|S4516	0	0.0	0.1
AHNAK|S4520	181	1.7108886	0.5
AHNAK|S4522	171	1.5684034	0.5
AHNAK|S4540	0	0.0	0.1
AHNAK|S4594	0	0.0	0.1
AHNAK|S4661	0	0.0	0.1
AHNAK|S4684	0	0.0	0.1
AHNAK|S4715	0	0.0	0.1
AHNAK|S4722	0	0.0	0.1
AHNAK|S4789	0	0.0	0.1
AHNAK|S4812	0	0.0	0.1
AHNAK|S4850	182	0.9768955	0.5
AHNAK|S4900	0	0.0	0.1
AHNAK|S4908	195	1.0031061	0.5
AHNAK|S4933	0	0.0	0.1
AHNAK|S4953	0	0.0	0.1
AHNAK|S4960	14	0.15474759	0.10672339
AHNAK|S501	0	0.0	0.1
AHNAK|S5013	0	0.0	0.1
AHNAK|S5031	191	0.69831806	0.4927105
AHNAK|S5054	0	0.0	0.1
AHNAK|S5077	75	0.453334	0.25142887
AHNAK|S508	37	-0.22490332	0.012252394
AHNAK|S5099	0	0.0	0.1
AHNAK|S511	236	1.1136603	0.5
AHNAK|S5110	247	0.8386621	0.5
AHNAK|S5125	0	0.0	0.1
AHNAK|S5195	0	0.0	0.1
AHNAK|S521	0	0.0	0.1
AHNAK|S5214	0	0.0	0.1
AHNAK|S5261	152	0.54679537	0.36949563
AHNAK|S5279	71	0.4825683	0.25884414
AHNAK|S5289	0	0.0	0.1
AHNAK|S5293	65	0.90267634	0.41620585
AHNAK|S5298	190	0.96022356	0.5
AHNAK|S5310	0	0.0	0.1
AHNAK|S5318	190	1.625248	0.5
AHNAK|S5332	74	0.6591988	0.3378202
AHNAK|S5369	0	0.0	0.1
AHNAK|S5386	74	1.3610432	0.5
AHNAK|S539	160	0.7650046	0.5
AHNAK|S5393	165	1.2956724	0.5
AHNAK|S5397	154	1.0937866	0.5
AHNAK|S5400	230	0.88047594	0.5
AHNAK|S5418	0	0.0	0.1
AHNAK|S5430	150	1.0128005	0.5
AHNAK|S5448	247	0.85917115	0.5
AHNAK|S5464	0	0.0	0.1
AHNAK|S5519	37	0.62354344	0.24139494
AHNAK|S5530	80	0.97042316	0.48685473
AHNAK|S5542	0	0.0	0.1
AHNAK|S5552	120	0.9090006	0.5
AHNAK|S5555	0	0.0	0.1
AHNAK|S5577	77	1.4523994	0.5
AHNAK|S5582	7	0.38287374	0.11850576
AHNAK|S5589	108	1.5780467	0.5
AHNAK|S5593	173	1.1617556	0.5
AHNAK|S5620	184	0.8445456	0.5
AHNAK|S5641	0	0.0	0.1
AHNAK|S5690	0	0.0	0.1
AHNAK|S570	241	0.9901883	0.5
AHNAK|S572	227	1.2306049	0.5
AHNAK|S5731	241	0.9346594	0.5
AHNAK|S5731_S5735	4	0.0072187553	0.096431494
AHNAK|S5735	224	0.89201957	0.5
AHNAK|S5737	192	1.357057	0.5
AHNAK|S5739	205	1.1040313	0.5
AHNAK|S5749	247	1.3726248	0.5
AHNAK|S5749_S5752	12	-0.07348085	0.08141277
AHNAK|S5749_S5752_S5763	0	0.0	0.1
AHNAK|S5749_S5763	4	0.42088383	0.11234169
AHNAK|S5752	247	1.0095917	0.5
AHNAK|S5752_S5762	5	0.047013436	0.09747683
AHNAK|S5752_S5763	22	1.3150584	0.31910887
AHNAK|S5763	241	0.9734139	0.5
AHNAK|S5780	186	0.6908739	0.48427466
AHNAK|S5780_S5782	0	0.0	0.1
AHNAK|S5782	192	0.82144845	0.5
AHNAK|S5830	185	0.9803418	0.5
AHNAK|S5841	229	0.77744144	0.5
AHNAK|S5851	186	0.94795936	0.5
AHNAK|S5851_S5854	0	0.0	0.1
AHNAK|S5851_S5854_S5857	0	0.0	0.1
AHNAK|S5851_S5857	0	0.0	0.1
AHNAK|S5854	173	1.0388235	0.5
AHNAK|S5857	189	0.8261371	0.5
AHNAK|S5863	191	0.6078221	0.4333128
AHNAK|S613	0	0.0	0.1
AHNAK|S658	0	0.0	0.1
AHNAK|S698	67	0.6863947	0.33526015
AHNAK|S758	0	0.0	0.1
AHNAK|S781	97	1.2558995	0.5
AHNAK|S793	176	1.3231987	0.5
AHNAK|S819	184	0.8693001	0.5
AHNAK|S845	156	1.0960561	0.5
AHNAK|S886	75	0.6091651	0.3182136
AHNAK|S909	0	0.0	0.1
AHNAK|S93	235	1.0973195	0.5
AHNAK|S947	0	0.0	0.1
AHNAK|S983	0	0.0	0.1
AHNAK|T158	86	0.18289664	0.13832857
AHNAK|T247	4	0.3768839	0.110649385
AHNAK|T2845	0	0.0	0.1
AHNAK|T3366	112	0.83222705	0.48683694
AHNAK|T3716	200	1.2366023	0.5
AHNAK|T376	0	0.0	0.1
AHNAK|T4100	205	1.0652076	0.5
AHNAK|T4430	73	0.6239045	0.32106957
AHNAK|T4564	54	0.77120537	0.33535773
AHNAK|T4742	0	0.0	0.1
AHNAK|T4766	156	0.9207601	0.5
AHNAK|T4877	6	0.11142602	0.10064676
AHNAK|T490	0	0.0	0.1
AHNAK|T545	22	1.399503	0.33433658
AHNAK|T551	134	0.67821145	0.43111256
AHNAK|T5796_T5798	0	0.0	0.1
AHNAK|T5824	144	0.8580015	0.5
AHNAK|T5839	74	0.7714859	0.3855745
AHNAK|T651	0	0.0	0.1
AHNAK|T99	151	0.8239135	0.5
AHSG|S135	61	0.35808328	0.19778311
AHSG|S138	186	1.2555188	0.5
AHSG|S139	0	0.0	0.1
AHSG|S300	0	0.0	0.1
AHSG|S302	0	0.0	0.1
AHSG|S329	0	0.0	0.1
AHSG|S330	133	0.8347717	0.5
AHSG|S331	0	0.0	0.1
AIDA|S144	61	0.85583615	0.38637272
AIDA|S162	156	1.0036772	0.5
AIDA|S82	52	0.37879345	0.19537671
AIF1|S39	192	1.7461972	0.5
AIFM1|S519	161	0.63309205	0.42884222
AIMP1|S140	85	0.95468843	0.49269468
AJUBA|S119	229	0.877462	0.5
AJUBA|S237	0	0.0	0.1
AJUBA|S263	176	0.5210275	0.3684813
AJUBA|S79	180	1.0200318	0.5
AJUBA|T114	11	-0.041995995	0.08592832
AKAP10|S173	0	0.0	0.1
AKAP10|S187	200	0.62536025	0.45024016
AKAP10|S278	0	0.0	0.1
AKAP10|S281	73	1.2803192	0.5
AKAP10|S96	0	0.0	0.1
AKAP11|S1240_S1242	0	0.0	0.1
AKAP11|S1242	218	0.90858924	0.5
AKAP11|S1580	180	0.973031	0.5
AKAP11|S18	186	0.99913603	0.5
AKAP11|S288	67	0.6956579	0.33897653
AKAP11|S422	106	0.7760575	0.44787422
AKAP11|S422_S433	0	0.0	0.1
AKAP11|S433	0	0.0	0.1
AKAP11|S444	171	1.0198642	0.5
AKAP11|S448	234	1.1414149	0.5
AKAP11|T1100	181	0.31231323	0.2367569
AKAP11|T1485	155	1.6273696	0.5
AKAP12|S1119	56	-0.06538814	0.0406299
AKAP12|S1226	0	0.0	0.1
AKAP12|S1256	0	0.0	0.1
AKAP12|S1328	0	0.0	0.1
AKAP12|S1331	228	1.0393838	0.5
AKAP12|S1395	102	0.33568847	0.21901102
AKAP12|S1512	0	0.0	0.1
AKAP12|S1587	176	0.4546475	0.32615203
AKAP12|S1674	127	0.17744449	0.14332798
AKAP12|S219	0	0.0	0.1
AKAP12|S248	156	1.4123347	0.5
AKAP12|S253	0	0.0	0.1
AKAP12|S258	0	0.0	0.1
AKAP12|S283	212	0.78928316	0.5
AKAP12|S286	206	0.9811593	0.5
AKAP12|S347	64	0.5150598	0.26197457
AKAP12|S364	0	0.0	0.1
AKAP12|S371	234	1.1176947	0.5
AKAP12|S483	137	1.2272773	0.5
AKAP12|S514	68	0.92911214	0.43559304
AKAP12|S554	0	0.0	0.1
AKAP12|S554_S557	0	0.0	0.1
AKAP12|S598	198	0.7486575	0.5
AKAP12|S612	195	0.9732833	0.5
AKAP12|S627	184	0.56658363	0.40229362
AKAP12|S627_S629	0	0.0	0.1
AKAP12|S651	59	0.75661266	0.34364873
AKAP12|S660	0	0.0	0.1
AKAP12|S696_S697_S698	0	0.0	0.1
AKAP12|S698	199	0.4500746	0.33299282
AKAP12|S75	56	0.9588936	0.40832078
AKAP12|S806	0	0.0	0.1
AKAP12|S887	67	0.5042492	0.26218382
AKAP12|S96	142	0.6359482	0.414482
AKAP12|T1116	178	0.6770246	0.4694618
AKAP12|T1760	154	0.71651846	0.47379467
AKAP12|T608	0	0.0	0.1
AKAP12|T608_S612	0	0.0	0.1
AKAP13|S1119	0	0.0	0.1
AKAP13|S1324	0	0.0	0.1
AKAP13|S1330	0	0.0	0.1
AKAP13|S1411	186	1.1221997	0.5
AKAP13|S147	0	0.0	0.1
AKAP13|S1507	178	0.65933025	0.4581323
AKAP13|S1559	11	0.29526886	0.11935097
AKAP13|S1565	186	0.29008546	0.22362202
AKAP13|S1646	0	0.0	0.1
AKAP13|S1646_S1649	0	0.0	0.1
AKAP13|S1649	0	0.0	0.1
AKAP13|S1649_S1651	0	0.0	0.1
AKAP13|S1651	0	0.0	0.1
AKAP13|S1880	0	0.0	0.1
AKAP13|S1899	0	0.0	0.1
AKAP13|S1910	0	0.0	0.1
AKAP13|S1933	0	0.0	0.1
AKAP13|S205	0	0.0	0.1
AKAP13|S2349	0	0.0	0.1
AKAP13|S2402	71	0.2755106	0.17287283
AKAP13|S2402_S2406	0	0.0	0.1
AKAP13|S2502	0	0.0	0.1
AKAP13|S2565	0	0.0	0.1
AKAP13|S2567	161	0.392178	0.2802324
AKAP13|S267_S269	0	0.0	0.1
AKAP13|S269	0	0.0	0.1
AKAP13|S2703	0	0.0	0.1
AKAP13|S2707	0	0.0	0.1
AKAP13|S2713	0	0.0	0.1
AKAP13|S2724	0	0.0	0.1
AKAP13|S2732	0	0.0	0.1
AKAP13|S497	0	0.0	0.1
AKAP13|S51	0	0.0	0.1
AKAP13|S516	0	0.0	0.1
AKAP13|S790	140	0.30162176	0.2176127
AKAP13|S966	0	0.0	0.1
AKAP13|S983	179	0.6367902	0.4443923
AKAP13|T1032	0	0.0	0.1
AKAP13|T1088	0	0.0	0.1
AKAP13|T1149	78	1.5313064	0.5
AKAP13|T1934	0	0.0	0.1
AKAP13|T2415	0	0.0	0.1
AKAP13|T2471	0	0.0	0.1
AKAP13|T953	55	0.508098	0.24480896
AKAP17A|S499	47	1.1379415	0.43185884
AKAP17A|S537	247	0.56063807	0.42788935
AKAP17A|S633	181	0.87872255	0.5
AKAP1|S107	201	0.79726547	0.5
AKAP1|S150	49	1.4496847	0.5
AKAP1|S151	165	0.84284896	0.5
AKAP1|S429	7	0.17851776	0.10513668
AKAP1|S592	191	0.61124897	0.43556204
AKAP1|T533	111	0.3884959	0.251768
AKAP5|S18	149	0.5248922	0.3542528
AKAP8L|S222	0	0.0	0.1
AKAP8L|S265	0	0.0	0.1
AKAP8L|S491	0	0.0	0.1
AKAP8|S112	181	0.38570318	0.28402942
AKAP8|S323_S328	0	0.0	0.1
AKAP8|S323_S328_S339	0	0.0	0.1
AKAP8|S328	186	0.79478186	0.5
AKAP8|S328_S339	0	0.0	0.1
AKAP8|S339	186	0.9642283	0.5
AKAP9|S1327	75	0.65730226	0.33884382
AKAP9|S2476	0	0.0	0.1
AKAP9|S3576	62	0.39285412	0.21207997
AKAP9|S3835	65	0.8990322	0.41477028
AKAP9|S3842	71	1.007105	0.4766342
AKAP9|T795	0	0.0	0.1
AKNA|S1228	63	0.5181878	0.2616309
AKNA|S316	160	1.1269692	0.5
AKNA|S52	148	2.0565429	0.5
AKNA|S770	171	1.2788056	0.5
AKR1C1|S232	0	0.0	0.1
AKR1C3|S232	0	0.0	0.1
AKR1C3|S73	0	0.0	0.1
AKR7A2|S220	0	0.0	0.1
AKR7A2|S255	186	0.7429473	0.5
AKT1S1|S183	155	1.0548745	0.5
AKT1S1|S202_S203	0	0.0	0.1
AKT1S1|S203	186	0.5777324	0.4106931
AKT1S1|S211_S212	0	0.0	0.1
AKT1S1|S212	186	0.5187972	0.37236464
AKT1S1|S88	0	0.0	0.1
AKT1S1|S88_S92	0	0.0	0.1
AKT1S1|S92	0	0.0	0.1
AKT1S1|T246	206	1.2876524	0.5
AKT2|S34	106	1.0748246	0.5
AKT2|S474	0	0.0	0.1
AKT2|T451	237	0.98733056	0.5
AKT3|S34	128	1.3132377	0.5
AKT3|T443	0	0.0	0.1
AKT3|T445	0	0.0	0.1
AKT3|T447	64	0.094399124	0.09781429
ALAD|S215	0	0.0	0.1
ALB|S29	76	0.8011759	0.4027805
ALB|S294	106	0.52503103	0.3187053
ALB|S443	55	-0.27944237	-0.03464084
ALB|S451	75	-0.087762535	0.019530345
ALB|S82	111	2.1451888	0.5
ALB|S89	0	0.0	0.1
ALB|T100	0	0.0	0.1
ALB|T190	0	0.0	0.1
ALB|T260	0	0.0	0.1
ALB|T446	0	0.0	0.1
ALB|T551	0	0.0	0.1
ALB|T71	0	0.0	0.1
ALB|T76	0	0.0	0.1
ALDH1A1|S413	111	0.86376804	0.5
ALDH1A1|T144	92	0.111309476	0.10541912
ALDH1A1|T267	0	0.0	0.1
ALDH1A1|T337	52	0.90893346	0.3767404
ALDH2|T283	0	0.0	0.1
ALDH3A2|S293	186	1.4062383	0.5
ALDH9A1|S11	0	0.0	0.1
ALDOA|S132	0	0.0	0.1
ALDOA|S272	0	0.0	0.1
ALDOA|S276	0	0.0	0.1
ALDOA|S309	0	0.0	0.1
ALDOA|S36	211	1.0044013	0.5
ALDOA|S39	241	0.7394016	0.5
ALDOA|S46	247	0.37251452	0.29398006
ALDOA|T37	193	0.6404064	0.45596737
ALDOA|Y204	0	0.0	0.1
ALDOC|S36	111	1.404768	0.5
ALDOC|S45	191	0.3872485	0.28853765
ALDOC|Y204	0	0.0	0.1
ALG3|S11	182	0.9521274	0.5
ALG3|S11_S13	0	0.0	0.1
ALG3|S13	186	1.2856442	0.5
ALKBH5|S361	186	0.70258224	0.49188918
ALKBH5|S371	178	1.481479	0.5
ALKBH5|S379	0	0.0	0.1
ALKBH5|S384	185	1.1532899	0.5
ALKBH5|S64	186	0.92004305	0.5
ALKBH5|S69	182	0.7574885	0.5
ALKBH5|S96	120	0.301123	0.20970346
ALMS1|S465	0	0.0	0.1
ALMS1|S93	0	0.0	0.1
ALPK1|S721	60	1.3206855	0.5
ALPK3|S1406	0	0.0	0.1
ALPK3|T728	0	0.0	0.1
ALPL|S110	186	1.0568854	0.5
ALS2CL|S636	68	0.07606092	0.09031037
ALS2|S1335	186	0.99417794	0.5
ALS2|S1464	131	0.84534925	0.5
ALS2|S466	206	0.48292485	0.35778603
ALS2|S483	182	-0.1044872	-0.03197401
ALS2|S483_S492	0	0.0	0.1
ALS2|S492	186	0.29279792	0.22538607
ALYREF|S101	0	0.0	0.1
ALYREF|S15	0	0.0	0.1
ALYREF|S246	0	0.0	0.1
AMER1|S246	0	0.0	0.1
AMOTL1|S191	0	0.0	0.1
AMOTL1|S272	0	0.0	0.1
AMOTL1|S743	0	0.0	0.1
AMOTL1|S755	0	0.0	0.1
AMOTL1|S778	0	0.0	0.1
AMOTL1|S856	0	0.0	0.1
AMOTL1|S874	0	0.0	0.1
AMOTL2|S224	0	0.0	0.1
AMOTL2|S294	0	0.0	0.1
AMOTL2|S598	0	0.0	0.1
AMOTL2|S817	0	0.0	0.1
AMOT|S229	0	0.0	0.1
AMOT|S714	181	0.09711867	0.098144054
AMOT|S823	53	1.2756015	0.5
AMPD2|S100	41	0.8605346	0.32114834
AMPD2|S134	57	1.15287	0.48225218
AMPD2|S168	61	0.82094365	0.37315255
AMPD2|S190	219	0.93474823	0.5
AMPD2|S76	150	0.4129377	0.28776264
AMPD3|S94	0	0.0	0.1
AMPH|S506	54	1.776122	0.5
ANAPC1|S1347	99	0.98855597	0.5
ANAPC1|S343	6	0.28194588	0.11029883
ANAPC1|S355	0	0.0	0.1
ANAPC1|S547	0	0.0	0.1
ANAPC1|S555	0	0.0	0.1
ANAPC1|S688	195	0.36547735	0.275485
ANAPC2|S218	0	0.0	0.1
ANAPC2|S314	157	0.7603798	0.5
ANAPC2|S532	5	0.021924667	0.09628213
ANAPC2|S534	158	0.60785544	0.41101223
ANK1|S1428	172	1.6453633	0.5
ANK1|S1593	157	1.6322887	0.5
ANK1|S1666	172	0.96083516	0.5
ANK1|S1686	221	0.7631753	0.5
ANK1|S429	181	1.4712332	0.5
ANK1|S781	186	1.1979569	0.5
ANK1|S834	186	1.1459259	0.5
ANK1|S856	138	0.19804505	0.15684965
ANK1|T1378	207	1.2328036	0.5
ANK1|T1380	94	0.8996033	0.48743665
ANK2|S1846	46	0.22290702	0.13872412
ANK2|S1858	41	0.50902903	0.21893752
ANK2|S1882	0	0.0	0.1
ANK2|S1905	61	0.24016027	0.1531042
ANK2|S1929	67	0.43001205	0.23240004
ANK2|S1964	56	-0.08397567	0.03395745
ANK2|S1976	58	0.3306089	0.18465391
ANK2|S31	0	0.0	0.1
ANK2|S3792	93	1.6175131	0.5
ANK2|S3793	137	0.7349439	0.4670351
ANK2|S3823	186	0.4149423	0.30482262
ANK2|S3845	169	1.561464	0.5
ANK2|S3882_S3883	0	0.0	0.1
ANK2|S825	0	0.0	0.1
ANK2|S846	11	-0.034781873	0.086643234
ANK3|S1444	0	0.0	0.1
ANK3|S1451	0	0.0	0.1
ANK3|S1463	0	0.0	0.1
ANK3|S1463_S1466	0	0.0	0.1
ANK3|S1466	0	0.0	0.1
ANK3|S1470	0	0.0	0.1
ANK3|S1473	0	0.0	0.1
ANK3|S1477	0	0.0	0.1
ANK3|S1713	0	0.0	0.1
ANK3|S1720	0	0.0	0.1
ANK3|S1782	0	0.0	0.1
ANK3|S1790	0	0.0	0.1
ANK3|S1826	0	0.0	0.1
ANK3|S1833	0	0.0	0.1
ANK3|S22	0	0.0	0.1
ANK3|S33	0	0.0	0.1
ANK3|S39	175	0.6101223	0.42462328
ANK3|S4352	0	0.0	0.1
ANK3|S4465	0	0.0	0.1
ANK3|S606	0	0.0	0.1
ANK3|S617	0	0.0	0.1
ANK3|S623	0	0.0	0.1
ANK3|S830	0	0.0	0.1
ANK3|S841	0	0.0	0.1
ANK3|S847	111	1.391218	0.5
ANK3|S861	0	0.0	0.1
ANK3|S890	0	0.0	0.1
ANK3|S914	0	0.0	0.1
ANKFY1|S903	0	0.0	0.1
ANKHD1|S1591_S1593	0	0.0	0.1
ANKHD1|S1670	103	1.7534467	0.5
ANKHD1|S803	82	2.4809883	0.5
ANKHD1|T1653	0	0.0	0.1
ANKIB1|S304	0	0.0	0.1
ANKIB1|S737	209	0.5056892	0.3743982
ANKLE2|S268	58	0.87820274	0.38566935
ANKLE2|S528	6	0.266369	0.10941711
ANKLE2|S662	65	-0.18463708	-0.012129761
ANKRD11|S1079	0	0.0	0.1
ANKRD11|S1225	0	0.0	0.1
ANKRD11|S1225_S1228	0	0.0	0.1
ANKRD11|S1389	154	0.9008573	0.5
ANKRD11|S1983	0	0.0	0.1
ANKRD11|S2374	135	1.1348901	0.5
ANKRD11|S73	0	0.0	0.1
ANKRD11|S812	0	0.0	0.1
ANKRD12|S1120	0	0.0	0.1
ANKRD12|S1166	52	0.045600634	0.081389695
ANKRD12|S1232	0	0.0	0.1
ANKRD12|S126	0	0.0	0.1
ANKRD12|S1288	0	0.0	0.1
ANKRD12|S1776	0	0.0	0.1
ANKRD12|S607	0	0.0	0.1
ANKRD13D|S465_T469	0	0.0	0.1
ANKRD17|S1946	0	0.0	0.1
ANKRD17|S2058	0	0.0	0.1
ANKRD17|S2066	0	0.0	0.1
ANKRD26|S530	185	0.5243302	0.37544245
ANKRD26|S630	92	1.0991592	0.5
ANKRD27|S418	0	0.0	0.1
ANKRD27|S962	104	0.09314324	0.096504405
ANKRD27|T1023	68	0.38344386	0.21472728
ANKRD35|S686	0	0.0	0.1
ANKRD50|S1004	0	0.0	0.1
ANKRD50|S1238	0	0.0	0.1
ANKRD6|S484	0	0.0	0.1
ANKS1A|S626	186	1.9498183	0.5
ANKS1A|S634	144	0.82892215	0.5
ANKS1A|S647	184	1.8216492	0.5
ANKS1A|S652	173	0.55464697	0.38810962
ANKS1A|S663	226	1.056772	0.5
ANKS1A|S887	186	0.5875375	0.41706988
ANKS1A|T318	0	0.0	0.1
ANKZF1|S361	111	0.9782679	0.5
ANKZF1|S533	0	0.0	0.1
ANKZF1|S56	186	1.0071493	0.5
ANKZF1|S675	132	0.7497994	0.46971342
ANKZF1|T607	150	0.29917568	0.21950541
ANLN|S182	72	0.2549468	0.16486144
ANLN|S225	0	0.0	0.1
ANLN|S485	125	1.1395291	0.5
ANLN|S54	0	0.0	0.1
ANLN|S755	0	0.0	0.1
ANLN|S792	40	-0.1379545	0.032013
ANO6|S256	186	1.2738993	0.5
ANO8|S669	157	0.030980581	0.057836384
ANP32A|S27	168	0.973247	0.5
ANP32A|S27_S29	0	0.0	0.1
ANP32A|T15	235	1.0614263	0.5
ANP32B|T15	145	0.6735303	0.43943632
ANP32B|T244	211	0.9768917	0.5
ANTXR1|S362	168	1.2155207	0.5
ANXA1|S37	63	0.28369805	0.17099985
ANXA1|S45	0	0.0	0.1
ANXA2|S12	187	0.73588794	0.5
ANXA2|S127	153	1.2173367	0.5
ANXA2|S161	60	0.32949182	0.18605943
ANXA2|S18	147	0.72058403	0.46933544
ANXA2|S184	179	0.72224694	0.4992194
ANXA2|S221	0	0.0	0.1
ANXA2|T19	166	0.52009124	0.3621622
ANXA2|Y238	165	0.1940085	0.1585336
ANXA2|Y24	58	0.20505154	0.13856322
ANXA4|S127	0	0.0	0.1
ANXA4|S14	0	0.0	0.1
ANXA5|Y94	175	0.8217917	0.5
ANXA6|T535	41	0.77057326	0.29498938
AP1AR|S153	0	0.0	0.1
AP1AR|T195	0	0.0	0.1
AP1M1|T152	171	0.7415815	0.5
AP2A1|S649	0	0.0	0.1
AP2A1|S655	152	0.35857913	0.2559684
AP2M1|S151	0	0.0	0.1
AP2M1|S45	155	0.065799244	0.07921131
AP2M1|T150	0	0.0	0.1
AP2M1|T154	0	0.0	0.1
AP3B1|S227	0	0.0	0.1
AP3B1|S701_S703	0	0.0	0.1
AP3B1|T612	0	0.0	0.1
AP3B1|T761	0	0.0	0.1
AP3B2|S240	0	0.0	0.1
AP3D1|S632	63	1.1652595	0.5
AP3D1|S632_S634	0	0.0	0.1
AP3D1|S632_S634_S636	0	0.0	0.1
AP3D1|S658	186	0.77367204	0.5
AP3D1|S829	179	0.90222305	0.5
AP3D1|S931	0	0.0	0.1
APBA1|S242	154	0.2023555	0.16205807
APBA1|S285	180	1.0287886	0.5
APBA1|S568	172	0.790026	0.5
APBA1|T305_S313	0	0.0	0.1
APBA1|T370	101	-0.40809405	-0.15531093
APBA2|S11	0	0.0	0.1
APBA2|S283	0	0.0	0.1
APBA2|S468	0	0.0	0.1
APBA3|S11	138	0.79902107	0.5
APBA3|S46	0	0.0	0.1
APBB1IP|S526	228	1.091891	0.5
APBB1|S205	149	0.61287093	0.40689868
APBB1|S517	0	0.0	0.1
APBB2|S123	168	1.1378785	0.5
APBB2|S160	99	1.4163411	0.5
APBB2|S334	53	0.32092962	0.17653118
APBB2|S364	128	1.5034066	0.5
APBB2|S409	115	1.0420566	0.5
APBB2|S695	0	0.0	0.1
APBB2|S716	0	0.0	0.1
APBB2|T34	142	0.19779272	0.1573825
APC|S1042	154	0.09439628	0.09660247
APC|S1100	0	0.0	0.1
APC|S111	157	0.45407167	0.31630057
APC|S1371	0	0.0	0.1
APC|S2260	172	0.5851116	0.40676177
APC|S2290	0	0.0	0.1
APC|S2374	0	0.0	0.1
APC|S2449	188	0.3314661	0.25109592
APC|S2512	0	0.0	0.1
APC|S2724	0	0.0	0.1
APC|S2830	179	0.94472414	0.5
APC|S744	0	0.0	0.1
APC|T1438	0	0.0	0.1
APEH|S185	83	0.6294567	0.3401361
APEH|S187	188	0.7486109	0.5
API5|S457	61	0.7143729	0.33277482
API5|S462	114	1.5757535	0.5
API5|S464	241	0.910157	0.5
APIP|S87	216	0.9610439	0.5
APOA1|S191	69	0.6181006	0.3115322
APOA2|S54	0	0.0	0.1
APOA2|S68	141	1.1082019	0.5
APOA4|S259	153	1.6530496	0.5
APOBR|S118	167	1.1236348	0.5
APOBR|S162	159	0.6812045	0.4568012
APOBR|S175	186	0.749826	0.5
APOBR|S422	39	-0.05981515	0.05515978
APOBR|S611	0	0.0	0.1
APOBR|S73	108	0.53486556	0.3257956
APOBR|S900	72	0.25485405	0.16482262
APOBR|S939	75	0.22500919	0.15357536
APOBR|T572	74	0.07683157	0.090146765
APOBR|T637	75	1.0282061	0.49780262
APOB|S4048	202	1.46719	0.5
APOB|T4052	61	0.7005743	0.32754678
APOE|S147	193	1.2406461	0.5
APOL1|S311	190	0.64420766	0.45654982
APOL1|S311_S314	0	0.0	0.1
APOL1|S314	197	0.12123013	0.11408195
APOL2|S250	74	0.756085	0.37902465
APPL1|S401	217	0.6514576	0.4774962
APPL1|S403	0	0.0	0.1
APPL1|S410	49	1.4418393	0.5
APPL1|S636	0	0.0	0.1
APPL1|T399	0	0.0	0.1
APP|S441	152	1.394792	0.5
APRT|S15	84	0.73247325	0.3887378
APTX|S132	186	0.9344164	0.5
AQP1|S262	192	0.48948613	0.35610044
ARAF|S157	197	0.9724991	0.5
ARAF|S186	157	0.8971655	0.5
ARAF|S257	182	1.2586558	0.5
ARAF|S582	55	0.38573292	0.20138909
ARAF|T181	0	0.0	0.1
ARAP1|S1419	67	1.3720932	0.5
ARAP1|S1428	175	1.0202665	0.5
ARAP1|S1435	0	0.0	0.1
ARAP1|S229	179	1.1236199	0.5
ARAP1|S729	0	0.0	0.1
ARAP3|S1444	177	0.9947619	0.5
ARAP3|S1480	0	0.0	0.1
ARAP3|S235	0	0.0	0.1
ARCN1|T437	0	0.0	0.1
ARFGAP1|S102	0	0.0	0.1
ARFGAP1|S298	0	0.0	0.1
ARFGAP1|S303	0	0.0	0.1
ARFGAP1|S316	0	0.0	0.1
ARFGAP1|S333	0	0.0	0.1
ARFGAP1|S97	0	0.0	0.1
ARFGAP1|T136	0	0.0	0.1
ARFGAP1|T82	0	0.0	0.1
ARFGAP2|S146	104	0.6084598	0.3592148
ARFGAP2|S240	184	1.1855547	0.5
ARFGAP2|S340	153	1.6831827	0.5
ARFGAP2|S364	72	1.0522815	0.49862945
ARFGAP2|S368	186	1.2516829	0.5
ARFGAP2|S432	207	1.3363144	0.5
ARFGAP3|S143	0	0.0	0.1
ARFGAP3|S451	184	1.1057706	0.5
ARFGEF1|S1079	247	1.1249595	0.5
ARFGEF1|S1555	0	0.0	0.1
ARFGEF1|S1569	181	0.85645616	0.5
ARFGEF1|S52	164	0.96146387	0.5
ARFGEF2|S1511	150	0.88005334	0.5
ARFGEF2|S1513_S1514	0	0.0	0.1
ARFGEF2|S1525_S1528	0	0.0	0.1
ARFGEF2|S1528	186	0.48749623	0.35200804
ARFGEF2|S1534	161	1.1290538	0.5
ARFGEF2|S349	186	0.85696125	0.5
ARFGEF3|S1061	120	0.8247552	0.49532104
ARFGEF3|S1061_S1066	0	0.0	0.1
ARFGEF3|S1066	55	-0.009248842	0.06123428
ARFGEF3|S1741	70	0.49917817	0.2643675
ARFGEF3|S1888	0	0.0	0.1
ARFGEF3|S1991	116	0.50521773	0.3176169
ARFGEF3|S2061	141	1.4319012	0.5
ARFGEF3|S2079	0	0.0	0.1
ARFGEF3|S2081	182	0.6506459	0.4553814
ARFGEF3|S471	120	0.16777954	0.13697067
ARFGEF3|S538	0	0.0	0.1
ARFGEF3|S597	45	0.09732965	0.099171266
ARFGEF3|S636	48	0.2284885	0.14167196
ARFIP1|S132	135	1.2276531	0.5
ARFIP1|S24	0	0.0	0.1
ARFIP1|S28	65	0.46335086	0.24313822
ARFIP1|S36	0	0.0	0.1
ARFIP1|S36_S39	0	0.0	0.1
ARFIP1|S39	166	1.4878731	0.5
ARFIP1|S69	0	0.0	0.1
ARFIP1|S79	84	0.7509647	0.39717954
ARFIP1|S93	111	1.1125003	0.5
ARGLU1|S77	229	1.3902134	0.5
ARHGAP10|S591	55	0.007681943	0.067241974
ARHGAP12|S165	186	1.9715213	0.5
ARHGAP12|S176	176	0.76180106	0.5
ARHGAP12|S198	0	0.0	0.1
ARHGAP12|S201	183	0.8803246	0.5
ARHGAP12|S213	170	0.44737273	0.31871617
ARHGAP12|S213_S215	0	0.0	0.1
ARHGAP12|S215	185	0.5882762	0.41695124
ARHGAP12|S240	186	0.25410464	0.20022191
ARHGAP12|S262	0	0.0	0.1
ARHGAP12|S587	0	0.0	0.1
ARHGAP12|S592	141	0.87735224	0.5
ARHGAP12|T634	0	0.0	0.1
ARHGAP15|S243	161	1.3451277	0.5
ARHGAP15|S43	149	1.1452502	0.5
ARHGAP15|S64	152	1.0546551	0.5
ARHGAP17|S484	0	0.0	0.1
ARHGAP17|S575	61	0.61470044	0.29501072
ARHGAP17|S625	0	0.0	0.1
ARHGAP17|T679	0	0.0	0.1
ARHGAP18|S263	126	0.8215546	0.5
ARHGAP1|S35	112	0.18327881	0.14399636
ARHGAP1|S51	236	0.87548685	0.5
ARHGAP21|S1099	70	0.56249666	0.2904398
ARHGAP21|S1396	0	0.0	0.1
ARHGAP21|S1504	0	0.0	0.1
ARHGAP21|S1514	71	0.65910393	0.33214256
ARHGAP21|S1669	63	1.1756594	0.5
ARHGAP21|S1713	0	0.0	0.1
ARHGAP21|S1843	0	0.0	0.1
ARHGAP21|S253	0	0.0	0.1
ARHGAP21|S459	0	0.0	0.1
ARHGAP21|S612	0	0.0	0.1
ARHGAP21|S616	60	0.76580626	0.34967735
ARHGAP21|S857	0	0.0	0.1
ARHGAP21|S924	0	0.0	0.1
ARHGAP21|S954	71	1.12806	0.5
ARHGAP21|T1803	70	0.88025767	0.42128256
ARHGAP22|S16	0	0.0	0.1
ARHGAP22|S388	0	0.0	0.1
ARHGAP22|S491_S492	0	0.0	0.1
ARHGAP23|S351	116	-0.14077294	-0.029303987
ARHGAP23|S361	118	0.05768234	0.07709411
ARHGAP23|S372	0	0.0	0.1
ARHGAP23|S517	5	0.059196763	0.09805699
ARHGAP23|S598	143	1.0171881	0.5
ARHGAP23|S623	179	1.6909474	0.5
ARHGAP23|T1107	0	0.0	0.1
ARHGAP24|S391	186	0.8429568	0.5
ARHGAP24|S415	67	0.8739855	0.41052112
ARHGAP25|S363	0	0.0	0.1
ARHGAP25|S380	0	0.0	0.1
ARHGAP25|S495	0	0.0	0.1
ARHGAP25|S512	0	0.0	0.1
ARHGAP25|S534	0	0.0	0.1
ARHGAP25|T443	0	0.0	0.1
ARHGAP26|S584	0	0.0	0.1
ARHGAP27|S466	186	0.97624743	0.5
ARHGAP27|S481	44	0.633623	0.26305148
ARHGAP27|S638	138	1.3109686	0.5
ARHGAP27|S84	0	0.0	0.1
ARHGAP27|T680	0	0.0	0.1
ARHGAP28|S477	0	0.0	0.1
ARHGAP29|S1019	147	0.6558265	0.43079555
ARHGAP29|S1029	0	0.0	0.1
ARHGAP29|S171	167	1.2402161	0.5
ARHGAP29|S190	56	0.53094935	0.25469977
ARHGAP29|S499	149	0.5341496	0.35979232
ARHGAP29|S519	186	1.2736456	0.5
ARHGAP29|S559	157	0.33488202	0.24348824
ARHGAP29|S949	180	0.81773	0.5
ARHGAP30|S291	0	0.0	0.1
ARHGAP30|S630	178	1.192736	0.5
ARHGAP30|S630_S632	0	0.0	0.1
ARHGAP30|S632	186	0.9550082	0.5
ARHGAP30|S678	176	1.7687442	0.5
ARHGAP30|S709	185	1.67072	0.5
ARHGAP30|S996	0	0.0	0.1
ARHGAP31|S1178	186	0.51772887	0.37166983
ARHGAP31|S1312	68	0.45767674	0.24477392
ARHGAP31|S272	0	0.0	0.1
ARHGAP31|S306	159	1.798654	0.5
ARHGAP31|S346	160	1.4841559	0.5
ARHGAP31|S476	155	1.2377656	0.5
ARHGAP31|S629	186	0.50463074	0.3631515
ARHGAP31|S665	38	0.18739706	0.12406586
ARHGAP31|S944	0	0.0	0.1
ARHGAP31|S954	50	0.7913022	0.33043408
ARHGAP31|S974	0	0.0	0.1
ARHGAP31|T511	0	0.0	0.1
ARHGAP32|S1203	177	0.6391888	0.4445358
ARHGAP32|S1220	0	0.0	0.1
ARHGAP32|S1401	0	0.0	0.1
ARHGAP32|S1585	0	0.0	0.1
ARHGAP32|S587	0	0.0	0.1
ARHGAP32|S613	0	0.0	0.1
ARHGAP32|S655	134	0.67135316	0.42718515
ARHGAP32|S682	181	0.17273805	0.14685261
ARHGAP32|S821	145	1.4049993	0.5
ARHGAP32|S856	67	0.8298874	0.39282906
ARHGAP32|S871	62	1.0773108	0.47403252
ARHGAP32|S892	186	1.2417163	0.5
ARHGAP32|S952	211	0.93383056	0.5
ARHGAP32|T1236	5	-0.059664853	0.092396915
ARHGAP32|T867	0	0.0	0.1
ARHGAP35|S1134	186	0.6649532	0.46741712
ARHGAP35|S1150	45	0.4381792	0.20495215
ARHGAP35|S1176_S1179	0	0.0	0.1
ARHGAP35|S1179	194	0.30745566	0.23689252
ARHGAP35|S589	161	1.0467942	0.5
ARHGAP35|S770	165	0.5855202	0.40230504
ARHGAP35|S773	174	1.0096248	0.5
ARHGAP35|S970	180	0.83516437	0.5
ARHGAP35|S975	186	1.1502717	0.5
ARHGAP35|S985	152	0.5875648	0.39408672
ARHGAP39|S286	180	0.14407066	0.12833114
ARHGAP39|S296	0	0.0	0.1
ARHGAP39|S366	0	0.0	0.1
ARHGAP39|S384	0	0.0	0.1
ARHGAP39|S407	0	0.0	0.1
ARHGAP39|S432	0	0.0	0.1
ARHGAP39|S604	163	1.2727909	0.5
ARHGAP42|S714	0	0.0	0.1
ARHGAP44|S590	0	0.0	0.1
ARHGAP45|S23	165	1.4133635	0.5
ARHGAP45|S25	147	0.48314723	0.3280269
ARHGAP45|S569	148	1.060852	0.5
ARHGAP45|S619	201	2.2442849	0.5
ARHGAP45|S73	65	0.17990904	0.13147932
ARHGAP4|S900	0	0.0	0.1
ARHGAP4|S946	0	0.0	0.1
ARHGAP4|S970	0	0.0	0.1
ARHGAP5|S1124	83	0.8937597	0.46001127
ARHGAP5|S1173	196	0.78046703	0.5
ARHGAP5|S1173_S1176	5	0.27275133	0.108226255
ARHGAP5|S1176	178	0.5314556	0.37625572
ARHGAP5|S1195	167	1.0118521	0.5
ARHGAP5|S1195_S1202	0	0.0	0.1
ARHGAP5|S1202	165	1.1034259	0.5
ARHGAP5|S1218	180	1.2019455	0.5
ARHGAP5|S590	166	1.3804207	0.5
ARHGAP5|S765	77	0.8292191	0.41723093
ARHGAP5|S968	0	0.0	0.1
ARHGAP6|S37	62	1.2333596	0.5
ARHGAP6|S384	0	0.0	0.1
ARHGAP6|S714	0	0.0	0.1
ARHGAP6|S772	163	1.3827096	0.5
ARHGAP6|S850	0	0.0	0.1
ARHGAP6|S931	53	0.6794284	0.30071703
ARHGAP6|S939	140	0.4657871	0.3133758
ARHGAP9|S113	106	1.09936	0.5
ARHGAP9|S203	55	0.43168867	0.21769597
ARHGAP9|S456	0	0.0	0.1
ARHGAP9|S481	0	0.0	0.1
ARHGDIA|S34	182	0.6875903	0.47922498
ARHGDIA|S47	127	2.05617	0.5
ARHGDIA|T160	0	0.0	0.1
ARHGDIA|Y133	109	1.8429484	0.5
ARHGDIB|S176	0	0.0	0.1
ARHGDIB|S20	0	0.0	0.1
ARHGDIB|Y130	0	0.0	0.1
ARHGEF10L|S138	0	0.0	0.1
ARHGEF10L|S231	0	0.0	0.1
ARHGEF10|S1231	0	0.0	0.1
ARHGEF10|S308	0	0.0	0.1
ARHGEF10|S379	142	1.0191711	0.5
ARHGEF10|S59	48	0.60809803	0.26478857
ARHGEF10|T409	0	0.0	0.1
ARHGEF11|S1155	56	0.5256605	0.2528012
ARHGEF11|S1295	218	0.20064618	0.16899644
ARHGEF11|S1413	169	-0.08627339	-0.017026775
ARHGEF11|S1478	0	0.0	0.1
ARHGEF11|S1480	200	0.94356906	0.5
ARHGEF11|S150	0	0.0	0.1
ARHGEF11|S35	197	0.98448205	0.5
ARHGEF11|S556	0	0.0	0.1
ARHGEF11|S635	191	0.95053154	0.5
ARHGEF11|S663	150	0.5118326	0.34709957
ARHGEF11|S663_T668	0	0.0	0.1
ARHGEF11|S663_T668_T672	0	0.0	0.1
ARHGEF11|T1461_T1462	0	0.0	0.1
ARHGEF11|T1462	176	0.62229735	0.4330592
ARHGEF11|T668	179	0.74778825	0.5
ARHGEF11|T668_T672	0	0.0	0.1
ARHGEF11|T672	6	0.75990826	0.1373533
ARHGEF12|S1308	0	0.0	0.1
ARHGEF12|S1370	0	0.0	0.1
ARHGEF12|S1370_S1375	0	0.0	0.1
ARHGEF12|S1389_S1394	0	0.0	0.1
ARHGEF12|S22	177	0.96856886	0.5
ARHGEF12|S290	0	0.0	0.1
ARHGEF12|S41	172	1.1393673	0.5
ARHGEF12|T684	0	0.0	0.1
ARHGEF12|T717	0	0.0	0.1
ARHGEF12|T736	174	0.7974663	0.5
ARHGEF15|S107_S109	0	0.0	0.1
ARHGEF16|S107	189	0.44991812	0.32883918
ARHGEF16|S208	178	0.99562764	0.5
ARHGEF16|S230	182	1.9276425	0.5
ARHGEF16|S577	109	0.28467822	0.19631544
ARHGEF16|S6	160	0.8741498	0.5
ARHGEF17|S1002	0	0.0	0.1
ARHGEF17|S142	190	0.6431318	0.45584494
ARHGEF17|S145	0	0.0	0.1
ARHGEF17|S348	136	0.40541896	0.27600414
ARHGEF17|S376	39	0.58246875	0.23536894
ARHGEF17|S383	0	0.0	0.1
ARHGEF17|S395	55	0.046931934	0.0811694
ARHGEF17|S410	75	-0.039529417	0.040201683
ARHGEF17|S420	210	1.1130037	0.5
ARHGEF17|S43	0	0.0	0.1
ARHGEF17|S463	0	0.0	0.1
ARHGEF17|S527	5	-0.038694203	0.09339552
ARHGEF17|S546	176	1.3337114	0.5
ARHGEF17|S619	182	0.9895752	0.5
ARHGEF17|S735	207	0.8126882	0.5
ARHGEF17|S764	155	1.4883119	0.5
ARHGEF17|S930	147	1.1291602	0.5
ARHGEF17|S940	111	0.37163752	0.24289937
ARHGEF17|S961	0	0.0	0.1
ARHGEF17|T170	75	0.40416953	0.23035836
ARHGEF17|T1991	0	0.0	0.1
ARHGEF18|S1014	106	1.8121502	0.5
ARHGEF18|S1101	110	0.770265	0.4510912
ARHGEF18|S1103	118	1.3050988	0.5
ARHGEF18|S1124	0	0.0	0.1
ARHGEF18|S1152	0	0.0	0.1
ARHGEF18|S1160	0	0.0	0.1
ARHGEF18|S760	5	0.10684424	0.10032592
ARHGEF18|T1157	0	0.0	0.1
ARHGEF18|T960	0	0.0	0.1
ARHGEF19|S101	0	0.0	0.1
ARHGEF19|S197	64	0.41421553	0.2226207
ARHGEF1|S863	187	1.0163714	0.5
ARHGEF25|S516	0	0.0	0.1
ARHGEF25|S525	0	0.0	0.1
ARHGEF25|S595	0	0.0	0.1
ARHGEF25|S595_S599	0	0.0	0.1
ARHGEF25|T604	0	0.0	0.1
ARHGEF26|S124	171	1.0500445	0.5
ARHGEF26|S222	68	0.85986227	0.40756333
ARHGEF26|S392	187	0.77660304	0.5
ARHGEF26|S419	101	1.4418604	0.5
ARHGEF26|S80	163	1.0053583	0.5
ARHGEF26|T370	80	1.0330192	0.5
ARHGEF28|S1538	160	0.6217156	0.42105576
ARHGEF28|S535	167	1.8147585	0.5
ARHGEF28|S624	104	1.2409252	0.5
ARHGEF28|S758	71	0.06287776	0.084586665
ARHGEF2|S163	152	0.95409256	0.5
ARHGEF2|S172	168	1.23308	0.5
ARHGEF2|S174	221	1.5300374	0.5
ARHGEF2|S696	178	0.16227771	0.13987565
ARHGEF2|S711	171	1.0871917	0.5
ARHGEF2|S782	186	0.92463094	0.5
ARHGEF2|S886	186	0.9486906	0.5
ARHGEF2|S932	186	0.81447315	0.5
ARHGEF2|S956	246	0.8441526	0.5
ARHGEF2|T679	97	0.50464725	0.29924256
ARHGEF35|S340	121	2.4079952	0.5
ARHGEF35|S445	40	0.91590554	0.33311588
ARHGEF35|S445_S450	0	0.0	0.1
ARHGEF35|S450	41	0.850223	0.31814992
ARHGEF35|S57	185	2.1263602	0.5
ARHGEF37|S15	182	0.052449495	0.06931138
ARHGEF38|S55	141	1.5362601	0.5
ARHGEF38|T34	0	0.0	0.1
ARHGEF40|S1474	175	0.39652997	0.28870088
ARHGEF40|S262	179	1.3204873	0.5
ARHGEF40|S401	0	0.0	0.1
ARHGEF40|S419	0	0.0	0.1
ARHGEF40|S961	179	-0.17422612	-0.07593718
ARHGEF40|T371	167	1.508908	0.5
ARHGEF5|S1003	0	0.0	0.1
ARHGEF5|S1011	57	0.8684655	0.37899703
ARHGEF5|S1044	233	0.7539749	0.5
ARHGEF5|S11	215	0.9560927	0.5
ARHGEF5|S1405	181	0.54612976	0.38736472
ARHGEF5|S340	0	0.0	0.1
ARHGEF5|S445	166	0.49196523	0.3446099
ARHGEF5|S445_S450	0	0.0	0.1
ARHGEF5|S450	209	0.6459167	0.46924463
ARHGEF5|S57	6	0.58448124	0.12742347
ARHGEF5|S606	183	1.1377745	0.5
ARHGEF5|S983	170	1.3177636	0.5
ARHGEF6|S488	61	0.8199737	0.37278506
ARHGEF6|S640	242	0.90781385	0.5
ARHGEF6|S649	24	2.343479	0.5
ARHGEF6|S684	200	0.97863346	0.5
ARHGEF7|S132	0	0.0	0.1
ARHGEF7|S155	0	0.0	0.1
ARHGEF7|S497	0	0.0	0.1
ARHGEF7|S673	0	0.0	0.1
ARHGEF7|S682	0	0.0	0.1
ARHGEF7|S717	0	0.0	0.1
ARHGEF7|S736	0	0.0	0.1
ARID1A|S1184	186	1.2206302	0.5
ARID1A|S1604	0	0.0	0.1
ARID1A|S1751	181	0.8023821	0.5
ARID1A|S1944	145	0.6859507	0.44678718
ARID1A|S363	185	0.26510152	0.20717117
ARID1A|S382	175	1.2763051	0.5
ARID1A|S696	234	0.62867844	0.47039148
ARID1A|S696_S698	0	0.0	0.1
ARID1A|S772	189	0.43510064	0.31914887
ARID1B|S1595	0	0.0	0.1
ARID1B|S1612	0	0.0	0.1
ARID1B|S502	157	0.7722129	0.5
ARID1B|S516	0	0.0	0.1
ARID1B|T505	0	0.0	0.1
ARID2|S1300	0	0.0	0.1
ARID2|S1496	121	0.66898024	0.41152313
ARID2|T692	0	0.0	0.1
ARID3A|S101	179	2.2530727	0.5
ARID3A|S119	131	1.6326039	0.5
ARID3A|S77	184	1.0832748	0.5
ARID3A|S77_S81	9	0.6135548	0.1424036
ARID3A|S77_S81_S88	3	0.30133915	0.10586424
ARID4A|S1140_S1145	0	0.0	0.1
ARID4A|S147	0	0.0	0.1
ARID4A|S159_S160	0	0.0	0.1
ARID4A|S453_S455	0	0.0	0.1
ARID4A|S538_S542	0	0.0	0.1
ARID4A|S542	173	1.6672133	0.5
ARID4A|S561	44	0.77834445	0.3072719
ARID4A|S716	0	0.0	0.1
ARID4A|S864	161	0.59281886	0.40399936
ARID4B|S1029	65	0.4425849	0.2349577
ARID4B|S1060	0	0.0	0.1
ARID4B|S295_S296	0	0.0	0.1
ARID4B|S483	0	0.0	0.1
ARID4B|S666	0	0.0	0.1
ARID4B|S675	0	0.0	0.1
ARID4B|S790	143	1.5854236	0.5
ARID4B|S790_T793	0	0.0	0.1
ARID4B|T672	0	0.0	0.1
ARID5B|S21	0	0.0	0.1
ARID5B|S544	0	0.0	0.1
ARID5B|S715	0	0.0	0.1
ARID5B|S759	0	0.0	0.1
ARID5B|S789	0	0.0	0.1
ARID5B|T296	0	0.0	0.1
ARL2BP|S153	80	0.07439225	0.088618785
ARL2|S45	53	0.26022732	0.15550359
ARL3|T46	0	0.0	0.1
ARL6IP4|S239	180	0.22530891	0.18055573
ARL6IP4|S332	191	0.60343254	0.43043166
ARL6IP6|S80	75	0.7609892	0.38328108
ARMC10|S45	184	0.26340714	0.20586942
ARMC1|S260	123	0.8060807	0.4894526
ARMC9|S582	0	0.0	0.1
ARMC9|T655	0	0.0	0.1
ARMC9|T671	0	0.0	0.1
ARMCX2|T73	7	0.9925055	0.15838821
ARMCX3|S110	180	0.52569956	0.37366402
ARMCX3|S43	77	1.0570787	0.5
ARMCX3|S61	197	0.97944444	0.5
ARMCX3|S61_S67	0	0.0	0.1
ARMCX3|S67	175	1.3603394	0.5
ARMCX3|S72	95	1.0571344	0.5
ARNT|S68	0	0.0	0.1
ARPC1B|S310	71	0.4430099	0.24241932
ARPC5L|S64	184	1.1083966	0.5
ARPP19|S123	0	0.0	0.1
ARPP19|S81	0	0.0	0.1
ARRB1|S412	191	0.55128145	0.3962019
ARRB1|T410	151	0.49567714	0.33803684
ARVCF|S267	198	1.1818635	0.5
ARVCF|S332	182	0.8652143	0.5
ARVCF|S343	186	0.4176129	0.30655947
ARVCF|S343_S345	0	0.0	0.1
ARVCF|S345	182	0.6658237	0.465177
ARVCF|S606	179	1.0290949	0.5
ARVCF|S864	59	1.5090222	0.5
ARVCF|S915	160	1.4202095	0.5
ARVCF|T642	211	1.5810126	0.5
AR|S96	180	0.61414635	0.43052265
ASAP1|S1027	185	0.5415308	0.3866077
ASAP1|S1030	0	0.0	0.1
ASAP1|S717	122	0.05625895	0.075962126
ASAP1|S720	0	0.0	0.1
ASAP1|S910	154	1.0264102	0.5
ASAP1|S913	0	0.0	0.1
ASAP2|S701	195	0.88878286	0.5
ASAP2|S712	155	0.32275125	0.23539783
ASAP2|T845	0	0.0	0.1
ASAP3|S277	0	0.0	0.1
ASAP3|S853	0	0.0	0.1
ASB3|S35	147	0.51960903	0.34972683
ASCC2|S630	0	0.0	0.1
ASCC2|T157	0	0.0	0.1
ASCC2|T233	139	0.35649887	0.24917716
ASCC3|S2195	177	1.2161437	0.5
ASCC3|S298	111	1.2126982	0.5
ASF1B|S198	47	0.08926736	0.09656848
ASH1L|S22	46	0.3489791	0.17844546
ASH1L|S557	0	0.0	0.1
ASH2L|S101	186	0.48867133	0.3527723
ASH2L|S316	60	0.79439247	0.36039716
ASH2L|T97	0	0.0	0.1
ASMTL|S223	0	0.0	0.1
ASMTL|S239	174	0.37872392	0.27699986
ASPM|S367	69	1.4234806	0.5
ASPM|S425	162	0.61860156	0.42066205
ASPSCR1|S287	160	1.4281019	0.5
ASS1|T174	0	0.0	0.1
ASS1|T219	111	0.12731509	0.11436954
ASXL2|S1143	75	0.26633054	0.17128453
ASXL2|S146	55	0.49330586	0.23956014
ASXL2|S395	193	0.9313011	0.5
ASXL2|S530	0	0.0	0.1
ASXL2|S562	71	0.95725805	0.45593753
ASXL2|S714	159	1.2665689	0.5
ASXL2|S834_S845	0	0.0	0.1
ATAD1|S322	164	0.75636274	0.5
ATAD2B|S1342	0	0.0	0.1
ATAD2B|S16	0	0.0	0.1
ATAD2B|S318	141	1.0455523	0.5
ATAD2B|S939	0	0.0	0.1
ATAD2|S1170	0	0.0	0.1
ATAD2|S1302	202	1.1238616	0.5
ATAD2|S327	75	0.57694465	0.30440485
ATAD2|S342	178	1.132464	0.5
ATAD2|S41	155	2.1149094	0.5
ATAT1|S264	0	0.0	0.1
ATAT1|S303	0	0.0	0.1
ATAT1|T249	0	0.0	0.1
ATE1|S169	75	1.7003909	0.5
ATF2|S112	189	0.764985	0.5
ATF2|S112_T116	0	0.0	0.1
ATF2|S136	56	1.0141952	0.42817265
ATF2|S90	0	0.0	0.1
ATF2|T69	180	0.33620483	0.25184596
ATF2|T69_T71	0	0.0	0.1
ATF2|T71	191	0.50015	0.36264142
ATF3|T162	186	0.6851715	0.48056608
ATF7IP|S113	164	0.7325494	0.49294737
ATF7IP|S113_T118	0	0.0	0.1
ATF7IP|S445	178	1.3329687	0.5
ATF7IP|S477	222	0.6004908	0.44505885
ATF7IP|S496	15	0.12975012	0.10388045
ATF7IP|S518	0	0.0	0.1
ATF7IP|S558	0	0.0	0.1
ATF7IP|S559	194	0.938773	0.5
ATF7IP|S672	0	0.0	0.1
ATF7IP|S673	121	0.3745722	0.2503314
ATF7IP|S899	50	0.44376746	0.21458915
ATF7IP|T56	44	0.44030264	0.20398137
ATF7|S100	0	0.0	0.1
ATF7|S97	0	0.0	0.1
ATF7|T101	0	0.0	0.1
ATF7|T326	0	0.0	0.1
ATF7|T51_T53	12	0.33966455	0.12567835
ATF7|T53	235	0.8409141	0.5
ATG13|S324	0	0.0	0.1
ATG16L1|S185	0	0.0	0.1
ATG16L1|S269	66	0.59759116	0.29783747
ATG16L2|S198	0	0.0	0.1
ATG2A|S1327	0	0.0	0.1
ATG2A|S403	62	0.8271719	0.37830037
ATG2B|S1743	141	0.600775	0.39298457
ATG2B|S255	186	1.5742079	0.5
ATG2B|S497	214	1.2826842	0.5
ATG2B|S886	125	0.2489457	0.18274762
ATG9A|S656	178	0.47319123	0.33894977
ATG9A|S735	186	0.93112314	0.5
ATG9A|S735_S738	0	0.0	0.1
ATG9A|S735_S738_S741	0	0.0	0.1
ATG9A|S828	121	0.045591496	0.07021073
ATL1|S10	209	0.8032952	0.5
ATL1|S22_S23	0	0.0	0.1
ATL1|S23	143	0.85754484	0.5
ATL3|S517	0	0.0	0.1
ATL3|S535	133	1.2430433	0.5
ATM|S1981	156	0.7450658	0.49308696
ATN1|S101	182	0.7664571	0.5
ATN1|S34	186	0.8006704	0.5
ATN1|S632	120	0.17139654	0.13894357
ATN1|S645	228	0.65801156	0.48788607
ATN1|S661	136	0.68745106	0.43853113
ATN1|S739_S746_S748	0	0.0	0.1
ATN1|S746_S748	0	0.0	0.1
ATN1|S77	155	1.2693883	0.5
ATN1|S77_S79	0	0.0	0.1
ATN1|T669	167	0.769179	0.5
ATP11B|S1154	170	0.7821602	0.5
ATP13A1|S899	197	1.3056519	0.5
ATP13A1|S935	188	0.95032257	0.5
ATP13A3|S817	221	0.6582061	0.48431012
ATP13A3|S98	81	1.6968265	0.5
ATP1A1|S16	166	0.8995843	0.5
ATP1A1|S40	78	0.15684605	0.12491007
ATP1A1|S47	70	0.82469255	0.3984028
ATP1A1|S653	156	0.5824719	0.3940063
ATP2A2|S663	231	0.654011	0.4866361
ATP2B1|S1155	55	0.34099036	0.1855127
ATP2B1|S1155_T1165	0	0.0	0.1
ATP2B1|S1177_S1178	0	0.0	0.1
ATP2B1|S1177_S1178_S1182	0	0.0	0.1
ATP2B1|S1178	186	-0.48309076	-0.2792129
ATP2B1|S1178_S1182	0	0.0	0.1
ATP2B1|T1165	45	0.5664014	0.24474525
ATP2B4|S13	154	1.0348269	0.5
ATP2B4|S328	170	1.2952327	0.5
ATP2B4|T1145	0	0.0	0.1
ATP5F1B|S415	109	0.9096054	0.5
ATP5IF1|S39	0	0.0	0.1
ATP6V0A2|S695	176	0.8953272	0.5
ATP6V1G1|S68	148	1.2491635	0.5
ATP7A|S1463	172	0.7527107	0.5
ATP7A|S1463_S1466	0	0.0	0.1
ATP7A|S1466	142	0.88511974	0.5
ATP7A|S1473	168	0.7191401	0.4881177
ATP7A|S270	174	1.1948552	0.5
ATP7A|S357	177	0.53316474	0.37678754
ATP7A|T152	14	0.66366595	0.16922215
ATP7A|T327	207	0.73056227	0.5
ATP8A1|S29	195	1.4382309	0.5
ATP8B1|S1207	98	1.0392771	0.5
ATRIP|S97	0	0.0	0.1
ATRX|S1061	186	1.1545911	0.5
ATRX|S1253	0	0.0	0.1
ATRX|S1348	216	0.62437224	0.45843163
ATRX|S1348_S1352	19	-0.31349647	0.033979557
ATRX|S1352	204	0.7964439	0.5
ATRX|S1527	186	1.4882154	0.5
ATRX|S1996	182	0.19048585	0.15839867
ATRX|S210	0	0.0	0.1
ATRX|S213	179	2.0593853	0.5
ATRX|S2379	0	0.0	0.1
ATRX|S25_S26	0	0.0	0.1
ATRX|S634	0	0.0	0.1
ATRX|S675_S677	0	0.0	0.1
ATRX|S677	186	0.70609367	0.49417284
ATRX|S729	169	0.9288002	0.5
ATRX|S729_S731	0	0.0	0.1
ATRX|S819	174	0.8294343	0.5
ATRX|S84	62	1.2676822	0.5
ATRX|S849_S850	0	0.0	0.1
ATRX|S875_S876	0	0.0	0.1
ATRX|S925	0	0.0	0.1
ATRX|S962	0	0.0	0.1
ATRX|S974_T977_S978	0	0.0	0.1
ATRX|S978	182	1.0655922	0.5
ATRX|T674_S675_S677	0	0.0	0.1
ATRX|T977_S978	0	0.0	0.1
ATR|S435	179	1.4722118	0.5
ATR|T1989	66	1.2272372	0.5
ATXN1L|S284	191	0.8512464	0.5
ATXN1L|S284_S289	0	0.0	0.1
ATXN1L|S289	186	0.29856434	0.22913626
ATXN1L|S361	0	0.0	0.1
ATXN1L|S615	67	1.2073463	0.5
ATXN1L|S62	0	0.0	0.1
ATXN1L|T330	174	0.5643082	0.39485264
ATXN1|S238	0	0.0	0.1
ATXN1|S366	0	0.0	0.1
ATXN1|S406	205	0.06829106	0.07868743
ATXN1|S775	211	0.7331423	0.5
ATXN1|S811	0	0.0	0.1
ATXN1|S88	174	0.27063617	0.2083602
ATXN2L|S111	231	0.72943056	0.5
ATXN2L|S168	131	1.319179	0.5
ATXN2L|S335	176	1.4931846	0.5
ATXN2L|S339	223	0.9833171	0.5
ATXN2L|S406	0	0.0	0.1
ATXN2L|S449	186	1.0337542	0.5
ATXN2L|S594	236	0.6106811	0.4586927
ATXN2|S201	0	0.0	0.1
ATXN2|S359	0	0.0	0.1
ATXN2|S419	0	0.0	0.1
ATXN2|S431	192	2.3205652	0.5
ATXN2|S466	167	0.2786187	0.21172032
ATXN2|S624	0	0.0	0.1
ATXN2|S684	0	0.0	0.1
ATXN2|S784	72	0.9711684	0.46467513
ATXN2|T476	0	0.0	0.1
ATXN3|S250	0	0.0	0.1
ATXN7L3B|S92	0	0.0	0.1
ATXN7L3|S170	0	0.0	0.1
ATXN7L3|S281	186	0.90544635	0.5
ATXN7L3|S288	0	0.0	0.1
ATXN7|S905	0	0.0	0.1
AUP1|S385	0	0.0	0.1
AUTS2|S319	75	1.4035175	0.5
AVEN|S261	175	0.87035394	0.5
AVL9|S582	92	1.16741	0.5
AVL9|S586	108	1.176007	0.5
AXIN1|S493	135	0.14475149	0.12570831
AXIN1|S75	0	0.0	0.1
AXIN1|T481_S486	0	0.0	0.1
AXIN1|T481_S486_S493	0	0.0	0.1
AZI2|S206	0	0.0	0.1
AZI2|S318	173	2.1289892	0.5
B4GALT1|S74	167	0.3388277	0.24937914
BABAM1|S29	186	1.113364	0.5
BABAM1|S62	146	1.6623839	0.5
BACH1|S196	170	0.8109067	0.5
BACH1|S417	0	0.0	0.1
BACH1|S445	191	0.5000226	0.3625578
BACH1|S688	0	0.0	0.1
BAD|S118	205	0.73180544	0.5
BAD|S134	186	0.72379726	0.5
BAD|S25	140	0.6266334	0.4072028
BAD|S75	191	0.4858255	0.35323942
BAD|S99	186	1.1352971	0.5
BAG1|S152	0	0.0	0.1
BAG1|S9_T10	0	0.0	0.1
BAG2|S73	145	0.58793765	0.38877946
BAG3|S173	186	0.95336753	0.5
BAG3|S195	129	0.4944507	0.3222015
BAG3|S224	0	0.0	0.1
BAG3|S269	0	0.0	0.1
BAG3|S289	192	0.54025453	0.3894824
BAG3|S377	0	0.0	0.1
BAG3|S377_S385	0	0.0	0.1
BAG3|S377_S386	0	0.0	0.1
BAG3|S385	0	0.0	0.1
BAG3|S386	0	0.0	0.1
BAG3|S389	0	0.0	0.1
BAG3|T406	0	0.0	0.1
BAG6|S1111	0	0.0	0.1
BAG6|S113	66	-0.37260967	-0.08790505
BAG6|S958	0	0.0	0.1
BAG6|S958_S967	0	0.0	0.1
BAG6|S967	0	0.0	0.1
BAG6|T1047	0	0.0	0.1
BAHD1|S101	6	0.010985405	0.09496144
BAHD1|S121	113	0.86423635	0.5
BAHD1|S184	144	0.7601308	0.48958543
BAHD1|S8	129	0.2701762	0.19586346
BAHD1|T587	0	0.0	0.1
BAIAP2L1|S261	203	0.7834721	0.5
BAIAP2L1|S331	242	1.1156346	0.5
BAIAP2L1|S414	228	0.7995551	0.5
BAIAP2L1|T257	174	0.80845976	0.5
BAIAP2L1|T257_S261	0	0.0	0.1
BAIAP2L1|T351	40	0.1291175	0.10831929
BAIAP2L2|S231	77	0.19200036	0.14002275
BAIAP2L2|S465	60	0.255127	0.15817264
BAIAP2|S261	176	1.6581738	0.5
BAIAP2|S325	179	0.79786456	0.5
BAIAP2|S336	96	1.1228234	0.5
BAIAP2|S366	204	1.1258597	0.5
BAIAP2|S384	0	0.0	0.1
BAIAP2|S391	0	0.0	0.1
BAIAP2|S446	0	0.0	0.1
BAIAP2|T340	244	1.5442624	0.5
BANP|S108	0	0.0	0.1
BANP|S98	0	0.0	0.1
BAP1|S292	177	0.8439347	0.5
BAP1|S369	162	0.26206744	0.20020963
BARD1|S364	0	0.0	0.1
BASP1|S164	152	0.5617778	0.37853265
BASP1|T196	179	1.1443688	0.5
BASP1|T31	75	0.5165663	0.27852842
BASP1|T36	186	1.226979	0.5
BAZ1A|S1320	0	0.0	0.1
BAZ1A|S1413	186	0.87759733	0.5
BAZ1A|T731	75	0.739679	0.37414813
BAZ1B|S1342	186	0.78316605	0.5
BAZ1B|S1468	189	0.42521712	0.31268525
BAZ1B|S152	0	0.0	0.1
BAZ1B|S189	186	0.8364795	0.5
BAZ1B|S345	52	1.0910618	0.43904746
BAZ1B|S347	46	0.9397783	0.3645877
BAZ1B|S349	168	0.9110456	0.5
BAZ1B|S361	61	0.5575916	0.27337322
BAZ1B|S705	186	1.5889953	0.5
BAZ1B|S705_S708	0	0.0	0.1
BAZ1B|S947	186	0.7477613	0.5
BAZ2A|S1395	0	0.0	0.1
BAZ2A|S1768	0	0.0	0.1
BAZ2A|S507	0	0.0	0.1
BAZ2A|T505	0	0.0	0.1
BAZ2B|S1644	0	0.0	0.1
BAZ2B|T1247	0	0.0	0.1
BBX|S159	166	0.9710827	0.5
BBX|S243	0	0.0	0.1
BBX|S40	0	0.0	0.1
BBX|S704	135	0.028079875	0.058684185
BBX|S844	82	0.23059265	0.15883845
BBX|T578	0	0.0	0.1
BCAM|S600	162	1.0523593	0.5
BCAP31|S216	144	1.196587	0.5
BCAR1|S474	0	0.0	0.1
BCAR1|S740	0	0.0	0.1
BCAR1|Y280	0	0.0	0.1
BCAR1|Y295	0	0.0	0.1
BCAR3|S290	170	0.65531236	0.4496411
BCAR3|S338	168	1.2325042	0.5
BCAR3|S363	0	0.0	0.1
BCAR3|S370	190	0.6411635	0.4545554
BCAR3|S375	0	0.0	0.1
BCAS1|S399	0	0.0	0.1
BCAS1|S451	0	0.0	0.1
BCAS1|S552	62	0.29605415	0.17503308
BCAS3|S461	84	1.3338786	0.5
BCAS3|S480	59	0.49491316	0.2465401
BCAS3|S570	0	0.0	0.1
BCAS3|S823	164	2.3334327	0.5
BCAS3|S838	0	0.0	0.1
BCAS3|S886	195	0.38730356	0.28991252
BCCIP|S42	118	1.4057676	0.5
BCKDHA|S337	206	1.0063623	0.5
BCKDHA|S347	223	1.1893883	0.5
BCKDK|S31	186	0.64222515	0.45263594
BCL10|S138	193	0.9857379	0.5
BCL11A|S574	0	0.0	0.1
BCL11A|S608	180	1.8622737	0.5
BCL11A|S86	0	0.0	0.1
BCL11B|S380	0	0.0	0.1
BCL11B|S677	0	0.0	0.1
BCL11B|T259	0	0.0	0.1
BCL11B|T416	0	0.0	0.1
BCL2L11|S77	151	2.0807114	0.5
BCL2L11|S94	171	1.1550345	0.5
BCL2L12|S273	0	0.0	0.1
BCL2L13|S312	0	0.0	0.1
BCL2L13|S315	0	0.0	0.1
BCL2L13|S420	213	1.4282403	0.5
BCL2L13|S426	228	0.3697891	0.28753632
BCL2L13|S444	186	-0.030781351	0.014946394
BCL2L13|S450	0	0.0	0.1
BCL2L14|S44	65	1.3244395	0.5
BCL3|S374	186	1.0119377	0.5
BCL3|S41	197	1.0961945	0.5
BCL6|S333	127	0.49545807	0.32124746
BCL6|S343	138	0.57826525	0.37731346
BCL6|S361	0	0.0	0.1
BCL6|S366	0	0.0	0.1
BCL6|S404	0	0.0	0.1
BCL6|S427	0	0.0	0.1
BCL7C|S114_S126	0	0.0	0.1
BCL7C|S126	132	0.57639945	0.37105486
BCL7C|S97	0	0.0	0.1
BCL7C|S97_S100	0	0.0	0.1
BCL9L|S1004	0	0.0	0.1
BCL9L|S1004_S1010	0	0.0	0.1
BCL9L|S1010	102	0.07366056	0.08669989
BCL9L|S1017	186	0.5091979	0.3661217
BCL9L|S116	186	0.8103037	0.5
BCL9L|S116_S118	0	0.0	0.1
BCL9L|S118	174	0.880025	0.5
BCL9L|S21	197	0.61189973	0.43954295
BCL9L|S21_S25	0	0.0	0.1
BCL9L|S750	160	0.81723213	0.5
BCL9L|S813	107	0.72608197	0.42362693
BCL9L|S88	164	0.9306045	0.5
BCL9L|S915	0	0.0	0.1
BCL9L|S975	130	0.9586096	0.5
BCL9L|S997_S1004	0	0.0	0.1
BCL9L|T129	47	1.2174685	0.45728588
BCL9|S104	144	0.09953331	0.099724576
BCL9|S62	0	0.0	0.1
BCL9|S687	223	0.7101334	0.5
BCL9|S857	0	0.0	0.1
BCL9|S907_S917	0	0.0	0.1
BCL9|S917	0	0.0	0.1
BCL9|T115	158	1.0578444	0.5
BCL9|T315	212	0.9086708	0.5
BCLAF1|S175	0	0.0	0.1
BCLAF1|S177	247	0.7921395	0.5
BCLAF1|S194	0	0.0	0.1
BCLAF1|S194_S196	0	0.0	0.1
BCLAF1|S196	134	0.73259586	0.46225578
BCLAF1|S220	0	0.0	0.1
BCLAF1|S222	217	1.1234478	0.5
BCLAF1|S262_S266	0	0.0	0.1
BCLAF1|S266	0	0.0	0.1
BCLAF1|S283_S288	0	0.0	0.1
BCLAF1|S285_S288	0	0.0	0.1
BCLAF1|S288	0	0.0	0.1
BCLAF1|S290	186	0.9131245	0.5
BCLAF1|S383	0	0.0	0.1
BCLAF1|S383_S387	0	0.0	0.1
BCLAF1|S395	0	0.0	0.1
BCLAF1|S395_T400	0	0.0	0.1
BCLAF1|S412	0	0.0	0.1
BCLAF1|S420	0	0.0	0.1
BCLAF1|S448	0	0.0	0.1
BCLAF1|S483	0	0.0	0.1
BCLAF1|S494	0	0.0	0.1
BCLAF1|S510	0	0.0	0.1
BCLAF1|S529	0	0.0	0.1
BCLAF1|S557	0	0.0	0.1
BCLAF1|S576	0	0.0	0.1
BCLAF1|S646	0	0.0	0.1
BCLAF1|S656	0	0.0	0.1
BCLAF1|S658	247	0.9903038	0.5
BCLAF1|S688	0	0.0	0.1
BCLAF1|T339	0	0.0	0.1
BCLAF1|T400	0	0.0	0.1
BCLAF1|Y381	0	0.0	0.1
BCLAF1|Y509	0	0.0	0.1
BCLAF3|S139	186	0.7055219	0.49380097
BCLAF3|S192	178	0.6451773	0.44907036
BCLAF3|S402	66	0.7582027	0.36169502
BCLAF3|S78_S80	0	0.0	0.1
BCORL1|S496	0	0.0	0.1
BCOR|S336	63	-0.06572201	0.035947938
BCOR|S423	162	1.2137843	0.5
BCR|S122	0	0.0	0.1
BCR|S215	0	0.0	0.1
BCR|S354	228	0.7046506	0.5
BCR|S459	0	0.0	0.1
BCR|S473	0	0.0	0.1
BCR|S698	184	1.2595708	0.5
BDP1|T1131	0	0.0	0.1
BDP1|T915	0	0.0	0.1
BET1L|S37	99	0.66362387	0.38039577
BET1L|S9	235	0.67692995	0.5
BHLHE41|S122	0	0.0	0.1
BICC1|S576	0	0.0	0.1
BICC1|S633	186	1.3408803	0.5
BICC1|S633_S637	0	0.0	0.1
BICC1|S679	198	1.8368412	0.5
BICC1|S766	186	1.5061545	0.5
BICC1|S803	158	1.6641718	0.5
BICD1|S610	50	0.6284709	0.27615696
BICD2|S582	208	0.61233467	0.44599226
BICD2|S615	42	0.46595412	0.20823994
BICDL2|S252	0	0.0	0.1
BICDL2|S277	46	-0.009132834	0.065615684
BICDL2|S36	0	0.0	0.1
BICRAL|S934	167	1.089431	0.5
BICRA|S1413	190	0.62006444	0.44073185
BIN1|S265	0	0.0	0.1
BIN1|S265_S267	0	0.0	0.1
BIN1|S265_S267_S272	0	0.0	0.1
BIN1|S267	0	0.0	0.1
BIN1|S272	0	0.0	0.1
BIN1|S286	0	0.0	0.1
BIN1|S296	208	0.87791157	0.5
BIN1|S296_S298	0	0.0	0.1
BIN1|S296_S298_S303	0	0.0	0.1
BIN1|S298	220	0.5553654	0.4130637
BIN1|S303	191	0.73345894	0.5
BIN1|T292	0	0.0	0.1
BIN1|T323	0	0.0	0.1
BIN2|S233	0	0.0	0.1
BIN2|S256	0	0.0	0.1
BIN2|S331	0	0.0	0.1
BIN2|S369	0	0.0	0.1
BIN2|S385	0	0.0	0.1
BIN2|S418	0	0.0	0.1
BIN2|S425	67	0.8078737	0.38399723
BIN2|S432	0	0.0	0.1
BIN2|S436	58	-0.030181922	0.052211702
BIN2|T253	0	0.0	0.1
BIN2|T452	0	0.0	0.1
BIRC2|S253	0	0.0	0.1
BIRC2|S557	94	0.9922414	0.5
BIRC6|S2955	104	0.9363125	0.5
BIRC6|S3578	174	1.2672782	0.5
BIRC6|S473_S480	0	0.0	0.1
BIRC6|S480	191	0.7592023	0.5
BLNK|S129	159	0.92447877	0.5
BLNK|S229	102	2.147111	0.5
BLNK|S236	0	0.0	0.1
BLNK|S243	0	0.0	0.1
BLOC1S3|S65	186	1.0637945	0.5
BLOC1S3|S89	0	0.0	0.1
BLOC1S3|T63_S65	0	0.0	0.1
BLVRA|S230	79	0.084370025	0.09310185
BMP2K|S1029	186	0.7588694	0.5
BMP2K|S1029_S1031_S1032	0	0.0	0.1
BMP2K|S1107	77	0.6925065	0.3577571
BMP2K|S1107_S1111	0	0.0	0.1
BMP2K|S728	0	0.0	0.1
BMS1|S552	174	0.64856553	0.4483591
BMS1|S639	0	0.0	0.1
BMT2|S18_T21	0	0.0	0.1
BNIP2|S235	0	0.0	0.1
BNIP3L|S124	0	0.0	0.1
BNIP3L|S126	0	0.0	0.1
BNIP3L|S22_S23	0	0.0	0.1
BNIP3L|S80	0	0.0	0.1
BNIP3|S131	186	0.49684003	0.3580848
BNIP3|S151	174	0.8644144	0.5
BOD1L1|S1077	182	0.96931607	0.5
BOD1L1|S1531	187	0.9055503	0.5
BOD1L1|S2128	66	0.36932224	0.20707993
BOD1L1|S2203	48	0.20202313	0.13308859
BOD1L1|S2475	160	0.6548353	0.44143713
BOD1L1|S2501	191	0.59140134	0.4225349
BOD1L1|S266	172	0.18129842	0.1514093
BOD1L1|S2779_S2780	0	0.0	0.1
BOD1L1|S2815	0	0.0	0.1
BOD1L1|S2905	157	1.5055045	0.5
BOD1L1|S2932	0	0.0	0.1
BOD1L1|S2954	172	0.7923384	0.5
BOD1L1|S2973	177	0.7176238	0.49465486
BOD1L1|S2986	193	1.2462134	0.5
BOD1L1|S3019	180	0.9208568	0.5
BOD1L1|S3029	180	0.5830334	0.41052148
BOD1L1|S484	184	0.12346545	0.11520298
BOD1L1|S538	186	1.2954268	0.5
BOD1L1|S635	0	0.0	0.1
BOD1L1|S870	160	1.2828271	0.5
BOD1L1|T2956	47	0.26303488	0.1521268
BOK|S8	185	1.6138679	0.5
BOLA1|S45	0	0.0	0.1
BOLA1|S81	108	1.3232477	0.5
BOP1|S126_S127	0	0.0	0.1
BOP1|T106	63	0.31124598	0.18164723
BORCS6|S158	0	0.0	0.1
BORCS6|S168	186	1.0549725	0.5
BORCS6|S93	143	0.64732105	0.42208606
BORCS6|T196	241	0.42643368	0.3307053
BPGM|T122	186	1.5799315	0.5
BPTF|S1231	75	0.36501488	0.2135778
BPTF|S1251	166	0.59641904	0.40979534
BPTF|S1300	186	1.7577511	0.5
BPTF|S1310	186	0.7699327	0.5
BPTF|S216	241	0.64279306	0.4836162
BPTF|S2370	182	0.73954856	0.5
BPTF|S2581	0	0.0	0.1
BPTF|S572	141	0.53272754	0.35317254
BRAF|S151	107	1.3738889	0.5
BRAF|S365	203	0.60993516	0.44163972
BRAF|S729	196	0.7352114	0.5
BRAF|S750	89	0.07488479	0.08817326
BRAF|T401	152	-0.08477925	-0.01145415
BRAF|T753	0	0.0	0.1
BRAF|Y746	0	0.0	0.1
BRAP|S117	186	1.0728271	0.5
BRAT1|S802	0	0.0	0.1
BRCA1|S114	0	0.0	0.1
BRCA1|S1342	178	1.5998139	0.5
BRCA1|S1524	75	0.9704124	0.47303388
BRCA2|S93	0	0.0	0.1
BRD1|T1016	0	0.0	0.1
BRD2|S298	42	0.81492513	0.3114567
BRD2|S298_S301	0	0.0	0.1
BRD2|S301	46	0.028248575	0.07739338
BRD2|S320	0	0.0	0.1
BRD2|S37	0	0.0	0.1
BRD2|S633	190	0.54108995	0.38898996
BRD3|S263	247	1.0845343	0.5
BRD3|S281	0	0.0	0.1
BRD3|S563	194	1.3332312	0.5
BRD4|S1051	0	0.0	0.1
BRD4|S1126	55	1.2757031	0.5
BRD4|S601	181	0.5970536	0.42016616
BRD4|T1186	0	0.0	0.1
BRD4|T1212	0	0.0	0.1
BRD4|Y599	0	0.0	0.1
BRD7|S279	169	0.72440225	0.49228248
BRD8|S284	0	0.0	0.1
BRD8|S386	0	0.0	0.1
BRD8|S390	0	0.0	0.1
BRD8|S460	0	0.0	0.1
BRD8|S640_S644	0	0.0	0.1
BRD8|T264	0	0.0	0.1
BRD8|T264_S268	0	0.0	0.1
BRD8|T572	0	0.0	0.1
BRD9|S56	73	0.009727094	0.061907966
BRD9|S588	165	1.3626914	0.5
BRD9|T103	147	0.87993246	0.5
BRF1|S460	0	0.0	0.1
BRF1|T250	0	0.0	0.1
BRF2|S353	0	0.0	0.1
BRF2|S385	40	0.05232999	0.086380005
BRMS1L|S197	72	0.949438	0.45557868
BRMS1|S173	0	0.0	0.1
BRMS1|S237	191	0.8253097	0.5
BRPF1|S460_S462	0	0.0	0.1
BRPF1|S850	0	0.0	0.1
BRPF1|T864_S866	0	0.0	0.1
BRPF3|S17_S19	0	0.0	0.1
BRPF3|S400_S403	0	0.0	0.1
BRPF3|S525	0	0.0	0.1
BRPF3|S713	64	0.34729496	0.19650534
BRPF3|S76	0	0.0	0.1
BRPF3|S900	95	1.1563466	0.5
BRWD1|S1475	172	0.9683818	0.5
BRWD1|S1678	186	0.35759366	0.26752594
BRWD1|S1678_S1683_S1686	0	0.0	0.1
BRWD1|S1788	151	0.89563465	0.5
BRWD1|S2131	146	1.3789345	0.5
BRWD1|S2214	0	0.0	0.1
BRWD1|S696	147	0.72144294	0.4698466
BSDC1|S409	0	0.0	0.1
BSG|S246	0	0.0	0.1
BTAF1|S224	160	1.2647932	0.5
BTBD10|S71	0	0.0	0.1
BTF3|S158	0	0.0	0.1
BTF3|S173	0	0.0	0.1
BTF3|S201	0	0.0	0.1
BTF3|S30	0	0.0	0.1
BTF3|T80	0	0.0	0.1
BTK|T191	0	0.0	0.1
BTN3A1|S275	0	0.0	0.1
BUB1B|S670	62	0.77013934	0.3564731
BUB3|S211	175	0.34079003	0.25323
BUD13|S197	186	0.68842214	0.48268014
BUD13|S197_S201	0	0.0	0.1
BUD13|S222	161	0.22956769	0.1799249
BUD13|S222_S226	0	0.0	0.1
BUD13|S235	186	0.45923516	0.33362848
BUD13|S248	200	0.7123521	0.5
BUD13|S271	236	0.61818343	0.46396217
BUD13|S28	81	1.1376853	0.5
BUD13|S325	209	0.5674078	0.41614312
BUD13|T135	186	0.94160545	0.5
BUD13|T135_S139	0	0.0	0.1
BUD13|T159	186	0.86558944	0.5
BUD13|T159_S163	0	0.0	0.1
BYSL|S98	204	1.1860102	0.5
BZW1|S210	98	1.9969763	0.5
BZW1|S391	65	0.852201	0.39632162
C11orf52|S62	228	1.6496795	0.5
C11orf52|T30	0	0.0	0.1
C11orf52|Y103	0	0.0	0.1
C11orf58|S147	156	0.40024936	0.28296447
C11orf58|S15_S17	0	0.0	0.1
C11orf58|S17	186	1.4140925	0.5
C11orf58|S87	128	0.5792047	0.3690272
C11orf96|S72	0	0.0	0.1
C11orf96|S86	0	0.0	0.1
C11orf96|S93	0	0.0	0.1
C11orf96|T55	0	0.0	0.1
C12orf43|S169	0	0.0	0.1
C12orf43|S210	0	0.0	0.1
C12orf45|S178	149	0.9154884	0.5
C15orf39|S354	0	0.0	0.1
C15orf39|S455	0	0.0	0.1
C15orf39|T970	0	0.0	0.1
C16orf86|S313	0	0.0	0.1
C16orf87|S50	0	0.0	0.1
C17orf49|S96	186	0.91274285	0.5
C17orf49|T161	0	0.0	0.1
C17orf75|S18_S19	0	0.0	0.1
C17orf75|S8	146	1.1299541	0.5
C18orf25|S143_S145_S147	0	0.0	0.1
C18orf25|S145	197	0.71421134	0.5
C19orf33|S37	0	0.0	0.1
C19orf33|S78	0	0.0	0.1
C19orf47|S151	167	0.50606614	0.35398147
C1QBP|S87	0	0.0	0.1
C1orf116|S185	16	0.047160532	0.0927118
C1orf116|S385	0	0.0	0.1
C1orf116|S429	0	0.0	0.1
C1orf116|S487	42	-0.13413589	0.030748542
C1orf116|S560	149	0.32387775	0.233967
C1orf116|T456	104	-0.016597789	0.04055799
C1orf131|S86	168	1.683268	0.5
C1orf174|S189	0	0.0	0.1
C1orf174|S28	0	0.0	0.1
C1orf198|S175	207	1.2075732	0.5
C1orf198|S289	247	1.7589964	0.5
C1orf226|S198	72	0.3591629	0.2084868
C1orf226|S222	196	0.8832289	0.5
C1orf226|S222_S223	0	0.0	0.1
C1orf226|S223	182	0.4891177	0.3511327
C1orf226|S244	64	0.7722515	0.36234203
C1orf226|S249	162	0.39743444	0.28390986
C1orf35|S177	186	1.0877445	0.5
C1orf35|S217	186	1.0074074	0.5
C1orf35|S231_S233_S235	0	0.0	0.1
C1orf52|S158	121	0.85838	0.5
C1orf87|S456	0	0.0	0.1
C2CD2L|S374	153	1.2520952	0.5
C2CD2L|S411	86	0.043538377	0.07389409
C2CD2L|S613	164	1.0135756	0.5
C2CD2L|S662	186	0.62824565	0.4435444
C2CD2L|T417	141	0.28971982	0.21099791
C2CD2|S435	139	0.93867713	0.5
C2CD2|S441	153	2.3286793	0.5
C2CD3|S1891	131	1.2248589	0.5
C2CD3|S2099	58	0.57256407	0.27347288
C2CD3|S2114	63	0.00015499735	0.061409604
C2CD3|S554	0	0.0	0.1
C2CD5|S260	181	0.6950852	0.48331112
C2CD5|S284	0	0.0	0.1
C2CD5|S295	191	1.36123	0.5
C2CD5|S323	207	0.40475032	0.3054831
C2CD5|S643	60	0.5157787	0.255917
C2CD5|S659	228	0.50091016	0.37868145
C2CD5|S903	0	0.0	0.1
C2CD5|T339	191	1.0888	0.5
C2orf49|S182	173	0.4421537	0.31682268
C2orf49|S189	0	0.0	0.1
C2orf49|S189_S193	0	0.0	0.1
C2orf49|S193	64	1.0784955	0.48185188
C3|S297	165	0.81482935	0.5
C3|S672	182	1.6111	0.5
C3|S742	183	1.4663361	0.5
C5AR1|S327	240	1.3833532	0.5
C5AR1|S332	129	1.8184847	0.5
C5orf30|S167	0	0.0	0.1
C5orf30|S25	0	0.0	0.1
C6orf106|S149	0	0.0	0.1
C6orf132|S275	61	0.294061	0.17352623
C6orf132|S275_S279	0	0.0	0.1
C6orf132|S373	60	0.5759343	0.27847534
C6orf132|S449	64	-0.0070777386	0.058213565
C6orf132|S969	80	0.3165848	0.19625992
C6orf132|T297	0	0.0	0.1
C6orf47|S112	212	0.36055383	0.27704298
C6orf47|S90	159	1.7036799	0.5
C7orf43|S248	0	0.0	0.1
C7orf43|T272	0	0.0	0.1
C7orf50|S175	186	0.9419392	0.5
C7orf50|S59	193	0.7376692	0.5
C8orf33|S82	0	0.0	0.1
C9orf40|S69	138	1.7439466	0.5
C9orf40|S76	186	0.8672446	0.5
C9orf78|S15_S17	0	0.0	0.1
C9orf78|S261	233	0.550187	0.4149957
CA2|S151	44	0.25186384	0.14640284
CA2|S216	181	0.92165923	0.5
CA2|S29	157	-0.01080971	0.032306906
CA2|S48	0	0.0	0.1
CA9|S102	172	0.26302335	0.2030883
CAAP1|S203	172	1.0733316	0.5
CAAP1|S311	0	0.0	0.1
CAAP1|S312	189	0.77773696	0.5
CABIN1|S1439	151	-0.11270332	-0.027960964
CABIN1|S433	0	0.0	0.1
CABIN1|T1927	131	0.7540392	0.47090536
CABIN1|T2154	0	0.0	0.1
CABLES1|S109	0	0.0	0.1
CABLES1|S291	191	1.2013994	0.5
CABLES1|S373	154	1.1842185	0.5
CABLES1|T309	0	0.0	0.1
CABLES1|T309_S311	0	0.0	0.1
CABLES1|T415	188	0.9720041	0.5
CABLES1|T415_S418	0	0.0	0.1
CACNA1C|S1898	0	0.0	0.1
CACNB1|T499	0	0.0	0.1
CACNB3|S152	75	-0.8444492	-0.30476397
CACTIN|S57_S59	0	0.0	0.1
CACTIN|S71_S73	0	0.0	0.1
CADM1|S406	0	0.0	0.1
CADM1|T394	0	0.0	0.1
CADM4|S361	150	0.9352491	0.5
CADPS2|S187	65	1.2919173	0.5
CADPS2|S58	234	0.80161446	0.5
CADPS2|S65	189	0.10981157	0.10641656
CADPS|S221	0	0.0	0.1
CAD|S1343	0	0.0	0.1
CAD|S1796	0	0.0	0.1
CAD|S1875	0	0.0	0.1
CAD|T1821	0	0.0	0.1
CALCOCO2|S339	0	0.0	0.1
CALCOCO2|S410	0	0.0	0.1
CALCRL|S409	179	0.78735745	0.5
CALD1|S12	0	0.0	0.1
CALD1|S123	0	0.0	0.1
CALD1|S125	0	0.0	0.1
CALD1|S128	0	0.0	0.1
CALD1|S129	158	1.8207921	0.5
CALD1|S131	178	1.3201797	0.5
CALD1|S134	65	0.86515224	0.40142363
CALD1|S196	0	0.0	0.1
CALD1|S202	240	0.8930457	0.5
CALD1|S219	176	0.8844372	0.5
CALD1|S232	0	0.0	0.1
CALD1|S248	161	1.1101307	0.5
CALD1|S258	0	0.0	0.1
CALD1|S416	0	0.0	0.1
CALD1|S442	0	0.0	0.1
CALD1|S493	186	0.9219145	0.5
CALD1|S498	0	0.0	0.1
CALD1|S511	0	0.0	0.1
CALD1|S522	0	0.0	0.1
CALD1|S524	0	0.0	0.1
CALD1|S548	71	0.3208453	0.191696
CALD1|S67	0	0.0	0.1
CALD1|S677	66	1.300922	0.5
CALD1|S73	145	0.8523819	0.5
CALD1|S759	64	1.2250012	0.5
CALD1|S783	156	2.4102945	0.5
CALD1|T120	0	0.0	0.1
CALD1|T126	0	0.0	0.1
CALD1|T285	0	0.0	0.1
CALD1|T311	0	0.0	0.1
CALD1|T469	0	0.0	0.1
CALD1|T495	0	0.0	0.1
CALD1|T546	0	0.0	0.1
CALD1|T730	0	0.0	0.1
CALM1|S19	0	0.0	0.1
CALM1|S83	0	0.0	0.1
CALML3|S118	0	0.0	0.1
CALML3|S18	42	0.039473426	0.082097776
CALML5|S45	59	0.1838236	0.13110435
CALR|S214	0	0.0	0.1
CALU|S44_Y47	0	0.0	0.1
CALU|S52_Y55	0	0.0	0.1
CAMK2B|S280	157	1.5088481	0.5
CAMK2B|S423	0	0.0	0.1
CAMK2B|T287	75	2.121795	0.5
CAMK2D|S280	0	0.0	0.1
CAMK2D|T287	186	0.7792103	0.5
CAMK2D|T337	190	0.6449681	0.45704806
CAMK2G|S280	0	0.0	0.1
CAMK2G|S346	0	0.0	0.1
CAMK2G|S424	0	0.0	0.1
CAMK2G|S438	0	0.0	0.1
CAMK2G|T287	186	0.8109081	0.5
CAMK4|S360	186	1.34184	0.5
CAMKK1|S458	186	0.59803677	0.42389804
CAMKK1|S475	69	0.40113902	0.22295026
CAMKK1|S52	122	1.6488069	0.5
CAMKK2|S129	109	0.404998	0.25906596
CAMKK2|S495	202	1.0899307	0.5
CAMKK2|S511	186	0.9339452	0.5
CAMKK2|S572	0	0.0	0.1
CAMSAP1|S1052	0	0.0	0.1
CAMSAP1|S1080	71	0.4144403	0.23055708
CAMSAP1|S1232	123	1.1029506	0.5
CAMSAP1|S1372	64	0.6688527	0.3219913
CAMSAP1|S1372_S1378	0	0.0	0.1
CAMSAP1|S1378	51	1.5532912	0.5
CAMSAP1|S1427	0	0.0	0.1
CAMSAP1|S217	48	1.5889502	0.5
CAMSAP1|S416	0	0.0	0.1
CAMSAP1|S431	89	0.7738755	0.4173276
CAMSAP1|S482	0	0.0	0.1
CAMSAP1|S534	9	0.12338691	0.10193103
CAMSAP1|S563	191	0.9242408	0.5
CAMSAP1|S629	175	0.77547294	0.5
CAMSAP1|S722	0	0.0	0.1
CAMSAP1|S862	186	-0.14721127	-0.060773764
CAMSAP2|S1019	171	0.119461365	0.11228004
CAMSAP2|S1148	174	0.18890695	0.15645915
CAMSAP2|S1276_T1279	0	0.0	0.1
CAMSAP2|S1313	101	1.1778045	0.5
CAMSAP2|S1343	39	-0.21792589	0.010797773
CAMSAP2|S464	181	0.8538526	0.5
CAMSAP2|S522	42	0.86294615	0.3256601
CAMSAP2|S673	0	0.0	0.1
CAMSAP2|S862	0	0.0	0.1
CAMSAP2|T1279	0	0.0	0.1
CAMSAP3|S1020	90	0.6556359	0.36319596
CAMSAP3|S1074	217	0.68213344	0.49849513
CAMSAP3|S193	118	0.18554954	0.14630663
CAMSAP3|S334	216	0.6373957	0.46733373
CAMSAP3|S347	184	0.44698194	0.3248052
CAMSAP3|S368	150	0.116933055	0.110159844
CAMSAP3|S769	186	0.73200035	0.5
CAMSAP3|S814	167	0.59997094	0.4127159
CAMSAP3|T799	42	0.35403395	0.1751368
CANX|S554	236	0.61048293	0.4585535
CANX|S554_S564	11	0.75668174	0.16507657
CANX|S554_T562	6	0.17103393	0.10402079
CANX|S554_T562_S564	0	0.0	0.1
CANX|S564	241	0.82829773	0.5
CANX|S583	247	0.67630064	0.5
CANX|T562	216	1.3690776	0.5
CANX|T562_S564	0	0.0	0.1
CAP1|S255	0	0.0	0.1
CAP1|S266	0	0.0	0.1
CAP1|S275	0	0.0	0.1
CAP1|S34	247	1.6421974	0.5
CAP2|S197	0	0.0	0.1
CAP2|S200	0	0.0	0.1
CAPG|S337	56	0.6421266	0.29460958
CAPN15|S296	180	1.1131712	0.5
CAPN15|S456	0	0.0	0.1
CAPN1|S474	86	0.07163805	0.08688641
CAPN1|S93	168	0.22778282	0.18010266
CAPN2|S462	139	0.65581006	0.42325354
CAPN5|T44	128	0.08114019	0.08941203
CAPNS1|S67	0	0.0	0.1
CAPS|S107	0	0.0	0.1
CAPS|S126	73	1.633727	0.5
CAPZA1|T63	0	0.0	0.1
CAPZB|S211	0	0.0	0.1
CAPZB|S263	221	1.1142567	0.5
CARD10|S18_S20	0	0.0	0.1
CARD10|S638	0	0.0	0.1
CARD11|S448	55	1.0928898	0.45231572
CARD11|S459	0	0.0	0.1
CARD11|S466	77	0.18973567	0.13903755
CARD11|S644	0	0.0	0.1
CARD11|S886	6	0.41441116	0.11779686
CARD11|S925	94	0.6779998	0.38006175
CARD14|S259	0	0.0	0.1
CARD9|S425	0	0.0	0.1
CARD9|S431	73	0.47664744	0.25893217
CARHSP1|S30	202	0.39481965	0.29719725
CARHSP1|S30_S32	0	0.0	0.1
CARHSP1|S30_S32_S41	0	0.0	0.1
CARHSP1|S30_S41	0	0.0	0.1
CARHSP1|S32	186	0.4857602	0.35087904
CARHSP1|S32_S41	0	0.0	0.1
CARHSP1|S41	247	1.4021467	0.5
CARHSP1|S52	233	1.8768911	0.5
CARHSP1|S58	171	1.1521887	0.5
CARMIL1|S1068	0	0.0	0.1
CARMIL1|S1101	168	0.69958335	0.47585824
CARMIL1|S1131	172	0.557533	0.38932237
CARMIL1|S122	174	1.2179558	0.5
CARMIL1|S1282	0	0.0	0.1
CARMIL1|S1318	0	0.0	0.1
CARMIL1|S1325	0	0.0	0.1
CARMIL1|S1354	0	0.0	0.1
CARMIL1|S880	90	0.58725446	0.33080477
CARMIL1|S960	54	0.42600727	0.21431425
CARMIL1|T1222	0	0.0	0.1
CARMIL1|T916	186	1.223872	0.5
CARMIL2|S1246	42	0.4314226	0.19802639
CARMIL2|S1315	0	0.0	0.1
CARMIL2|S1381	55	0.9879625	0.41508344
CARMIL2|S1423	142	1.7368923	0.5
CARMIL2|S991	42	0.23434111	0.13973469
CARS|S102	0	0.0	0.1
CARS|S390	0	0.0	0.1
CARS|S79	0	0.0	0.1
CARTPT|S48	0	0.0	0.1
CASC3|S117	162	0.45307487	0.31831348
CASC3|S125	184	0.4699342	0.3396757
CASC3|S148	186	0.46638933	0.33828118
CASC3|S265	190	0.5326938	0.38348904
CASC3|S363	182	0.61504036	0.43240196
CASC3|S45	182	0.7430758	0.5
CASC3|S66	186	0.2892264	0.22306335
CASC3|T440	0	0.0	0.1
CASC4|S328	118	2.1099076	0.5
CASC4|S350	0	0.0	0.1
CASC4|S366	111	1.305299	0.5
CASKIN1|S1257	0	0.0	0.1
CASKIN1|S826	0	0.0	0.1
CASKIN1|S987	0	0.0	0.1
CASKIN2|S314	0	0.0	0.1
CASKIN2|S321	0	0.0	0.1
CASKIN2|S321_S324	0	0.0	0.1
CASKIN2|S389	0	0.0	0.1
CASKIN2|S615	0	0.0	0.1
CASKIN2|S643	0	0.0	0.1
CASK|S313	64	0.20132478	0.13954137
CASK|T182	0	0.0	0.1
CASP10|T198	0	0.0	0.1
CASP2|S340	150	1.183052	0.5
CASP6|S79	111	1.1220233	0.5
CASP8AP2|S875	75	0.6201913	0.32293913
CASP8|S241	0	0.0	0.1
CASP9|T125	0	0.0	0.1
CASS4|S200	86	0.95625114	0.49590108
CASS4|S249	52	0.46069866	0.22339691
CASS4|S305	0	0.0	0.1
CAST|S132	0	0.0	0.1
CAST|S243	142	1.7072749	0.5
CAST|S257	0	0.0	0.1
CAST|S285	0	0.0	0.1
CAST|S297	174	0.47520673	0.33826995
CAST|S304	0	0.0	0.1
CAST|S312	0	0.0	0.1
CAST|S319	0	0.0	0.1
CAST|S339	0	0.0	0.1
CAST|S34	0	0.0	0.1
CAST|S353	0	0.0	0.1
CAST|S358	0	0.0	0.1
CAST|S372	0	0.0	0.1
CAST|S386	0	0.0	0.1
CAST|S415	0	0.0	0.1
CAST|S425	0	0.0	0.1
CAST|S427	0	0.0	0.1
CAST|S434	0	0.0	0.1
CAST|S482	0	0.0	0.1
CAST|S501	0	0.0	0.1
CAST|S51	0	0.0	0.1
CAST|S636	0	0.0	0.1
CASZ1|S130	0	0.0	0.1
CASZ1|S151	43	0.7765424	0.30343583
CASZ1|S720_S721	0	0.0	0.1
CASZ1|S981	0	0.0	0.1
CAT|S515	176	-0.4177735	-0.2301744
CAT|T511	0	0.0	0.1
CAV1|S37	247	0.8626019	0.5
CAV1|S9	205	0.62143975	0.45047587
CAV2|S36	186	0.35952392	0.2687813
CAVIN1|S118	40	0.32115564	0.16318733
CAVIN1|S167	73	-0.016821122	0.05070554
CAVIN1|S171	147	0.7013874	0.45791072
CAVIN1|S171_S175	0	0.0	0.1
CAVIN1|S175	63	0.88630414	0.40390897
CAVIN1|S202_S203	0	0.0	0.1
CAVIN1|S300	188	0.5244608	0.37707856
CAVIN1|S365_S366	0	0.0	0.1
CAVIN1|S46	0	0.0	0.1
CAVIN1|S88	62	0.4572208	0.23671412
CAVIN1|T248	0	0.0	0.1
CAVIN1|T302	110	1.3231499	0.5
CAVIN1|Y156	50	0.57042587	0.25680864
CAVIN1|Y308	0	0.0	0.1
CAVIN2|S16	144	0.35264078	0.24909948
CAVIN2|S203_S204	0	0.0	0.1
CAVIN2|S203_S204_S218	0	0.0	0.1
CAVIN2|S218	44	0.20732935	0.13279507
CAVIN2|S241	0	0.0	0.1
CAVIN2|S247	0	0.0	0.1
CAVIN2|S264	0	0.0	0.1
CAVIN2|S293	191	0.696334	0.49140823
CAVIN2|S85	54	0.28585023	0.16516826
CAVIN3|S165_S166	0	0.0	0.1
CAVIN3|S166	99	0.2173308	0.1583706
CAVIN3|S62	182	0.8506134	0.5
CAVIN3|T205	0	0.0	0.1
CBFA2T2|S24	0	0.0	0.1
CBFA2T2|S255	0	0.0	0.1
CBFA2T2|S400	0	0.0	0.1
CBFA2T2|S542	0	0.0	0.1
CBFA2T2|S568	0	0.0	0.1
CBFB|S173	0	0.0	0.1
CBLB|S549	0	0.0	0.1
CBLB|S549_S553	0	0.0	0.1
CBLB|S642	0	0.0	0.1
CBLB|S662	0	0.0	0.1
CBLL1|S200	0	0.0	0.1
CBL|S452	175	1.2864122	0.5
CBL|S483	0	0.0	0.1
CBL|S486	0	0.0	0.1
CBL|S619	166	0.5662594	0.3909739
CBR1|S151	175	0.44692186	0.32076845
CBR1|S30	84	0.5856994	0.3217323
CBR1|S56	0	0.0	0.1
CBR3|S192	45	0.0008451403	0.0692278
CBR3|S30	0	0.0	0.1
CBR3|S56	111	0.5636178	0.34389374
CBX1|S175	0	0.0	0.1
CBX1|S89	186	0.64229894	0.45268396
CBX1|S89_S91	0	0.0	0.1
CBX3|S176	186	0.89365184	0.5
CBX3|S93	212	0.3880902	0.2957536
CBX3|S93_S95	0	0.0	0.1
CBX3|S93_S95_S97	0	0.0	0.1
CBX3|S93_S97	0	0.0	0.1
CBX3|S95	223	0.66414064	0.48948407
CBX3|S95_S97	0	0.0	0.1
CBX3|S97	205	0.6457607	0.46682274
CBX4|S182	155	1.0085943	0.5
CBX4|S291	0	0.0	0.1
CBX4|S415	176	0.75335014	0.5
CBX5|S110	145	0.9528566	0.5
CBX5|S92	0	0.0	0.1
CBX5|S95	0	0.0	0.1
CBX5|S97	152	0.3062177	0.22438529
CBX6|S283	0	0.0	0.1
CBX8|S191	219	0.66951954	0.4909868
CBX8|S256	169	1.8061681	0.5
CBX8|S311	186	0.63716173	0.44934297
CBY1|S63	0	0.0	0.1
CC2D1A|S292	102	1.5158771	0.5
CC2D1A|S455	45	0.047038592	0.0835637
CC2D1A|S674	0	0.0	0.1
CC2D1A|T120	41	-0.028111352	0.06274776
CC2D1B|S587_T590	0	0.0	0.1
CC2D1B|T374	0	0.0	0.1
CCAR1|S441	0	0.0	0.1
CCAR1|S670	0	0.0	0.1
CCAR1|S670_S682	0	0.0	0.1
CCAR1|S682	0	0.0	0.1
CCAR2|S124	0	0.0	0.1
CCAR2|S569	105	1.2055597	0.5
CCAR2|S626_S627	0	0.0	0.1
CCAR2|S674_S677	0	0.0	0.1
CCAR2|S674_S677_S680	0	0.0	0.1
CCAR2|S675_S678	0	0.0	0.1
CCAR2|S675_S678_S681	0	0.0	0.1
CCAR2|S678	240	0.9916641	0.5
CCAR2|S678_S681	5	0.12878713	0.10137082
CCAR2|S681	185	0.6708753	0.47056818
CCAR2|S807	0	0.0	0.1
CCAR2|S808	181	0.8581953	0.5
CCAR2|T35	0	0.0	0.1
CCAR2|T897	0	0.0	0.1
CCDC102A|S12	146	0.57774895	0.38354203
CCDC102A|S219	0	0.0	0.1
CCDC102A|S26	57	0.62425494	0.29033458
CCDC102A|S28	173	0.010267794	0.043136735
CCDC120|S291	0	0.0	0.1
CCDC120|S315	0	0.0	0.1
CCDC120|S366	0	0.0	0.1
CCDC120|S393	0	0.0	0.1
CCDC120|S411	0	0.0	0.1
CCDC120|S650	0	0.0	0.1
CCDC124|S141	169	1.5893681	0.5
CCDC124|S194	0	0.0	0.1
CCDC130|S332	0	0.0	0.1
CCDC130|S362	184	1.5338196	0.5
CCDC130|S40	0	0.0	0.1
CCDC137|S19	242	0.73872876	0.5
CCDC149|S469	0	0.0	0.1
CCDC14|S598	0	0.0	0.1
CCDC43|T139	44	0.3039968	0.16233236
CCDC61|S373	175	0.57531524	0.40247333
CCDC61|S373_S376	0	0.0	0.1
CCDC61|S376	186	0.3616861	0.27018747
CCDC61|S447	0	0.0	0.1
CCDC61|S473	175	1.3497667	0.5
CCDC61|T285	186	0.2486651	0.1966843
CCDC6|S240	193	0.6216087	0.44358528
CCDC6|S240_S244	36	1.3100255	0.42030087
CCDC6|S244	247	0.6734112	0.5
CCDC6|S254	145	0.9196235	0.5
CCDC6|S323	191	0.7648107	0.5
CCDC6|S325	186	0.73191345	0.5
CCDC6|S52	178	1.1373574	0.5
CCDC6|S98	0	0.0	0.1
CCDC80|S503	153	1.119739	0.5
CCDC82|S131	191	1.1087108	0.5
CCDC82|S154	0	0.0	0.1
CCDC82|S219_S220	0	0.0	0.1
CCDC85A|S313	0	0.0	0.1
CCDC85A|S347	71	0.014352468	0.06443874
CCDC85A|S369	62	1.0868384	0.4776789
CCDC85C|S246	164	0.07490986	0.0844137
CCDC85C|S258	98	0.025360117	0.06305703
CCDC86|S102	191	1.1075326	0.5
CCDC86|S102_S113	0	0.0	0.1
CCDC86|S110	186	1.0474697	0.5
CCDC86|S113	197	0.73748046	0.5
CCDC86|S18	237	0.86105186	0.5
CCDC86|S47	236	1.3754004	0.5
CCDC86|S58	215	1.2445959	0.5
CCDC86|S69	192	0.8732836	0.5
CCDC86|S80	148	1.3192111	0.5
CCDC86|S80_S91	8	0.06788109	0.097620815
CCDC86|S91	235	0.711328	0.5
CCDC88A|S1416	0	0.0	0.1
CCDC88A|S1417	192	1.0947523	0.5
CCDC88A|S1586	0	0.0	0.1
CCDC88A|S449	139	1.1620917	0.5
CCDC88B|S1379	0	0.0	0.1
CCDC88B|S436	170	0.68390304	0.46764264
CCDC88C|S1023	0	0.0	0.1
CCDC88C|S1491	0	0.0	0.1
CCDC88C|S1601	12	0.88864565	0.18449774
CCDC88C|S1806	73	0.8610479	0.42113584
CCDC88C|S1887	70	0.59095454	0.30215776
CCDC88C|S227	77	0.85036445	0.42642975
CCDC8|S202	112	1.5888293	0.5
CCDC8|S261	179	0.8168935	0.5
CCDC92|S211	191	0.48791227	0.35460907
CCDC97|S147	0	0.0	0.1
CCDC97|S192	0	0.0	0.1
CCDC97|S212	52	0.76787037	0.32848197
CCDC97|S257	44	1.0322468	0.38485318
CCDC9B|S193	148	1.396174	0.5
CCDC9B|S201	210	0.015914181	0.043038636
CCDC9B|S392	0	0.0	0.1
CCDC9B|S55	173	1.7824374	0.5
CCDC9|S202	182	0.6607462	0.46190006
CCDC9|S248	100	1.3535676	0.5
CCDC9|S376	62	0.9517075	0.42596212
CCDC9|S386	183	0.4299961	0.31338972
CCDC9|S521	147	0.9436824	0.5
CCDC9|S80	141	0.98265463	0.5
CCDC9|S80_T83	0	0.0	0.1
CCDC9|T83	5	-0.22320199	0.084609434
CCDC9|T95	173	0.97038203	0.5
CCM2|S185	0	0.0	0.1
CCM2|S301	0	0.0	0.1
CCM2|S405	0	0.0	0.1
CCM2|S437	0	0.0	0.1
CCNB2|S92	75	0.89061177	0.43883362
CCNE1|S103	161	1.0790501	0.5
CCNK|S324	186	0.31908864	0.24248423
CCNK|S340	244	0.40006393	0.31283605
CCNL1|S352	205	0.6553399	0.4732612
CCNL1|S352_S355	0	0.0	0.1
CCNL1|S374	186	0.7035209	0.49249962
CCNL1|S445	109	1.3597444	0.5
CCNL2|S108	0	0.0	0.1
CCNL2|S116	0	0.0	0.1
CCNL2|S147	0	0.0	0.1
CCNT1|S495	0	0.0	0.1
CCNT2|S336	0	0.0	0.1
CCNYL1|S105	0	0.0	0.1
CCNYL1|S105_S112	0	0.0	0.1
CCNYL1|S112	0	0.0	0.1
CCNYL1|S344	222	0.83383197	0.5
CCNYL1|S88	81	2.2571476	0.5
CCNY|S21	130	0.8836727	0.5
CCNY|S25	242	1.3455008	0.5
CCNY|S324	165	0.8395672	0.5
CCNY|S326	247	0.7635603	0.5
CCNY|S66	6	0.7540509	0.13702175
CCNY|S83	175	0.39616466	0.28846842
CCP110|S366_S372	0	0.0	0.1
CCP110|S372	82	1.182041	0.5
CCP110|S968	0	0.0	0.1
CCSAP|S145	182	0.5284634	0.37652606
CCSAP|S240	175	0.551602	0.38738307
CCSAP|S80	65	0.27337462	0.1682991
CCSER1|T132	0	0.0	0.1
CCSER2|S206	152	0.09717084	0.09829353
CCSER2|S908	0	0.0	0.1
CCT3|S252	188	1.5944395	0.5
CCT5|S26	0	0.0	0.1
CCT6A|S246	160	0.6876153	0.46160942
CCZ1|S266	186	0.64613545	0.455179
CD163L1|S1412	0	0.0	0.1
CD248|S746	180	0.9977575	0.5
CD2AP|S256	198	0.9185901	0.5
CD2AP|S458	242	0.87630475	0.5
CD2AP|S463	106	2.917124	0.5
CD2AP|S510	186	1.1391312	0.5
CD2AP|S510_S514	0	0.0	0.1
CD2AP|S510_T512	0	0.0	0.1
CD2AP|S582	184	0.930427	0.5
CD2AP|S80	0	0.0	0.1
CD2AP|S86	0	0.0	0.1
CD2BP2|S195	191	0.39837277	0.29583916
CD2BP2|S46_S49	0	0.0	0.1
CD2BP2|S49	191	1.3300545	0.5
CD2BP2|T243	0	0.0	0.1
CD300A|S156	0	0.0	0.1
CD3EAP|S130	0	0.0	0.1
CD3EAP|S138	0	0.0	0.1
CD3EAP|S287	0	0.0	0.1
CD3EAP|S492	0	0.0	0.1
CD44|S686	186	0.31255072	0.2382323
CD44|S697	184	0.65620965	0.46036118
CD44|S706	211	0.81017405	0.5
CD47|S316	44	1.3183892	0.47228557
CD5|S371	0	0.0	0.1
CD74|S25	169	0.44698408	0.31799373
CD74|S6_S8	0	0.0	0.1
CD74|S8	0	0.0	0.1
CD99|S151	0	0.0	0.1
CD99|S168	186	0.70249844	0.49183467
CD99|T164	0	0.0	0.1
CD99|T181	0	0.0	0.1
CDAN1|S277	45	0.1023984	0.10074433
CDAN1|S285	0	0.0	0.1
CDAN1|T71	0	0.0	0.1
CDC16|S560	171	0.7560178	0.5
CDC16|T581	144	0.33742413	0.24011916
CDC20|S41	75	1.640371	0.5
CDC20|T106	75	0.59857976	0.31367704
CDC25C|S216	155	1.000678	0.5
CDC25C|T48	0	0.0	0.1
CDC26|S42	169	0.71180534	0.48436844
CDC27|S370	0	0.0	0.1
CDC37|S127	0	0.0	0.1
CDC42BPA|S1600	0	0.0	0.1
CDC42BPA|S1616	0	0.0	0.1
CDC42BPA|S1638	68	0.5418894	0.27886
CDC42BPA|S1706	0	0.0	0.1
CDC42BPA|S1708	0	0.0	0.1
CDC42BPB|S1643	0	0.0	0.1
CDC42BPB|S1690	98	0.2030705	0.15101469
CDC42BPB|S1690_S1693	0	0.0	0.1
CDC42BPB|S481	186	1.0689602	0.5
CDC42BPB|T423	127	2.440324	0.5
CDC42BPB|T676	0	0.0	0.1
CDC42BPG|S1462	127	2.1508608	0.5
CDC42BPG|S1482	40	0.25186473	0.14338994
CDC42BPG|S1492	65	0.17482142	0.12947512
CDC42BPG|S646	0	0.0	0.1
CDC42EP1|S101	0	0.0	0.1
CDC42EP1|S113	0	0.0	0.1
CDC42EP1|S121	181	1.599877	0.5
CDC42EP1|S180	178	0.9386231	0.5
CDC42EP1|S183	149	1.3414437	0.5
CDC42EP1|S19	151	0.967384	0.5
CDC42EP1|S190	186	0.5273253	0.37791085
CDC42EP1|S192	247	1.0599275	0.5
CDC42EP1|S303	24	0.6224693	0.20112309
CDC42EP1|S350	231	0.7470795	0.5
CDC42EP1|S350_S353	5	-0.15674609	0.08777399
CDC42EP1|S353	202	1.0989386	0.5
CDC42EP1|T34	0	0.0	0.1
CDC42EP1|Y130	0	0.0	0.1
CDC42EP2|S101	0	0.0	0.1
CDC42EP2|S109	0	0.0	0.1
CDC42EP2|S141	169	0.9874042	0.5
CDC42EP2|T137	0	0.0	0.1
CDC42EP2|T137_S141	0	0.0	0.1
CDC42EP3|S100	124	0.6081516	0.3812982
CDC42EP3|S134	0	0.0	0.1
CDC42EP3|S144	75	1.4973335	0.5
CDC42EP3|S89	204	1.2536756	0.5
CDC42EP4|S105	184	0.99961865	0.5
CDC42EP4|S105_S109	0	0.0	0.1
CDC42EP4|S109	60	1.0876149	0.47035557
CDC42EP4|S11	59	1.417811	0.5
CDC42EP4|S118	167	0.89650136	0.5
CDC42EP4|S138	166	1.3979592	0.5
CDC42EP4|S140	129	1.5593473	0.5
CDC42EP4|S174	60	0.9541792	0.4203172
CDC42EP4|S18	105	1.6558309	0.5
CDC42EP4|S292	186	0.58311176	0.41419157
CDC42EP4|S292_S295	0	0.0	0.1
CDC42EP4|S295	125	0.45436373	0.29686874
CDC42EP4|S298	0	0.0	0.1
CDC42EP4|S322	167	1.6994857	0.5
CDC42EP4|S344	0	0.0	0.1
CDC42EP4|S64	152	0.70356625	0.46405584
CDC42EP4|S91	63	1.1039218	0.48801884
CDC42EP4|T188	0	0.0	0.1
CDC5L|S303	0	0.0	0.1
CDC5L|T355	66	0.06203484	0.08490542
CDC5L|T377	0	0.0	0.1
CDC5L|T385	0	0.0	0.1
CDC5L|T404	53	0.2258233	0.14358586
CDC5L|T424	178	0.6665916	0.46278167
CDCA2|S741	0	0.0	0.1
CDCA3|S222	0	0.0	0.1
CDCA3|S87	127	1.1056777	0.5
CDCA3|S94	158	1.3333044	0.5
CDCA5|S75	139	0.08507385	0.0913191
CDCA8|S219	182	1.2193123	0.5
CDH6|S786	176	-0.10568094	-0.03115886
CDK11A|S222	0	0.0	0.1
CDK11A|S232	0	0.0	0.1
CDK11A|S268	0	0.0	0.1
CDK11A|S271	48	0.5037113	0.23093338
CDK11A|S422	0	0.0	0.1
CDK11A|S47	186	0.19389033	0.16106156
CDK11A|S574	0	0.0	0.1
CDK11A|S698	0	0.0	0.1
CDK11A|S701	0	0.0	0.1
CDK11A|S72	0	0.0	0.1
CDK11A|T739_S740	0	0.0	0.1
CDK11B|S234	147	0.46720806	0.31854084
CDK11B|S283	234	0.7765448	0.5
CDK11B|S434	57	1.7682506	0.5
CDK11B|S47	186	0.2160732	0.17548817
CDK11B|S589	229	0.84059066	0.5
CDK11B|S65	166	0.34334332	0.25186086
CDK11B|S713	163	1.2464491	0.5
CDK11B|S72	186	1.1959703	0.5
CDK11B|T595	152	0.7904804	0.5
CDK12|S102_S105	0	0.0	0.1
CDK12|S1083	171	0.22341917	0.17787704
CDK12|S154	162	-0.01746559	0.027368605
CDK12|S274	182	0.14352569	0.12809105
CDK12|S274_S276	0	0.0	0.1
CDK12|S293	197	1.3919108	0.5
CDK12|S301_S303	0	0.0	0.1
CDK12|S303	217	1.5672123	0.5
CDK12|S332_S333_S334	0	0.0	0.1
CDK12|S334	186	0.6793911	0.47680682
CDK12|S357_S359	0	0.0	0.1
CDK12|S359	183	0.46178395	0.3339451
CDK12|S423	224	0.60879356	0.45175853
CDK12|S644	0	0.0	0.1
CDK12|S681	0	0.0	0.1
CDK12|S681_S685	0	0.0	0.1
CDK12|T1244	43	0.28893042	0.15681124
CDK12|T514	86	-0.12671438	-0.004824925
CDK12|T692	228	0.5862536	0.43800554
CDK13|S315_S317	0	0.0	0.1
CDK13|S315_S317_S325	0	0.0	0.1
CDK13|S317	192	0.7356455	0.5
CDK13|S325	186	0.51991796	0.37309352
CDK13|S340_S342	0	0.0	0.1
CDK13|S358_S360	0	0.0	0.1
CDK13|S360	197	0.9776396	0.5
CDK13|S383	216	0.556012	0.41170436
CDK13|S397	173	0.66513795	0.4581277
CDK13|S525	179	0.53552663	0.37942392
CDK13|S662	0	0.0	0.1
CDK13|S867	123	0.37517843	0.25178003
CDK13|T1246	229	0.9232887	0.5
CDK13|T588	0	0.0	0.1
CDK14|S119	151	0.8095751	0.5
CDK14|S24	189	0.94455534	0.5
CDK14|S95	186	0.55544215	0.39619666
CDK16|S139	0	0.0	0.1
CDK16|S169	0	0.0	0.1
CDK16|S184	0	0.0	0.1
CDK16|S193	0	0.0	0.1
CDK16|S212	0	0.0	0.1
CDK16|S227	0	0.0	0.1
CDK16|S229	0	0.0	0.1
CDK16|S86	0	0.0	0.1
CDK17|S137	208	0.8293595	0.5
CDK17|S146	38	0.83987004	0.30373234
CDK17|S165	169	1.319349	0.5
CDK17|S180	186	1.0758811	0.5
CDK17|S75	0	0.0	0.1
CDK17|S92	158	0.7430551	0.49380893
CDK18|S117	0	0.0	0.1
CDK18|S132	75	0.61216134	0.3194977
CDK18|S14	75	0.67381424	0.34592038
CDK18|S74	72	0.2538415	0.16439876
CDK18|S89	71	0.47583264	0.25604746
CDK18|S98	75	0.81445843	0.40619648
CDK1|T14	213	1.2868603	0.5
CDK1|T14_Y15	0	0.0	0.1
CDK1|T161	66	1.2993609	0.5
CDK1|Y15	191	1.5773144	0.5
CDK1|Y19	144	1.2550751	0.5
CDK2|T14_Y15	0	0.0	0.1
CDK5RAP2|S1061	0	0.0	0.1
CDK5RAP2|S1238	0	0.0	0.1
CDK5RAP2|S1350	0	0.0	0.1
CDK5RAP2|S1490	71	0.21087094	0.14603412
CDK5RAP2|S947	104	1.682226	0.5
CDK7|S280	0	0.0	0.1
CDK9|S347	165	0.88476086	0.5
CDKL5|S377	0	0.0	0.1
CDKL5|S407	0	0.0	0.1
CDKL5|S497	0	0.0	0.1
CDKL5|S720	0	0.0	0.1
CDKN1A|S130	156	0.7943162	0.5
CDKN1B|S10	186	0.8858689	0.5
CDKN1B|S178	182	1.0625243	0.5
CDKN1C|S297	52	0.2522784	0.15209524
CDKN2AIP|S131	175	1.7112958	0.5
CDR2L|S318	165	1.7199163	0.5
CDR2L|T154	55	1.1913794	0.48726365
CDR2L|T157	0	0.0	0.1
CDR2|S344	0	0.0	0.1
CDS1|S9	73	0.5651513	0.29627773
CDS2|S21	205	0.33386186	0.25718582
CDS2|S33	191	0.7212583	0.5
CDV3|S106_S107	0	0.0	0.1
CDV3|S107	169	0.7598979	0.5
CDV3|S197	0	0.0	0.1
CDV3|S8	183	1.1530215	0.5
CDV3|T182	0	0.0	0.1
CDYL|S147	0	0.0	0.1
CEBPD|S191	186	0.6585007	0.46322075
CEBPD|S256	0	0.0	0.1
CEBPZ|S629	191	1.4850343	0.5
CECR2|S239	0	0.0	0.1
CELSR1|S2761	115	0.46436143	0.294891
CELSR1|S2761_S2764	0	0.0	0.1
CELSR1|S2764	42	-0.00061635504	0.07024024
CELSR1|S2867	0	0.0	0.1
CELSR1|S3009	59	-0.107798	0.022892568
CELSR2|S2648	0	0.0	0.1
CELSR2|S2823	0	0.0	0.1
CENPB|S156	220	0.6247611	0.46077326
CENPC|S177	63	0.76057875	0.35531572
CENPC|S225	161	1.0539573	0.5
CENPC|S316	181	0.9598974	0.5
CENPC|S333	143	-0.054195307	0.009259552
CENPC|S528	62	1.8759223	0.5
CENPC|S538	186	1.5642459	0.5
CENPE|S2533	0	0.0	0.1
CENPF|S1654	61	0.50110507	0.25197148
CENPF|S2900	0	0.0	0.1
CENPF|S3023	75	1.1833909	0.5
CENPF|S3054	75	0.52741855	0.28317937
CENPF|S3079	75	0.6718699	0.34508708
CENPF|T144	0	0.0	0.1
CENPI|S284	152	0.9999328	0.5
CENPT|S397	182	1.300317	0.5
CEP112|S151	110	0.06666491	0.08253877
CEP112|S198	0	0.0	0.1
CEP112|S198_S202	0	0.0	0.1
CEP112|S210	0	0.0	0.1
CEP128|S1008	174	0.35008466	0.25881287
CEP128|S18	57	0.43138337	0.22031115
CEP128|S331	42	0.6940726	0.27571163
CEP128|S950	145	0.5963507	0.39375862
CEP131|S114	0	0.0	0.1
CEP131|S208	0	0.0	0.1
CEP131|S381	172	0.26430714	0.20390011
CEP131|S47	186	1.3897399	0.5
CEP131|S731	0	0.0	0.1
CEP131|S78	174	0.9438998	0.5
CEP135|S253	0	0.0	0.1
CEP135|S356	121	0.83474743	0.5
CEP135|S439	0	0.0	0.1
CEP135|T1121	0	0.0	0.1
CEP152|S1461	145	0.7409835	0.4793576
CEP162|T176	0	0.0	0.1
CEP164|S359	163	0.5733314	0.3933575
CEP164|S407	0	0.0	0.1
CEP164|S472	84	0.25786924	0.17207074
CEP164|S531	0	0.0	0.1
CEP170B|S1018	0	0.0	0.1
CEP170B|S1040	188	1.351316	0.5
CEP170B|S1065	0	0.0	0.1
CEP170B|S1109	0	0.0	0.1
CEP170B|S1129	0	0.0	0.1
CEP170B|S1179	93	0.43749428	0.26262677
CEP170B|S1475	0	0.0	0.1
CEP170B|S1478	0	0.0	0.1
CEP170B|S1481	0	0.0	0.1
CEP170B|S1504	0	0.0	0.1
CEP170B|S154	0	0.0	0.1
CEP170B|S270	0	0.0	0.1
CEP170B|S290	0	0.0	0.1
CEP170B|S422	0	0.0	0.1
CEP170B|S527	0	0.0	0.1
CEP170B|S549	0	0.0	0.1
CEP170B|S585	0	0.0	0.1
CEP170B|S597	138	0.25535992	0.19008264
CEP170B|S603	0	0.0	0.1
CEP170B|S619	179	0.5580889	0.39389935
CEP170B|S641	0	0.0	0.1
CEP170B|S702	0	0.0	0.1
CEP170B|S759	0	0.0	0.1
CEP170B|S772	186	0.9543903	0.5
CEP170B|S783	0	0.0	0.1
CEP170B|S829	0	0.0	0.1
CEP170B|S853	179	0.37479186	0.27630016
CEP170B|S881_S884	0	0.0	0.1
CEP170B|S899	0	0.0	0.1
CEP170B|S916_S918	0	0.0	0.1
CEP170B|S969	0	0.0	0.1
CEP170B|S970	0	0.0	0.1
CEP170B|S986_S988	0	0.0	0.1
CEP170B|T472	0	0.0	0.1
CEP170|S1112	209	1.1998594	0.5
CEP170|S1145	0	0.0	0.1
CEP170|S1165	162	1.5878832	0.5
CEP170|S1529	149	0.6615803	0.43604606
CEP170|S239	58	1.2694546	0.5
CEP170|S356_S359	0	0.0	0.1
CEP170|S359	75	0.9389529	0.45955124
CEP170|S379	186	0.64599407	0.45508707
CEP170|S446	124	1.202529	0.5
CEP170|S497	180	0.8089199	0.5
CEP170|S667	186	1.2640036	0.5
CEP170|S958	182	1.094117	0.5
CEP170|T644	165	1.9389964	0.5
CEP192|S1200	0	0.0	0.1
CEP192|S565	75	0.3872347	0.22310057
CEP250|S1295	122	1.3649493	0.5
CEP250|S1597	0	0.0	0.1
CEP250|S2229	162	0.34310657	0.2503178
CEP250|S2322	93	0.8325878	0.45300862
CEP350|S1265	0	0.0	0.1
CEP350|S1648	178	0.32130668	0.24169995
CEP350|S1805_S1807	0	0.0	0.1
CEP350|S1807	162	1.1875331	0.5
CEP350|S2460	0	0.0	0.1
CEP350|S473	0	0.0	0.1
CEP350|S939	0	0.0	0.1
CEP350|T878	192	0.331758	0.2523888
CEP41|S119	55	0.17805254	0.12769607
CEP41|S119_S121	0	0.0	0.1
CEP41|S272	0	0.0	0.1
CEP41|S96_S99	0	0.0	0.1
CEP41|S99	175	1.1926911	0.5
CEP57|S44	0	0.0	0.1
CEP57|S46	0	0.0	0.1
CEP63|S449	0	0.0	0.1
CEP68|S349	0	0.0	0.1
CEP68|S435	71	0.44495746	0.24322796
CEP68|S472_S478	0	0.0	0.1
CEP68|S478	191	0.8117994	0.5
CEP68|S603	0	0.0	0.1
CEP78|S325	55	0.416773	0.21240331
CEP85|S623	158	1.6071794	0.5
CEP89|S221	0	0.0	0.1
CEP89|S40_S44	0	0.0	0.1
CEP97|S308	54	1.6297355	0.5
CEP97|S416	0	0.0	0.1
CEP97|S545	0	0.0	0.1
CERS2|S341	186	1.234203	0.5
CERS2|T346_S348_S349	5	0.06490847	0.09832898
CETN2|S20	192	0.6085936	0.4344177
CFAP410|S136	111	0.29697546	0.20362216
CFAP410|S177	176	0.77143973	0.5
CFAP97|S330	80	0.57927823	0.31301254
CFDP1|S250	0	0.0	0.1
CFL1|S156	135	0.49773446	0.32848576
CFL1|S24	176	0.97967184	0.5
CFL1|S41	0	0.0	0.1
CFL1|T25	191	0.9073228	0.5
CFL1|Y140	0	0.0	0.1
CFL1|Y68	0	0.0	0.1
CFTR|S660	0	0.0	0.1
CFTR|S737	5	0.059913296	0.09809111
CFTR|S795	0	0.0	0.1
CGNL1|S112	156	0.7569141	0.5
CGNL1|S283	205	0.7034579	0.5
CGNL1|S486	133	1.2689828	0.5
CGNL1|S708	72	1.6399144	0.5
CGN|S1163	0	0.0	0.1
CGN|S137	0	0.0	0.1
CGN|S137_S140	0	0.0	0.1
CGN|S140	0	0.0	0.1
CGN|S155	0	0.0	0.1
CGN|S165	0	0.0	0.1
CGN|S180	0	0.0	0.1
CGN|S258	0	0.0	0.1
CGN|S276	0	0.0	0.1
CGN|S338	0	0.0	0.1
CHAF1A|S141	152	1.0118297	0.5
CHAF1A|S143	0	0.0	0.1
CHAF1A|S206	138	1.5856355	0.5
CHAF1A|S65	38	0.5294455	0.2182531
CHAF1A|T259	68	0.99881285	0.46380523
CHAF1B|S458	0	0.0	0.1
CHAMP1|S108	0	0.0	0.1
CHAMP1|S204	63	0.7564583	0.35372314
CHAMP1|S204_S214	7	0.36087736	0.11706674
CHAMP1|S214	57	0.6333519	0.29363734
CHAMP1|S247	42	0.2980004	0.1585635
CHAMP1|S282	0	0.0	0.1
CHAMP1|S282_S286	0	0.0	0.1
CHAMP1|S282_S297	0	0.0	0.1
CHAMP1|S308_S319	0	0.0	0.1
CHAMP1|S319	75	0.7768362	0.39007267
CHAMP1|S376	166	1.251794	0.5
CHAMP1|S382	170	0.9456963	0.5
CHAMP1|S382_S386	0	0.0	0.1
CHAMP1|S386	189	0.72004974	0.5
CHAMP1|S405	178	0.81784827	0.5
CHAMP1|S416	241	0.8645472	0.5
CHAMP1|S416_S427	0	0.0	0.1
CHAMP1|S427	150	0.62657267	0.41594362
CHAMP1|S427_S432	0	0.0	0.1
CHAMP1|S427_S432_S436	0	0.0	0.1
CHAMP1|S436	211	0.7774533	0.5
CHAMP1|S445	168	0.4214464	0.30150372
CHAMP1|S452	41	0.80412835	0.3047465
CHAMP1|S459	77	0.981244	0.48336607
CHAMP1|S476	228	0.8344547	0.5
CHAMP1|S512	0	0.0	0.1
CHAMP1|S542	243	0.6150943	0.46492103
CHAMP1|S603	181	1.4072144	0.5
CHAMP1|S627	192	1.036523	0.5
CHAMP1|S736	56	0.6287621	0.28981206
CHCHD3|S29	83	0.6581503	0.35315016
CHCHD3|S50	234	0.27130288	0.22001457
CHCHD6|S13	198	1.3577948	0.5
CHD1|S1081	103	0.69932586	0.40409148
CHD1|S1677	197	0.4977531	0.36382952
CHD1|S1689	160	0.60854936	0.41295347
CHD1|S215_S216	0	0.0	0.1
CHD2|S1085_S1087	0	0.0	0.1
CHD2|S1369_S1373	0	0.0	0.1
CHD2|S1373	182	1.2344198	0.5
CHD2|S1728	136	0.9987303	0.5
CHD2|S1789	0	0.0	0.1
CHD2|S1795_S1801	0	0.0	0.1
CHD2|S1801_S1807	0	0.0	0.1
CHD2|S1807	123	1.0356941	0.5
CHD2|S207_S208	0	0.0	0.1
CHD3|S132	0	0.0	0.1
CHD3|S132_S138	0	0.0	0.1
CHD3|S147_S149_S152	0	0.0	0.1
CHD3|S1660	0	0.0	0.1
CHD3|S1660_S1664	0	0.0	0.1
CHD3|S656	0	0.0	0.1
CHD3|S772	0	0.0	0.1
CHD3|Y654	0	0.0	0.1
CHD4|S1301	0	0.0	0.1
CHD4|S1308	190	0.5767125	0.41232887
CHD4|S1342	0	0.0	0.1
CHD4|S1524	0	0.0	0.1
CHD4|S1524_S1528	0	0.0	0.1
CHD4|S1528	0	0.0	0.1
CHD4|S1528_S1530	0	0.0	0.1
CHD4|S1531	173	0.36649415	0.26887727
CHD4|S1531_S1535	0	0.0	0.1
CHD4|S1535	241	0.76657575	0.5
CHD4|S1563	0	0.0	0.1
CHD4|S1569	0	0.0	0.1
CHD4|S1570	144	1.0775768	0.5
CHD4|S1576	127	0.77435595	0.47728285
CHD4|S1595	0	0.0	0.1
CHD4|S1602	138	1.1704553	0.5
CHD4|S1641	0	0.0	0.1
CHD4|S1648	0	0.0	0.1
CHD4|S270	0	0.0	0.1
CHD4|S277	0	0.0	0.1
CHD4|S421	0	0.0	0.1
CHD4|S428	44	0.8353371	0.32468635
CHD4|S508_S524	0	0.0	0.1
CHD4|S524	0	0.0	0.1
CHD4|S531	0	0.0	0.1
CHD4|T1546	0	0.0	0.1
CHD4|T1553	40	0.5652666	0.23293331
CHD4|T1646	0	0.0	0.1
CHD4|T1653	67	0.23382653	0.15369089
CHD4|T522_S524	0	0.0	0.1
CHD4|T529_S531	0	0.0	0.1
CHD6|S21	120	0.2617526	0.1882287
CHD7|S1874	0	0.0	0.1
CHD7|S2356	0	0.0	0.1
CHD7|S2559	213	1.1789147	0.5
CHD7|S2956	181	1.945903	0.5
CHD8|S1420	44	0.8662351	0.3341274
CHD8|S1420_S1424	0	0.0	0.1
CHD8|S1424	168	1.1862526	0.5
CHD8|S1995	189	0.8340187	0.5
CHD8|S2046	230	1.2175946	0.5
CHD8|S2519	192	1.0777109	0.5
CHD8|T1982	0	0.0	0.1
CHD9|S137_S138_S142	0	0.0	0.1
CHD9|S180	0	0.0	0.1
CHD9|S76	0	0.0	0.1
CHD9|S994_S998	0	0.0	0.1
CHD9|S998	0	0.0	0.1
CHD9|T1639	0	0.0	0.1
CHERP|S186	0	0.0	0.1
CHERP|S815_S817_T819	0	0.0	0.1
CHGA|S142	73	3.438791	0.5
CHGA|S218	0	0.0	0.1
CHGA|S300	67	1.5822083	0.5
CHGA|S322	164	1.1639503	0.5
CHGA|S322_S333	0	0.0	0.1
CHGA|S333	60	0.95110965	0.41916612
CHGA|S402	75	0.76214206	0.38377517
CHGB|S130	185	1.3525257	0.5
CHGB|S149	156	1.6972027	0.5
CHGB|S225	178	1.3476969	0.5
CHGB|S259_S263	0	0.0	0.1
CHGB|S335	0	0.0	0.1
CHGB|S377	116	1.1486896	0.5
CHGB|S377_S380	0	0.0	0.1
CHGB|S391	138	1.3601092	0.5
CHGB|S405	186	1.1901647	0.5
CHL1|S1127	0	0.0	0.1
CHMP1A|S182	125	1.0391995	0.5
CHMP2A|S203	196	1.0930551	0.5
CHMP2A|S95	0	0.0	0.1
CHMP2B|S146	0	0.0	0.1
CHMP2B|S158	0	0.0	0.1
CHMP2B|S187	193	1.3914826	0.5
CHMP2B|S199	184	0.70720994	0.49340364
CHMP3|S134	0	0.0	0.1
CHMP5|S86	163	1.2302576	0.5
CHMP6|S119	87	0.05168152	0.07752028
CHMP7|S232	0	0.0	0.1
CHMP7|S307	0	0.0	0.1
CHMP7|S410	0	0.0	0.1
CHMP7|S417	242	1.0954288	0.5
CHORDC1|S110	41	0.47266883	0.2083647
CHPF2|S56	0	0.0	0.1
CHTF18|S871	119	0.9550689	0.5
CIAPIN1|S259	0	0.0	0.1
CIAPIN1|S274	0	0.0	0.1
CIC|S1082	0	0.0	0.1
CIC|S1258	0	0.0	0.1
CIC|S1340	0	0.0	0.1
CIC|S1405	0	0.0	0.1
CIC|S1514	0	0.0	0.1
CIC|S1609	0	0.0	0.1
CIC|S1630	0	0.0	0.1
CIC|S1813	0	0.0	0.1
CIC|S1855	0	0.0	0.1
CIC|S2203	0	0.0	0.1
CIC|S2253	0	0.0	0.1
CIC|S227	0	0.0	0.1
CIC|S2282	0	0.0	0.1
CIC|S2282_S2291	0	0.0	0.1
CIC|S2291	0	0.0	0.1
CIC|S2318	0	0.0	0.1
CIC|S2327_S2328	0	0.0	0.1
CIC|S2328	0	0.0	0.1
CIC|S301	0	0.0	0.1
CIC|S423	0	0.0	0.1
CIC|S428	0	0.0	0.1
CIC|S442	0	0.0	0.1
CIC|S456	0	0.0	0.1
CIC|S664	0	0.0	0.1
CIC|S768	0	0.0	0.1
CIC|S776_S780	0	0.0	0.1
CIC|S780	0	0.0	0.1
CIC|S809	0	0.0	0.1
CIC|T1492	0	0.0	0.1
CIC|T2200_S2203	0	0.0	0.1
CIC|T472	0	0.0	0.1
CIC|T674	0	0.0	0.1
CIR1|S202	199	1.4891757	0.5
CIR1|S353	59	0.9341182	0.4095156
CIR1|S392_S394	0	0.0	0.1
CIR1|S394	176	1.2370355	0.5
CIRBP|S146	99	1.0027329	0.5
CISD2|T106	0	0.0	0.1
CIT|S1474	0	0.0	0.1
CIT|S2013	0	0.0	0.1
CIT|S2035	0	0.0	0.1
CIT|S440	201	1.8666694	0.5
CIT|S480	129	0.9568616	0.5
CIT|S699	0	0.0	0.1
CIZ1|T225	34	0.13018088	0.107657835
CIZ1|T244	71	1.4157852	0.5
CKAP4|S17	183	1.0650828	0.5
CKAP4|S26	179	0.5971754	0.41897637
CKAP4|S460	178	0.70338947	0.48634288
CKAP5|Y1860	0	0.0	0.1
CKB|S199	0	0.0	0.1
CKB|T322	71	0.49095494	0.2623263
CKB|T35	75	1.1470982	0.5
CKMT1A|S318	0	0.0	0.1
CKMT1A|T410	0	0.0	0.1
CLASP1|S1112	0	0.0	0.1
CLASP1|S1135	0	0.0	0.1
CLASP1|S1139	0	0.0	0.1
CLASP1|S1196	186	0.6659399	0.46805885
CLASP1|S246	162	0.8548618	0.5
CLASP1|S559	181	0.5077675	0.3626545
CLASP1|S572	197	0.39871383	0.2981368
CLASP1|S598	154	1.116694	0.5
CLASP1|S598_S600	0	0.0	0.1
CLASP1|S600	223	0.9124819	0.5
CLASP1|S646	198	0.89324665	0.5
CLASP1|S649	151	0.89456356	0.5
CLASP1|S665	0	0.0	0.1
CLASP1|S671	0	0.0	0.1
CLASP1|S675	0	0.0	0.1
CLASP1|S687	0	0.0	0.1
CLASP1|T702	0	0.0	0.1
CLASP1|T718	0	0.0	0.1
CLASP2|S1029	132	1.4465835	0.5
CLASP2|S14	149	1.5787693	0.5
CLASP2|S368_S370	0	0.0	0.1
CLASP2|S370	229	1.1942613	0.5
CLASP2|S389	0	0.0	0.1
CLASP2|S430	0	0.0	0.1
CLASP2|S455	180	1.8735286	0.5
CLASP2|S459	186	1.6164472	0.5
CLASP2|S596	139	2.1126738	0.5
CLASP2|S644	111	1.3591988	0.5
CLASP2|S8	0	0.0	0.1
CLASP2|S892	136	0.76957786	0.4858584
CLASP2|S955	174	0.037547756	0.060340546
CLASRP|S101	124	1.2107844	0.5
CLASRP|S285	183	0.6677067	0.46710363
CLASRP|S294	186	0.8408849	0.5
CLASRP|S547	190	0.68127537	0.48083556
CLASRP|S667_S669	0	0.0	0.1
CLASRP|T542	0	0.0	0.1
CLCC1|S438	177	0.835936	0.5
CLCC1|S464	0	0.0	0.1
CLCC1|S532	186	1.9854909	0.5
CLCN7|S60_S61	0	0.0	0.1
CLCN7|S9	186	1.4153681	0.5
CLDN18|T247	79	0.72376853	0.37529448
CLDN3|S203	190	1.3868375	0.5
CLDN3|S209	208	0.8445687	0.5
CLDN3|Y198	0	0.0	0.1
CLDN5|T292	0	0.0	0.1
CLEC16A|S7	92	0.9191236	0.49249673
CLEC16A|S863	192	0.96564317	0.5
CLEC16A|S980	122	0.38568163	0.25699618
CLGN|S554	159	0.61898047	0.4186019
CLGN|S581	186	2.1445906	0.5
CLIC1|S121	77	0.104712	0.10204986
CLIC1|S156	126	0.8677574	0.5
CLIC1|S211	0	0.0	0.1
CLIC4|S167	0	0.0	0.1
CLIC6|S112	46	0.26364642	0.15155983
CLIC6|S229	0	0.0	0.1
CLIC6|S239	0	0.0	0.1
CLIC6|S293	231	1.1522485	0.5
CLIC6|S303_S305	0	0.0	0.1
CLIC6|S305	150	0.38969848	0.2738191
CLIC6|S322	112	1.0213538	0.5
CLIC6|S377	186	0.62451744	0.44111976
CLIC6|S377_S393	0	0.0	0.1
CLIC6|S393	69	0.7127766	0.35018688
CLINT1|S227	186	0.76584095	0.5
CLINT1|S227_S232	0	0.0	0.1
CLINT1|S227_S232_S234	0	0.0	0.1
CLINT1|S245	0	0.0	0.1
CLINT1|S299	151	0.51003814	0.34667632
CLINT1|S299_T308	0	0.0	0.1
CLINT1|T294	153	1.2316977	0.5
CLINT1|T308	108	1.0575733	0.5
CLINT1|Y293	0	0.0	0.1
CLIP1|S1364	136	0.20790415	0.16218205
CLIP1|S143	68	1.5647665	0.5
CLIP1|S195	220	1.2265493	0.5
CLIP1|S200	186	1.2043579	0.5
CLIP1|S200_S204	0	0.0	0.1
CLIP1|S204	203	0.69008625	0.49533832
CLIP1|S310	184	0.88435537	0.5
CLIP1|S312	165	0.62411	0.42633262
CLIP1|S348	168	0.8516826	0.5
CLIP1|T182	160	1.1942644	0.5
CLIP1|T25	0	0.0	0.1
CLIP1|T350	128	1.5060043	0.5
CLIP1|Y1362	0	0.0	0.1
CLIP2|S207	186	0.6762339	0.47475353
CLIP2|S352	0	0.0	0.1
CLIP2|S42	146	1.6416839	0.5
CLIP2|S923	186	0.25588423	0.20137927
CLIP2|S973	0	0.0	0.1
CLIP2|T354	0	0.0	0.1
CLK1|S182	0	0.0	0.1
CLK1|T180_S182	0	0.0	0.1
CLK2|S142	63	0.8886985	0.4048344
CLK2|S50	186	1.132004	0.5
CLK3|S157	203	0.7092093	0.5
CLK3|S197_S199	0	0.0	0.1
CLK3|S215	186	0.39750662	0.29348335
CLK3|S224	186	1.2310351	0.5
CLK3|S224_S226	0	0.0	0.1
CLK4|S136_S138	0	0.0	0.1
CLK4|S138	163	1.1209159	0.5
CLMN|S301	83	2.1943545	0.5
CLMN|S419	186	1.0244355	0.5
CLMN|S619	0	0.0	0.1
CLMN|S635	186	0.8585362	0.5
CLMN|S907	176	0.71990365	0.4953009
CLN3|S12	197	0.8080392	0.5
CLN3|S12_S14	0	0.0	0.1
CLN3|S14	191	0.63066626	0.4483067
CLN6|S23	140	1.0574398	0.5
CLN6|S31	209	0.73640394	0.5
CLN6|S31_S33	0	0.0	0.1
CLNS1A|S102	193	1.0299147	0.5
CLOCK|S427	164	1.0707772	0.5
CLSPN|S225	52	0.6985086	0.30475295
CLSPN|S83	75	0.76473176	0.38488504
CLSPN|T1223	0	0.0	0.1
CLTA|S105	193	0.7543702	0.5
CLTA|S224	0	0.0	0.1
CLTC|S1498	0	0.0	0.1
CLTC|S580	0	0.0	0.1
CLTC|S67	44	-0.30990812	-0.025249705
CLTC|T109	0	0.0	0.1
CLTC|T398	0	0.0	0.1
CLTC|Y1481	0	0.0	0.1
CLUH|S649	0	0.0	0.1
CLUH|S664	186	1.0046817	0.5
CLU|S185	177	3.0056431	0.5
CLU|S396	90	0.77745354	0.42089906
CMBL|S223	111	0.5514154	0.33747444
CMIP|S283	0	0.0	0.1
CMKLR1|T342	109	-0.14678459	-0.028705835
CMPK1|S212	0	0.0	0.1
CMTM4|S194	156	1.1459975	0.5
CMTM4|S199	55	1.079524	0.44757304
CMTR1|S51_S53_S55	0	0.0	0.1
CMTR1|S53	186	0.9009826	0.5
CMTR1|S53_S55	0	0.0	0.1
CMTR1|S66	179	1.0993409	0.5
CNBP|S49	186	1.6163691	0.5
CNDP2|S299	0	0.0	0.1
CNDP2|S58	110	0.8822786	0.5
CNKSR1|S300	0	0.0	0.1
CNKSR1|S305	180	0.8029465	0.5
CNKSR1|S314	73	1.0760394	0.5
CNKSR1|T289_T293	0	0.0	0.1
CNKSR1|T289_T293_S300	0	0.0	0.1
CNKSR3|S383	116	1.1548303	0.5
CNN1|S175	0	0.0	0.1
CNN1|S215	0	0.0	0.1
CNN2|S127	0	0.0	0.1
CNN2|S166	0	0.0	0.1
CNN2|S206	0	0.0	0.1
CNN3|S162	0	0.0	0.1
CNN3|S175	0	0.0	0.1
CNN3|S215	56	1.5686985	0.5
CNN3|S259	99	2.4823117	0.5
CNNM3|S661	62	0.7542793	0.3504032
CNNM3|S673	130	0.3587445	0.24624689
CNNM3|S700	183	0.20488028	0.16782011
CNNM4|S764	0	0.0	0.1
CNOT1|S318	0	0.0	0.1
CNOT2|S157	110	1.4667019	0.5
CNOT2|S159	0	0.0	0.1
CNOT2|S165	186	0.57264245	0.40738288
CNOT2|S169	116	1.436722	0.5
CNOT2|T246	0	0.0	0.1
CNOT3|S297	0	0.0	0.1
CNOT3|S299	186	1.4375547	0.5
CNOT4|S321	0	0.0	0.1
CNOT4|S429	0	0.0	0.1
CNPY4|S58	54	0.67644477	0.30212998
CNP|S170	175	0.41285518	0.29908964
CNP|S9	81	0.724376	0.3794169
CNTLN|S22	0	0.0	0.1
CNTROB|S80	112	1.6105042	0.5
COASY|S207	0	0.0	0.1
COBLL1|S1016	0	0.0	0.1
COBLL1|S1022	0	0.0	0.1
COBLL1|S351	0	0.0	0.1
COBLL1|S371	154	0.2727469	0.2047363
COBLL1|S372	0	0.0	0.1
COBLL1|S390	0	0.0	0.1
COBLL1|S392	0	0.0	0.1
COBLL1|S410	0	0.0	0.1
COBLL1|S432	0	0.0	0.1
COBLL1|S957	0	0.0	0.1
COBLL1|S981	0	0.0	0.1
COBLL1|T326	0	0.0	0.1
COBL|S235	174	0.92281777	0.5
COBL|S269	95	0.62089014	0.35376698
COBL|S324	106	1.8256147	0.5
COBL|S347	5	0.15392181	0.10256771
COBL|S741	0	0.0	0.1
COBL|S815	0	0.0	0.1
COG1|S459	122	1.5102501	0.5
COG1|S548	151	0.7361365	0.48269564
COG1|S959	0	0.0	0.1
COG1|T657	0	0.0	0.1
COG3|S663	0	0.0	0.1
COG5|S197	176	0.68232816	0.4713397
COG5|S49	169	1.0110118	0.5
COIL|S235	99	1.0729405	0.5
COIL|S271	47	0.14035985	0.112904176
COIL|T122	186	1.6780218	0.5
COIL|T456	0	0.0	0.1
COL17A1|S148	0	0.0	0.1
COL17A1|S85	0	0.0	0.1
COL1A1|S176	223	0.81935495	0.5
COL1A1|S546	0	0.0	0.1
COL4A3BP|S251	0	0.0	0.1
COL6A3|S1583	0	0.0	0.1
COL6A3|S162	95	0.8850213	0.48244628
COL6A3|S1783	228	1.430386	0.5
COLGALT1|S616	170	1.892059	0.5
COMMD10|S141	0	0.0	0.1
COPA|S173	218	1.0983205	0.5
COPA|S402	186	1.1416171	0.5
COPA|T600	0	0.0	0.1
COPB1|S371	0	0.0	0.1
COPB1|S933	57	1.125405	0.47228077
COPB2|S859	175	0.27352408	0.21042442
COPB2|T828	55	1.6403333	0.5
COPE|S99	218	1.4153385	0.5
COPRS|S66	182	0.75979966	0.5
COPS5|S24	0	0.0	0.1
COPS5|S284	154	0.80673224	0.5
CORO1C|S240	0	0.0	0.1
CORO7|S21	203	0.81053704	0.5
CORO7|S444	0	0.0	0.1
CORO7|S447	0	0.0	0.1
COX4I1|S26	170	1.1613635	0.5
CPD|T1121	0	0.0	0.1
CPD|T1121_T1123	0	0.0	0.1
CPEB2|S526	0	0.0	0.1
CPEB2|S526_S529	0	0.0	0.1
CPEB3|S192	151	0.6432916	0.42684075
CPEB3|S195	99	-0.15375024	-0.026237551
CPEB4|S332	0	0.0	0.1
CPEB4|S97_S99	0	0.0	0.1
CPEB4|S99	193	0.59530276	0.42625743
CPNE1|S55	183	1.5679543	0.5
CPNE3|S197	105	0.25407782	0.1789179
CPNE3|S243	186	3.5950575	0.5
CPSF1|S753	8	-0.0026267045	0.09239802
CPSF2|S419_S420_S423	0	0.0	0.1
CPSF6|S181	47	0.030740852	0.07785592
CPSF6|S548_S550	0	0.0	0.1
CPSF6|S550	0	0.0	0.1
CPSF6|T444	0	0.0	0.1
CPSF7|S103	0	0.0	0.1
CPSF7|S60	146	0.51101077	0.3439332
CPSF7|T203	247	0.792079	0.5
CP|S722	111	1.249271	0.5
CRACR2A|S26	58	0.60417837	0.28507814
CRACR2A|S410	0	0.0	0.1
CRACR2A|S473	0	0.0	0.1
CRACR2B|S230	0	0.0	0.1
CRACR2B|S392	129	0.65504366	0.41266653
CRAMP1|S307	160	1.9580828	0.5
CRAMP1|S645	0	0.0	0.1
CRAMP1|S70	0	0.0	0.1
CREB1|S111	60	-0.16790834	-0.00046563148
CREB1|S142	180	0.87840277	0.5
CREB1|S271	190	0.5031453	0.36412966
CREBBP|S1005	0	0.0	0.1
CREBBP|S1038	0	0.0	0.1
CREBBP|S121	171	1.4247799	0.5
CRIP2|T11	0	0.0	0.1
CRKL|S184	0	0.0	0.1
CRKL|Y251	0	0.0	0.1
CRK|S125	206	0.72705853	0.5
CRK|S194	0	0.0	0.1
CRK|S74	0	0.0	0.1
CRK|Y136	152	0.7678577	0.5
CRMP1|S8	0	0.0	0.1
CRMP1|T509	71	0.46512222	0.25160044
CRMP1|T514	75	0.89230484	0.43955922
CROCC2|S524	0	0.0	0.1
CROCC|S1451	75	0.44186825	0.24651498
CROCC|S1451_S1460	0	0.0	0.1
CROCC|S1460	172	0.88188463	0.5
CROCC|S1619	68	1.2193316	0.5
CROCC|S1660	181	0.5996001	0.42180645
CROCC|S2009	86	1.211755	0.5
CROCC|S462	138	0.13525051	0.12043938
CROCC|S494	178	0.17519963	0.1481494
CROCC|S512	0	0.0	0.1
CROCC|T492_S494	5	0.00046300289	0.09526014
CRTC1|S113	0	0.0	0.1
CRTC1|S64	0	0.0	0.1
CRTC2|S116	0	0.0	0.1
CRTC2|S136	69	-0.087408766	0.023483995
CRTC2|S433	168	1.0734005	0.5
CRTC2|S613	186	0.5892794	0.41820273
CRTC2|T501	0	0.0	0.1
CRTC3|S135	0	0.0	0.1
CRTC3|S329	186	1.299215	0.5
CRTC3|S370	183	1.3901265	0.5
CRTC3|S391	71	-0.043633725	0.040362604
CRTC3|S391_S396	0	0.0	0.1
CRTC3|S391_T394	0	0.0	0.1
CRTC3|S396	137	0.4436664	0.29865947
CRTC3|S443	0	0.0	0.1
CRTC3|S62	186	0.96653056	0.5
CRYAB|S153	0	0.0	0.1
CRYAB|S59	197	1.1250825	0.5
CRYAB|S76	0	0.0	0.1
CRYAB|S85	0	0.0	0.1
CRYBG1|S141	0	0.0	0.1
CRYBG1|S22	0	0.0	0.1
CRYBG1|S329	0	0.0	0.1
CRYBG1|S484	153	0.7800486	0.5
CRYBG1|S533	60	1.136511	0.48869163
CRYBG1|S725	0	0.0	0.1
CRYBG1|S75	0	0.0	0.1
CRYBG1|T524	13	0.67127764	0.1657222
CRYBG1|T525	145	0.80368257	0.5
CRYBG2|S224	0	0.0	0.1
CRYBG2|S508	0	0.0	0.1
CRYBG2|S559	0	0.0	0.1
CRYBG2|S593	0	0.0	0.1
CRYBG3|S1280	47	-0.15842703	0.017373674
CRYBG3|S1849	0	0.0	0.1
CRYBG3|S1934	224	1.0900799	0.5
CRYBG3|S1966	0	0.0	0.1
CRYBG3|S395	52	0.532961	0.24811825
CRYBG3|S457	160	0.71777666	0.48017025
CRYBG3|S514	0	0.0	0.1
CRYBG3|S716	0	0.0	0.1
CRYBG3|S9	99	0.4201153	0.25925332
CRYBG3|S931	15	0.37913743	0.13640922
CRYBG3|T2902	0	0.0	0.1
CSDC2|S19	0	0.0	0.1
CSDC2|S47	75	1.0578855	0.5
CSDE1|T677	0	0.0	0.1
CSDE1|T761	0	0.0	0.1
CSE1L|S112	131	0.43623242	0.29067725
CSE1L|S931	0	0.0	0.1
CSNK1A1|S156	0	0.0	0.1
CSNK1A1|T349	0	0.0	0.1
CSNK1D|S382	128	0.79721963	0.49142155
CSNK1D|S401	0	0.0	0.1
CSNK1E|S363	206	0.9845446	0.5
CSNK2A1|S194	0	0.0	0.1
CSNK2B|S202	0	0.0	0.1
CSNK2B|S206	0	0.0	0.1
CSPP1|S31	0	0.0	0.1
CSPP1|S424	0	0.0	0.1
CSPP1|S847	0	0.0	0.1
CSPP1|S866	0	0.0	0.1
CSPP1|S885	0	0.0	0.1
CSPP1|S931	0	0.0	0.1
CSRP1|S186	0	0.0	0.1
CSRP1|S33	0	0.0	0.1
CST3|S43	186	1.6412535	0.5
CSTF2T|T320	0	0.0	0.1
CSTF2|S302	0	0.0	0.1
CSTF2|S330	0	0.0	0.1
CSTF2|S544	0	0.0	0.1
CSTF3|S691	186	0.7218809	0.5
CTDP1|S355	0	0.0	0.1
CTDP1|S621	0	0.0	0.1
CTDP1|S720	0	0.0	0.1
CTDP1|S740	159	0.75558305	0.5
CTDP1|S750	0	0.0	0.1
CTDP1|S750_S753	0	0.0	0.1
CTDP1|S831_S833	0	0.0	0.1
CTDSPL2|S104	161	0.8774796	0.5
CTDSPL2|S9	74	0.72670275	0.36652878
CTDSPL|S33	48	0.65504265	0.28001383
CTF1|S7	0	0.0	0.1
CTIF|S18	184	0.29026133	0.22326791
CTIF|S299	200	0.73413855	0.5
CTNNA1|S295	95	1.189405	0.5
CTNNA1|S439	0	0.0	0.1
CTNNA1|S44	0	0.0	0.1
CTNNA1|S641	218	1.254071	0.5
CTNNA1|S641_S652	12	0.92440003	0.18832858
CTNNA1|S641_T645	4	-0.07655649	0.09320937
CTNNA1|S652	186	0.8597743	0.5
CTNNA1|S655	123	0.8194504	0.4968269
CTNNA1|S655_T658	0	0.0	0.1
CTNNA1|S690	190	1.2768259	0.5
CTNNA1|S770	0	0.0	0.1
CTNNA1|S858	71	2.0821438	0.5
CTNNA1|S898	0	0.0	0.1
CTNNA1|T658	105	0.7444192	0.43006837
CTNNA2|S640	145	0.8611386	0.5
CTNNA3|S637	104	1.1335688	0.5
CTNNAL1|S374	95	1.3126695	0.5
CTNNB1|S179	72	1.9987566	0.5
CTNNB1|S191	234	0.85692245	0.5
CTNNB1|S552	247	1.0410758	0.5
CTNNB1|S675	111	0.62729836	0.3773939
CTNNB1|T551	203	0.85164267	0.5
CTNNBL1|S518	0	0.0	0.1
CTNNBL1|S545	205	0.41263285	0.31013027
CTNND1|S171	0	0.0	0.1
CTNND1|S225	51	-0.03747319	0.053568654
CTNND1|S230	241	0.75912404	0.5
CTNND1|S244	166	1.102199	0.5
CTNND1|S252	241	0.8755509	0.5
CTNND1|S268	215	1.0814844	0.5
CTNND1|S268_S269	9	0.39243048	0.12414564
CTNND1|S288	235	0.5452845	0.41236377
CTNND1|S346	235	0.7015294	0.5
CTNND1|S346_S349	17	-0.3642718	0.032541707
CTNND1|S346_S349_S352	0	0.0	0.1
CTNND1|S346_S352	6	-0.072298996	0.09024723
CTNND1|S349	247	0.64521873	0.48809516
CTNND1|S349_S352	16	0.7123585	0.18446323
CTNND1|S352	240	0.4581913	0.35284093
CTNND1|S38	0	0.0	0.1
CTNND1|S47	186	0.36868	0.27473596
CTNND1|S707	0	0.0	0.1
CTNND1|S713	68	0.41302934	0.22670235
CTNND1|S841	0	0.0	0.1
CTNND1|S847	186	0.806334	0.5
CTNND1|S858	0	0.0	0.1
CTNND1|S873	0	0.0	0.1
CTNND1|S879	0	0.0	0.1
CTNND1|S893	0	0.0	0.1
CTNND1|S899	166	0.85707605	0.5
CTNND1|S914	0	0.0	0.1
CTNND1|S920	236	1.1279234	0.5
CTNND1|T59	176	1.6629193	0.5
CTNND1|T611	0	0.0	0.1
CTNND1|T900	0	0.0	0.1
CTNND1|T910	0	0.0	0.1
CTNND1|T916	183	1.7512757	0.5
CTNND1|Y228	0	0.0	0.1
CTNND2|S176	0	0.0	0.1
CTNND2|S267	144	0.31279644	0.22558479
CTNND2|S443	0	0.0	0.1
CTNND2|S534	163	0.07713181	0.08582693
CTPS2|S568	191	0.76432884	0.5
CTPS2|S571	154	0.90831125	0.5
CTR9|S1042_S1044_S1048	0	0.0	0.1
CTR9|S1057_S1061	0	0.0	0.1
CTR9|S1061	0	0.0	0.1
CTR9|S1073	0	0.0	0.1
CTR9|S917	0	0.0	0.1
CTR9|S917_S919	0	0.0	0.1
CTR9|S946	0	0.0	0.1
CTR9|T901	0	0.0	0.1
CTR9|T951	0	0.0	0.1
CTTNBP2NL|S488	233	0.53836757	0.40672567
CTTNBP2NL|S549	186	0.8075324	0.5
CTTNBP2NL|S560	0	0.0	0.1
CTTNBP2NL|S560_S563	0	0.0	0.1
CTTNBP2NL|S563	0	0.0	0.1
CTTNBP2NL|S563_S568	0	0.0	0.1
CTTNBP2NL|S568	0	0.0	0.1
CTTNBP2NL|S592	0	0.0	0.1
CTTNBP2|S1506	0	0.0	0.1
CTTN|S11	6	0.097636044	0.0998662
CTTN|S113	159	0.57490945	0.39154673
CTTN|S117	98	1.0232583	0.5
CTTN|S187	141	1.6899011	0.5
CTTN|S261	186	0.8592478	0.5
CTTN|S282	114	1.7974598	0.5
CTTN|S298	178	1.4286189	0.5
CTTN|S405	217	0.694517	0.5
CTTN|S418	241	0.96294826	0.5
CTTN|S426	207	1.0723913	0.5
CTTN|S447	186	2.3043485	0.5
CTTN|S98	0	0.0	0.1
CTTN|T401	241	0.74835914	0.5
CTTN|T401_S405	24	0.43059587	0.1639863
CTTN|Y421	5	0.22037026	0.10573192
CTU2|S419	14	0.4817086	0.1468765
CTU2|S435	0	0.0	0.1
CUL3|S671	0	0.0	0.1
CUL4A|S10	183	1.2134371	0.5
CUL4B|S15	0	0.0	0.1
CUL4B|T36	0	0.0	0.1
CUL4B|T72	0	0.0	0.1
CUL7|S1208	0	0.0	0.1
CUL7|S423	0	0.0	0.1
CUL9|S1457	192	0.1187094	0.112302065
CUL9|S2436	128	0.2716664	0.19637412
CUX1|S1070	0	0.0	0.1
CUX1|S663	0	0.0	0.1
CWC22|S39	186	0.5476342	0.39111876
CWC22|S61	186	0.836827	0.5
CWC22|S829	192	0.5600643	0.40250802
CWC22|S866	186	0.26099026	0.20469998
CWC25|S218	174	0.7110107	0.48801407
CWC25|S293_S295	0	0.0	0.1
CWC25|S337	169	1.6008677	0.5
CWC27|S266	0	0.0	0.1
CWF19L2|S351	0	0.0	0.1
CWF19L2|S479	204	0.86701995	0.5
CXADR|S323	199	0.9600035	0.5
CXADR|S359	0	0.0	0.1
CXXC1|S19	0	0.0	0.1
CXXC1|S224	180	0.3157881	0.23872091
CXXC5|T53	97	0.32455277	0.21056658
CXorf38|T195	0	0.0	0.1
CYB5R1|S150	96	2.967073	0.5
CYB5R3|S146	174	2.2486403	0.5
CYBA|T147	247	1.4165548	0.5
CYBRD1|S190	0	0.0	0.1
CYBRD1|S202	0	0.0	0.1
CYBRD1|S204	0	0.0	0.1
CYCS|T29	0	0.0	0.1
CYFIP1|S431	154	1.2993106	0.5
CYFIP1|S872	69	0.085620485	0.09412907
CYFIP1|T1068	53	-0.16196902	0.009252563
CYFIP1|T1234	181	1.025184	0.5
CYLD|S384	0	0.0	0.1
CYLD|S415	0	0.0	0.1
CYLD|S415_S419	0	0.0	0.1
CYLD|S419	0	0.0	0.1
CYLD|S544	0	0.0	0.1
CYLD|S544_S549	0	0.0	0.1
CYLD|S549	0	0.0	0.1
CYLD|S557	0	0.0	0.1
CYTIP|S66	190	2.332566	0.5
DAAM2|S1050	155	0.83331966	0.5
DAAM2|S1052	0	0.0	0.1
DAB2IP|S1108	135	1.2174252	0.5
DAB2IP|S1140	139	0.49258706	0.32832468
DAB2IP|S1168	154	0.6133892	0.4112675
DAB2IP|S53	50	0.8087254	0.3362418
DAB2IP|S702	228	1.2276227	0.5
DAB2IP|S747	221	1.3128302	0.5
DAB2IP|S874	0	0.0	0.1
DAB2IP|S895	150	1.293026	0.5
DAB2IP|S978	203	0.32318595	0.24952722
DAB2IP|S995	183	0.7830593	0.5
DAB2IP|T935	156	0.8023342	0.5
DAB2|S193	0	0.0	0.1
DAB2|S227	182	0.95982206	0.5
DAB2|S401	230	0.86191255	0.5
DAB2|S723	180	0.74559313	0.5
DAB2|T221	0	0.0	0.1
DACH1|S439	0	0.0	0.1
DACT3|S165	161	0.73039114	0.48886195
DACT3|S306	0	0.0	0.1
DACT3|S344	0	0.0	0.1
DACT3|S344_S348	0	0.0	0.1
DACT3|S387	149	0.14107813	0.12458089
DACT3|S387_S391	0	0.0	0.1
DACT3|S426	107	1.2806256	0.5
DACT3|S520	0	0.0	0.1
DACT3|S6	181	0.7764324	0.5
DAG1|T790	201	2.9476533	0.5
DAGLB|S579	0	0.0	0.1
DAPK1|S289	94	0.97919923	0.5
DAPK2|S299	213	0.521369	0.38674632
DAPK2|S349	175	0.40130118	0.2917371
DAP|S49	0	0.0	0.1
DAP|S49_S51	0	0.0	0.1
DAP|S51	0	0.0	0.1
DARS|S149	0	0.0	0.1
DARS|S249	99	0.93845314	0.5
DAXX|S213	4	-0.016858527	0.095505446
DAXX|S495	210	0.42147914	0.3177762
DAXX|S618	0	0.0	0.1
DAXX|S654	151	1.234991	0.5
DAXX|S671	159	0.2877101	0.21523516
DAXX|S688	182	0.961036	0.5
DBI|Y29	0	0.0	0.1
DBN1|S141	179	0.39150402	0.2870223
DBN1|S142	240	0.5683899	0.43062818
DBN1|S274	122	0.4631028	0.29954296
DBN1|S320	0	0.0	0.1
DBN1|S337	217	1.2655556	0.5
DBN1|S339	166	0.93531376	0.5
DBN1|S381	7	0.17197452	0.10470861
DBN1|S385	0	0.0	0.1
DBN1|S427	0	0.0	0.1
DBN1|T331	0	0.0	0.1
DBN1|T346	192	0.3212761	0.24549662
DBN1|T377	0	0.0	0.1
DBN1|T392	0	0.0	0.1
DBNL|S141	172	1.0688157	0.5
DBNL|S146	0	0.0	0.1
DBNL|S160	11	0.8801355	0.17731072
DBNL|S169	0	0.0	0.1
DBNL|S232	186	0.9259827	0.5
DBNL|S269	236	1.2239356	0.5
DBNL|S275	235	1.3232477	0.5
DBNL|S283	143	0.84797096	0.5
DBNL|T291	247	0.95828587	0.5
DBR1|S514	186	0.70739865	0.49502152
DBT|S220	100	0.100225165	0.10011259
DCAF10|S92	51	0.09334133	0.097751044
DCAF11|S121	0	0.0	0.1
DCAF15|S310	181	0.74549615	0.5
DCAF1|S978	0	0.0	0.1
DCAF1|S999	0	0.0	0.1
DCAF5|S467	0	0.0	0.1
DCAF5|S647	0	0.0	0.1
DCAF5|S793	0	0.0	0.1
DCAF5|T499	0	0.0	0.1
DCAF6|S336	186	0.6337543	0.44712695
DCAF6|S657	155	2.1195438	0.5
DCAF6|T654_S657	0	0.0	0.1
DCAF8|S129_S130	0	0.0	0.1
DCAF8|S99	186	1.52141	0.5
DCDC2|S270	106	1.7614375	0.5
DCDC2|S300	0	0.0	0.1
DCHS1|S2985	0	0.0	0.1
DCHS1|S3055	148	0.87403107	0.5
DCK|S11	143	1.1523913	0.5
DCK|S74	159	1.815072	0.5
DCK|T72	177	1.435859	0.5
DCLK1|S305_S307	0	0.0	0.1
DCLK1|S307	75	-0.17137343	-0.016302891
DCLK1|S32	0	0.0	0.1
DCLK1|S32_S36	0	0.0	0.1
DCLK1|S330	166	0.4182825	0.29862744
DCLK1|S332	79	0.094666794	0.09764624
DCLK1|S337	204	0.16415888	0.14305398
DCLK1|S352	0	0.0	0.1
DCLK1|S720	71	0.25442734	0.16411895
DCLK1|S726	64	-0.006797155	0.058323063
DCLK1|S77	49	0.17390995	0.12430596
DCLK2|S355	68	0.7255229	0.35318786
DCLK2|S362	125	0.26526356	0.1918131
DCLK2|S375	169	1.1655841	0.5
DCLK2|S6	0	0.0	0.1
DCP1A|S353	57	1.2078935	0.5
DCP1A|S522_S523	0	0.0	0.1
DCP1A|S522_S523_S525	0	0.0	0.1
DCP1A|S522_S525	0	0.0	0.1
DCP1A|S523	186	0.2608181	0.204588
DCP1A|S525	227	0.53567266	0.40243942
DCP1A|S539	0	0.0	0.1
DCP1A|S62	186	0.30237854	0.23161682
DCP1A|T401	0	0.0	0.1
DCP1A|T531	149	0.38340315	0.26958662
DCP1B|S147	174	0.86019087	0.5
DCP1B|S227	0	0.0	0.1
DCP1B|S283	182	0.24280033	0.19216192
DCP1B|S448	60	0.6168973	0.29383647
DCP2|S246_S247_S249	0	0.0	0.1
DCP2|S329	121	1.7219352	0.5
DCTN1|S300	0	0.0	0.1
DCTN1|T103	0	0.0	0.1
DCTN2|S301	0	0.0	0.1
DCTN2|S322	0	0.0	0.1
DCTPP1|S85	178	0.37681195	0.27723932
DCUN1D4|S71	187	0.50230676	0.3621302
DCUN1D5|S41	0	0.0	0.1
DCUN1D5|S9	183	0.08278747	0.08886963
DDA1|S33	173	0.8200384	0.5
DDA1|S95	186	0.76738137	0.5
DDAH2|S261	0	0.0	0.1
DDB2|S24_S26	0	0.0	0.1
DDB2|S26	234	0.6627098	0.4942338
DDHD1|S730	0	0.0	0.1
DDI2|S121	181	0.59074235	0.41610092
DDI2|S194	174	1.1100535	0.5
DDOST|S312	0	0.0	0.1
DDRGK1|S150	0	0.0	0.1
DDX10|S539	206	1.0715064	0.5
DDX10|S831	155	0.9128579	0.5
DDX17|S601	53	1.1403266	0.4603746
DDX17|S64	68	1.1023359	0.5
DDX19A|S19	0	0.0	0.1
DDX19A|S85	101	0.28670382	0.19381633
DDX1|S481	186	0.5810394	0.41284385
DDX20|S500	111	0.82855535	0.48326844
DDX20|S677_S678	0	0.0	0.1
DDX20|S703	174	1.0981408	0.5
DDX20|S714	170	1.4541519	0.5
DDX20|T705	0	0.0	0.1
DDX21|S121	208	0.94255394	0.5
DDX21|S13	88	-0.5313897	-0.19554412
DDX21|S171_S173	0	0.0	0.1
DDX21|S71	154	1.042155	0.5
DDX23|S14	186	0.4958221	0.35742277
DDX24|S287	207	0.84709287	0.5
DDX24|S82	197	0.74846256	0.5
DDX39A|T171	75	0.6835167	0.35007858
DDX39B|S41	0	0.0	0.1
DDX3X|S578	0	0.0	0.1
DDX3X|S593	0	0.0	0.1
DDX3X|S86	70	0.49676615	0.2633743
DDX3X|S98	0	0.0	0.1
DDX3Y|S592	130	0.7560688	0.4708215
DDX41|S21_S23	12	0.94089997	0.19009644
DDX41|S23	199	0.9744892	0.5
DDX41|S66_S68	0	0.0	0.1
DDX42|S185	118	1.744531	0.5
DDX42|Y183	49	0.7018478	0.2979231
DDX46|S199	90	0.84774053	0.4541929
DDX46|S804	51	0.03253258	0.07721299
DDX50|S41	186	0.9541584	0.5
DDX50|S82	113	1.2138379	0.5
DDX51|S83	200	0.837831	0.5
DDX54|S39_S41	0	0.0	0.1
DDX54|S782	186	0.44532228	0.32458022
DDX55|S544	167	1.2380422	0.5
DDX58|S8	174	0.78923136	0.5
DDX59|S160	171	1.099878	0.5
DDX5|S480	96	1.176478	0.5
DEAF1|S176	0	0.0	0.1
DEAF1|T312	53	-0.20778507	-0.006618358
DEAF1|T432	0	0.0	0.1
DEF6|S590	191	1.2970711	0.5
DEF6|S597	200	1.5869374	0.5
DEK|S230_S231_S232	0	0.0	0.1
DEK|S231_S232	0	0.0	0.1
DEK|S243_S244	0	0.0	0.1
DEK|S243_S244_S251	0	0.0	0.1
DEK|S251	129	1.69535	0.5
DEK|S306_S307	0	0.0	0.1
DEK|S32	186	2.048235	0.5
DEK|S51	177	1.1019862	0.5
DENND1A|S412	0	0.0	0.1
DENND1A|S473	150	0.7557075	0.4934245
DENND1A|S510	41	1.0432677	0.37428352
DENND1A|S520	197	0.8232013	0.5
DENND1A|S523	191	0.578146	0.41383466
DENND1A|S528	0	0.0	0.1
DENND1A|S538	109	1.0197166	0.5
DENND1A|S546	174	0.75272834	0.5
DENND1A|S592	0	0.0	0.1
DENND1A|S607	0	0.0	0.1
DENND1A|S653	0	0.0	0.1
DENND1A|S656	0	0.0	0.1
DENND1A|T707	0	0.0	0.1
DENND1A|T768	0	0.0	0.1
DENND1A|T923	70	0.5319973	0.27788126
DENND1A|T984	0	0.0	0.1
DENND1B|S514	73	0.5549711	0.29198202
DENND1B|S590_S596	0	0.0	0.1
DENND1B|S596	0	0.0	0.1
DENND1C|S436	0	0.0	0.1
DENND1C|S552	0	0.0	0.1
DENND2A|S246	60	0.42503014	0.2218863
DENND2A|S404	40	0.3807548	0.18021566
DENND2A|S504	170	1.1147951	0.5
DENND3|S552	0	0.0	0.1
DENND4A|S1015	177	0.3999117	0.2916403
DENND4A|S1035	0	0.0	0.1
DENND4A|S1078	0	0.0	0.1
DENND4A|S1117	61	0.5959335	0.28790027
DENND4A|S1194	0	0.0	0.1
DENND4A|S1225	144	1.4376246	0.5
DENND4A|S1268	0	0.0	0.1
DENND4A|S1587	166	1.176829	0.5
DENND4A|S1630	0	0.0	0.1
DENND4A|S731	177	1.4212362	0.5
DENND4A|S935	87	0.10541929	0.10252127
DENND4B|S1092	95	-0.11727793	-0.0058533438
DENND4B|S736	209	0.7683736	0.5
DENND4B|S947	0	0.0	0.1
DENND4B|S963	20	-0.04567964	0.075720064
DENND4C|S1017_S1022	0	0.0	0.1
DENND4C|S1038	0	0.0	0.1
DENND4C|S1148	0	0.0	0.1
DENND4C|S1175	0	0.0	0.1
DENND4C|S1184	210	1.6384963	0.5
DENND4C|S1225	192	1.1679966	0.5
DENND4C|S1233	0	0.0	0.1
DENND4C|S1274	0	0.0	0.1
DENND4C|S1301	0	0.0	0.1
DENND4C|S1395	0	0.0	0.1
DENND4C|S1613	186	1.0290025	0.5
DENND4C|S1650	0	0.0	0.1
DENND4C|S1662	0	0.0	0.1
DENND4C|S1672	0	0.0	0.1
DENND4C|S737	0	0.0	0.1
DENND4C|S741	121	0.5012838	0.31970745
DENND4C|S953	0	0.0	0.1
DENND4C|S989	230	1.0152011	0.5
DENND4C|T1265	0	0.0	0.1
DENND4C|T734	0	0.0	0.1
DENND5A|S1085	55	0.9321076	0.395264
DENND5A|S851	112	0.86591315	0.5
DENND5A|T1079	59	0.42153582	0.21931204
DENND5B|S1111	0	0.0	0.1
DENND5B|S868	0	0.0	0.1
DENND5B|T1097	0	0.0	0.1
DENND6A|S127	69	0.119713254	0.10804861
DENR|S189	0	0.0	0.1
DENR|S73	242	0.59386075	0.44945702
DENR|T86	100	0.44985184	0.27492592
DEPDC5|S579	141	0.742634	0.4759809
DEPTOR|S143	0	0.0	0.1
DES|S28	126	0.98671854	0.5
DES|S28_S31	0	0.0	0.1
DES|S28_S32	0	0.0	0.1
DES|S32	52	-0.16656646	0.008806214
DES|S424	47	0.09590152	0.0986896
DES|S438	69	1.1226817	0.5
DES|S60	0	0.0	0.1
DES|S68	66	0.8093728	0.3820398
DES|T17	0	0.0	0.1
DFFA|S110	43	1.0492748	0.38544628
DFFA|S315	240	1.0131449	0.5
DGCR8|S275	61	0.2720116	0.1651721
DGCR8|S377	206	1.11886	0.5
DGCR8|S434	0	0.0	0.1
DGCR8|S95	147	0.33545914	0.24013156
DGKZ|S193	54	0.76694274	0.33386305
DGKZ|S205	133	0.66390795	0.42188734
DGKZ|S37	162	0.7534028	0.5
DGKZ|S52_S53	0	0.0	0.1
DGKZ|S970	0	0.0	0.1
DHCR7|S14	197	0.69140387	0.492278
DHX16|S100	0	0.0	0.1
DHX16|S160	197	1.2576458	0.5
DHX16|S43	0	0.0	0.1
DHX16|S43_S46_S47	0	0.0	0.1
DHX16|S81	0	0.0	0.1
DHX29|S200	55	0.32739726	0.18068933
DHX29|S580	0	0.0	0.1
DHX29|T198	0	0.0	0.1
DHX34|S20	186	1.202073	0.5
DHX34|S749_S750	0	0.0	0.1
DHX38|S1194	166	0.58636916	0.40352362
DHX38|S199	154	0.30495536	0.22426428
DHX57|S127	186	1.0240139	0.5
DHX57|S132	75	0.6507012	0.3360148
DHX57|S74	0	0.0	0.1
DHX8|S456	0	0.0	0.1
DHX8|S460	223	0.32252023	0.2536285
DHX9|S125	135	0.9938027	0.5
DHX9|S449	0	0.0	0.1
DHX9|S688	120	0.9586717	0.5
DIAPH1|S22	155	0.85456985	0.5
DIAPH3|S1093	51	0.20275286	0.1347046
DICER1|S397	111	2.0775573	0.5
DICER1|S643	0	0.0	0.1
DIDO1|S1040	206	0.35319027	0.27044836
DIDO1|S123	128	0.9627874	0.5
DIDO1|S1260	0	0.0	0.1
DIDO1|S1456	214	0.87552774	0.5
DIDO1|S523	72	0.49210966	0.26413894
DIDO1|S805	191	0.79688835	0.5
DIDO1|S805_S809	5	-0.057505175	0.092499755
DIDO1|T151_S152_S154	0	0.0	0.1
DIDO1|T1662	0	0.0	0.1
DIP2A|S94	0	0.0	0.1
DIP2B|S203	206	1.2126544	0.5
DIP2B|T144	0	0.0	0.1
DIP2C|T264	55	0.9349156	0.39626035
DIP2C|T67	0	0.0	0.1
DIRC2|S26	97	0.56789505	0.33038488
DIS3L2|S194	0	0.0	0.1
DKC1|S21	0	0.0	0.1
DKC1|S485	174	0.88453823	0.5
DKC1|S485_S494	0	0.0	0.1
DKC1|S489	0	0.0	0.1
DKC1|S494	236	0.8632468	0.5
DLC1|S120_S123	0	0.0	0.1
DLC1|S1254	0	0.0	0.1
DLC1|S163	0	0.0	0.1
DLC1|S523_S526	0	0.0	0.1
DLC1|S548	0	0.0	0.1
DLC1|S566	183	1.0678447	0.5
DLC1|S583	0	0.0	0.1
DLC1|S851	0	0.0	0.1
DLC1|S986	11	0.6223128	0.15176073
DLG1|S534	0	0.0	0.1
DLG1|S565	0	0.0	0.1
DLG1|S586	0	0.0	0.1
DLG2|S519	0	0.0	0.1
DLG3|S8	0	0.0	0.1
DLG5|S1000	36	0.7255205	0.26557896
DLG5|S1093	0	0.0	0.1
DLG5|S1115	0	0.0	0.1
DLG5|S1232	173	1.17726	0.5
DLG5|S1254	0	0.0	0.1
DLG5|S1263	0	0.0	0.1
DLG5|S132	0	0.0	0.1
DLG5|S1666	74	1.0343335	0.49736023
DLG5|S1795	0	0.0	0.1
DLG5|S264	129	-0.116547145	-0.021985076
DLG5|S972	0	0.0	0.1
DLG5|T1011	0	0.0	0.1
DLG5|T984_S1000	0	0.0	0.1
DLGAP4|S434	0	0.0	0.1
DLGAP4|T175	0	0.0	0.1
DLGAP4|T376	0	0.0	0.1
DLGAP5|S662	72	0.2878377	0.17862973
DLGAP5|S806	0	0.0	0.1
DMAP1|S454	192	0.9118782	0.5
DMAP1|T445	230	0.17661601	0.15339904
DMTN|S105	170	1.0643678	0.5
DMTN|S152	171	1.1518679	0.5
DMTN|S156	186	1.1969848	0.5
DMTN|S226	186	1.1271703	0.5
DMTN|S26	178	0.6488936	0.45144984
DMTN|S289	209	1.2402653	0.5
DMTN|S333	186	1.0169535	0.5
DMTN|S372	186	0.5801155	0.41224298
DMTN|S96	171	0.29802507	0.22495309
DMWD|S495	68	0.4335767	0.23501915
DMWD|S545	92	0.43373045	0.25991252
DMXL1|S1285	186	0.6880155	0.4824157
DMXL1|S1896	224	0.88850015	0.5
DMXL1|S1905	124	1.2103382	0.5
DMXL1|S1908	182	1.0786417	0.5
DMXL1|S1970	171	0.87823653	0.5
DMXL1|S2414	0	0.0	0.1
DMXL1|S324	0	0.0	0.1
DMXL1|S436	42	0.9088574	0.3392395
DMXL1|S574	58	1.469295	0.5
DMXL1|S924	46	1.0185035	0.3893915
DMXL2|S1140	163	0.46827734	0.32824793
DMXL2|S1140_S1143	0	0.0	0.1
DMXL2|S1400	218	1.1691049	0.5
DMXL2|S1857	174	1.2120527	0.5
DMXL2|S1984	7	0.18282254	0.105418295
DMXL2|S2400	0	0.0	0.1
DMXL2|S434	175	0.52845335	0.3726521
DMXL2|S929	81	0.4733775	0.26709157
DNAAF2|S240	3	0.13558018	0.10103631
DNAAF5|T334	0	0.0	0.1
DNAJA1|S335	52	0.45572707	0.22169611
DNAJA1|S340	0	0.0	0.1
DNAJA2|S123	149	0.070164785	0.0821468
DNAJA4|S336	0	0.0	0.1
DNAJB1|S151	186	1.2655942	0.5
DNAJB1|S16	172	2.3258727	0.5
DNAJB1|S171	180	1.0523916	0.5
DNAJB2|S311_S313	0	0.0	0.1
DNAJB2|S313	212	0.62106234	0.4540552
DNAJB4|S148	183	0.72916585	0.5
DNAJB4|S38	0	0.0	0.1
DNAJB6|S15	42	0.7217972	0.28391185
DNAJB6|S267	0	0.0	0.1
DNAJB6|S277	182	0.7263106	0.5
DNAJC17|S112	186	0.8909026	0.5
DNAJC1|S430	186	0.6483667	0.4566301
DNAJC1|S479_S480	0	0.0	0.1
DNAJC1|S480	179	1.032698	0.5
DNAJC21|S15	103	1.0337478	0.5
DNAJC21|S283	91	0.6551193	0.36448094
DNAJC21|S370	125	0.7800829	0.47782385
DNAJC21|S430	0	0.0	0.1
DNAJC21|Y311	0	0.0	0.1
DNAJC2|S47	234	0.9838385	0.5
DNAJC2|S47_S49	0	0.0	0.1
DNAJC2|S49	186	0.52725595	0.37786576
DNAJC2|S60_S63	0	0.0	0.1
DNAJC5|S10	194	0.9225512	0.5
DNAJC8|S35	182	0.88059497	0.5
DNAJC9|S109	121	0.5153452	0.32740623
DNM1L|S529	159	1.1718564	0.5
DNM1L|S605	0	0.0	0.1
DNM1|S774	189	0.44010484	0.32242152
DNM3|S759	0	0.0	0.1
DNM3|S759_S763	0	0.0	0.1
DNMBP|S1068	0	0.0	0.1
DNMBP|S1436	111	0.3450078	0.22889037
DNMBP|S659	203	0.85057294	0.5
DNMBP|S684	0	0.0	0.1
DNMT1|S1105	0	0.0	0.1
DNMT1|S141_S143	0	0.0	0.1
DNMT1|S143	173	1.4009941	0.5
DNMT1|S189_S192	0	0.0	0.1
DNMT1|S714	186	0.6429581	0.45311263
DNMT1|S732	41	0.2155819	0.13360891
DNMT3A|S105	190	0.6252919	0.44415674
DNPEP|T221	0	0.0	0.1
DNPH1|S128	182	2.7046669	0.5
DNPH1|S169	229	0.35270986	0.27589837
DNPH1|Y24	0	0.0	0.1
DNTTIP1|S161	0	0.0	0.1
DNTTIP2|S117	179	1.088531	0.5
DNTTIP2|S141	37	0.18659736	0.12338761
DNTTIP2|S141_S145	0	0.0	0.1
DNTTIP2|S141_S148	0	0.0	0.1
DNTTIP2|S184	135	0.697289	0.44312346
DNTTIP2|S330	50	0.21318308	0.13772771
DNTTIP2|S512	0	0.0	0.1
DNTTIP2|S74	69	1.5307996	0.5
DNTTIP2|T232	50	0.44230017	0.21410006
DNTTIP2|T610	0	0.0	0.1
DOCK10|S1226	0	0.0	0.1
DOCK10|S1251	0	0.0	0.1
DOCK10|S1257	178	0.85986084	0.5
DOCK10|S1283_S1286_S1289	0	0.0	0.1
DOCK10|S1286_S1289	0	0.0	0.1
DOCK10|S1289	156	1.6509364	0.5
DOCK10|S13	0	0.0	0.1
DOCK10|S1312	0	0.0	0.1
DOCK10|S1445	0	0.0	0.1
DOCK10|T1434	0	0.0	0.1
DOCK11|S1237_S1240	0	0.0	0.1
DOCK11|S1350	0	0.0	0.1
DOCK11|S437	137	0.36325195	0.25217518
DOCK11|S440	197	0.8344107	0.5
DOCK11|T1352	80	0.5945491	0.3197996
DOCK1|S1702	0	0.0	0.1
DOCK1|S1764	0	0.0	0.1
DOCK1|S1777	0	0.0	0.1
DOCK1|S1785	0	0.0	0.1
DOCK1|T1788	0	0.0	0.1
DOCK1|T1788_T1793	0	0.0	0.1
DOCK1|T1793	0	0.0	0.1
DOCK1|T1865	0	0.0	0.1
DOCK2|S1592	145	1.1908768	0.5
DOCK2|S1685	240	1.0094956	0.5
DOCK2|S1706	247	1.1665474	0.5
DOCK2|S1784	150	1.423509	0.5
DOCK2|S587	188	1.2721016	0.5
DOCK4|S1623	0	0.0	0.1
DOCK4|S1640	0	0.0	0.1
DOCK4|S1709	0	0.0	0.1
DOCK4|S1733	0	0.0	0.1
DOCK4|S1759	0	0.0	0.1
DOCK4|S1778	0	0.0	0.1
DOCK4|T1908	0	0.0	0.1
DOCK5|S1656	0	0.0	0.1
DOCK5|S1742	0	0.0	0.1
DOCK5|S1766	186	0.9981323	0.5
DOCK6|S1230	75	1.1014754	0.5
DOCK6|S1308	162	0.54331005	0.37410772
DOCK6|S1343	46	0.70541906	0.29074848
DOCK6|S159	171	0.35974193	0.2638962
DOCK6|S176	186	0.72124887	0.5
DOCK6|S176_S178	0	0.0	0.1
DOCK6|S178	186	0.7150751	0.5
DOCK6|S2036	0	0.0	0.1
DOCK6|S872	73	1.1120621	0.5
DOCK6|T2029	53	0.017257318	0.071337506
DOCK7|S1383	182	0.65743655	0.459764
DOCK7|S1421	0	0.0	0.1
DOCK7|S1423	0	0.0	0.1
DOCK7|S1429	0	0.0	0.1
DOCK7|S180	186	0.8226947	0.5
DOCK7|S180_S182	0	0.0	0.1
DOCK7|S182	174	0.8521003	0.5
DOCK7|S190	186	1.9953266	0.5
DOCK7|S2118	0	0.0	0.1
DOCK7|S30	63	1.0288386	0.45899898
DOCK7|S439	186	0.53977615	0.3860083
DOCK7|S873	0	0.0	0.1
DOCK7|S888	176	0.6911393	0.4769584
DOCK7|S900	222	0.3467113	0.27009287
DOCK7|S910	172	1.2090051	0.5
DOCK7|S929	183	-0.14394854	-0.05774764
DOCK7|S946	180	0.33547089	0.25137416
DOCK7|T136	0	0.0	0.1
DOCK8|S1145	119	2.0114903	0.5
DOCK8|S139	148	1.726851	0.5
DOCK8|S383	0	0.0	0.1
DOCK8|S451	186	1.0563358	0.5
DOCK8|S904	193	1.1425502	0.5
DOCK9|S1220	0	0.0	0.1
DOCK9|S1254	0	0.0	0.1
DOCK9|S166	0	0.0	0.1
DOCK9|S167	55	0.42954212	0.2169343
DOCK9|S37	0	0.0	0.1
DOCK9|S439	0	0.0	0.1
DOCK9|S442	0	0.0	0.1
DOCK9|S443	140	0.3308479	0.23466127
DOCK9|S926	0	0.0	0.1
DOK1|S130	0	0.0	0.1
DOK1|S152	0	0.0	0.1
DOK1|S258	0	0.0	0.1
DOK3|S274	0	0.0	0.1
DOK3|S308	0	0.0	0.1
DOP1A|S716	0	0.0	0.1
DOP1B|S1021	186	0.5592213	0.39865446
DOP1B|S1085	205	1.3813835	0.5
DOP1B|S681	59	0.447848	0.22907567
DOP1B|S714	186	1.4898343	0.5
DOT1L|S1065	55	0.5975341	0.27654436
DOT1L|S374	136	0.5040054	0.33281666
DOT1L|S471	0	0.0	0.1
DOT1L|S786	70	0.66838956	0.33404276
DOT1L|S826_S834	0	0.0	0.1
DOT1L|S834	64	0.43732134	0.23163758
DOT1L|S902	167	0.8922816	0.5
DPF2|S142	227	0.43764982	0.334393
DPF2|S258	0	0.0	0.1
DPF2|S258_T262	0	0.0	0.1
DPF2|S94	0	0.0	0.1
DPF2|T262	0	0.0	0.1
DPYD|S905	146	0.8433405	0.5
DPYSL2|S27	0	0.0	0.1
DPYSL2|S642	0	0.0	0.1
DPYSL2|S645	0	0.0	0.1
DPYSL2|S647	0	0.0	0.1
DPYSL2|T614	0	0.0	0.1
DPYSL2|T619	0	0.0	0.1
DPYSL3|S102	0	0.0	0.1
DPYSL3|S373	0	0.0	0.1
DPYSL3|S56	0	0.0	0.1
DPYSL3|S586	0	0.0	0.1
DPYSL3|S632	0	0.0	0.1
DPYSL3|S636	0	0.0	0.1
DPYSL3|S650	0	0.0	0.1
DPYSL3|S653	0	0.0	0.1
DPYSL3|S655	0	0.0	0.1
DPYSL3|S95	0	0.0	0.1
DPYSL3|T621	0	0.0	0.1
DPYSL3|T622	0	0.0	0.1
DPYSL3|T623	0	0.0	0.1
DPYSL3|T628	0	0.0	0.1
DROSHA|S373	87	0.22119975	0.15638705
DSC2|S828	0	0.0	0.1
DSC2|S864	150	0.86688995	0.5
DSC2|S864_S868	0	0.0	0.1
DSC2|S868	151	1.4381784	0.5
DSC2|S868_S873	0	0.0	0.1
DSC2|S873	105	1.748557	0.5
DSC2|T805	104	0.31606248	0.21014951
DSC2|T805_S808	0	0.0	0.1
DSG2|S680	186	0.9135446	0.5
DSG2|S700	200	0.9072933	0.5
DSG2|S701	218	1.1908276	0.5
DSG2|S703	230	1.022284	0.5
DSG2|S712	106	1.0676979	0.5
DSG2|S723	167	1.0061984	0.5
DSG2|S893	0	0.0	0.1
DSG2|T650	0	0.0	0.1
DSG2|T922	196	0.79247934	0.5
DSN1|S109	124	0.7485454	0.4590162
DSN1|S125	132	0.86418027	0.5
DSN1|S57	149	1.0447668	0.5
DSN1|S58	192	0.9999256	0.5
DSN1|S81	186	0.5167005	0.37100103
DSP|S1078	0	0.0	0.1
DSP|S1127	186	1.9199461	0.5
DSP|S1708	79	0.968074	0.48311645
DSP|S176	181	1.2038826	0.5
DSP|S178	95	0.46836296	0.27945888
DSP|S2000	0	0.0	0.1
DSP|S2024	164	1.5735024	0.5
DSP|S22	200	0.95946646	0.5
DSP|S2207	186	1.3564558	0.5
DSP|S2209	236	0.84809345	0.5
DSP|S227	127	1.6654078	0.5
DSP|S2815	115	1.0869622	0.5
DSP|S2820	147	1.0109516	0.5
DSP|S2821	183	0.8110348	0.5
DSP|S2821_S2825	13	0.44967934	0.1402286
DSP|S2825	222	0.9236861	0.5
DSP|S53	180	0.9807433	0.5
DSP|Y2817	0	0.0	0.1
DSTN|S7	0	0.0	0.1
DST|S157	0	0.0	0.1
DST|S2060	0	0.0	0.1
DST|S415	0	0.0	0.1
DST|S5615_S5618	0	0.0	0.1
DTD1|S194_S196_S197	0	0.0	0.1
DTD1|S196_S197	0	0.0	0.1
DTNA|S398	0	0.0	0.1
DTNA|S602	0	0.0	0.1
DTNBP1|S11	0	0.0	0.1
DTNBP1|S304	0	0.0	0.1
DTNB|S608	97	0.8700881	0.47918043
DTX3L|S202	234	1.2413205	0.5
DTX3L|S204	177	0.7248378	0.49926454
DTX3L|S221	186	1.1737201	0.5
DTX3L|S532	171	0.55054533	0.38429242
DTX3L|S539	225	0.7222563	0.5
DTX3L|S545	56	0.5082112	0.24653736
DTX3L|T526	0	0.0	0.1
DUOX1|S634	76	0.94112587	0.46321344
DUS3L|S236	168	0.8904425	0.5
DUSP16|S501	56	0.9554084	0.40706968
DUSP16|S612	186	0.66585654	0.4680046
DUSP3|T93	0	0.0	0.1
DUSP9|S328	0	0.0	0.1
DUT|S88	47	-0.01936051	0.061837118
DVL1|S51	0	0.0	0.1
DVL1|S600_S602_S604	0	0.0	0.1
DVL2|S59	0	0.0	0.1
DVL2|S618	160	-0.26320833	-0.12351282
DVL3|S48	146	1.3715731	0.5
DVL3|S700	0	0.0	0.1
DYNC1H1|S1230	75	-0.20653436	-0.03137186
DYNC1H1|S4368	247	1.3665416	0.5
DYNC1I1|S50	34	0.1904164	0.12294147
DYNC1I1|S80	0	0.0	0.1
DYNC1I2|S51	126	0.058869965	0.077069096
DYNC1I2|S73	0	0.0	0.1
DYNC1I2|S81	0	0.0	0.1
DYNC1I2|S95	0	0.0	0.1
DYNC1I2|S95_S98	0	0.0	0.1
DYNC1LI1|S207	246	1.0136002	0.5
DYNC1LI1|S398	0	0.0	0.1
DYNC1LI1|S421	153	1.2467912	0.5
DYNC1LI2|S117	0	0.0	0.1
DYNC1LI2|S194	186	0.9251448	0.5
DYNC1LI2|S369	0	0.0	0.1
DYNC1LI2|S407	92	1.2204518	0.5
DYNC1LI2|S446	169	0.9959526	0.5
DYRK1A|S520	0	0.0	0.1
DYRK1A|Y312	0	0.0	0.1
DYSF|S163	0	0.0	0.1
DYSF|S166	0	0.0	0.1
DZIP3|S707	0	0.0	0.1
EAF1|S165	189	0.35096517	0.264126
EAF1|S29	0	0.0	0.1
EAPP|S109_S111	0	0.0	0.1
EBAG9|S36	192	0.4382901	0.32243732
EBAG9|S86	175	1.8692133	0.5
ECH1|S268	104	0.56022555	0.3346248
ECM2|S191	0	0.0	0.1
ECT2|S367	66	0.44884822	0.23869869
ECT2|S861	57	1.3941468	0.5
ECT2|T359	91	0.7536797	0.41143903
EDC3|S131	186	0.9940976	0.5
EDC3|S161	163	0.28645957	0.21556239
EDC4|S1380	0	0.0	0.1
EDC4|S583	0	0.0	0.1
EDC4|S729	154	1.0713152	0.5
EDC4|S844	186	1.132461	0.5
EDC4|T693	0	0.0	0.1
EEA1|S354	0	0.0	0.1
EEA1|S356	91	0.7186493	0.39474916
EEA1|S49	56	1.2544448	0.5
EEA1|S52	186	1.4990413	0.5
EEF1A1|S175	0	0.0	0.1
EEF1A1|Y141	106	2.296355	0.5
EEF1AKMT2|S21	186	1.0451398	0.5
EEF1B2|S106	212	1.6611929	0.5
EEF1B2|S43	54	0.36941093	0.19446877
EEF1B2|S8	0	0.0	0.1
EEF1B2|S90	90	0.30674675	0.19793268
EEF1B2|S95	85	0.46598902	0.26815712
EEF1B2|T93	152	1.1874114	0.5
EEF1D|S452	0	0.0	0.1
EEF1D|S499	0	0.0	0.1
EEF1D|S528	0	0.0	0.1
EEF1D|T495	0	0.0	0.1
EEF1D|T513	0	0.0	0.1
EEF1D|T513_S528	0	0.0	0.1
EEF2K|S18	233	0.862774	0.5
EEF2K|S441	70	0.20111126	0.14163405
EEF2K|S445	185	1.0973511	0.5
EEF2K|S462	186	0.20711477	0.16966206
EEF2K|S470	171	0.74570084	0.5
EEF2K|S474	182	0.725472	0.5
EEF2K|S500	209	0.78235584	0.5
EEF2|T435	0	0.0	0.1
EEF2|T57	240	1.3295103	0.5
EEF2|T57_T59	23	0.42742768	0.16122632
EEF2|T59	227	1.3024466	0.5
EEF2|Y434	0	0.0	0.1
EEPD1|S16	186	0.4812021	0.34791467
EEPD1|S160	194	1.2509602	0.5
EEPD1|S173	197	0.5676764	0.41020963
EEPD1|S25	143	1.2212176	0.5
EEPD1|S25_S31	0	0.0	0.1
EEPD1|S554	186	0.7409184	0.5
EFHD2|S74	201	0.97342974	0.5
EFNB1|S281	63	0.3881965	0.21138883
EFNB1|S287	40	1.9688541	0.5
EFR3A|S184	0	0.0	0.1
EFR3A|S658	0	0.0	0.1
EFR3A|T652	0	0.0	0.1
EFS|S118	0	0.0	0.1
EFS|S129	0	0.0	0.1
EFS|S162	0	0.0	0.1
EFS|S287	0	0.0	0.1
EFS|S298	215	1.315506	0.5
EFS|S331	68	1.6993781	0.5
EFTUD2|S944	0	0.0	0.1
EFTUD2|T86	0	0.0	0.1
EGFR|S1019	0	0.0	0.1
EGFR|S1064	108	2.3677826	0.5
EGFR|S946	0	0.0	0.1
EGFR|S991	187	0.47289205	0.3429645
EGFR|T648	0	0.0	0.1
EGFR|T693	241	1.2384593	0.5
EGFR|Y1127	0	0.0	0.1
EGFR|Y1152	0	0.0	0.1
EGLN1|S125	0	0.0	0.1
EHBP1L1|S1168	142	0.031852517	0.06001264
EHBP1L1|S1257	186	0.2450165	0.19431144
EHBP1L1|S1273	191	0.5637069	0.40435743
EHBP1L1|S310	0	0.0	0.1
EHBP1L1|S462	0	0.0	0.1
EHBP1L1|S964	0	0.0	0.1
EHBP1L1|T454	0	0.0	0.1
EHBP1|S1000	0	0.0	0.1
EHBP1|S1023	0	0.0	0.1
EHBP1|S1035	200	0.99543536	0.5
EHBP1|S1058	235	1.5762897	0.5
EHBP1|S171	185	1.6217446	0.5
EHBP1|S171_S174	0	0.0	0.1
EHBP1|S300	0	0.0	0.1
EHBP1|S335	129	0.13327107	0.11874222
EHBP1|S401	0	0.0	0.1
EHBP1|S436	177	0.057664033	0.07294777
EHBP1|S675	0	0.0	0.1
EHBP1|S710	60	0.5639776	0.27399158
EHBP1|S716	0	0.0	0.1
EHBP1|S751	177	0.95392853	0.5
EHBP1|S777	0	0.0	0.1
EHBP1|S819	0	0.0	0.1
EHBP1|S854	182	2.0333796	0.5
EHBP1|T659	0	0.0	0.1
EHBP1|T694	52	1.8724753	0.5
EHD1|S355	164	0.39066926	0.28056726
EHD1|Y453	0	0.0	0.1
EHD2|S438	216	1.103345	0.5
EHD2|S468	150	0.46448356	0.31869015
EHD2|S484	134	1.0077429	0.5
EHD4|S482	155	0.43056145	0.30092952
EHD4|Y456	0	0.0	0.1
EHMT1|S38	65	0.36296964	0.2035941
EHMT2|S197	0	0.0	0.1
EHMT2|S289	0	0.0	0.1
EHMT2|S303	0	0.0	0.1
EHMT2|S97	0	0.0	0.1
EI24|S306	0	0.0	0.1
EI24|S312	0	0.0	0.1
EI24|S312_S316	0	0.0	0.1
EI24|S316	0	0.0	0.1
EI24|S32	0	0.0	0.1
EIF2AK1|S257	0	0.0	0.1
EIF2AK3|S404	0	0.0	0.1
EIF2AK3|S564	0	0.0	0.1
EIF2AK3|S943	0	0.0	0.1
EIF2AK4|S230	0	0.0	0.1
EIF2AK4|S770	0	0.0	0.1
EIF2AK4|T667	0	0.0	0.1
EIF2A|S481	0	0.0	0.1
EIF2A|S501	0	0.0	0.1
EIF2B4|T107	0	0.0	0.1
EIF2B4|T158	0	0.0	0.1
EIF2B5|S544	236	0.9150361	0.5
EIF2S1|S158	157	0.5178734	0.35527673
EIF2S2|S67	155	1.1197042	0.5
EIF2S2|T111	82	1.7697651	0.5
EIF3A|S1188	101	0.9780676	0.5
EIF3A|S1336	184	0.8584923	0.5
EIF3A|S584	171	1.6523628	0.5
EIF3A|S881	137	1.6221256	0.5
EIF3A|S949	97	1.218871	0.5
EIF3A|T574	173	0.9683875	0.5
EIF3B|S119	98	1.5867791	0.5
EIF3B|S125	182	0.50853986	0.3636676
EIF3B|S239	0	0.0	0.1
EIF3C|S166	186	0.64207715	0.4525397
EIF3C|S178_S181_S182	0	0.0	0.1
EIF3C|S39	186	0.6334356	0.44691968
EIF3C|T524	178	0.40245596	0.29365885
EIF3E|S399	47	0.82187194	0.33080262
EIF3F|S258	174	1.2144021	0.5
EIF3H|S183	128	0.92831033	0.5
EIF3J|S127	168	2.1653829	0.5
EIF3J|T109	207	0.32897756	0.25439203
EIF4B|S131	113	0.87947375	0.5
EIF4B|S183	145	1.2422683	0.5
EIF4B|S192	171	1.2500117	0.5
EIF4B|S207	182	0.79277074	0.5
EIF4B|S219	170	1.1995178	0.5
EIF4B|S230	186	0.8561279	0.5
EIF4B|S263	183	1.9242727	0.5
EIF4B|S283	202	1.4685192	0.5
EIF4B|S309	184	0.95883024	0.5
EIF4B|S359	75	1.6945965	0.5
EIF4B|S406	186	0.85769343	0.5
EIF4B|S406_S409	0	0.0	0.1
EIF4B|S422	190	0.5758097	0.41173738
EIF4B|S445	176	0.7929046	0.5
EIF4B|S450	0	0.0	0.1
EIF4B|S504	240	1.1176723	0.5
EIF4B|S509	0	0.0	0.1
EIF4B|S518	102	0.47006053	0.28686225
EIF4E2|S13	179	0.6065248	0.4249747
EIF4EBP1|S101	186	0.85638094	0.5
EIF4EBP1|S65	175	0.9543201	0.5
EIF4EBP1|T70	186	0.23511544	0.18787229
EIF4EBP2|S65	0	0.0	0.1
EIF4EBP2|S65_T70	0	0.0	0.1
EIF4EBP2|T70	0	0.0	0.1
EIF4EBP3|T23	0	0.0	0.1
EIF4EBP3|T56	0	0.0	0.1
EIF4ENIF1|S138	188	1.3163407	0.5
EIF4ENIF1|S301	0	0.0	0.1
EIF4ENIF1|S5	181	1.1804935	0.5
EIF4ENIF1|S564	224	0.78561753	0.5
EIF4ENIF1|S577	170	0.69218403	0.4728566
EIF4ENIF1|S587	68	0.0973805	0.098939724
EIF4ENIF1|S670	56	0.45476285	0.22735077
EIF4ENIF1|S74	118	0.100592904	0.10032093
EIF4ENIF1|S78	182	0.6439969	0.45109022
EIF4ENIF1|S951	229	0.9344337	0.5
EIF4ENIF1|T592	0	0.0	0.1
EIF4G1|S1035	0	0.0	0.1
EIF4G1|S1084	0	0.0	0.1
EIF4G1|S1087	0	0.0	0.1
EIF4G1|S1099	0	0.0	0.1
EIF4G1|S1194	186	1.5082842	0.5
EIF4G1|S1201	0	0.0	0.1
EIF4G1|S1216	0	0.0	0.1
EIF4G1|S1238	223	0.12266082	0.11564509
EIF4G1|S1245	0	0.0	0.1
EIF4G1|S711	0	0.0	0.1
EIF4G1|T1218	0	0.0	0.1
EIF4G2|S395	188	1.0969484	0.5
EIF4G3|S1445	0	0.0	0.1
EIF4G3|S494	0	0.0	0.1
EIF4H|S110	0	0.0	0.1
EIF4H|S193	73	1.1396542	0.5
EIF4H|S230	111	0.8239148	0.48082724
EIF4H|T220	0	0.0	0.1
EIF5B|S107	186	0.8100142	0.5
EIF5B|S107_S113	0	0.0	0.1
EIF5B|S113	209	0.6219475	0.45303246
EIF5B|S1168	191	1.2207941	0.5
EIF5B|S135	180	0.8850647	0.5
EIF5B|S135_S137	12	0.24970764	0.11604011
EIF5B|S137	182	0.3934177	0.28936887
EIF5B|S164	230	0.50561285	0.38269985
EIF5B|S182_S183_S186	0	0.0	0.1
EIF5B|S186	182	1.7396517	0.5
EIF5B|S190	179	1.121494	0.5
EIF5B|S214	241	0.90481526	0.5
EIF5B|S438	0	0.0	0.1
EIF5B|S511	0	0.0	0.1
EIF5B|S595	174	1.9018323	0.5
EIF5B|S66	174	1.3192526	0.5
EIF5B|T301	0	0.0	0.1
EIF5|S10	155	1.0204169	0.5
EIF5|S389_S390	12	-0.011169963	0.08808894
EIF5|S410	7	0.92233855	0.15379785
EIPR1|S347	0	0.0	0.1
ELAC2|S199	181	1.1210325	0.5
ELAVL1|S197	0	0.0	0.1
ELAVL1|S202	186	1.1379317	0.5
ELF1|S143_S144	0	0.0	0.1
ELF1|S163	201	0.41012457	0.30709314
ELF1|S310	0	0.0	0.1
ELF1|S352	0	0.0	0.1
ELF1|S408	0	0.0	0.1
ELF2|S119	0	0.0	0.1
ELF2|S47	0	0.0	0.1
ELF3|S58	0	0.0	0.1
ELF4|S188	205	1.295495	0.5
ELK1|S324	54	-0.05993744	0.043918043
ELK3|S396	193	1.0184531	0.5
ELL2|S305	172	0.80416554	0.5
ELL|S309	135	0.6707614	0.4278842
ELL|S319	183	0.53414106	0.38073432
ELL|T180	46	0.94194835	0.3652714
ELMO1|S344	188	0.61012274	0.43299678
ELMSAN1|S148	0	0.0	0.1
ELMSAN1|S461	133	0.69259524	0.4382625
ELMSAN1|S661	99	0.47308373	0.28560448
ELMSAN1|S923	111	-0.14476572	-0.028763015
ELMSAN1|T655	93	-0.18998912	-0.039735686
ELMSAN1|T655_S661	0	0.0	0.1
ELMSAN1|T687	0	0.0	0.1
ELOA|S163	0	0.0	0.1
ELOA|S373	139	2.41912	0.5
ELP4|S37	0	0.0	0.1
EMD|S110	75	1.0551378	0.5
EMD|S141_S142_S143	0	0.0	0.1
EMD|S49	198	0.6402133	0.4589337
EMD|S60	199	1.6914324	0.5
EMD|Y59	0	0.0	0.1
EME1|S111	132	0.78071374	0.48730263
EML1|S113	156	0.6327658	0.4246542
EML3|S156	186	0.5859533	0.4160396
EML3|S176	240	1.0120426	0.5
EML3|S207	148	1.4290857	0.5
EML4|S132	102	0.7045549	0.40527034
EML4|S134	169	0.30568692	0.2292234
EML4|S144	236	0.5137799	0.3906311
EML4|S144_S146	0	0.0	0.1
EML4|S146	240	0.5017359	0.3835783
EML4|S151	79	1.3705631	0.5
EML4|S184	111	0.56912833	0.34679264
EML4|S200_T201	0	0.0	0.1
EML4|S94	0	0.0	0.1
EML4|T160	0	0.0	0.1
EML4|T897_T899	7	0.21171075	0.10730818
EML4|T899	236	1.0584444	0.5
EML4|Y226	111	0.23746724	0.1723169
EMSY|S1151	0	0.0	0.1
EMSY|S183_S188	0	0.0	0.1
EMSY|S253	0	0.0	0.1
ENAH|S125	182	0.84387904	0.5
ENAH|S477	0	0.0	0.1
ENAH|S508	219	1.0349145	0.5
ENAH|S531	85	2.292471	0.5
ENC1|S406	0	0.0	0.1
ENDOV|S216	0	0.0	0.1
ENO1|S141	0	0.0	0.1
ENO1|S157	0	0.0	0.1
ENO1|S254	99	1.6487072	0.5
ENO1|S27	101	0.62182325	0.36220968
ENO1|S272	179	0.9856113	0.5
ENO1|S40	182	1.0407002	0.5
ENO1|S79	186	1.3563017	0.5
ENO1|T72	0	0.0	0.1
ENO1|Y44	64	0.91502166	0.41805723
ENO2|S40	0	0.0	0.1
ENO2|Y44	0	0.0	0.1
ENSA|S109	214	1.1635097	0.5
ENSA|S43	114	1.1338445	0.5
ENSA|S67	186	1.1734589	0.5
ENTR1|S170_S174	0	0.0	0.1
ENTR1|S18	0	0.0	0.1
EOMES|S107	0	0.0	0.1
EP300|S1700	0	0.0	0.1
EP300|S947	0	0.0	0.1
EP400|S165	0	0.0	0.1
EP400|S1696	0	0.0	0.1
EP400|S686	0	0.0	0.1
EP400|S700	0	0.0	0.1
EPB41L1|S378	89	0.026318962	0.06530364
EPB41L1|S407	107	1.9971606	0.5
EPB41L1|S461	186	0.8182172	0.5
EPB41L1|S461_S466	0	0.0	0.1
EPB41L1|S466	186	0.39081433	0.28913102
EPB41L1|S510	215	0.51556355	0.38363862
EPB41L1|S540	0	0.0	0.1
EPB41L1|S546	61	0.34055334	0.19114134
EPB41L1|S546_T550	0	0.0	0.1
EPB41L1|S578	174	0.5646812	0.39508948
EPB41L1|S578_T580	0	0.0	0.1
EPB41L1|S639	183	0.62583834	0.44002974
EPB41L1|S648	167	0.19568959	0.1598508
EPB41L1|S648_S650	0	0.0	0.1
EPB41L1|S650	191	1.4067085	0.5
EPB41L1|S667	122	0.8529708	0.5
EPB41L1|S672	158	0.8228077	0.5
EPB41L1|S678	186	0.7954369	0.5
EPB41L1|S75	185	-0.19970205	-0.09454344
EPB41L1|S783	0	0.0	0.1
EPB41L1|S869	0	0.0	0.1
EPB41L1|T33	0	0.0	0.1
EPB41L1|T475	228	0.7941022	0.5
EPB41L2|S386	148	0.62172896	0.4113544
EPB41L2|S38_S39	0	0.0	0.1
EPB41L2|S39	186	0.76461345	0.5
EPB41L2|S499	198	0.6262367	0.44964722
EPB41L2|S550	191	1.0489208	0.5
EPB41L2|S562	0	0.0	0.1
EPB41L2|S58	191	0.9613162	0.5
EPB41L2|S614	0	0.0	0.1
EPB41L2|S627	0	0.0	0.1
EPB41L2|S645	0	0.0	0.1
EPB41L2|S647	135	0.878766	0.5
EPB41L2|S648	0	0.0	0.1
EPB41L2|S715	178	0.5515345	0.389112
EPB41L2|S718	181	1.1955595	0.5
EPB41L2|S767	0	0.0	0.1
EPB41L2|S770	0	0.0	0.1
EPB41L2|S828	0	0.0	0.1
EPB41L2|S87	223	0.9327109	0.5
EPB41L2|T763	72	0.9272533	0.44629207
EPB41L3|S420	183	0.91658616	0.5
EPB41L3|S443	130	0.53045124	0.3432985
EPB41L3|S443_S448	0	0.0	0.1
EPB41L3|S448	0	0.0	0.1
EPB41L3|S539	0	0.0	0.1
EPB41L3|S793	0	0.0	0.1
EPB41L3|S88	172	1.0875695	0.5
EPB41L3|T469	71	1.6864295	0.5
EPB41L3|T487	0	0.0	0.1
EPB41L3|T492	80	1.5441877	0.5
EPB41L3|T510	0	0.0	0.1
EPB41L4A|S389	0	0.0	0.1
EPB41L4A|S445_S448	0	0.0	0.1
EPB41L4A|S464	0	0.0	0.1
EPB41L4B|S466	0	0.0	0.1
EPB41L5|S39	108	1.9161437	0.5
EPB41L5|S436	75	0.1923844	0.13959333
EPB41L5|S517	180	1.2566843	0.5
EPB41L5|S582	0	0.0	0.1
EPB41|S104	75	1.4013373	0.5
EPB41|S521	111	2.048846	0.5
EPB41|S540_S542	0	0.0	0.1
EPB41|S542	191	0.95089734	0.5
EPB41|S664	145	1.144447	0.5
EPB41|S674	0	0.0	0.1
EPB41|S684	61	1.5152571	0.5
EPB41|S709	175	0.772026	0.5
EPB41|S92	151	1.6841143	0.5
EPB41|S92_S95	0	0.0	0.1
EPB41|S95	151	1.3123802	0.5
EPB41|T710	0	0.0	0.1
EPC1|S60	0	0.0	0.1
EPC2|S538	179	1.0649656	0.5
EPC2|S60	70	0.6171016	0.3129242
EPC2|S754	62	1.052889	0.46468592
EPHB2|S575	60	1.7944065	0.5
EPN1|S264	0	0.0	0.1
EPN1|S435	192	1.1513	0.5
EPN1|S495	0	0.0	0.1
EPN1|S561	0	0.0	0.1
EPN1|T460	180	0.95129645	0.5
EPN1|T520	0	0.0	0.1
EPN1|T522	0	0.0	0.1
EPN1|T524	0	0.0	0.1
EPN1|T554	0	0.0	0.1
EPN2|S173	188	0.23502427	0.18814085
EPN2|S192	0	0.0	0.1
EPN3|S264	0	0.0	0.1
EPN3|S393	0	0.0	0.1
EPN3|T495	0	0.0	0.1
EPPK1|S2508	186	0.8807375	0.5
EPPK1|S2718	165	0.96500516	0.5
EPPK1|S2720	55	0.70802045	0.31574917
EPPK1|S3044	0	0.0	0.1
EPPK1|S3575	0	0.0	0.1
EPPK1|S3783	0	0.0	0.1
EPPK1|S3785	0	0.0	0.1
EPPK1|S4109	0	0.0	0.1
EPPK1|S4317	0	0.0	0.1
EPPK1|S4319	0	0.0	0.1
EPPK1|S4850	0	0.0	0.1
EPPK1|S4852	0	0.0	0.1
EPPK1|T1543	65	0.9518538	0.4355788
EPPK1|T34	100	0.13529776	0.117648885
EPRS|T745	0	0.0	0.1
EPS15L1|S229	68	0.7613812	0.36770195
EPS15L1|S247	0	0.0	0.1
EPS15L1|S377	173	0.8137238	0.5
EPS15L1|S575	3	-0.12449989	0.09346116
EPS15L1|S593	228	1.332494	0.5
EPS15L1|S672	186	0.9925127	0.5
EPS15L1|S793	0	0.0	0.1
EPS15|S221	85	0.41839188	0.24628815
EPS15|S485	39	-0.16752928	0.024937827
EPS15|S595	0	0.0	0.1
EPS15|S790	112	1.5774053	0.5
EPS15|S790_S796	0	0.0	0.1
EPS15|S796	247	0.88500965	0.5
EPS15|S814	196	1.0149714	0.5
EPS15|S851	157	1.2349862	0.5
EPS15|T777	0	0.0	0.1
EPS8L1|S182	176	0.740404	0.5
EPS8L1|S182_T187	0	0.0	0.1
EPS8L1|S580	0	0.0	0.1
EPS8L1|S580_S583	0	0.0	0.1
EPS8L1|S631	0	0.0	0.1
EPS8L1|S676	0	0.0	0.1
EPS8L1|T187	85	-0.1362149	-0.008531168
EPS8L2|S197	0	0.0	0.1
EPS8L2|S217	222	1.158975	0.5
EPS8L2|S240	186	1.2269049	0.5
EPS8L2|S570	222	0.869509	0.5
EPS8L2|S706	57	-0.92958844	-0.27379963
EPS8L3|S205	68	0.11806279	0.10731113
EPS8L3|T511	0	0.0	0.1
EPS8|S548	0	0.0	0.1
EPS8|S55	73	1.3314342	0.5
EPS8|S685	190	0.9395608	0.5
EPS8|S815	110	1.0948732	0.5
EPS8|T223	195	0.5555668	0.40113735
EPS8|Y525	0	0.0	0.1
EPSTI1|S35	86	0.31701314	0.20033942
EPSTI1|S65	71	0.59400004	0.3051111
ERBB2|S1024	0	0.0	0.1
ERBB2|S1053	0	0.0	0.1
ERBB2|S1077	0	0.0	0.1
ERBB2|S968	0	0.0	0.1
ERBB2|T1136	0	0.0	0.1
ERBB2|T671	0	0.0	0.1
ERBB3|S686	207	1.2307045	0.5
ERBB3|S717	0	0.0	0.1
ERBB3|S982	58	1.4082272	0.5
ERBIN|S1158	11	0.71010876	0.16046122
ERBIN|S1179	129	1.0014274	0.5
ERBIN|S1239	0	0.0	0.1
ERBIN|S1253	0	0.0	0.1
ERBIN|S1293	0	0.0	0.1
ERBIN|S440	41	0.17195183	0.12092216
ERBIN|S444	11	0.29331177	0.119157024
ERBIN|S598_S602_S603	0	0.0	0.1
ERBIN|S800	0	0.0	0.1
ERBIN|S841	155	0.7484527	0.49415755
ERBIN|S841_S844	0	0.0	0.1
ERBIN|S852	179	0.86016226	0.5
ERBIN|S872	164	1.7375038	0.5
ERBIN|T485	110	1.0866946	0.5
ERC1|S15	0	0.0	0.1
ERC1|S17	186	1.237569	0.5
ERC1|S17_S21	0	0.0	0.1
ERC1|S191	0	0.0	0.1
ERC1|S21	191	0.96016216	0.5
ERC1|S730	184	0.07710009	0.085163444
ERCC5|S156_S157	0	0.0	0.1
ERCC5|S341	214	0.48835528	0.36467528
ERCC5|S382_S384	0	0.0	0.1
ERCC5|S384	224	0.68261534	0.5
ERCC5|S526	186	0.8381959	0.5
ERCC5|S562_S563	0	0.0	0.1
ERCC5|S563	196	1.176657	0.5
ERCC5|S705	140	1.1134433	0.5
ERCC6L|S1028	75	1.2371337	0.5
ERCC6L|S1069	69	0.51729566	0.27037516
ERCC6L|S14	0	0.0	0.1
ERCC6L|S820	70	1.3844279	0.5
ERCC6|S1142	131	1.1945213	0.5
ERCC6|S158	180	0.6159318	0.43167046
ERCC6|S429_S430	0	0.0	0.1
ERCC6|S486_S489	0	0.0	0.1
ERF|S327	85	-0.022361059	0.04378005
ERF|S489	177	0.5137031	0.36435178
ERF|T3	0	0.0	0.1
ERF|T357	0	0.0	0.1
ERF|T526	186	1.0347462	0.5
ERGIC3|S116	180	0.24104598	0.19067241
ERG|S222	204	0.6032455	0.4377042
ERG|S283	0	0.0	0.1
ERG|S85	0	0.0	0.1
ERG|S88	169	0.57452506	0.3981217
ERICH1|S238	183	0.8530538	0.5
ERICH1|S254	182	1.1065686	0.5
ERICH3|S1012	6	0.37857258	0.11576826
ERICH3|S1075	50	1.710257	0.5
ERICH3|S529	0	0.0	0.1
ERMAP|S418	0	0.0	0.1
ERMP1|S53	186	0.5041349	0.362829
ERO1A|S106	0	0.0	0.1
ERP29|Y66	0	0.0	0.1
ERRFI1|S251	179	0.67728394	0.47037214
ERRFI1|S302	111	0.48107195	0.30046913
ERRFI1|S326	164	1.0011352	0.5
ERRFI1|T127	0	0.0	0.1
ERRFI1|T131	0	0.0	0.1
ESAM|S359	64	-0.010757527	0.05677755
ESAM|T332	0	0.0	0.1
ESAM|T332_S336	0	0.0	0.1
ESCO2|S512	68	0.5531203	0.28340584
ESCO2|S75	161	0.9820959	0.5
ESF1|S153	186	0.8882031	0.5
ESF1|S198	199	0.39681914	0.29754853
ESF1|S228_T229	0	0.0	0.1
ESF1|S296	0	0.0	0.1
ESF1|S296_S298	0	0.0	0.1
ESF1|S657_S663	7	0.15964168	0.103901796
ESF1|S663	58	0.63348097	0.29583478
ESF1|S694	182	0.81245327	0.5
ESPN|S342	0	0.0	0.1
ESRP1|S543	75	0.8016498	0.40070707
ESRP2|S560	0	0.0	0.1
ESRP2|S563	0	0.0	0.1
ESS2|S292	231	1.0284615	0.5
ESS2|S391_S395	0	0.0	0.1
ESS2|S395	175	0.6028014	0.4199645
ESYT1|S1044	0	0.0	0.1
ESYT1|S324	0	0.0	0.1
ESYT1|S830	0	0.0	0.1
ESYT2|S727_S730_S733	0	0.0	0.1
ESYT2|S730	0	0.0	0.1
ESYT2|S730_S733	0	0.0	0.1
ESYT2|S733	0	0.0	0.1
ETFA|S140	65	0.1903648	0.13559826
ETS1|S251	161	1.5938306	0.5
ETS1|S26	0	0.0	0.1
ETS1|T38	0	0.0	0.1
ETV3|S139	75	0.70780766	0.360489
ETV3|S159	121	0.050181698	0.07272392
ETV3|T157	0	0.0	0.1
ETV6|S213	192	1.07672	0.5
ETV6|S271	0	0.0	0.1
ETV6|S293	61	1.0720494	0.468292
EVA1B|T158	71	0.6860419	0.3433273
EVA1B|T85	182	2.052145	0.5
EVI5|S700	0	0.0	0.1
EVI5|S787_S789	0	0.0	0.1
EVL|S130	105	0.061392263	0.080225304
EVL|S246	188	1.1923984	0.5
EVL|S304	166	0.6826689	0.46362045
EVL|S331	203	1.0309439	0.5
EVL|S345_S349	0	0.0	0.1
EVL|S349	72	0.80006105	0.3930488
EVL|S354	57	-0.01002938	0.06005303
EVL|S369	172	1.1445706	0.5
EXD2|S407	35	-0.0042430433	0.072974026
EXOC1|S499	94	0.22242524	0.15931945
EXOC1|S501	187	1.2802452	0.5
EXOC1|T568	50	0.6104228	0.27014095
EXOC2|S432	229	0.97929424	0.5
EXOC3|S723	0	0.0	0.1
EXOC4|S226	215	0.6750372	0.49248573
EXOC4|S32	70	1.246074	0.5
EXOC4|S468	117	0.41451746	0.26957855
EXOC4|T237	57	0.18039405	0.12918764
EXOC7|S250	172	1.0361071	0.5
EXOC8|S19	171	1.1545482	0.5
EXOSC10|S636	0	0.0	0.1
EXOSC2|S145	0	0.0	0.1
EXOSC2|S94	0	0.0	0.1
EXOSC9|S306	204	0.57400507	0.41808236
EXPH5|S1048	0	0.0	0.1
EXPH5|S1086	0	0.0	0.1
EXPH5|S1368	0	0.0	0.1
EXPH5|S1657	0	0.0	0.1
EXPH5|S1677	0	0.0	0.1
EXPH5|S1745	0	0.0	0.1
EXPH5|S265	0	0.0	0.1
EXPH5|S567	0	0.0	0.1
EXPH5|S612	0	0.0	0.1
EZH1|S394	0	0.0	0.1
EZH1|S422	0	0.0	0.1
EZH2|T487	184	0.7711736	0.5
EZR|S249	140	0.781814	0.4977248
EZR|S366	160	1.566901	0.5
EZR|S413	0	0.0	0.1
EZR|S535	152	0.07482405	0.08481451
EZR|S536	188	0.8552349	0.5
EZR|S539	183	0.5601794	0.39757183
EZR|T332	0	0.0	0.1
EZR|Y270	0	0.0	0.1
F11R|S235_S238	0	0.0	0.1
F11R|S238	0	0.0	0.1
F11R|S284_S287	0	0.0	0.1
F11R|S287	162	1.703351	0.5
FAAP100|S667	214	0.92189515	0.5
FAF1|S320	92	0.84309363	0.4560657
FAF1|S582	57	0.5778341	0.2734812
FAF2|S355	0	0.0	0.1
FAM102A|S189	0	0.0	0.1
FAM102B|S224	0	0.0	0.1
FAM102B|S228	65	-0.021049019	0.052314024
FAM102B|S288	179	1.1221889	0.5
FAM110A|T140	0	0.0	0.1
FAM110B|S158	0	0.0	0.1
FAM110B|S173	186	0.53744805	0.38449422
FAM110B|S301	135	0.3934748	0.2685919
FAM110B|S95	49	0.72926897	0.3069408
FAM110C|S121	0	0.0	0.1
FAM110C|S202	182	0.56348115	0.39912617
FAM110C|S241	167	1.005567	0.5
FAM110C|S264	104	1.0784856	0.5
FAM114A1|S120	0	0.0	0.1
FAM117A|S145	161	0.40010703	0.2851235
FAM117A|S178	71	0.65496576	0.33042437
FAM117A|S193	177	0.8613939	0.5
FAM117A|S207	173	1.397754	0.5
FAM117A|S213	181	0.94870335	0.5
FAM117A|S29	120	0.60747635	0.3768053
FAM117A|S428	147	0.7439909	0.48326585
FAM117A|S67	151	1.3591053	0.5
FAM117B|S10	181	-0.0076510627	0.030658923
FAM117B|S192	152	0.8923892	0.5
FAM117B|S194	67	0.5702126	0.28864816
FAM117B|S273	178	1.1180881	0.5
FAM117B|S404	171	0.78128535	0.5
FAM117B|S449	133	0.39679635	0.26941594
FAM120A|S30	109	1.4402592	0.5
FAM120A|S488	0	0.0	0.1
FAM120A|T427	0	0.0	0.1
FAM120A|T654	0	0.0	0.1
FAM120A|Y1019	0	0.0	0.1
FAM120B|S875	0	0.0	0.1
FAM122A|S104	0	0.0	0.1
FAM122A|S118	0	0.0	0.1
FAM122A|S185	0	0.0	0.1
FAM122A|S185_S189	0	0.0	0.1
FAM122A|S189	186	1.944958	0.5
FAM122A|S215	0	0.0	0.1
FAM122A|S229_S231	0	0.0	0.1
FAM122A|S231	0	0.0	0.1
FAM122A|S318	0	0.0	0.1
FAM122B|S134	0	0.0	0.1
FAM122B|S138	0	0.0	0.1
FAM122B|S156	0	0.0	0.1
FAM122B|S156_S160	0	0.0	0.1
FAM122B|S50	186	0.090465516	0.09379925
FAM122B|S58	186	-0.27482098	-0.1437647
FAM126A|S415	145	1.3364494	0.5
FAM126A|S485	0	0.0	0.1
FAM126B|S398	0	0.0	0.1
FAM126B|S430	55	0.7577116	0.33338153
FAM126B|S491	119	2.0345247	0.5
FAM126B|S508	0	0.0	0.1
FAM126B|T306	104	0.8961711	0.5
FAM129A|S602	5	0.34228525	0.1115374
FAM129A|S622	0	0.0	0.1
FAM129A|S646	149	1.6592858	0.5
FAM129A|T590	0	0.0	0.1
FAM129B|S611	0	0.0	0.1
FAM129B|S611_S633	0	0.0	0.1
FAM129B|S628	0	0.0	0.1
FAM129B|S628_S633	0	0.0	0.1
FAM129B|S633	0	0.0	0.1
FAM129B|S652	0	0.0	0.1
FAM129B|S652_S668	0	0.0	0.1
FAM129B|S668	0	0.0	0.1
FAM129B|S683	0	0.0	0.1
FAM135A|S531	0	0.0	0.1
FAM13A|S597	0	0.0	0.1
FAM13A|S727	0	0.0	0.1
FAM13A|S856	63	1.0588275	0.4705898
FAM160A2|S467	0	0.0	0.1
FAM160A2|S582	175	1.0103137	0.5
FAM160A2|S596	182	1.3723927	0.5
FAM160A2|S859	173	0.6457128	0.445818
FAM160A2|S897	175	1.81135	0.5
FAM160B1|S190	204	1.0565578	0.5
FAM160B1|S199	0	0.0	0.1
FAM161A|S669	0	0.0	0.1
FAM161A|S706	0	0.0	0.1
FAM161A|T428	68	0.15079212	0.12055872
FAM169A|S278	111	0.3951992	0.25529438
FAM169A|S376	85	-0.047322813	0.032311138
FAM169A|S376_S378_S379	0	0.0	0.1
FAM169A|S378_S379	0	0.0	0.1
FAM169A|S379	102	0.20419383	0.15261273
FAM169A|S526	163	0.585827	0.4011019
FAM169A|S615_S618_S619	0	0.0	0.1
FAM169A|S635_S636_S637	0	0.0	0.1
FAM171A1|S371	0	0.0	0.1
FAM171A1|S460	0	0.0	0.1
FAM171A1|S525	63	0.25214738	0.15880543
FAM171A1|S723	147	0.9186695	0.5
FAM171A1|S824	178	0.97468925	0.5
FAM171A1|S849	186	0.7608004	0.5
FAM171A1|S855	182	1.7505503	0.5
FAM171A1|T448	0	0.0	0.1
FAM172A|S335	0	0.0	0.1
FAM177A1|S70_T71	0	0.0	0.1
FAM193A|S1129	0	0.0	0.1
FAM193A|S1144	158	1.4524225	0.5
FAM193A|S1249	0	0.0	0.1
FAM193A|S293	56	1.1759268	0.48623013
FAM193A|S642	0	0.0	0.1
FAM208A|S1103	106	0.26467133	0.18473378
FAM208A|S344	97	1.1040233	0.5
FAM208A|S658	0	0.0	0.1
FAM208A|S673	95	1.4165311	0.5
FAM208A|S694	111	1.0396872	0.5
FAM208A|S927	111	0.1623465	0.13279839
FAM208A|S979	117	0.8590319	0.5
FAM208B|S1025	0	0.0	0.1
FAM208B|S1087	96	0.73014075	0.40864038
FAM208B|S219	0	0.0	0.1
FAM208B|S685	56	0.22631891	0.14534526
FAM234A|S21	191	1.0265173	0.5
FAM53B|S118	92	0.45959455	0.27230573
FAM53B|S268	168	0.6479786	0.44350898
FAM53B|T139	0	0.0	0.1
FAM76B|S193	218	0.7994147	0.5
FAM83B|S466	57	1.3015811	0.5
FAM83B|S664	43	1.5961037	0.5
FAM83B|S729	60	0.65058947	0.30647105
FAM83B|S764	66	1.0078002	0.4609326
FAM83B|S869	66	1.129849	0.5
FAM83E|S319_S324	0	0.0	0.1
FAM83E|S324	69	-0.2560601	-0.045373652
FAM83E|S351	82	-0.19057178	-0.030916952
FAM83G|S124_S127	0	0.0	0.1
FAM83G|S127	173	0.47009423	0.3345286
FAM83G|S356	186	0.8274123	0.5
FAM83G|S610	98	-0.33910245	-0.11733354
FAM83G|S634	183	0.37321538	0.27667284
FAM83G|S650	101	0.82969713	0.46666372
FAM83G|S760	175	1.2801564	0.5
FAM83H|S1003	241	1.1134844	0.5
FAM83H|S1048	0	0.0	0.1
FAM83H|S1068	0	0.0	0.1
FAM83H|S1098	165	1.4532765	0.5
FAM83H|S411	84	0.3349652	0.20726673
FAM83H|S436	84	0.8009569	0.42000207
FAM83H|S516	199	0.5397319	0.3926644
FAM83H|S523	199	0.6183617	0.4449966
FAM83H|S647	186	0.61776465	0.4367281
FAM83H|S785	111	2.114502	0.5
FAM83H|S870	223	0.40169773	0.30829284
FAM83H|S881	203	0.52776235	0.38658667
FAM83H|S892	241	-0.06572296	-0.01712385
FAM83H|S903	0	0.0	0.1
FAM83H|S914	214	0.35824984	0.27600467
FAM83H|S925	201	-0.06390599	-0.009452172
FAM83H|S936	111	0.8449485	0.4918923
FAM83H|S974	0	0.0	0.1
FAM83H|S998	186	0.28289372	0.21894488
FAM83H|T465	0	0.0	0.1
FAM84B|S12	111	2.2922912	0.5
FAM89B|S28	91	1.7441123	0.5
FAM91A1|S429	0	0.0	0.1
FANCD2|S1412	150	0.8682232	0.5
FANCD2|S1435	124	0.9354581	0.5
FARP1|S20	176	1.0000199	0.5
FARP1|S424	17	0.19411626	0.11367501
FARP1|S427	245	0.6897287	0.5
FARP1|S427_S433	0	0.0	0.1
FARP1|S433	197	0.51759493	0.3769906
FARP1|S510	183	1.0995175	0.5
FARP1|S510_S514	0	0.0	0.1
FARP1|S514	154	0.7687971	0.5
FARP1|S613	0	0.0	0.1
FARP1|S864	0	0.0	0.1
FARP1|S903	0	0.0	0.1
FARP1|S920	0	0.0	0.1
FARP1|S920_S927	0	0.0	0.1
FARP1|S927	0	0.0	0.1
FARP1|T24	241	1.2771306	0.5
FARP1|T34	0	0.0	0.1
FARP1|T525	38	0.4593416	0.19894913
FARP2|S1033	98	0.97982585	0.5
FARP2|S389	93	0.8926807	0.48196533
FARP2|S476_S480	0	0.0	0.1
FARP2|S876	150	0.42346928	0.29408157
FARP2|S886	178	1.2384791	0.5
FARP2|T22	0	0.0	0.1
FARSA|S301	75	-0.1603462	-0.011576936
FASN|S1174	174	0.6279513	0.43526834
FASN|S1411	103	0.1408371	0.12072031
FASN|S207	182	1.1908154	0.5
FASN|S2198	111	0.33908054	0.22577223
FASN|T2204	186	1.2584956	0.5
FAT1|S4473	108	0.9772792	0.5
FAT4|S4877	0	0.0	0.1
FBH1|S50	0	0.0	0.1
FBLIM1|S222	64	1.3668104	0.5
FBLIM1|T51	0	0.0	0.1
FBLN1|S147	175	1.0527321	0.5
FBLN2|S277	167	1.5864978	0.5
FBLN2|S578	186	1.2437348	0.5
FBL|S124	198	0.84601766	0.5
FBN1|S2702	148	0.8076575	0.5
FBN1|S2709	0	0.0	0.1
FBRSL1|S141	150	1.1507533	0.5
FBRSL1|S340	57	0.7171454	0.32405916
FBRSL1|S790	0	0.0	0.1
FBRSL1|S844	142	0.7822832	0.5
FBRSL1|T1010	0	0.0	0.1
FBRS|S309	0	0.0	0.1
FBRS|S333	0	0.0	0.1
FBRS|S801	0	0.0	0.1
FBXL20|T385	0	0.0	0.1
FBXO38|S740	173	-0.012976309	0.028406955
FBXO38|S792	161	1.1038647	0.5
FBXO42|S488	200	0.40490052	0.30326703
FBXO42|T539_S552	0	0.0	0.1
FBXO4|S12	213	0.7321621	0.5
FBXO6|S284	183	0.48070094	0.34617764
FBXW5|S275	186	0.64407444	0.45383865
FBXW5|S284	63	1.2458776	0.5
FBXW9|S18	186	0.47834826	0.34605867
FCER1G|S61	75	1.0662423	0.5
FCER1G|T78	171	1.1033678	0.5
FCER1G|Y76	74	1.109036	0.5
FCHO1|S570	0	0.0	0.1
FCHO2|S361	0	0.0	0.1
FCHO2|S370	0	0.0	0.1
FCHO2|S387	186	1.9972816	0.5
FCHO2|S394	186	0.5871438	0.4168138
FCHO2|S403	247	0.949202	0.5
FCHO2|S455	0	0.0	0.1
FCHO2|S488	77	0.53179353	0.2878424
FCHO2|T256	0	0.0	0.1
FCHSD2|S675	64	1.4450376	0.5
FCHSD2|S693	0	0.0	0.1
FDX1|S177	106	1.3084347	0.5
FERMT2|S159	126	0.53046894	0.33999595
FERMT2|S339	0	0.0	0.1
FERMT2|S351	0	0.0	0.1
FERMT2|S673	0	0.0	0.1
FERMT2|T172	12	0.31573218	0.12311417
FERMT3|S8	214	1.238196	0.5
FES|T363	0	0.0	0.1
FES|T421	66	0.412764	0.22435197
FETUB|S278	0	0.0	0.1
FEZ1|S298	0	0.0	0.1
FEZ1|S316	0	0.0	0.1
FEZ1|S58	132	1.1290268	0.5
FEZ2|S195	0	0.0	0.1
FGA|S297	183	1.5407788	0.5
FGA|S534	0	0.0	0.1
FGA|S542	0	0.0	0.1
FGA|S551	167	1.9072264	0.5
FGA|S609	174	1.2108489	0.5
FGD1|S116	72	-0.16554317	-0.0111576095
FGD1|S135	166	0.57542104	0.39669132
FGD1|S365	203	1.573771	0.5
FGD1|S82	64	0.46515965	0.24250132
FGD2|S48	0	0.0	0.1
FGD3|S128	178	1.2245111	0.5
FGD3|S446	174	1.7402948	0.5
FGD3|S56	0	0.0	0.1
FGD4|S253	0	0.0	0.1
FGD4|S298	0	0.0	0.1
FGD4|S814	0	0.0	0.1
FGD5|S1221	0	0.0	0.1
FGD5|S1317	0	0.0	0.1
FGD5|S52	0	0.0	0.1
FGD5|S632	148	0.98174524	0.5
FGD5|S699	126	0.6050573	0.3815806
FGD5|S703	133	0.89200103	0.5
FGD5|S744	186	0.9599673	0.5
FGD6|S1197	161	0.80732095	0.5
FGD6|S1293	71	-0.010781112	0.05400316
FGD6|S231	46	1.2515167	0.4628066
FGD6|S417	0	0.0	0.1
FGD6|S515	233	1.3654368	0.5
FGD6|S605	153	1.0422579	0.5
FGD6|S721	179	1.0449166	0.5
FGFR1OP|S156	0	0.0	0.1
FGFR1OP|S156_S160	0	0.0	0.1
FGFR1OP|S160	0	0.0	0.1
FGFR1OP|S228	53	1.9212751	0.5
FGFR1OP|T55	0	0.0	0.1
FHDC1|S1012	0	0.0	0.1
FHL1|S7	0	0.0	0.1
FHL1|T154	0	0.0	0.1
FHL1|T95	0	0.0	0.1
FHL2|S255	0	0.0	0.1
FHL3|T193	0	0.0	0.1
FHOD1|S367	186	1.1998855	0.5
FHOD1|S512	0	0.0	0.1
FHOD1|S524	0	0.0	0.1
FHOD1|S536	0	0.0	0.1
FHOD1|S549	0	0.0	0.1
FHOD3|S366	48	0.087932505	0.09608622
FH|T90	0	0.0	0.1
FILIP1L|S1013	165	0.65643036	0.44645664
FILIP1L|S1019	0	0.0	0.1
FILIP1L|S1035	0	0.0	0.1
FILIP1L|S1041	66	1.0014874	0.4584227
FILIP1L|S1049	197	1.139489	0.5
FILIP1L|S594	0	0.0	0.1
FILIP1L|S791	241	0.88573116	0.5
FILIP1L|S974	0	0.0	0.1
FILIP1L|S989	0	0.0	0.1
FILIP1L|T986	164	0.76554894	0.5
FILIP1L|T994	182	1.3029301	0.5
FILIP1|S622	0	0.0	0.1
FILIP1|S982	0	0.0	0.1
FIP1L1|S304	192	0.97309047	0.5
FIP1L1|S486	0	0.0	0.1
FIP1L1|S492	211	0.58899194	0.43175983
FIP1L1|S492_S496	0	0.0	0.1
FIP1L1|S492_S500	0	0.0	0.1
FIP1L1|S492_T494	0	0.0	0.1
FIP1L1|S492_T494_S500	0	0.0	0.1
FIP1L1|S500	186	1.0930147	0.5
FIP1L1|S554	186	0.12231327	0.11451143
FIP1L1|T221	0	0.0	0.1
FKBP15|S1012	94	0.5406339	0.31350303
FKBP15|S1024	177	0.6121011	0.42722702
FKBP15|S1114	72	0.34235078	0.20144916
FKBP15|S1158	169	0.3556846	0.26063457
FKBP15|S1162	230	0.57692057	0.43239918
FKBP15|S1162_S1164	12	0.5843956	0.15189953
FKBP15|S1164	231	0.5466904	0.41173863
FKBP15|S1195	172	1.1970018	0.5
FKBP15|S311	93	0.40450284	0.24672934
FKBP15|S326	0	0.0	0.1
FKBP15|S356	44	0.18581265	0.12622052
FKBP15|S619	161	0.5563595	0.38150913
FKBP15|S956	212	0.5674732	0.41764203
FKBP15|S979	210	0.832345	0.5
FKBP3|S100	0	0.0	0.1
FKBP3|S34	111	0.3864852	0.25071022
FKBP3|S36	174	0.7117524	0.48848507
FKBP4|S258	0	0.0	0.1
FKBP5|S13	197	0.40190482	0.3002534
FKBP5|S445	186	1.4617456	0.5
FLAD1|S563	0	0.0	0.1
FLCN|S320	0	0.0	0.1
FLCN|S62	201	-0.30227107	-0.16862619
FLI1|S241	131	0.32390052	0.22697389
FLI1|S39	179	1.0288271	0.5
FLI1|S79	0	0.0	0.1
FLII|S425	0	0.0	0.1
FLII|S845	0	0.0	0.1
FLII|S856	216	0.9174958	0.5
FLNA|S1055	0	0.0	0.1
FLNA|S1081	65	0.46427262	0.24350134
FLNA|S1084	215	0.84619355	0.5
FLNA|S11	0	0.0	0.1
FLNA|S1454	0	0.0	0.1
FLNA|S1459	186	0.7694297	0.5
FLNA|S1470	0	0.0	0.1
FLNA|S1533	129	1.5746729	0.5
FLNA|S1630	247	1.0598613	0.5
FLNA|S1726	0	0.0	0.1
FLNA|S1734	75	0.4284145	0.24074906
FLNA|S1827	0	0.0	0.1
FLNA|S1835	225	1.2651765	0.5
FLNA|S189	69	0.93681854	0.44165963
FLNA|S1946	146	0.5850552	0.38787824
FLNA|S1967	0	0.0	0.1
FLNA|S1976	52	0.21228729	0.13841408
FLNA|S2120	0	0.0	0.1
FLNA|S2128	63	0.3564239	0.19910863
FLNA|S2144	0	0.0	0.1
FLNA|S2144_S2150	0	0.0	0.1
FLNA|S2152	186	1.099966	0.5
FLNA|S2152_S2158	36	0.6135532	0.23594058
FLNA|S2158	186	1.1368756	0.5
FLNA|S2172	0	0.0	0.1
FLNA|S2180	208	1.3195468	0.5
FLNA|S2216	0	0.0	0.1
FLNA|S2224	0	0.0	0.1
FLNA|S2284	134	0.5028959	0.33071816
FLNA|S2311	0	0.0	0.1
FLNA|S2319	137	0.21205157	0.16477244
FLNA|S2348	0	0.0	0.1
FLNA|S2352	50	0.7911997	0.3303999
FLNA|S2356	43	0.39054692	0.18736726
FLNA|S2406	0	0.0	0.1
FLNA|S2414	56	0.51419485	0.24868533
FLNA|S310	80	1.1200979	0.5
FLNA|S368	0	0.0	0.1
FLNA|S394	49	0.5138974	0.23611392
FLNA|S481	68	0.27770752	0.17192924
FLNA|S512	98	0.7789125	0.43602738
FLNA|S651	0	0.0	0.1
FLNA|S860	136	-0.62335944	-0.3168512
FLNA|S959	144	1.6116	0.5
FLNA|S959_S966	0	0.0	0.1
FLNA|S966	187	1.2079396	0.5
FLNA|S968	154	1.2594502	0.5
FLNA|S977	0	0.0	0.1
FLNA|T1286	0	0.0	0.1
FLNA|T1639	158	1.2264874	0.5
FLNA|T2175	0	0.0	0.1
FLNA|T2179	130	0.8084313	0.5
FLNA|T2328	0	0.0	0.1
FLNA|T2336	155	0.6149065	0.41298237
FLNA|T2591	0	0.0	0.1
FLNA|T2599	179	0.94859684	0.5
FLNA|T572	103	0.96920604	0.5
FLNB|S1316	0	0.0	0.1
FLNB|S1474	0	0.0	0.1
FLNB|S1536	0	0.0	0.1
FLNB|S1933	0	0.0	0.1
FLNB|S2019	0	0.0	0.1
FLNB|S2114	0	0.0	0.1
FLNB|S2138	0	0.0	0.1
FLNB|S2144	0	0.0	0.1
FLNB|S2305	0	0.0	0.1
FLNB|S2496	58	-0.6766426	-0.18509665
FLNB|S2509	0	0.0	0.1
FLNB|S2512	0	0.0	0.1
FLNB|S2523	0	0.0	0.1
FLNB|S658	80	0.37742952	0.223302
FLNB|S827	0	0.0	0.1
FLNB|S833	56	0.54461706	0.25960612
FLNB|T2584	0	0.0	0.1
FLNB|T519	158	0.32802585	0.23964374
FLNC|S1527	61	0.75174874	0.34693587
FLNC|S1728	0	0.0	0.1
FLNC|S1940	0	0.0	0.1
FLNC|S2122	0	0.0	0.1
FLNC|S2146	0	0.0	0.1
FLNC|S2233	238	1.0691887	0.5
FLNC|S2300	0	0.0	0.1
FLNC|S2655	0	0.0	0.1
FLNC|S506	0	0.0	0.1
FLNC|S954	47	0.45077524	0.21215263
FLNC|T2412	0	0.0	0.1
FLOT1|S385	184	0.45892733	0.33254448
FLRT3|S585	146	0.79521745	0.5
FLVCR1|S536	192	1.359572	0.5
FLVCR1|T69	5	0.7528044	0.13108593
FLYWCH2|S21	66	0.7646456	0.36425668
FMN1|S397	0	0.0	0.1
FMN1|S447	0	0.0	0.1
FMN1|S530	0	0.0	0.1
FMN1|S619	0	0.0	0.1
FMN1|S842	0	0.0	0.1
FMNL1|S1031	18	1.0777425	0.24914715
FMNL1|S184	151	1.2247142	0.5
FMNL1|S624	247	1.0688915	0.5
FMNL1|S689	58	1.2821846	0.5
FMNL2|S1016	41	0.8023797	0.30423808
FMNL2|S171	194	0.6781053	0.48147082
FMNL2|S183	0	0.0	0.1
FMNL2|S679	41	0.26575184	0.14819734
FMNL2|T202	6	0.15315308	0.103008665
FMNL3|S174	106	0.23214933	0.16799916
FN1|S2263	0	0.0	0.1
FN1|S2294	0	0.0	0.1
FN1|S2353	0	0.0	0.1
FNBP1L|S295	247	1.0247573	0.5
FNBP1L|S430_S431	0	0.0	0.1
FNBP1L|S443	0	0.0	0.1
FNBP1|S296	226	0.88843083	0.5
FNBP1|S296_S299	7	0.26676843	0.11091009
FNBP1|S359	0	0.0	0.1
FNBP1|S497	186	0.97074187	0.5
FNBP4|S116	44	1.4493674	0.5
FNBP4|S118	0	0.0	0.1
FNBP4|S18	186	0.39800856	0.29380977
FNBP4|S499	183	1.06599	0.5
FNBP4|S501	0	0.0	0.1
FNBP4|S508	126	1.3209175	0.5
FNDC3A|S213	186	0.7342246	0.5
FNDC3B|S208	194	0.7994376	0.5
FNIP1|S220	197	0.09913472	0.09942606
FNIP1|S760	0	0.0	0.1
FNIP1|S946	100	0.91672385	0.5
FNIP2|S667	0	0.0	0.1
FNTA|S49	0	0.0	0.1
FOSL2|S120	135	1.030795	0.5
FOSL2|S194_S200	0	0.0	0.1
FOSL2|S200	217	0.9232257	0.5
FOSL2|S230	149	1.4051412	0.5
FOXA1|S234	68	0.8100628	0.3874064
FOXA1|S307	186	1.1333257	0.5
FOXA1|S331	75	1.1916479	0.5
FOXA2|S229	0	0.0	0.1
FOXJ2|S164	63	0.20544602	0.1407552
FOXJ2|S46	169	1.4064401	0.5
FOXJ3|S223	226	1.0706811	0.5
FOXK1|S101	214	0.4274267	0.3231507
FOXK1|S213	171	0.6768255	0.46397477
FOXK1|S213_S223	0	0.0	0.1
FOXK1|S223	148	1.0797838	0.5
FOXK1|S243	158	0.45725182	0.31878212
FOXK1|S243_S257	0	0.0	0.1
FOXK1|S257	177	0.41472593	0.30110645
FOXK1|S295	152	0.6178917	0.41237915
FOXK1|S295_S299	0	0.0	0.1
FOXK1|S299	176	0.60716516	0.42340967
FOXK1|S416	186	0.040839195	0.061524794
FOXK1|S416_S420	0	0.0	0.1
FOXK1|S416_S420_S428	4	-0.023568144	0.09524738
FOXK1|S420	221	0.31985897	0.25136706
FOXK1|S441_S445	0	0.0	0.1
FOXK1|S445	241	0.54082644	0.4115518
FOXK1|T436	186	0.8503428	0.5
FOXK1|T436_S441_S445	0	0.0	0.1
FOXK1|Y219	0	0.0	0.1
FOXK2|S239	67	1.2089671	0.5
FOXK2|S398	194	0.5895935	0.42306513
FOXK2|S424_S428	0	0.0	0.1
FOXK2|S428	191	0.7381889	0.5
FOXN3|S391	171	0.44859535	0.31996238
FOXN3|S448	0	0.0	0.1
FOXO1|S256	186	1.0494694	0.5
FOXO1|S276	0	0.0	0.1
FOXO1|S287	188	0.47699538	0.3460942
FOXO1|S298	85	0.31823227	0.20026888
FOXO3|S215	0	0.0	0.1
FOXO3|S253	167	1.3109628	0.5
FOXO3|S284	176	0.8172808	0.5
FOXO3|S311	0	0.0	0.1
FOXO3|S413	171	1.4411244	0.5
FOXO4|S142	0	0.0	0.1
FOXO4|S175	0	0.0	0.1
FOXO4|S207	0	0.0	0.1
FOXO4|S45	0	0.0	0.1
FOXP4|S554	145	0.44311348	0.30306718
FRA10AC1|S278	186	0.97235596	0.5
FRK|S37	164	0.43914542	0.31068122
FRK|S40	149	0.88529074	0.5
FRK|S407	63	0.07719401	0.09118542
FRK|Y46	63	-0.19213857	-0.012912452
FRMD3|S429	148	0.9390797	0.5
FRMD4A|S683	0	0.0	0.1
FRMD4A|S706_S710	0	0.0	0.1
FRMD4A|S710	0	0.0	0.1
FRMD4A|S727	133	0.85640365	0.5
FRMD4A|S743	0	0.0	0.1
FRMD4A|S816	0	0.0	0.1
FRMD4B|S372	106	0.31060368	0.20836888
FRMD4B|S628	172	1.037986	0.5
FRMD4B|S778	0	0.0	0.1
FRMD4B|S940	0	0.0	0.1
FRMD6|S517	0	0.0	0.1
FRMD6|S534	0	0.0	0.1
FRMD6|S536	0	0.0	0.1
FRMD8|S352	0	0.0	0.1
FRS2|S169	156	0.4166697	0.2929706
FRS2|S221	145	1.2675061	0.5
FRS2|S292	149	0.83679396	0.5
FRS2|S428	182	0.40007544	0.2936657
FRS2|T463	0	0.0	0.1
FRYL|S1945	155	1.8607608	0.5
FRYL|S1957	175	0.6663028	0.4603745
FRYL|S2272	194	0.39529312	0.29485327
FRYL|S2314	40	0.08277735	0.09507924
FRYL|S2454	0	0.0	0.1
FRYL|S844	48	0.4738214	0.22123937
FRYL|T1959	152	1.1845744	0.5
FRY|S1940	186	0.7806573	0.5
FRY|S2487	0	0.0	0.1
FRY|S2808	53	0.5223971	0.24632058
FSCN1|S39	186	0.55814344	0.39795345
FSTL1|S165	120	2.465358	0.5
FTO|S256	164	1.0395306	0.5
FTO|T4	186	0.47698617	0.34517285
FTSJ3|S584	198	0.599872	0.43212974
FTSJ3|S644	0	0.0	0.1
FTSJ3|T573	118	0.91124433	0.5
FUBP1|S120	0	0.0	0.1
FUBP1|S161	0	0.0	0.1
FUBP1|S630	149	0.02039985	0.052367784
FUBP1|S99	198	1.4683114	0.5
FUBP1|T153	186	0.9808398	0.5
FUBP3|S539	166	0.4879455	0.34210134
FUBP3|S569	186	0.9936301	0.5
FUBP3|T76	247	1.1374818	0.5
FUNDC2|S10	105	1.294797	0.5
FUNDC2|S151	184	0.56199855	0.39932302
FUS|S220	0	0.0	0.1
FUS|S512	0	0.0	0.1
FXR1|S406	182	0.92602444	0.5
FXR1|S420_S423	0	0.0	0.1
FXR2|S192	0	0.0	0.1
FXR2|S566	158	-0.040252052	0.014109209
FXR2|S601	186	0.2921616	0.22497225
FXR2|S601_S603	0	0.0	0.1
FXR2|S634	34	0.72189116	0.25779328
FYB1|S235	0	0.0	0.1
FYB1|S245	0	0.0	0.1
FYB1|S339	0	0.0	0.1
FYB1|S467	0	0.0	0.1
FYB1|S56	0	0.0	0.1
FYB1|S568	0	0.0	0.1
FYB1|Y581	0	0.0	0.1
FYCO1|S196	159	0.6196015	0.41898313
FYCO1|S342	68	0.6713674	0.33126777
FYN|S21	192	0.7016947	0.49563488
FYN|Y185	141	0.22253641	0.17169143
FYN|Y420	18	1.4974563	0.3131713
FYTTD1|S118	0	0.0	0.1
FYTTD1|S16	142	0.3656393	0.255871
FYTTD1|S23	186	1.0685234	0.5
FZD6|S526	0	0.0	0.1
FZD6|S620	121	1.0283564	0.5
FZD6|S629	204	1.3574035	0.5
G3BP1|S149	232	0.68846434	0.5
G3BP1|S232	247	0.67432165	0.5
G3BP1|S250	148	1.8198564	0.5
G3BP1|S339	0	0.0	0.1
G3BP2|S141_S149	0	0.0	0.1
G3BP2|S149	64	0.3465525	0.1962156
G3BP2|T227	88	0.43616363	0.2573532
G6PD|S26	0	0.0	0.1
GAB1|S355	34	0.061511606	0.09023429
GAB1|S367	168	0.17080063	0.14438248
GAB1|S454	164	0.6168766	0.42109
GAB1|S547	0	0.0	0.1
GAB1|S581	0	0.0	0.1
GAB1|T503	70	-0.32055694	-0.073170505
GAB1|Y657	0	0.0	0.1
GAB1|Y689	0	0.0	0.1
GAB2|S172	0	0.0	0.1
GAB2|S185	0	0.0	0.1
GAB2|S330	0	0.0	0.1
GAB2|S442	0	0.0	0.1
GAB2|S505	0	0.0	0.1
GAB2|T353	0	0.0	0.1
GABARAPL2|S10	166	0.7768667	0.5
GAK|S1176	72	0.1446608	0.118695214
GAK|S73	142	1.2791185	0.5
GAK|S780	158	0.66462356	0.4457772
GAK|S826_S829	0	0.0	0.1
GALNT11|S82	0	0.0	0.1
GAPDH|S192	177	0.90572035	0.5
GAPDH|S210	186	1.3531942	0.5
GAPDH|S241	134	0.79444367	0.4976729
GAPDH|S266	100	1.4247239	0.5
GAPDH|S333	149	0.90966463	0.5
GAPDH|S83	0	0.0	0.1
GAPDH|T176	0	0.0	0.1
GAPDH|T184	94	1.583036	0.5
GAPDH|T211	186	1.0565784	0.5
GAPDH|T229	0	0.0	0.1
GAPDH|T237	0	0.0	0.1
GAPDH|T75	0	0.0	0.1
GAPVD1|S466	0	0.0	0.1
GAPVD1|S566	168	1.3871034	0.5
GAPVD1|S569	166	1.1434702	0.5
GAPVD1|S902	224	1.1600242	0.5
GAPVD1|S966	186	-0.001282636	0.03413087
GAPVD1|S993	0	0.0	0.1
GAPVD1|T390	73	0.08176783	0.09230666
GAREM1|S758	0	0.0	0.1
GART|S802	89	1.5170524	0.5
GAS2L1|S297_S306	0	0.0	0.1
GAS2L1|S306	174	0.7908778	0.5
GAS2L1|S316	163	0.940081	0.5
GAS2L1|S436_S438	0	0.0	0.1
GAS2L1|S479	161	0.41370228	0.2935098
GAS2L1|S657	0	0.0	0.1
GAS2L1|T334	156	0.3610909	0.25910228
GAS7|S45	0	0.0	0.1
GAS7|S46	0	0.0	0.1
GAS7|S92	0	0.0	0.1
GAS7|S99	0	0.0	0.1
GATA6|S268	156	0.41040042	0.28915027
GATAD2A|S100	206	0.67600054	0.48776507
GATAD2A|S100_S107	0	0.0	0.1
GATAD2A|S549	0	0.0	0.1
GATAD2A|T49	174	0.75104314	0.5
GATAD2B|S129	189	0.8299869	0.5
GATAD2B|S129_S135	0	0.0	0.1
GATAD2B|S135	198	0.9253818	0.5
GATAD2B|S486	79	1.2940288	0.5
GATAD2B|T120	205	0.13687208	0.124782875
GATAD2B|T120_S122	0	0.0	0.1
GATAD2B|T120_S122_S129	0	0.0	0.1
GATAD2B|T120_S129	0	0.0	0.1
GBF1|S1299	0	0.0	0.1
GBF1|S1770	0	0.0	0.1
GBF1|S1781	151	0.027731152	0.056523524
GBF1|S233	140	1.3071816	0.5
GBF1|T1338	0	0.0	0.1
GCC1|S450	0	0.0	0.1
GCC2|S1483	186	1.0805999	0.5
GCC2|S591	0	0.0	0.1
GCFC2|S16_S17_S19	0	0.0	0.1
GCFC2|S174	186	0.9730348	0.5
GCFC2|S174_S180	0	0.0	0.1
GCFC2|S180	186	1.1457862	0.5
GCFC2|S96_T97	0	0.0	0.1
GCN1|S786	0	0.0	0.1
GDAP1|S11	189	0.34980577	0.26336777
GDI2|S61	186	0.5538806	0.3951811
GEMIN2|S81	0	0.0	0.1
GEMIN4|S205	0	0.0	0.1
GEMIN4|T84	0	0.0	0.1
GEMIN5|S756	0	0.0	0.1
GEMIN5|S777	0	0.0	0.1
GEM|S23	182	1.129718	0.5
GFPT1|S103	0	0.0	0.1
GFPT1|S205	0	0.0	0.1
GFPT1|S253	103	1.0535455	0.5
GFPT1|S261	182	1.2953752	0.5
GFPT2|S202	0	0.0	0.1
GFPT2|S244	69	1.8039556	0.5
GGA2|S177	0	0.0	0.1
GGA3|S87	0	0.0	0.1
GGNBP2|S360	158	1.29655	0.5
GGNBP2|S515	0	0.0	0.1
GIGYF1|S137	182	0.9729764	0.5
GIGYF1|S157	186	0.9673287	0.5
GIGYF1|S230	182	0.23014444	0.18399394
GIGYF1|S24	0	0.0	0.1
GIGYF1|S406	99	0.48123932	0.28966177
GIGYF1|S538	73	-0.07820259	0.024804689
GIGYF1|S638	197	1.0561848	0.5
GIGYF1|S755	0	0.0	0.1
GIGYF1|S756	0	0.0	0.1
GIGYF1|T357	0	0.0	0.1
GIGYF2|S1284	151	1.1347357	0.5
GIGYF2|S139	118	1.6941472	0.5
GIGYF2|S160	171	0.64824444	0.4459402
GIGYF2|S201	186	1.0166416	0.5
GIGYF2|S236	186	0.5890552	0.41805688
GIGYF2|S242	0	0.0	0.1
GIGYF2|S26	129	1.1698546	0.5
GIGYF2|S264	0	0.0	0.1
GIGYF2|S30	0	0.0	0.1
GIGYF2|S335	44	1.2049067	0.4376104
GIGYF2|S335_S337_S340	0	0.0	0.1
GIGYF2|S357	0	0.0	0.1
GIGYF2|S357_S359_S362	0	0.0	0.1
GIGYF2|S587	0	0.0	0.1
GIGYF2|S593	56	-0.1030062	0.027125984
GIGYF2|S614	0	0.0	0.1
GIMAP4|S72	0	0.0	0.1
GIMAP8|S299	0	0.0	0.1
GIPC1|S225	125	0.78106374	0.47836876
GIPC1|S232	186	0.8845561	0.5
GIT1|S370	0	0.0	0.1
GIT1|S580	0	0.0	0.1
GIT1|T480	12	0.16458273	0.10691958
GIT1|T489	0	0.0	0.1
GIT2|S559	186	0.9128957	0.5
GIT2|S614	129	1.021839	0.5
GIT2|T626	0	0.0	0.1
GJA1|S251	0	0.0	0.1
GJA1|S255	0	0.0	0.1
GJA1|S279	0	0.0	0.1
GJA1|S282	0	0.0	0.1
GJA1|S296_S297	0	0.0	0.1
GJA1|S306	75	0.58538973	0.30802417
GJA1|T290	0	0.0	0.1
GJB1|S233	111	1.1572018	0.5
GJB1|S266	111	0.504514	0.31280118
GLCCI1|S145	184	0.367867	0.27354765
GLCCI1|S145_S148	0	0.0	0.1
GLCCI1|S148	179	0.8815561	0.5
GLCCI1|S223	209	0.66087806	0.47936413
GLCCI1|S258	0	0.0	0.1
GLCCI1|S303	181	0.7316905	0.5
GLI2|S1101	0	0.0	0.1
GLI2|S149	0	0.0	0.1
GLI2|S234	0	0.0	0.1
GLI2|S970	75	0.6058337	0.31678587
GLI3|S1006	0	0.0	0.1
GLI3|S445	0	0.0	0.1
GLI3|S664	119	1.1391703	0.5
GLI3|S980	67	1.1343328	0.5
GLIS3|S342	0	0.0	0.1
GLIS3|S773_S778	0	0.0	0.1
GLIS3|S778	0	0.0	0.1
GLUD1|S128	111	0.22391517	0.1651876
GLUL|S343	161	0.43964526	0.30951297
GLYR1|S130	188	0.95237476	0.5
GMDS|S10_S14	0	0.0	0.1
GMDS|S14	186	1.0845844	0.5
GMIP|S243	0	0.0	0.1
GMIP|S421	0	0.0	0.1
GMIP|S425	64	-0.12300997	0.012971722
GMIP|S885	0	0.0	0.1
GMIP|S907	0	0.0	0.1
GMIP|S914	138	0.6862224	0.43991047
GMIP|T660	0	0.0	0.1
GMPR2|S28	182	1.1036144	0.5
GMPS|T318	53	0.17821823	0.12709521
GNAI2|S207	186	0.8850972	0.5
GNAI3|S206	0	0.0	0.1
GNB1|S31	58	0.25688592	0.15759104
GNG12|S49	163	0.60143125	0.41077298
GNL1|S51	191	0.41039371	0.3037292
GNL1|S68	159	1.085845	0.5
GNL1|T48_T50_S51	0	0.0	0.1
GNL1|T50_S51	0	0.0	0.1
GNL3L|S465	53	0.7080582	0.31063455
GOLGA1|S41	163	0.93607306	0.5
GOLGA2|S273	74	1.2735991	0.5
GOLGA2|S37	0	0.0	0.1
GOLGA2|S66	129	0.7661335	0.4752455
GOLGA2|S953	0	0.0	0.1
GOLGA2|S981	56	0.5053442	0.2455082
GOLGA3|S1213	62	0.10459207	0.10175746
GOLGA3|S140	0	0.0	0.1
GOLGA3|S385	145	0.73143035	0.4737037
GOLGA3|S465	198	1.1500301	0.5
GOLGA3|S983	186	0.92088693	0.5
GOLGA4|S120	0	0.0	0.1
GOLGA4|S1536	0	0.0	0.1
GOLGA4|S288	0	0.0	0.1
GOLGA4|S93	0	0.0	0.1
GOLGA5|S116	166	0.31010786	0.23111995
GOLGA5|T212	0	0.0	0.1
GOLGB1|S17	0	0.0	0.1
GOLGB1|S2221	0	0.0	0.1
GOLGB1|S3134	0	0.0	0.1
GOLGB1|S565	0	0.0	0.1
GOLIM4|S133	0	0.0	0.1
GOLIM4|S336	0	0.0	0.1
GOLIM4|S510	0	0.0	0.1
GOLIM4|S555	0	0.0	0.1
GOLM1|S187	186	1.4266346	0.5
GOLM1|S191	186	1.642225	0.5
GOLM1|S309	58	0.15099944	0.11872132
GOLM1|T255	222	1.9969716	0.5
GOLPH3L|S23	66	0.9153869	0.42418998
GOLPH3|S35_S36	0	0.0	0.1
GOLPH3|S36	186	0.48247698	0.3487438
GOLPH3|S42	174	0.90682125	0.5
GON4L|S1255	137	1.0362453	0.5
GON4L|S1268	121	0.8600693	0.5
GON4L|S1902	160	1.4541036	0.5
GON4L|S1957	0	0.0	0.1
GON4L|S346	58	0.52683353	0.25668573
GOPC|S272	0	0.0	0.1
GOPC|S276	0	0.0	0.1
GOPC|S280	81	1.2571121	0.5
GORASP2|S214	0	0.0	0.1
GORASP2|T204	0	0.0	0.1
GORASP2|T222	46	0.91864157	0.35792816
GORASP2|T222_T225	0	0.0	0.1
GORASP2|T225	40	1.403688	0.4724823
GORASP2|T415	212	0.76351464	0.5
GOSR1|S49	0	0.0	0.1
GP1BA|S629_S632	0	0.0	0.1
GP1BB|S191	236	1.4584279	0.5
GPALPP1|S105	40	0.23133789	0.13752511
GPALPP1|S140_S141	0	0.0	0.1
GPALPP1|T138_S140_S141	0	0.0	0.1
GPAM|S695	185	1.1382842	0.5
GPAT3|S66	0	0.0	0.1
GPAT3|S68	227	1.0876215	0.5
GPATCH2|S115	140	0.67739624	0.43681446
GPATCH2|S115_S117	0	0.0	0.1
GPATCH2|S129	96	1.0624535	0.5
GPATCH2|S195	181	1.284242	0.5
GPATCH2|S284	172	2.166662	0.5
GPATCH4|S135	0	0.0	0.1
GPATCH8|S1009	186	0.9876379	0.5
GPATCH8|S1009_S1014	0	0.0	0.1
GPATCH8|S1014	195	0.7785263	0.5
GPATCH8|S1035	186	0.78759784	0.5
GPATCH8|S1081	186	1.2144914	0.5
GPATCH8|S1107	164	0.6589661	0.44723654
GPATCH8|S1109	139	0.716618	0.45861882
GPATCH8|S650_S653	0	0.0	0.1
GPATCH8|S653	183	0.63332874	0.44487336
GPATCH8|S738	0	0.0	0.1
GPATCH8|S738_S740	0	0.0	0.1
GPATCH8|S740	59	0.47000074	0.2372959
GPATCH8|S758	160	0.53376013	0.36692932
GPATCH8|S908_S911	0	0.0	0.1
GPATCH8|S908_S911_S914	0	0.0	0.1
GPATCH8|S911_S914	0	0.0	0.1
GPATCH8|S981	184	0.84366864	0.5
GPATCH8|T293	0	0.0	0.1
GPBP1L1|S123	86	0.49041244	0.2805133
GPBP1L1|S21	53	0.9483188	0.39386207
GPBP1L1|S384	0	0.0	0.1
GPBP1L1|S49	111	-0.37106147	-0.1478096
GPBP1L1|S76	66	0.47775054	0.25019
GPBP1|S388	0	0.0	0.1
GPCPD1|S175	75	0.2081034	0.14633003
GPHN|S188	0	0.0	0.1
GPHN|S188_S194	0	0.0	0.1
GPHN|S194	0	0.0	0.1
GPHN|S305	169	0.8959724	0.5
GPI|S107	174	0.80099505	0.5
GPI|S22	178	0.4034603	0.2943019
GPI|S237	0	0.0	0.1
GPI|S455	153	0.49314415	0.33775118
GPI|T109	223	0.29457363	0.23433411
GPKOW|S35	7	0.23020247	0.108517915
GPKOW|S42	179	0.4048073	0.29555738
GPKOW|T216	136	0.042203914	0.06669378
GPN1|S326	0	0.0	0.1
GPRASP2|S328	112	1.1495407	0.5
GPRC5A|S345	68	-0.1432564	0.0015390776
GPRC5A|Y347	0	0.0	0.1
GPRC5B|S468	0	0.0	0.1
GPRC5B|S485	0	0.0	0.1
GPRC5B|S491	0	0.0	0.1
GPRC5C|S356	0	0.0	0.1
GPRC5C|S395	0	0.0	0.1
GPRC5C|S428	0	0.0	0.1
GPRC5C|S443	0	0.0	0.1
GPRC5C|T338	0	0.0	0.1
GPRC5C|T435	0	0.0	0.1
GPRIN1|S615	149	1.2995659	0.5
GPRIN1|S64	72	-0.31049362	-0.071834534
GPRIN1|S75	148	0.3955972	0.2764048
GPRIN1|S850	75	1.782898	0.5
GPRIN1|S895	55	-0.19365615	-0.0042005703
GPRIN3|S214	0	0.0	0.1
GPRIN3|S32	175	0.6702897	0.4629116
GPRIN3|S57	113	0.061402768	0.07952353
GPRIN3|S583	53	-0.22177254	-0.011463687
GPRIN3|S734	155	0.27565965	0.20677352
GPRIN3|S751	141	0.5895285	0.38640466
GPS1|S308	0	0.0	0.1
GPS1|S536	0	0.0	0.1
GPS1|S536_S542	0	0.0	0.1
GPS1|S542	0	0.0	0.1
GPS1|S551	0	0.0	0.1
GPS1|T310	0	0.0	0.1
GPS1|T547	0	0.0	0.1
GPS1|T547_S551	0	0.0	0.1
GPSM1|S413	162	1.3319192	0.5
GPSM1|S471	178	0.05065969	0.068408005
GPSM2|S408	51	0.64130753	0.28282574
GPSM2|S483	0	0.0	0.1
GPSM2|S565	53	1.3877608	0.5
GPSM3|S35	181	0.6409684	0.44845292
GPSM3|S35_S39	0	0.0	0.1
GPSM3|S39	191	0.49041665	0.35625285
GPX1|S153	180	1.6921418	0.5
GPX1|T151	0	0.0	0.1
GRAMD1A|S260	0	0.0	0.1
GRAMD1A|T270	0	0.0	0.1
GRAMD1B|S557	0	0.0	0.1
GRAMD1C|S36	0	0.0	0.1
GRAMD2B|S252	0	0.0	0.1
GRAMD2B|S267	0	0.0	0.1
GRAMD2B|S58	0	0.0	0.1
GRAMD2B|S72	176	1.3736145	0.5
GRAP2|S159	71	0.7837081	0.38387877
GRAP2|S236	86	0.76287854	0.40649223
GRAP2|T262	197	0.85029763	0.5
GRASP|S94	118	0.8766164	0.5
GRB10|S104	212	0.94495654	0.5
GRB14|T9	0	0.0	0.1
GRB7|S79	0	0.0	0.1
GRB7|S81	0	0.0	0.1
GREB1|S1160	0	0.0	0.1
GREB1|S1193	133	0.26630166	0.19492756
GREM1|S44	0	0.0	0.1
GREM1|S76	0	0.0	0.1
GREM1|S77	141	1.3220279	0.5
GRHL1|S95	0	0.0	0.1
GRHL1|T208	209	1.7439328	0.5
GRHPR|S36	99	0.7178478	0.40737152
GRIP1|S43	92	1.020059	0.5
GRIP1|S795	0	0.0	0.1
GRIP1|S886	0	0.0	0.1
GRIP1|S929	0	0.0	0.1
GRIP1|T905	0	0.0	0.1
GRIPAP1|S655	160	1.1503322	0.5
GRIPAP1|S704	0	0.0	0.1
GRK2|S487	0	0.0	0.1
GRK2|S670	239	0.85469764	0.5
GRSF1|S335	155	1.1953039	0.5
GRWD1|S119_S122	0	0.0	0.1
GRWD1|S344	63	0.66747004	0.3193289
GSDMD|S252	188	1.1472625	0.5
GSDME|S252	77	1.4256886	0.5
GSE1|S10	73	1.6746333	0.5
GSE1|S710	0	0.0	0.1
GSE1|S826_S828	0	0.0	0.1
GSE1|S909	186	0.24116765	0.19180834
GSK3B|Y216	0	0.0	0.1
GSN|S35	182	2.733848	0.5
GSN|S636	0	0.0	0.1
GSN|T386	0	0.0	0.1
GSR|T383	0	0.0	0.1
GSS|S151	0	0.0	0.1
GSS|S181	88	0.9338393	0.49030778
GSS|S415	186	1.4500177	0.5
GSTA1|S202	186	1.5190892	0.5
GSTA1|S37	111	1.0958949	0.5
GSTP1|S43	143	0.66042376	0.4297967
GTF2F1|S224	150	1.1959636	0.5
GTF2F1|S385	186	0.35713574	0.26722816
GTF2F1|S385_T389	0	0.0	0.1
GTF2F1|S431	38	1.2537345	0.41769502
GTF2F1|S442	75	0.78204244	0.3923039
GTF2F1|T154	0	0.0	0.1
GTF2F1|T156	165	0.8789899	0.5
GTF2F1|T331	161	0.63198984	0.4281623
GTF2F1|T389	186	1.185412	0.5
GTF2F1|T427	0	0.0	0.1
GTF2F1|T437	0	0.0	0.1
GTF2F1|T446	162	0.91868293	0.5
GTF2IRD2|S516	0	0.0	0.1
GTF2IRD2|S521	0	0.0	0.1
GTF2I|S103	230	0.78743804	0.5
GTF2I|S210	127	0.85203886	0.5
GTF2I|S214	0	0.0	0.1
GTF2I|S652	0	0.0	0.1
GTF2I|S674	247	0.47573805	0.3674562
GTF2I|S700	0	0.0	0.1
GTF2I|S722	166	2.4557993	0.5
GTF3C1|S1068	190	0.5657799	0.40516615
GTF3C1|S1611	145	2.035495	0.5
GTF3C1|S1856	155	0.06459297	0.07847808
GTF3C1|S1865_S1868	0	0.0	0.1
GTF3C1|S667	139	1.7295417	0.5
GTF3C1|S739	187	0.48787645	0.35272786
GTF3C1|S751	0	0.0	0.1
GTF3C2|S165_S167	0	0.0	0.1
GTF3C2|S892	0	0.0	0.1
GTF3C2|S893	191	0.6315489	0.44888604
GTF3C2|S901	181	0.7754784	0.5
GTF3C3|S43	193	0.62266445	0.44428068
GTF3C4|S611	222	0.78167915	0.5
GTF3C4|S652	64	1.0364158	0.46543056
GTPBP1|S24	0	0.0	0.1
GTPBP1|S25	217	0.5810872	0.42932466
GTPBP1|S44_S47	0	0.0	0.1
GTPBP1|S69	40	-0.2695738	-0.0055925176
GTSE1|S496	0	0.0	0.1
GTSE1|S555	0	0.0	0.1
GTSE1|S594	0	0.0	0.1
GTSE1|S611	0	0.0	0.1
GULP1|T208	68	0.80610526	0.38580453
GYG1|S320	0	0.0	0.1
GYG2|S437	0	0.0	0.1
GYS1|S348	0	0.0	0.1
GYS1|S634	0	0.0	0.1
GYS1|S646	0	0.0	0.1
GYS1|S659	0	0.0	0.1
GZF1|S265	159	1.2189071	0.5
GZF1|S613	171	0.6149046	0.4249029
H1FX|S27	84	-0.032707244	0.039416257
H1FX|S31	152	1.2166754	0.5
H2AFY2|S129	0	0.0	0.1
H2AFY|T129	0	0.0	0.1
H2AFY|T177	0	0.0	0.1
H3F3A|S29	97	0.5955786	0.34401587
HABP4|S108	50	0.25411108	0.15137038
HABP4|S7	64	-0.32834435	-0.06715876
HABP4|S74	186	0.6069012	0.42966306
HABP4|T268	41	0.96468884	0.35143432
HACD3|S114	247	0.5892708	0.44827056
HADHA|S756	0	0.0	0.1
HARS|S27	111	1.6676866	0.5
HAUS6|S394	0	0.0	0.1
HAUS6|S770	0	0.0	0.1
HAUS6|S805	157	0.58765924	0.39790854
HAUS6|T549	0	0.0	0.1
HAUS6|T584	189	1.7052332	0.5
HBA1|S132	149	1.7429187	0.5
HBA1|S139	132	1.7770212	0.5
HBA1|S36	72	2.2485006	0.5
HBA1|S50	106	2.1857502	0.5
HBA1|S53	102	0.88669187	0.49724048
HBA1|S82	0	0.0	0.1
HBA1|Y25	176	1.3147655	0.5
HBB|S10	186	1.0960011	0.5
HBB|S45	181	2.0807695	0.5
HBB|S73	0	0.0	0.1
HBB|S90	140	1.5759963	0.5
HBB|T124	75	0.28010336	0.17718716
HBB|T13	141	2.1432726	0.5
HBB|T51	131	2.0284598	0.5
HBB|T88	52	1.291337	0.5
HBB|Y36	0	0.0	0.1
HBD|S73	147	1.1376383	0.5
HBD|Y36	80	0.7086142	0.3704952
HBG1|S140	163	1.7505943	0.5
HBG1|Y36	0	0.0	0.1
HBP1|S390	0	0.0	0.1
HBS1L|S127	0	0.0	0.1
HCFC1|S1205	0	0.0	0.1
HCFC1|S1507	167	0.6583932	0.4492572
HCFC1|S1838	0	0.0	0.1
HCFC1|S666	186	1.1668894	0.5
HCFC1|S794	0	0.0	0.1
HCFC1|T1400	0	0.0	0.1
HCK|T15	0	0.0	0.1
HCK|T181	0	0.0	0.1
HCLS1|S134	0	0.0	0.1
HCLS1|S186	64	1.3299072	0.5
HCLS1|S275	115	0.9590946	0.5
HCLS1|S62	147	1.1587921	0.5
HCLS1|T308	180	0.54762304	0.3877577
HDAC1|S393	169	0.87515146	0.5
HDAC1|S406	47	1.4014448	0.5
HDAC1|S409	168	1.7336893	0.5
HDAC1|S421	186	0.9332333	0.5
HDAC1|S421_S423	0	0.0	0.1
HDAC1|S423	186	1.1264923	0.5
HDAC2|S394	176	1.0857924	0.5
HDAC2|S422	186	1.1349726	0.5
HDAC2|S422_S424	0	0.0	0.1
HDAC2|S424	186	1.8193171	0.5
HDAC4|S246	213	0.9234152	0.5
HDAC4|S565	186	0.70103896	0.4908855
HDAC4|S58	0	0.0	0.1
HDAC4|S584	181	1.3597616	0.5
HDAC5|S260	0	0.0	0.1
HDAC5|S612	0	0.0	0.1
HDAC5|S662	0	0.0	0.1
HDAC6|S36	0	0.0	0.1
HDAC7|S148	0	0.0	0.1
HDAC7|S194	0	0.0	0.1
HDAC7|S220	0	0.0	0.1
HDAC7|S360	0	0.0	0.1
HDAC7|S407	0	0.0	0.1
HDAC7|S597	0	0.0	0.1
HDAC9|S245	0	0.0	0.1
HDAC9|S44	0	0.0	0.1
HDGFL2|S230	144	1.4013108	0.5
HDGFL2|S240	186	0.3918375	0.28979644
HDGFL2|S366_S369_S370	0	0.0	0.1
HDGFL2|S454	186	1.1132854	0.5
HDGFL2|S490	177	1.1164137	0.5
HDGFL2|S625	186	0.73413146	0.5
HDGFL2|S633	183	0.5524271	0.39255887
HDGFL2|S633_S634	0	0.0	0.1
HDGFL2|S651	0	0.0	0.1
HDGFL2|S652	186	0.38678166	0.28650838
HDGFL2|T205	111	1.8765867	0.5
HDGFL3|S106_S121	0	0.0	0.1
HDGFL3|S107_S121	0	0.0	0.1
HDGFL3|S107_S122	0	0.0	0.1
HDGFL3|S108_S121	0	0.0	0.1
HDGFL3|S108_S122	0	0.0	0.1
HDGFL3|S121_S122	0	0.0	0.1
HDGFL3|S162	184	0.97517467	0.5
HDGFL3|S178_S179_S180	0	0.0	0.1
HDGFL3|T110_S121	0	0.0	0.1
HDGFL3|T110_S122	0	0.0	0.1
HDGF|S107	127	0.6782862	0.42353457
HDGF|S132_S133	0	0.0	0.1
HDGF|S165	247	0.9869375	0.5
HDGF|S202	186	0.71694756	0.5
HDGF|S239	181	0.46894917	0.3376505
HDGF|T184	68	1.5940986	0.5
HDLBP|S1252	178	2.8351376	0.5
HDLBP|S31	241	0.79851496	0.5
HDLBP|S317	151	1.6031859	0.5
HDLBP|S35	197	0.91554475	0.5
HDLBP|S667	0	0.0	0.1
HDLBP|S904	188	0.9656652	0.5
HDLBP|S944	186	0.9852727	0.5
HDLBP|Y437	0	0.0	0.1
HEATR1|S1190	181	1.613566	0.5
HEATR5A|S1653	0	0.0	0.1
HEATR5B|S1737	196	1.2294346	0.5
HEATR6|S1124	0	0.0	0.1
HEATR6|S336_S337	0	0.0	0.1
HEATR6|S643	65	1.4862082	0.5
HEBP2|S181	186	1.8322623	0.5
HECTD1|S1533	115	-0.06687281	0.010742452
HECTD1|S1571	183	0.6048729	0.42647257
HECTD1|S1772	186	0.52721286	0.37783775
HECTD1|T1760	105	0.31633914	0.21080784
HECTD4|S1363	0	0.0	0.1
HECTD4|S883	0	0.0	0.1
HECTD4|T2368	0	0.0	0.1
HECW2|S1040_S1042	0	0.0	0.1
HECW2|S1042	190	0.735789	0.5
HECW2|S1175	176	0.0032139814	0.03828138
HECW2|S48	182	0.8382066	0.5
HECW2|S852	174	0.074658684	0.083907336
HELZ2|S1006	97	0.28515765	0.191169
HELZ2|S338	115	0.31567237	0.21535966
HELZ|S1180	0	0.0	0.1
HELZ|S1318	0	0.0	0.1
HELZ|S1585	0	0.0	0.1
HELZ|T1164	0	0.0	0.1
HERC1|S1406	129	1.0300677	0.5
HERC1|S2720	186	0.23395202	0.18711565
HERC1|T2701	179	0.5824109	0.40950376
HERC2|S1577	64	0.98761487	0.44638628
HERC2|S1577_S1588	0	0.0	0.1
HERC2|S1588	52	0.398235	0.20202777
HERC2|S1942	48	0.3373397	0.17697504
HERC2|S2454	0	0.0	0.1
HERC2|S2928	176	1.2775893	0.5
HERPUD2|T90	76	1.157897	0.5
HEXIM2|S51	0	0.0	0.1
HEXIM2|S51_T54	0	0.0	0.1
HEXIM2|S73_S75	0	0.0	0.1
HEXIM2|S98	0	0.0	0.1
HIC1|S237	153	0.80853945	0.5
HIC1|S248	139	0.421486	0.28697303
HIC1|S270	0	0.0	0.1
HIC1|S270_S273	0	0.0	0.1
HIC1|S366	103	0.47227508	0.28888837
HIC1|S704	0	0.0	0.1
HID1|S593	198	-0.12148528	-0.047161356
HID1|S648	0	0.0	0.1
HID1|S653	81	1.7728673	0.5
HID1|T584	53	0.07155391	0.09014613
HINT1|S45	0	0.0	0.1
HIP1|S338	0	0.0	0.1
HIPK1|S1200	52	-0.6093681	-0.14267856
HIPK1|Y352	183	0.68083733	0.47559446
HIRA|S549	74	0.43166006	0.24105082
HIRA|S661	66	0.39342114	0.21666142
HIRA|T586	67	0.26926056	0.16790693
HIRIP3|S125	168	0.77247226	0.5
HIRIP3|S142_S143	0	0.0	0.1
HIRIP3|S159_S160	5	-0.13758664	0.088686354
HIRIP3|S196	186	0.41265842	0.3033373
HIRIP3|S196_S199	0	0.0	0.1
HIRIP3|S223_S227	0	0.0	0.1
HIRIP3|S227	197	0.88757783	0.5
HIRIP3|S289	168	0.9618113	0.5
HIRIP3|S289_S291	0	0.0	0.1
HIRIP3|S300_S301_S305	0	0.0	0.1
HIRIP3|S317	0	0.0	0.1
HIRIP3|S330_S332_S333	0	0.0	0.1
HIRIP3|S370	182	0.5652463	0.40026534
HIRIP3|S530	186	0.8593104	0.5
HIRIP3|T84	186	0.7666623	0.5
HIRIP3|T84_S87	0	0.0	0.1
HIST1H1B|S107	0	0.0	0.1
HIST1H1D|S37	0	0.0	0.1
HIST1H1D|T147	103	1.6973797	0.5
HIST1H1E|S104	111	1.1392574	0.5
HIST1H1E|S36	111	0.7866642	0.46123093
HIST1H1E|S55	107	0.46297202	0.28762323
HIST1H3A|S29	0	0.0	0.1
HIST1H4A|S48	61	0.91685295	0.40949085
HIST1H4A|Y89	0	0.0	0.1
HIVEP1|S1036	0	0.0	0.1
HIVEP1|S1158	182	0.73692054	0.5
HIVEP1|S1180	0	0.0	0.1
HIVEP1|S1735	167	0.5422896	0.37663808
HIVEP1|S1753	0	0.0	0.1
HIVEP1|S2599	176	-0.23661183	-0.114651024
HIVEP1|S479	0	0.0	0.1
HIVEP1|S65	0	0.0	0.1
HIVEP1|S698	163	0.6164479	0.4200799
HIVEP2|S169	66	0.51633584	0.26553112
HIVEP2|S2083	0	0.0	0.1
HIVEP2|S314	0	0.0	0.1
HIVEP2|S565	167	0.48862994	0.34307566
HIVEP3|S1964	47	0.8760546	0.3481263
HIVEP3|S2034	0	0.0	0.1
HIVEP3|S2382	39	0.19948512	0.12791309
HIVEP3|S720	0	0.0	0.1
HIVEP3|S948	0	0.0	0.1
HJURP|S412	62	1.6568453	0.5
HJURP|S473	189	1.1684653	0.5
HLA-A|S352	75	0.89008224	0.43860668
HLA-A|S352_S356	0	0.0	0.1
HLA-A|S356	75	1.1477653	0.5
HLA-A|S356_S359	0	0.0	0.1
HLA-A|S359	75	1.477908	0.5
HLCS|S79	186	0.6815787	0.47822952
HMG20A|S105	197	0.32782686	0.25111747
HMGA1|S36	72	0.3630623	0.2101191
HMGA1|S44	52	1.5771401	0.5
HMGA1|S49	56	0.7479177	0.33258584
HMGA1|S9	155	2.2350335	0.5
HMGA1|T53	191	1.2546012	0.5
HMGA2|S44	106	1.3952651	0.5
HMGB1|S100	0	0.0	0.1
HMGB1|S35	102	0.52068204	0.31242365
HMGCS1|S495	64	0.22429559	0.1485056
HMGN1|S25	45	1.2357229	0.4524657
HMGN1|S7	196	0.9340742	0.5
HMGN1|S8	186	0.7252154	0.5
HMGN1|S86	186	0.94630706	0.5
HMGN1|S86_S89	0	0.0	0.1
HMGN1|S89	186	0.8941667	0.5
HMGN2|S29	0	0.0	0.1
HMGN3|S6	198	0.6499743	0.46541917
HMGN3|S78	186	0.64925677	0.45720896
HMGN3|T103	0	0.0	0.1
HMGN4|S80	186	1.4413519	0.5
HMGN5|S93	49	0.44827098	0.21453208
HMGN5|T31	0	0.0	0.1
HMGXB4|S497	75	0.92606544	0.45402804
HMGXB4|S502	66	0.27424037	0.1692763
HMGXB4|S512	82	0.8541972	0.43980312
HNF4A|S436	88	0.6353872	0.35060677
HNRNPA0|S270	0	0.0	0.1
HNRNPA0|S68	0	0.0	0.1
HNRNPA0|S84	186	0.91978693	0.5
HNRNPA0|S84_S88	0	0.0	0.1
HNRNPA0|S88	186	0.8116476	0.5
HNRNPA1|S199	156	1.0738752	0.5
HNRNPA1|S22	74	0.24364525	0.16109051
HNRNPA1|S309	0	0.0	0.1
HNRNPA1|S316	0	0.0	0.1
HNRNPA1|S368	183	1.4505785	0.5
HNRNPA1|S4_S6	0	0.0	0.1
HNRNPA1|S6	247	0.74782264	0.5
HNRNPA1|S95	153	1.1188383	0.5
HNRNPA2B1|S102	0	0.0	0.1
HNRNPA2B1|S189	0	0.0	0.1
HNRNPA2B1|S212	247	0.91199976	0.5
HNRNPA2B1|S225	168	0.63344264	0.4343969
HNRNPA2B1|S231	186	0.7383349	0.5
HNRNPA2B1|S259	186	0.41268694	0.30335587
HNRNPA2B1|S29	67	-0.14284699	0.0025703683
HNRNPA2B1|S318	146	0.834267	0.5
HNRNPA2B1|S341	183	0.45886526	0.33205774
HNRNPA2B1|S344	190	0.33304727	0.25268614
HNRNPA2B1|S85	149	0.81811	0.5
HNRNPA2B1|Y247	0	0.0	0.1
HNRNPA2B1|Y336	0	0.0	0.1
HNRNPA3|S116	6	0.36848202	0.1151971
HNRNPA3|S21	0	0.0	0.1
HNRNPA3|S328	0	0.0	0.1
HNRNPA3|S358	247	0.86200863	0.5
HNRNPA3|S43	122	0.94181144	0.5
HNRNPA3|S94	0	0.0	0.1
HNRNPAB|S255	0	0.0	0.1
HNRNPAB|S82	0	0.0	0.1
HNRNPC|S149	0	0.0	0.1
HNRNPC|S162	186	0.70233613	0.4917291
HNRNPC|S196	0	0.0	0.1
HNRNPC|S209	0	0.0	0.1
HNRNPC|S220	0	0.0	0.1
HNRNPC|S225	0	0.0	0.1
HNRNPC|S226	0	0.0	0.1
HNRNPC|S228	0	0.0	0.1
HNRNPC|S233	247	0.6868592	0.5
HNRNPC|S238	192	0.5646546	0.40552628
HNRNPC|S239	186	0.2416756	0.19213869
HNRNPC|S240	186	0.3339961	0.25217927
HNRNPC|S240_S247	0	0.0	0.1
HNRNPC|S241	186	0.57449895	0.40859026
HNRNPC|S247	0	0.0	0.1
HNRNPC|S253_S260	5	1.139445	0.14949739
HNRNPC|S260	199	2.094004	0.5
HNRNPC|Y124	0	0.0	0.1
HNRNPDL|S241	225	0.65066373	0.48122874
HNRNPD|S190	176	0.7744167	0.5
HNRNPD|S80_S82_S83	0	0.0	0.1
HNRNPD|T193	153	0.9269261	0.5
HNRNPF|S104	163	0.11481407	0.109181345
HNRNPF|S269	0	0.0	0.1
HNRNPF|S310	0	0.0	0.1
HNRNPH1|S104	235	0.9274636	0.5
HNRNPH1|S21	132	0.25742364	0.18956861
HNRNPH1|S23	184	1.7743452	0.5
HNRNPH1|S269	0	0.0	0.1
HNRNPH1|S272	163	0.36777645	0.2659603
HNRNPH1|S310	186	0.39524695	0.29201376
HNRNPH1|S63	132	0.8297267	0.5
HNRNPH2|S104	49	0.7933023	0.32799876
HNRNPH2|S269	0	0.0	0.1
HNRNPH2|S272	0	0.0	0.1
HNRNPH2|S310	144	0.54561526	0.36298606
HNRNPH2|S90	99	-0.5382735	-0.21753304
HNRNPH3|S216	179	0.857743	0.5
HNRNPH3|S298	186	1.2316097	0.5
HNRNPH3|Y296	0	0.0	0.1
HNRNPK|S116	0	0.0	0.1
HNRNPK|S214	0	0.0	0.1
HNRNPK|S216	156	1.5477192	0.5
HNRNPK|S284	186	0.57434916	0.40849283
HNRNPK|S36	182	0.29842922	0.22806425
HNRNPK|S379	192	1.0066869	0.5
HNRNPK|S401	143	0.6920375	0.4484007
HNRNPL|S101	113	0.55775005	0.34284392
HNRNPL|S185	186	0.45840028	0.3330855
HNRNPL|S29	0	0.0	0.1
HNRNPL|S52	231	0.5013545	0.3800994
HNRNPM|S29	35	0.43303207	0.18634164
HNRNPM|S365	184	1.0998582	0.5
HNRNPM|S397	158	0.5323043	0.36474448
HNRNPM|S452	139	0.58902454	0.38441175
HNRNPM|S513	161	1.2943288	0.5
HNRNPM|S575	182	0.6186531	0.43473357
HNRNPM|S588	0	0.0	0.1
HNRNPM|S618	195	0.92876655	0.5
HNRNPM|S633	160	0.5184409	0.3575021
HNRNPM|S633_S637	0	0.0	0.1
HNRNPM|S637	186	0.45538363	0.33112362
HNRNPM|S701	183	0.6188599	0.43551716
HNRNPUL1|S105	0	0.0	0.1
HNRNPUL1|S194	182	1.2167603	0.5
HNRNPUL1|S423	0	0.0	0.1
HNRNPUL1|S512	186	0.42165053	0.30918533
HNRNPUL1|T120	0	0.0	0.1
HNRNPUL2|S161	197	0.7030562	0.5
HNRNPUL2|S161_S168	0	0.0	0.1
HNRNPUL2|S161_T165	0	0.0	0.1
HNRNPUL2|S161_T165_S168	0	0.0	0.1
HNRNPUL2|S168	191	0.3569574	0.2686559
HNRNPUL2|S185	191	0.55488104	0.39856452
HNRNPUL2|S185_S188	0	0.0	0.1
HNRNPUL2|S188	185	0.7195986	0.5
HNRNPUL2|S193	247	0.6485563	0.4904709
HNRNPUL2|S226_S228	0	0.0	0.1
HNRNPUL2|S228	150	0.14128062	0.12476838
HNRNPUL2|S655	101	0.3211234	0.21111175
HNRNPUL2|T165	207	0.50901693	0.37578666
HNRNPUL2|T165_S168	0	0.0	0.1
HNRNPUL2|T244	0	0.0	0.1
HNRNPU|S271	148	1.0392658	0.5
HNRNPU|S59	186	1.0412403	0.5
HNRNPU|S66	178	0.7875467	0.5
HNRNPU|T286	0	0.0	0.1
HOMER3|S159	186	0.4124835	0.30322355
HOMER3|S256	202	0.8774017	0.5
HOMER3|T243	162	0.24583045	0.19016996
HOMEZ|S339	53	1.9941334	0.5
HOMEZ|T437	5	0.07560243	0.09883821
HOMEZ|T451	98	0.30170214	0.19983238
HOOK2|S708	0	0.0	0.1
HOOK3|S238	172	0.619224	0.42833284
HOOK3|S707	0	0.0	0.1
HOPX|S61	56	0.6839812	0.30963427
HOPX|S66	72	0.5030693	0.26872668
HOXB6|S136	0	0.0	0.1
HOXB6|S214	75	1.2895552	0.5
HOXC10|S189	0	0.0	0.1
HOXD9|S146	69	-0.48936844	-0.14062972
HP1BP3|S142	182	0.7879352	0.5
HP1BP3|T138	0	0.0	0.1
HP1BP3|T51	247	0.6130191	0.46517497
HPRT1|T142	0	0.0	0.1
HPS5|S420	0	0.0	0.1
HPS5|S449	0	0.0	0.1
HPS5|S581	0	0.0	0.1
HRC|S119	192	0.87113184	0.5
HRC|S333	0	0.0	0.1
HRC|S401	0	0.0	0.1
HRC|S431	179	0.4946534	0.35320058
HRC|S494	0	0.0	0.1
HRC|S567	48	0.45219085	0.21422406
HS1BP3|S139	206	1.0829883	0.5
HS1BP3|S194	209	1.4740433	0.5
HS1BP3|S249	215	0.37811658	0.28982562
HSD17B4|T265	124	0.40129998	0.26679105
HSF1|S121	136	1.4148201	0.5
HSF1|S303	221	0.3736518	0.28840202
HSF1|S303_S307	0	0.0	0.1
HSF1|S314	109	0.65052307	0.38711488
HSF1|S363	152	0.10558515	0.10336882
HSH2D|S118	0	0.0	0.1
HSH2D|S137	0	0.0	0.1
HSH2D|S241	0	0.0	0.1
HSP90AA1|S353	0	0.0	0.1
HSP90AA1|S374_S385	0	0.0	0.1
HSP90AA1|S385	0	0.0	0.1
HSP90AA1|S575	0	0.0	0.1
HSP90AA1|S598	0	0.0	0.1
HSP90AA1|S763	0	0.0	0.1
HSP90AB1|S226	247	0.8697767	0.5
HSP90AB1|S226_S255	0	0.0	0.1
HSP90AB1|S255	247	0.42806378	0.3335209
HSP90AB1|S255_S261	12	0.3006919	0.121502705
HSP90AB1|S445	173	1.0425693	0.5
HSP90AB1|S532	0	0.0	0.1
HSP90B1|S306	178	1.4901149	0.5
HSP90B1|S501	152	0.9646554	0.5
HSP90B1|T786	0	0.0	0.1
HSPA12A|S9	43	0.25101593	0.14541039
HSPA12B|S25	229	0.71227217	0.5
HSPA12B|S25_S29	0	0.0	0.1
HSPA12B|S275	0	0.0	0.1
HSPA12B|S433	158	1.1227258	0.5
HSPA12B|S44	0	0.0	0.1
HSPA12B|S46	147	1.5817406	0.5
HSPA12B|T42	149	0.5346219	0.36007497
HSPA12B|T42_S44	0	0.0	0.1
HSPA12B|T42_S46	0	0.0	0.1
HSPA1A|S418	0	0.0	0.1
HSPA1A|T265	0	0.0	0.1
HSPA2|T268	0	0.0	0.1
HSPA4L|S105	0	0.0	0.1
HSPA4L|S610	0	0.0	0.1
HSPA4L|T576	0	0.0	0.1
HSPA4|S384	0	0.0	0.1
HSPA4|S471	68	-0.4017291	-0.10308084
HSPA4|S546	107	0.54959005	0.3323968
HSPA4|S647	198	0.12011383	0.11336423
HSPA4|S76	186	1.3402615	0.5
HSPA4|S828	0	0.0	0.1
HSPA4|T538	0	0.0	0.1
HSPA5|T648	181	1.693906	0.5
HSPA8|S329	0	0.0	0.1
HSPA8|S541	169	0.2308646	0.18221605
HSPA8|T265	0	0.0	0.1
HSPB1|S15	241	0.65967613	0.49554822
HSPB1|S176	182	1.1360762	0.5
HSPB1|S187	180	2.3041306	0.5
HSPB1|S199	168	0.75267375	0.5
HSPB1|S65	173	0.29551515	0.22389789
HSPB1|S82	247	0.7961286	0.5
HSPB1|S86	241	1.1366911	0.5
HSPB1|S9	178	2.1357872	0.5
HSPB1|S98	134	1.3397793	0.5
HSPB1|Y54	0	0.0	0.1
HSPB6|S16	239	0.5873039	0.44355643
HSPB6|S59	0	0.0	0.1
HSPB8|S24	0	0.0	0.1
HSPB8|T87	0	0.0	0.1
HSPBP1|S351	64	2.044194	0.5
HSPD1|S67	105	0.80313575	0.4601427
HSPD1|S70	186	1.3474303	0.5
HSPE1|S51	111	0.42846346	0.27279356
HSPE1|S53	86	0.3503525	0.21575439
HSPG2|S105	186	0.75886655	0.5
HSPG2|S2403	0	0.0	0.1
HSPH1|S557	72	-0.0060947374	0.05558825
HSPH1|S559	0	0.0	0.1
HSPH1|S809	203	1.330669	0.5
HSPH1|S811	0	0.0	0.1
HSPH1|T815	75	0.20528226	0.14512098
HSPH1|T817	0	0.0	0.1
HTATSF1|S387	186	0.75638676	0.5
HTATSF1|S403	131	0.97397417	0.5
HTATSF1|S445	166	0.597231	0.41030204
HTATSF1|S452_S453	0	0.0	0.1
HTATSF1|S453	186	1.0332204	0.5
HTATSF1|S467	0	0.0	0.1
HTATSF1|S481	186	1.089359	0.5
HTATSF1|S494	182	1.0606042	0.5
HTATSF1|S498	232	1.0569097	0.5
HTATSF1|S521	42	0.983477	0.3613101
HTATSF1|S521_S529	0	0.0	0.1
HTATSF1|S529	184	1.4907519	0.5
HTATSF1|S561	186	1.050242	0.5
HTATSF1|S579	197	0.97431654	0.5
HTATSF1|S597_S600	0	0.0	0.1
HTATSF1|S597_S600_S607	0	0.0	0.1
HTATSF1|S600	159	2.5099492	0.5
HTATSF1|S616	186	0.9024637	0.5
HTATSF1|S616_S624	5	0.3382379	0.111344665
HTATSF1|S624	191	1.0947232	0.5
HTATSF1|S642	227	0.82235044	0.5
HTATSF1|S676	197	1.2340978	0.5
HTATSF1|S702	210	0.8564529	0.5
HTATSF1|S713_S714	7	0.04623953	0.09648296
HTATSF1|S721	210	1.1727755	0.5
HTATSF1|T633	75	0.8410932	0.41761136
HTT|S1201	0	0.0	0.1
HTT|S1864	192	0.33396515	0.2538401
HTT|S1872_S1876	0	0.0	0.1
HTT|S1876	0	0.0	0.1
HTT|S339	0	0.0	0.1
HTT|S434	0	0.0	0.1
HTT|S642	35	-0.23611256	0.012859706
HUWE1|S1084	140	0.24910522	0.18697804
HUWE1|S1298	186	0.8146857	0.5
HUWE1|S1368	176	1.2436014	0.5
HUWE1|S1395	186	0.81304395	0.5
HUWE1|S1903	145	1.3769151	0.5
HUWE1|S1903_S1907	0	0.0	0.1
HUWE1|S1907	217	0.8527111	0.5
HUWE1|S2052	171	0.3445996	0.25434142
HUWE1|S2266	155	1.2954485	0.5
HUWE1|S2362	186	0.8276954	0.5
HUWE1|S2595	0	0.0	0.1
HUWE1|S2918	162	0.42092994	0.2984376
HUWE1|S3662	152	1.1208632	0.5
HUWE1|S3757	186	0.9473674	0.5
HUWE1|S3816	181	1.1372324	0.5
HUWE1|S3818	45	0.20376389	0.13220258
HUWE1|S3919	85	0.64843786	0.35198495
HUWE1|S3919_T3924	0	0.0	0.1
HUWE1|S3919_T3924_T3927	0	0.0	0.1
HUWE1|T1722	119	0.90085	0.5
HUWE1|T2889	189	0.32029995	0.2440716
HUWE1|T3822	0	0.0	0.1
HUWE1|T3924	1	0.001381829	0.09902358
HUWE1|T3924_T3927	0	0.0	0.1
HUWE1|T3927	41	0.095825985	0.09878628
HYOU1|S567	212	1.1841686	0.5
HYOU1|S742	104	1.9876065	0.5
HYPK|S38	182	0.831973	0.5
IARS|S1047	0	0.0	0.1
IBTK|S1004	0	0.0	0.1
IBTK|S1045	194	0.65988404	0.46944728
IBTK|S1116	0	0.0	0.1
ICE1|S1692	176	0.61883587	0.43085188
ICE1|S1692_S1697_S1699	0	0.0	0.1
ICE1|S1712	46	0.30523676	0.16466364
ICE1|S1854	188	0.47051296	0.34186262
ICE1|S1903	180	0.9974053	0.5
ICE1|S516	147	0.68742836	0.4496031
ICE1|S533	178	1.6876055	0.5
ICE1|S925	167	0.92472667	0.5
ICE1|S960	152	1.1154127	0.5
ICE1|T1642	50	0.60489315	0.26829773
ICE1|T832	0	0.0	0.1
IDH1|S237	56	1.0884215	0.45481798
IDH1|S94	186	0.14649358	0.13023709
IFI16|S106	180	1.3242959	0.5
IFI16|S153	231	0.9496712	0.5
IFI16|S512	0	0.0	0.1
IFI16|S516	0	0.0	0.1
IFI16|T435	6	0.31625283	0.11224073
IFIH1|S301	231	0.4988899	0.37837934
IFIT3|S203	0	0.0	0.1
IFIT3|S478	72	0.030686911	0.07098521
IFIT5|S190	60	0.25742793	0.15903547
IFNGR1|T295	37	0.897425	0.31536296
IFT140|S1443	186	0.4885328	0.3526822
IFT140|S360	0	0.0	0.1
IFT43|S78	186	1.027697	0.5
IFT88|S105	0	0.0	0.1
IFT88|S133	64	1.2449535	0.5
IGF2BP2|S11	0	0.0	0.1
IGF2BP2|S162	188	0.94758993	0.5
IGF2BP2|S162_S164	0	0.0	0.1
IGF2BP2|S164	229	1.5877424	0.5
IGF2BP3|S184	224	1.545066	0.5
IGF2R|S2347	192	1.0578823	0.5
IGF2R|S2409	184	0.88433576	0.5
IGF2R|S2479	34	0.25768873	0.14001057
IGF2R|S2484	195	0.3831431	0.28716236
IGFBP7|S239	0	0.0	0.1
IKBKB|S670	0	0.0	0.1
IKBKB|S673	0	0.0	0.1
IKBKE|S579	0	0.0	0.1
IKBKG|S320	0	0.0	0.1
IKBKG|S455	0	0.0	0.1
IKZF1|S403	0	0.0	0.1
IKZF1|S63	186	1.816323	0.5
IKZF2|S407	0	0.0	0.1
IKZF2|S56	176	0.88450956	0.5
IKZF2|S78_S79	0	0.0	0.1
IK|S460	0	0.0	0.1
IL16|S922	186	1.4024457	0.5
IL16|S966	104	0.508889	0.30845323
IL17RA|S595	0	0.0	0.1
IL17RA|S674	0	0.0	0.1
IL6ST|S606	0	0.0	0.1
IL6ST|S778	0	0.0	0.1
ILF2|S30	0	0.0	0.1
ILF3|S190	140	0.2500672	0.1875392
ILF3|S382	192	0.76624554	0.5
ILF3|S476	182	0.911872	0.5
ILF3|S62	186	0.54596233	0.39003146
ILF3|S73	134	0.5685137	0.36829418
ILF3|T368	59	0.57443076	0.27604663
ILF3|T592	63	0.44512555	0.23339209
ILF3|T596	0	0.0	0.1
ILK|S186	0	0.0	0.1
ILK|S232	159	0.86839753	0.5
IMMT|S103	0	0.0	0.1
IMMT|S377	0	0.0	0.1
IMPDH2|S416	186	0.2146608	0.17456962
INAVA|S161	0	0.0	0.1
INAVA|S558	0	0.0	0.1
INCENP|S148	37	0.8757639	0.30951288
INCENP|S263	225	1.6139768	0.5
INCENP|S275	141	1.4778057	0.5
INCENP|S481	113	1.2755035	0.5
INF2|S1188	76	1.4344685	0.5
INF2|S1192	0	0.0	0.1
INF2|S1192_S1194	0	0.0	0.1
INF2|S1229	74	0.48869753	0.26530814
INF2|S1237	96	0.027285166	0.06438457
INF2|S359	143	0.7581452	0.48730358
INF2|T1054	0	0.0	0.1
INF2|T1179	107	0.74394643	0.4328612
INF2|T1179_S1183	0	0.0	0.1
ING5|S120	0	0.0	0.1
ING5|S150	0	0.0	0.1
INO80B|S127	48	-0.0007740817	0.06731652
INO80B|S127_S130	0	0.0	0.1
INO80B|S130	145	0.4501302	0.30721992
INO80B|S132	179	0.8315942	0.5
INO80B|S63	0	0.0	0.1
INO80B|S97_S99	0	0.0	0.1
INO80C|S26	169	0.41592577	0.29848126
INO80|S468	172	1.8170611	0.5
INPP5D|S1039	186	2.8198636	0.5
INPP5D|S1057	0	0.0	0.1
INPP5D|S1085	0	0.0	0.1
INPP5D|S243	186	1.2816342	0.5
INPP5D|S971	5	0.22008647	0.105718404
INPP5D|T963	0	0.0	0.1
INPP5D|T963_S971	0	0.0	0.1
INPP5E|S99	175	0.675616	0.46630108
INPP5F|S1069	0	0.0	0.1
INPP5F|S1103	0	0.0	0.1
INPP5F|S123	0	0.0	0.1
INPP5F|S668	143	0.7615219	0.48929065
INPP5F|S935	64	0.7716848	0.3621209
INPPL1|S1003	0	0.0	0.1
INPPL1|S1176	0	0.0	0.1
INPPL1|S132	177	0.93717027	0.5
INTS10|S382	169	1.4347088	0.5
INTS12|S378	186	1.0703889	0.5
INTS13|S626	182	0.5011622	0.3589061
INTS13|S678	0	0.0	0.1
INTS1|S104	227	0.61182237	0.45530176
INTS1|S1327	50	0.09210512	0.097368374
INTS1|S1395	163	0.47826988	0.334441
INTS1|S307	191	1.0645685	0.5
INTS3|S501	0	0.0	0.1
INTS3|S536	0	0.0	0.1
INTS6|S791	0	0.0	0.1
INTS9|S551	0	0.0	0.1
INVS|S518	0	0.0	0.1
IQCE|S590	0	0.0	0.1
IQGAP1|S1097	0	0.0	0.1
IQGAP1|S1443	173	1.0515031	0.5
IQGAP1|S330	207	0.6620152	0.47894835
IQGAP2|S1358	181	1.0742692	0.5
IQGAP2|S16	247	1.5785266	0.5
IQGAP2|S685	111	1.281622	0.5
IQGAP3|T1415	0	0.0	0.1
IQSEC1|S166	0	0.0	0.1
IQSEC1|S239	0	0.0	0.1
IQSEC1|S248	0	0.0	0.1
IQSEC1|S391	0	0.0	0.1
IQSEC1|S396	0	0.0	0.1
IQSEC1|S498	0	0.0	0.1
IQSEC1|S501	0	0.0	0.1
IQSEC1|S91	0	0.0	0.1
IQSEC2|S393	33	0.65488213	0.23767754
IQSEC2|S412	55	0.58139026	0.2708159
IQSEC2|S627	0	0.0	0.1
IRAK3|S110	0	0.0	0.1
IRF2BP1|S125	160	0.69245076	0.4645851
IRF2BP1|S186	58	0.25327823	0.15626669
IRF2BP1|S371	0	0.0	0.1
IRF2BP1|S384	241	0.5958756	0.45045754
IRF2BP1|S421	36	0.5611286	0.22206348
IRF2BP1|S436	186	0.56177664	0.4003163
IRF2BP1|S453	186	0.29333478	0.22573522
IRF2BP1|S66	236	1.0057796	0.5
IRF2BP2|S15	44	0.5801563	0.24671441
IRF2BP2|S175	247	1.0125439	0.5
IRF2BP2|S240	201	0.72926295	0.5
IRF2BP2|S293	0	0.0	0.1
IRF2BP2|S318	82	0.71115166	0.37535405
IRF2BP2|S344	0	0.0	0.1
IRF2BP2|S390	0	0.0	0.1
IRF2BP2|S407	0	0.0	0.1
IRF2BP2|S439	0	0.0	0.1
IRF2BP2|S439_S441	0	0.0	0.1
IRF2BP2|S439_S441_S444	0	0.0	0.1
IRF2BP2|S439_S444	0	0.0	0.1
IRF2BP2|S441	0	0.0	0.1
IRF2BP2|S441_S444	0	0.0	0.1
IRF2BP2|S444	0	0.0	0.1
IRF2BP2|S71	0	0.0	0.1
IRF2BP2|T388	0	0.0	0.1
IRF2BPL|S13	0	0.0	0.1
IRF2BPL|S215	186	0.6995877	0.4899417
IRF2BPL|S334	203	0.8259148	0.5
IRF2BPL|S519	49	0.21993876	0.13944295
IRF2BPL|S540	54	2.2836776	0.5
IRF2BPL|S547	236	0.6886327	0.5
IRF2BPL|S657	186	0.48155442	0.3481438
IRF2BPL|S659	186	0.42695016	0.31263193
IRF2BPL|S662	186	0.4905204	0.35397482
IRF2BPL|S69	45	0.55575925	0.24144253
IRF2BPL|T636	0	0.0	0.1
IRF6|S413	84	0.2668801	0.17618439
IRF6|S47	186	1.644576	0.5
IRF8|S172_S174	0	0.0	0.1
IRGQ|S44	159	0.41430047	0.29294893
IRS1|S1078	178	0.8197979	0.5
IRS1|S1100_S1101	0	0.0	0.1
IRS1|S270	72	0.75714785	0.37508515
IRS1|S323	71	1.2512987	0.5
IRS1|S374	178	0.8927567	0.5
IRS1|S527	86	1.1675457	0.5
IRS1|S531	106	0.83299524	0.4771723
IRS1|S629	100	1.696052	0.5
IRS1|T453	187	0.034876194	0.057567418
IRS2|S1100	209	1.0894705	0.5
IRS2|S1174	111	0.85326344	0.49626654
IRS2|S1176	163	0.8023495	0.5
IRS2|S306	0	0.0	0.1
IRS2|S560	191	0.9838042	0.5
IRS2|S577	173	0.9430948	0.5
IRS2|S594	184	0.53120905	0.3793749
IRS2|S620	124	1.1194797	0.5
IRS2|S679	51	1.4471283	0.5
IRS2|S752	0	0.0	0.1
IRS2|S915	227	0.66722405	0.49376103
IRS2|S973	159	1.0021484	0.5
IRS2|T350	61	-0.090685666	0.027752638
IRS2|T520	183	0.43777344	0.31841886
IRX2|S186	70	1.7563691	0.5
IRX5|S185	59	0.33757007	0.18815494
IRX5|S273	0	0.0	0.1
IRX5|S463	0	0.0	0.1
IRX5|T236	0	0.0	0.1
ISCU|S14	202	0.49877045	0.36672723
ISCU|S14_S20	0	0.0	0.1
IST1|S309	0	0.0	0.1
ITFG2|S104	0	0.0	0.1
ITFG2|S220	186	1.0314026	0.5
ITGA3|S1042	175	0.34434927	0.25549498
ITGA4|S1021	192	0.8663283	0.5
ITGA5|S127	228	0.92020214	0.5
ITGA6|S1064	0	0.0	0.1
ITGB1BP1|S41	196	1.4516808	0.5
ITGB1|S785	48	1.271069	0.47980618
ITGB1|T777	167	0.9695361	0.5
ITGB4|S1069	0	0.0	0.1
ITGB4|S1364	0	0.0	0.1
ITGB4|S1384	0	0.0	0.1
ITGB4|S1387	0	0.0	0.1
ITGB4|S1404	0	0.0	0.1
ITGB4|S1454	0	0.0	0.1
ITGB4|S1457	151	0.84396064	0.5
ITGB4|S1474	0	0.0	0.1
ITGB4|S1477	0	0.0	0.1
ITGB4|S1530	0	0.0	0.1
ITGB4|S1547	145	1.411507	0.5
ITGB4|T1385	0	0.0	0.1
ITGB4|T1401	0	0.0	0.1
ITGB4|T1455	5	-0.3238915	0.079814695
ITGB4|T1460	0	0.0	0.1
ITGB4|T1471	0	0.0	0.1
ITGB4|T1513	0	0.0	0.1
ITGB4|T1530	222	0.74900657	0.5
ITGB4|T1727	0	0.0	0.1
ITGB4|T1797	4	0.06349432	0.09859594
ITIH1|S129	83	0.70617354	0.3749312
ITIH2|S60	241	0.92279816	0.5
ITIH4|S225	75	-0.34137464	-0.089160554
ITPKB|S120	0	0.0	0.1
ITPKB|S166	0	0.0	0.1
ITPKB|S174	93	0.6585128	0.36912793
ITPKB|S174_S176	0	0.0	0.1
ITPKB|S204	186	0.69888306	0.48948342
ITPKB|S269	182	0.8553247	0.5
ITPKB|S31	0	0.0	0.1
ITPKB|S43	182	0.84977967	0.5
ITPKB|S43_S49	0	0.0	0.1
ITPKB|S588	57	-0.04902785	0.045894347
ITPKB|S65	125	0.14122033	0.12290019
ITPKB|S71	0	0.0	0.1
ITPKB|T33	166	0.33003256	0.24355416
ITPKC|S322	0	0.0	0.1
ITPKC|S9	85	0.59440655	0.32715976
ITPKC|T336	0	0.0	0.1
ITPR1|S1589	0	0.0	0.1
ITPR1|T946	0	0.0	0.1
ITPR2|S1160	171	0.7520709	0.5
ITPR3|S1832	216	0.765608	0.5
ITPR3|S2670	174	0.9838806	0.5
ITPR3|S916	28	1.388226	0.38179946
ITPR3|S934	107	0.915768	0.5
ITPRID2|S1152	95	0.5413171	0.31500065
ITPRID2|S153	174	1.0393441	0.5
ITPRID2|S270	175	0.7895149	0.5
ITPRID2|S330	0	0.0	0.1
ITPRID2|S641	191	1.3592812	0.5
ITPRID2|S641_S644	0	0.0	0.1
ITPRID2|S665_S668	0	0.0	0.1
ITPRID2|S668	233	1.1979357	0.5
ITPRID2|S704	0	0.0	0.1
ITPRID2|S737	182	0.6416139	0.44955224
ITPRID2|S737_S739	0	0.0	0.1
ITPRID2|S739	222	0.52266216	0.3914006
ITPRID2|S759	0	0.0	0.1
ITPRID2|S767	152	0.68379104	0.45212793
ITPRID2|S770	0	0.0	0.1
ITPRID2|S803	0	0.0	0.1
ITPRID2|S902	0	0.0	0.1
ITPRID2|S92	228	0.59669244	0.4452618
ITPRID2|T828	0	0.0	0.1
ITPRID2|T87	65	0.0022511496	0.06149288
ITPRID2|T87_S92	0	0.0	0.1
ITSN1|S1137	0	0.0	0.1
ITSN1|S192	0	0.0	0.1
ITSN1|S203	111	0.85407025	0.496691
ITSN1|S315	165	0.87202275	0.5
ITSN1|S559	111	0.69269586	0.41179734
ITSN1|S904	172	0.29660675	0.22432487
ITSN1|S978	117	0.88623494	0.5
ITSN1|S986	116	2.0280244	0.5
ITSN1|S989	93	1.5110495	0.5
ITSN1|T1144	58	0.50297946	0.24792919
ITSN2|S196	0	0.0	0.1
ITSN2|S875	0	0.0	0.1
ITSN2|S96	0	0.0	0.1
ITSN2|Y954	0	0.0	0.1
IVNS1ABP|S246	0	0.0	0.1
IVNS1ABP|S277	51	0.49967712	0.2349903
IVNS1ABP|S322	186	1.1552368	0.5
IWS1|S157	175	1.5654361	0.5
IWS1|S157_S159	0	0.0	0.1
IWS1|S196_S198	0	0.0	0.1
IWS1|S235	186	1.0773661	0.5
IWS1|S235_S237	0	0.0	0.1
IWS1|S248	186	0.9818674	0.5
IWS1|S248_S250	0	0.0	0.1
IWS1|S261	0	0.0	0.1
IWS1|S261_S263	0	0.0	0.1
IWS1|S274	0	0.0	0.1
IWS1|S274_S276	0	0.0	0.1
IWS1|S287_S289	5	0.03307121	0.09681292
IWS1|S300	215	0.9130087	0.5
IWS1|S300_S302	0	0.0	0.1
IWS1|S302	186	0.8816168	0.5
IWS1|S313	186	0.25342414	0.19977935
IWS1|S313_S315	0	0.0	0.1
IWS1|S315	181	1.3151435	0.5
IWS1|S329	186	0.57165676	0.40674183
IWS1|S329_S333	0	0.0	0.1
IWS1|S333	186	1.1360431	0.5
IWS1|S362_S363_S365	0	0.0	0.1
IWS1|S363	186	0.63640636	0.4488517
IWS1|S363_S365	0	0.0	0.1
IWS1|S365	186	0.5631984	0.40124092
IWS1|S377	191	0.5927097	0.42339367
IWS1|S398	193	0.84960294	0.5
IWS1|S398_S400	12	0.36007354	0.12786502
IWS1|S400	242	0.9743901	0.5
IWS1|S415_S420_S422	0	0.0	0.1
IWS1|S420_S422	0	0.0	0.1
IWS1|S438	179	0.793449	0.5
IWS1|S438_S440	12	0.1566834	0.10607322
IWS1|S440	192	0.5535949	0.39825416
IWS1|S511_S513	0	0.0	0.1
IWS1|S513	186	1.2850251	0.5
IWS1|S720	186	0.76753104	0.5
IWS1|S93	186	1.1757994	0.5
IWS1|T725	166	1.1723685	0.5
JADE1|S591	0	0.0	0.1
JADE1|S731	0	0.0	0.1
JADE3|S566	94	0.9811535	0.5
JADE3|S774	56	1.2171897	0.5
JADE3|S774_S776	0	0.0	0.1
JADE3|S85	154	0.7611579	0.5
JCAD|S1044	225	1.058786	0.5
JCAD|S1123	184	-0.044080257	0.0066522285
JCAD|S1156	72	1.1478827	0.5
JCAD|S1194	54	0.17045514	0.124705054
JCAD|S1225	93	1.0764045	0.5
JCAD|S1275_S1281	0	0.0	0.1
JCAD|S1281	186	0.9154291	0.5
JCAD|S1304	223	0.8060812	0.5
JCAD|S1307	122	0.9252352	0.5
JCAD|S1317	0	0.0	0.1
JCAD|S1319	158	1.4198285	0.5
JCAD|S1340	184	1.2673519	0.5
JCAD|S144	44	0.5865359	0.24866372
JCAD|S185	167	1.0352726	0.5
JCAD|S200	186	0.35784665	0.26769048
JCAD|S237	136	0.3048811	0.21806706
JCAD|S255	0	0.0	0.1
JCAD|S331	0	0.0	0.1
JCAD|S371	0	0.0	0.1
JCAD|S400	0	0.0	0.1
JCAD|S532	148	1.8715963	0.5
JCAD|S67	124	0.85579455	0.5
JCAD|S678	0	0.0	0.1
JCAD|S680	178	0.8766973	0.5
JCAD|S696	0	0.0	0.1
JCAD|S723	0	0.0	0.1
JCAD|S755_S757	0	0.0	0.1
JCAD|S770	75	1.4940667	0.5
JCAD|S885	184	0.32894555	0.24833092
JCAD|S901	180	0.7755679	0.5
JCAD|S917	0	0.0	0.1
JCAD|S931	186	0.5403984	0.38641298
JCAD|S947	0	0.0	0.1
JMJD1C|S1003	0	0.0	0.1
JMJD1C|S135	0	0.0	0.1
JMJD1C|S435	0	0.0	0.1
JMJD1C|S459	0	0.0	0.1
JMJD1C|S470	0	0.0	0.1
JMJD1C|S761	0	0.0	0.1
JMJD1C|S802	0	0.0	0.1
JMY|S108	0	0.0	0.1
JMY|S115	217	1.2249386	0.5
JMY|S713	170	1.0931295	0.5
JMY|S888	165	1.117124	0.5
JPH1|S216	150	1.4642568	0.5
JPH1|S452	75	0.9202067	0.45151716
JPH1|T448_S452	0	0.0	0.1
JPH2|S469	75	0.19296831	0.13984357
JPH2|S534	0	0.0	0.1
JPT1|S14	0	0.0	0.1
JPT1|S28	0	0.0	0.1
JPT1|S31	71	1.2029784	0.5
JPT1|S87	241	0.833232	0.5
JPT1|S87_S88	0	0.0	0.1
JPT1|S88	192	0.49798036	0.3616857
JPT1|T54	119	1.389117	0.5
JPT2|S132	0	0.0	0.1
JPT2|S30	0	0.0	0.1
JPT2|S69	191	0.99504364	0.5
JPT2|S97	167	1.2327777	0.5
JUNB|S251_T255	0	0.0	0.1
JUNB|S251_T255_S259	0	0.0	0.1
JUNB|S259	186	0.46712917	0.33876234
JUNB|T102	0	0.0	0.1
JUNB|T104	0	0.0	0.1
JUNB|T255	186	0.8143392	0.5
JUNB|T255_S259	0	0.0	0.1
JUND|S212	0	0.0	0.1
JUND|S212_S216	0	0.0	0.1
JUND|S216	0	0.0	0.1
JUND|S47	0	0.0	0.1
JUND|S57	0	0.0	0.1
JUN|S243	168	0.12682754	0.116817266
JUN|S58	0	0.0	0.1
JUN|S63	156	1.0745113	0.5
JUN|S73	186	0.77588385	0.5
JUN|T239_S243	0	0.0	0.1
JUP|S182	215	0.78151405	0.5
JUP|S665	151	1.2094997	0.5
KALRN|S1799	182	1.0346575	0.5
KALRN|S2237	0	0.0	0.1
KALRN|S2238	0	0.0	0.1
KALRN|T1913	0	0.0	0.1
KANK1|S144	0	0.0	0.1
KANK1|S186	0	0.0	0.1
KANK1|S312	91	1.3979952	0.5
KANK1|S325	205	0.506333	0.37310904
KANK1|S70	0	0.0	0.1
KANK1|S881	142	0.6894712	0.44588804
KANK1|T1334	147	1.029594	0.5
KANK2|S158	0	0.0	0.1
KANK2|S246	0	0.0	0.1
KANK2|S323	236	0.47252563	0.3616549
KANK2|S356	233	1.1539441	0.5
KANK2|S375	247	0.82798356	0.5
KANK2|S540	186	0.5831466	0.41421422
KANK2|S568	0	0.0	0.1
KANK2|S83	154	1.10394	0.5
KANK2|S92	179	1.0379179	0.5
KANK2|T168	0	0.0	0.1
KANK2|T84	0	0.0	0.1
KANK3|S160	75	0.65946984	0.3397728
KANK3|S177	164	0.4993878	0.34810454
KANK3|S271	197	0.61895007	0.4442194
KANK3|S293	178	1.2190533	0.5
KANK4|S163	0	0.0	0.1
KANK4|S164	145	0.39885476	0.27687323
KANK4|S636	0	0.0	0.1
KANK4|S74	0	0.0	0.1
KANSL1|S1015	0	0.0	0.1
KANSL1|S1045	165	0.8466422	0.5
KANSL1|S249	216	0.80682474	0.5
KANSL1|S268	160	0.7626942	0.5
KANSL2|S147_S149	0	0.0	0.1
KANSL3|S511_S515	0	0.0	0.1
KANSL3|S515	171	0.7227937	0.4929805
KANSL3|S747	0	0.0	0.1
KAT14|S416	186	0.71791327	0.5
KAT5|S119_S123	0	0.0	0.1
KAT5|S123	0	0.0	0.1
KAT6A|S1001	129	0.7069941	0.4419312
KAT6A|S1089	175	0.935609	0.5
KAT6A|S1861	0	0.0	0.1
KAT6A|S941	191	1.4217155	0.5
KAT6B|S1120	0	0.0	0.1
KAT6B|S1319	0	0.0	0.1
KAT7|S111	165	0.078906536	0.086866334
KAT7|S50	188	0.85015184	0.5
KAT7|T85	0	0.0	0.1
KAT7|T88	218	1.0388111	0.5
KATNA1|S109	75	0.56648517	0.29992223
KATNA1|S170	67	0.3152872	0.18637271
KAZN|S304	0	0.0	0.1
KAZN|S346	0	0.0	0.1
KAZN|S361	0	0.0	0.1
KBTBD11|S107	176	0.22264901	0.17821097
KBTBD11|S310	184	0.6516058	0.45737842
KBTBD11|S314	186	0.30360234	0.23241273
KBTBD11|S87	142	0.42789418	0.29240072
KCNAB2|S14	0	0.0	0.1
KCNAB2|S9	186	1.1178131	0.5
KCNN3|S159	0	0.0	0.1
KCNN3|S167	54	1.1293199	0.46093035
KCNQ1|S27	157	0.38231227	0.2724631
KCNQ1|S92	47	0.3674125	0.18549925
KCTD12|S142	0	0.0	0.1
KCTD12|S151	186	0.68814135	0.48249754
KCTD12|S162	0	0.0	0.1
KCTD12|S171_S176	0	0.0	0.1
KCTD12|S176	196	0.7935352	0.5
KCTD12|S185	247	1.1532131	0.5
KCTD12|S187	231	1.1480857	0.5
KCTD12|S198	205	1.0876839	0.5
KCTD12|S200	241	0.8403237	0.5
KCTD12|S207	85	0.24366812	0.16600966
KCTD12|S256	148	0.7765329	0.5
KCTD12|T196	247	0.7160353	0.5
KCTD12|T196_S200	5	0.044629857	0.09736333
KCTD18|T259	0	0.0	0.1
KCTD1|S617_S620	0	0.0	0.1
KCTD3|S148	103	0.93844414	0.5
KCTD3|S662	0	0.0	0.1
KCTD3|S709	0	0.0	0.1
KCTD5|S29	53	0.65908766	0.2936709
KDF1|S137	150	0.49126363	0.3347582
KDF1|S186	0	0.0	0.1
KDF1|S201	0	0.0	0.1
KDM1A|S131	186	1.0821743	0.5
KDM1A|S131_S137	0	0.0	0.1
KDM1A|S137	186	1.0807927	0.5
KDM1A|S166	61	0.78222233	0.35848173
KDM1A|Y135	0	0.0	0.1
KDM1B|S13	0	0.0	0.1
KDM1B|S17	186	0.7462282	0.5
KDM2A|S28	179	0.7706608	0.5
KDM2A|S558	186	0.4716744	0.34171835
KDM2A|S692	186	0.9702129	0.5
KDM2A|S718	50	0.21847035	0.13949013
KDM2A|S869	67	1.4498827	0.5
KDM2A|S883	161	1.508851	0.5
KDM2A|T550	0	0.0	0.1
KDM2B|S497	183	0.8566076	0.5
KDM2B|S57	86	0.71616536	0.3848937
KDM2B|S764	0	0.0	0.1
KDM2B|S795	141	0.73805034	0.47329918
KDM2B|S906_S910	0	0.0	0.1
KDM2B|S975_S979	0	0.0	0.1
KDM2B|S979	186	1.012538	0.5
KDM3A|S264_S265	0	0.0	0.1
KDM3A|S325	62	0.124739304	0.10946813
KDM3A|S463	64	0.8064887	0.3757029
KDM3B|S1267	0	0.0	0.1
KDM3B|S289	186	2.2456272	0.5
KDM3B|S311	186	0.3927056	0.290361
KDM3B|S311_S314	0	0.0	0.1
KDM3B|S314	186	-0.11165932	-0.037652563
KDM4A|S410	0	0.0	0.1
KDM4B|S566	169	0.2731812	0.20880157
KDM4B|T1065	39	0.68395895	0.2638446
KDM5A|S1111	138	0.9113578	0.5
KDM5A|S1666	0	0.0	0.1
KDM5A|S225	0	0.0	0.1
KDM5B|S1492	0	0.0	0.1
KDM5C|S1292	0	0.0	0.1
KDM5C|S234	0	0.0	0.1
KDM5C|S250	0	0.0	0.1
KDM5C|S830	0	0.0	0.1
KHDRBS1|S20	234	0.7050551	0.5
KHDRBS1|S58	6	0.080491394	0.09889574
KHNYN|S332	0	0.0	0.1
KHNYN|S372	0	0.0	0.1
KHNYN|S394	0	0.0	0.1
KHNYN|S394_S400	0	0.0	0.1
KHNYN|S400	0	0.0	0.1
KHSRP|S181	218	0.89325094	0.5
KHSRP|S181_S184	0	0.0	0.1
KHSRP|S184	186	0.60403675	0.42780015
KHSRP|S480	191	0.70927846	0.49990442
KHSRP|T100	158	1.1106228	0.5
KIAA0100|S2093	0	0.0	0.1
KIAA0232|S227	127	0.5677915	0.36171597
KIAA0232|S814	87	0.9149425	0.47914436
KIAA0319L|S978	163	0.17404756	0.14589259
KIAA0319L|T974	0	0.0	0.1
KIAA0319L|T974_S978	0	0.0	0.1
KIAA0355|S673	0	0.0	0.1
KIAA0355|S723	0	0.0	0.1
KIAA0408|S529	74	0.1285687	0.11214991
KIAA0513|S218	88	2.0357811	0.5
KIAA0513|S279	123	0.60152644	0.3766267
KIAA0556|S233_S234	0	0.0	0.1
KIAA0556|S460	90	-0.2990541	-0.08902562
KIAA0556|S660	66	0.18996719	0.13577008
KIAA0556|S691	85	0.8601861	0.4492747
KIAA0586|S474	0	0.0	0.1
KIAA0753|S344	0	0.0	0.1
KIAA0930|S279	157	0.70573616	0.47004116
KIAA0930|S304	131	1.2184025	0.5
KIAA0930|S324	186	1.12903	0.5
KIAA0930|S351	198	1.3206583	0.5
KIAA0930|S358	155	1.4495112	0.5
KIAA0930|S362	186	0.6686289	0.4698076
KIAA0930|T290	62	0.14735855	0.11812488
KIAA0930|T293	185	0.694023	0.48559391
KIAA1109|S1312	126	1.2568734	0.5
KIAA1109|S1323	67	0.72823805	0.3520476
KIAA1109|S2247	0	0.0	0.1
KIAA1109|S2603	170	0.83910537	0.5
KIAA1109|S2628	139	-0.2832705	-0.12290628
KIAA1109|S3562	152	1.3789797	0.5
KIAA1109|S3619	0	0.0	0.1
KIAA1109|S3653	131	1.177789	0.5
KIAA1109|S4124	186	0.86240864	0.5
KIAA1109|S4894	0	0.0	0.1
KIAA1109|T3996	222	1.0565802	0.5
KIAA1143|S50	132	0.77932763	0.486514
KIAA1191|T25	0	0.0	0.1
KIAA1210|S314	0	0.0	0.1
KIAA1211L|S113	0	0.0	0.1
KIAA1211L|S356	0	0.0	0.1
KIAA1211L|S490	0	0.0	0.1
KIAA1211L|S646	0	0.0	0.1
KIAA1211L|S653	0	0.0	0.1
KIAA1211L|S75	13	0.72585136	0.1720006
KIAA1211L|S881	0	0.0	0.1
KIAA1211L|S92	0	0.0	0.1
KIAA1211L|S951	0	0.0	0.1
KIAA1211L|T837	0	0.0	0.1
KIAA1211|S1017	115	0.86223733	0.5
KIAA1211|S1072	94	1.6502494	0.5
KIAA1211|S556	0	0.0	0.1
KIAA1211|S920	111	0.21489194	0.16044079
KIAA1211|T712	0	0.0	0.1
KIAA1217|S1030	107	-0.20652677	-0.05844621
KIAA1217|S1033	83	0.5731794	0.31461146
KIAA1217|S1044	0	0.0	0.1
KIAA1217|S1084	66	0.3946319	0.2171428
KIAA1217|S1111	0	0.0	0.1
KIAA1217|S1245	0	0.0	0.1
KIAA1217|S1274	0	0.0	0.1
KIAA1217|S1461	170	0.34380683	0.253508
KIAA1217|S1551	75	0.7270524	0.36873674
KIAA1217|S1568	186	0.981405	0.5
KIAA1217|S1668	0	0.0	0.1
KIAA1217|S169	195	0.7517531	0.5
KIAA1217|S1806	0	0.0	0.1
KIAA1217|S1866	0	0.0	0.1
KIAA1217|S1899	0	0.0	0.1
KIAA1217|S1920	0	0.0	0.1
KIAA1217|S361	186	0.85868704	0.5
KIAA1217|S363	0	0.0	0.1
KIAA1217|S365	0	0.0	0.1
KIAA1217|S405_S408_S409	0	0.0	0.1
KIAA1217|S474	183	0.49175888	0.35332817
KIAA1217|S809	155	1.2983371	0.5
KIAA1217|T1633	0	0.0	0.1
KIAA1217|T1760	0	0.0	0.1
KIAA1217|T470	176	0.91672945	0.5
KIAA1217|T470_S474	0	0.0	0.1
KIAA1217|T552	0	0.0	0.1
KIAA1217|T68	0	0.0	0.1
KIAA1328|S21	5	0.24503398	0.106906384
KIAA1328|S75	147	0.9537644	0.5
KIAA1522|S1030	150	0.952531	0.5
KIAA1522|S1030_S1038	0	0.0	0.1
KIAA1522|S1038	0	0.0	0.1
KIAA1522|S215	16	-0.029294157	0.08216632
KIAA1522|S274	0	0.0	0.1
KIAA1522|S322	0	0.0	0.1
KIAA1522|S381	0	0.0	0.1
KIAA1522|S447	186	1.1324433	0.5
KIAA1522|S506	0	0.0	0.1
KIAA1522|S545	205	1.8243665	0.5
KIAA1522|S604	0	0.0	0.1
KIAA1522|S669_S673	0	0.0	0.1
KIAA1522|S728_S732	0	0.0	0.1
KIAA1522|S858_S862	0	0.0	0.1
KIAA1522|S862	106	0.6830698	0.4000262
KIAA1522|S906	0	0.0	0.1
KIAA1522|S917_S921	0	0.0	0.1
KIAA1522|S921	0	0.0	0.1
KIAA1522|S929	197	1.2689502	0.5
KIAA1522|S965	0	0.0	0.1
KIAA1522|S971	0	0.0	0.1
KIAA1522|S971_S979	0	0.0	0.1
KIAA1522|S979	0	0.0	0.1
KIAA1522|S988	0	0.0	0.1
KIAA1522|T162	0	0.0	0.1
KIAA1551|S1740	76	0.9083106	0.4490432
KIAA1551|T1240	0	0.0	0.1
KIAA1671|S1019	188	0.77841616	0.5
KIAA1671|S1154	111	-0.023508778	0.035026185
KIAA1671|S1224	192	0.69883686	0.49375573
KIAA1671|S128	171	0.9535614	0.5
KIAA1671|S1366	172	0.7273869	0.49672997
KIAA1671|S1441	138	1.4390228	0.5
KIAA1671|S1488	153	0.35573974	0.25465685
KIAA1671|S1701	234	0.6944335	0.5
KIAA1671|S1757_S1760	0	0.0	0.1
KIAA1671|S1760	0	0.0	0.1
KIAA1671|S1786	95	1.5069413	0.5
KIAA1671|S284	0	0.0	0.1
KIAA1671|S465	40	0.14977589	0.11422169
KIAA1671|S508	56	0.6781459	0.30753955
KIAA1671|S749	56	0.73987395	0.32969835
KIAA1671|S774	120	0.94124	0.5
KIAA1671|S797	96	2.2802956	0.5
KIAA1671|S981	0	0.0	0.1
KIAA1671|T1713	172	0.3890952	0.28281018
KIAA1671|T600	156	0.8230867	0.5
KIAA1671|T635	65	0.07957673	0.09195447
KIAA1671|T951	0	0.0	0.1
KIDINS220|S1556	0	0.0	0.1
KIDINS220|S1634	0	0.0	0.1
KIDINS220|S883	0	0.0	0.1
KIDINS220|S919	0	0.0	0.1
KIF13A|S1460	0	0.0	0.1
KIF13A|S1494	0	0.0	0.1
KIF13A|S1529	161	1.065762	0.5
KIF13A|S1663	0	0.0	0.1
KIF13A|S1698	176	2.1878653	0.5
KIF13A|S636	170	0.97663856	0.5
KIF13B|S1379	108	0.91353154	0.5
KIF13B|S1381	206	1.2259067	0.5
KIF13B|S1391	106	0.47266358	0.29175892
KIF13B|S1410	221	0.6521736	0.48015687
KIF13B|S1444	0	0.0	0.1
KIF13B|S1644	220	0.8251739	0.5
KIF13B|S1797	158	1.6860327	0.5
KIF13B|S658	58	0.971391	0.4198777
KIF13B|S732	107	0.78284496	0.45296818
KIF13B|S858	81	0.9721723	0.49030918
KIF16B|S1052	6	0.2386436	0.10784775
KIF16B|S398	0	0.0	0.1
KIF16B|S575	59	0.05289581	0.08252109
KIF16B|S582	59	0.008924275	0.06620461
KIF16B|S662	99	0.95904416	0.5
KIF18B|S674	76	1.3777648	0.5
KIF1A|S1195	0	0.0	0.1
KIF1A|S1438	0	0.0	0.1
KIF1A|S1471	0	0.0	0.1
KIF1A|S1629_S1633	0	0.0	0.1
KIF1A|S425	0	0.0	0.1
KIF1B|S1011	0	0.0	0.1
KIF1B|S1053	0	0.0	0.1
KIF1B|S1141	0	0.0	0.1
KIF1B|S1408	0	0.0	0.1
KIF1B|S1441	0	0.0	0.1
KIF1B|S663_S665	0	0.0	0.1
KIF1B|T1029	0	0.0	0.1
KIF1C|S1033	178	0.61295813	0.4284408
KIF1C|S1092	121	0.66550267	0.40961912
KIF1C|S674_S676	5	0.15186764	0.10246989
KIF1C|S676	185	1.0267049	0.5
KIF1C|S915	186	0.4326911	0.31636554
KIF1C|T1083	206	0.6916275	0.4982852
KIF20A|S532	148	0.9365458	0.5
KIF20B|S1740	0	0.0	0.1
KIF21A|S1192	0	0.0	0.1
KIF21A|S1212	57	0.1722249	0.12622178
KIF21A|S1219	0	0.0	0.1
KIF21A|S1239	216	1.0443952	0.5
KIF21A|S524	64	0.090128034	0.09614752
KIF21B|S1149	0	0.0	0.1
KIF21B|S1167	154	1.2884037	0.5
KIF22|T395	0	0.0	0.1
KIF23|S160	161	0.96904165	0.5
KIF23|S867	180	0.41131228	0.30012932
KIF26B|S1006	0	0.0	0.1
KIF26B|S1724	0	0.0	0.1
KIF26B|S1773	0	0.0	0.1
KIF26B|S1953	61	1.0546086	0.461684
KIF26B|S977	0	0.0	0.1
KIF27|S643_S646	0	0.0	0.1
KIF27|S845_S848	0	0.0	0.1
KIF2A|T78	0	0.0	0.1
KIF3A|T660	0	0.0	0.1
KIF4A|S1038	0	0.0	0.1
KIF4A|S394	160	1.3046609	0.5
KIF4A|S801	161	2.581588	0.5
KIF4A|T1181	0	0.0	0.1
KIF7|S1281	0	0.0	0.1
KIFAP3|S16	0	0.0	0.1
KIZ|S214	0	0.0	0.1
KIZ|S214_S218	0	0.0	0.1
KIZ|S520	0	0.0	0.1
KLC1|S162	71	1.4081862	0.5
KLC1|S418	0	0.0	0.1
KLC1|S460	181	1.2829338	0.5
KLC1|S521	192	0.82864326	0.5
KLC1|S521_S524	0	0.0	0.1
KLC1|S524	198	1.0406302	0.5
KLC2|S151	62	1.1826884	0.5
KLC2|S428	159	1.1490825	0.5
KLC2|S445	121	1.1786019	0.5
KLC2|S582	203	1.0421761	0.5
KLC2|S589	135	1.3598446	0.5
KLC3|S167	181	0.7251064	0.5
KLC3|S173	125	1.0709394	0.5
KLC3|S466	220	1.4258327	0.5
KLC4|S519	191	2.1349874	0.5
KLC4|S566	217	1.0476615	0.5
KLC4|S590	225	0.87315464	0.5
KLF13|S162	186	0.6576817	0.46268812
KLF16|S99	0	0.0	0.1
KLF3|S101	141	0.2652435	0.19667773
KLF3|S250	210	1.0037075	0.5
KLF3|S78	106	0.042174466	0.07024511
KLF3|S92	152	0.17026025	0.14237921
KLF3|S92_S101	0	0.0	0.1
KLHDC4|S356_S361	0	0.0	0.1
KLHDC4|S361	0	0.0	0.1
KLHDC7A|S365	0	0.0	0.1
KLHL22|T605	244	0.8654437	0.5
KLRG2|S186	0	0.0	0.1
KLRG2|S204	45	1.20276	0.44223586
KLRG2|S95	0	0.0	0.1
KMT2A|S153	128	0.49365944	0.3210018
KMT2A|S2101	0	0.0	0.1
KMT2A|S351	0	0.0	0.1
KMT2A|T337	148	0.48899266	0.33214077
KMT2B|S1032	44	0.17860612	0.124018535
KMT2B|S1032_S1035	0	0.0	0.1
KMT2B|S1092	99	0.8199985	0.4581902
KMT2B|S1092_S1095	0	0.0	0.1
KMT2B|S2348	168	0.72454476	0.49150568
KMT2B|S351	186	1.3494072	0.5
KMT2B|S632	7	0.01661929	0.094545186
KMT2B|S821	135	1.2773408	0.5
KMT2B|S844	158	1.1105278	0.5
KMT2B|S861	192	1.025335	0.5
KMT2B|T2083	163	1.1368529	0.5
KMT2C|S1248_S1250_S1251	0	0.0	0.1
KMT2C|S28	0	0.0	0.1
KMT2C|S3526	0	0.0	0.1
KMT2C|S3758	46	0.7472803	0.3039376
KMT2C|S4034	104	0.38489264	0.24523939
KMT2C|S4267	191	0.2734169	0.21382348
KMT2C|S4300_S4304	0	0.0	0.1
KMT2C|S46	162	0.443547	0.31242216
KMT2C|S89	169	0.9002134	0.5
KMT2C|T3977	147	0.4152173	0.28759897
KMT2D|S1151	0	0.0	0.1
KMT2D|S1180	186	1.1918958	0.5
KMT2D|S1606	75	0.5001927	0.27151117
KMT2D|S1671	65	0.49982253	0.25750583
KMT2D|S1834	186	0.607039	0.42975265
KMT2D|S2251	42	0.30925438	0.16189215
KMT2D|S2251_S2260	0	0.0	0.1
KMT2D|S2260	39	0.037170704	0.08237164
KMT2D|S2274	221	0.70790344	0.5
KMT2D|S2640	109	1.2493781	0.5
KMT2D|S3130	0	0.0	0.1
KMT2D|S3229	0	0.0	0.1
KMT2D|S3620	0	0.0	0.1
KMT2D|S373	45	0.45395395	0.20984778
KMT2D|S4359	191	0.7692377	0.5
KMT2D|S4738	191	0.57781994	0.41362065
KMT2D|S4822	180	0.35750335	0.2655379
KMT2D|S4849	127	0.5409994	0.34672654
KMT2D|T1843	176	0.532321	0.37568295
KMT2D|T1865	48	0.45908573	0.21646023
KMT2D|T1911	0	0.0	0.1
KMT2D|T2240	0	0.0	0.1
KMT2D|T4682	137	-0.20692268	-0.077419445
KMT2E|S1070	127	0.47165376	0.30792964
KMT2E|S1340	0	0.0	0.1
KMT2E|S1444	0	0.0	0.1
KMT2E|S837	160	-0.054829642	0.004720222
KMT2E|S845	182	0.6225659	0.4372589
KMT2E|S918	0	0.0	0.1
KNG1|S275	175	1.2917576	0.5
KNG1|S332	186	0.8075889	0.5
KNG1|S406	0	0.0	0.1
KNL1|S1050	0	0.0	0.1
KNL1|S1649	0	0.0	0.1
KNL1|S60	51	0.88301176	0.36446095
KNOP1|S185	0	0.0	0.1
KNOP1|S42	186	1.2032187	0.5
KPNA1|S244	0	0.0	0.1
KPNA2|S62	184	1.7087363	0.5
KPNA3|S56	130	0.8143561	0.5
KPNA3|S56_S60	5	0.124949485	0.10118807
KPNA3|S60	212	0.7137716	0.5
KPNA4|S60	183	1.0152878	0.5
KPNA6|S113	75	0.27023774	0.17295903
KPNB1|S12	64	0.20732123	0.14188145
KRI1|S142	0	0.0	0.1
KRI1|S177	0	0.0	0.1
KRI1|S634	0	0.0	0.1
KRI1|S634_S645	0	0.0	0.1
KRI1|S645	0	0.0	0.1
KRT10|S16	0	0.0	0.1
KRT13|S147	0	0.0	0.1
KRT13|S427	97	-0.0579454	0.022229929
KRT14|S213	0	0.0	0.1
KRT15|S22	0	0.0	0.1
KRT15|S34	8	0.5338051	0.1321337
KRT15|S43	0	0.0	0.1
KRT17|S32	0	0.0	0.1
KRT18|S100	122	0.5792404	0.36336634
KRT18|S18	178	0.85563755	0.5
KRT18|S30	79	0.4105875	0.23707491
KRT18|S305	220	1.1633118	0.5
KRT18|S30_S31	0	0.0	0.1
KRT18|S323	107	-0.42863822	-0.17325744
KRT18|S398	133	2.212805	0.5
KRT18|S399	63	1.3280003	0.5
KRT18|S401	146	1.1560171	0.5
KRT18|S420	141	1.4768227	0.5
KRT18|S60	174	1.7370062	0.5
KRT18|S7	217	1.1942941	0.5
KRT19|S13	100	-0.008300688	0.04584966
KRT19|S14	94	0.4601696	0.27451518
KRT19|S178	0	0.0	0.1
KRT19|S22	171	0.40252888	0.2908946
KRT19|S234	0	0.0	0.1
KRT19|S312	0	0.0	0.1
KRT19|S35	172	1.1221458	0.5
KRT19|S35_S40	0	0.0	0.1
KRT19|S40	12	0.065630086	0.096317515
KRT19|S46	61	1.8652331	0.5
KRT19|S72	0	0.0	0.1
KRT19|T323	0	0.0	0.1
KRT19|Y391	0	0.0	0.1
KRT1|S21	10	0.3679242	0.12435675
KRT1|S66	99	0.60385334	0.35066068
KRT23|S65	111	-0.12830973	-0.020106066
KRT23|T33	0	0.0	0.1
KRT4|S150	0	0.0	0.1
KRT4|S19	0	0.0	0.1
KRT5|S16	21	-0.21733876	0.044924684
KRT5|S18	24	0.4868717	0.17487839
KRT5|S181	0	0.0	0.1
KRT5|S21	20	1.9657745	0.41096243
KRT5|S38	0	0.0	0.1
KRT5|S50	0	0.0	0.1
KRT5|S567	0	0.0	0.1
KRT5|S574	5	1.3391402	0.15900669
KRT5|S64	25	2.1943076	0.5
KRT5|S75	26	0.83030665	0.2506982
KRT6A|S176	0	0.0	0.1
KRT6A|S19	5	0.5946257	0.123553604
KRT6A|S19_S22	0	0.0	0.1
KRT6A|S22	51	3.080039	0.5
KRT6A|S44	0	0.0	0.1
KRT6A|S60	35	1.1822513	0.38058364
KRT6A|S71	0	0.0	0.1
KRT6B|S176	0	0.0	0.1
KRT6B|S19	5	0.30679455	0.10984736
KRT6B|S19_S22	0	0.0	0.1
KRT6B|S44	0	0.0	0.1
KRT6B|S60	35	1.8130933	0.5
KRT6B|S71	0	0.0	0.1
KRT75|S162	0	0.0	0.1
KRT79|S155	0	0.0	0.1
KRT7|S104	0	0.0	0.1
KRT7|S14	11	1.3315818	0.22204864
KRT7|S254	99	0.5479118	0.3228305
KRT7|S53	25	1.1903896	0.31807792
KRT7|S71	5	0.15326875	0.10253661
KRT80|S45	0	0.0	0.1
KRT8|S132	0	0.0	0.1
KRT8|S152	0	0.0	0.1
KRT8|S281	0	0.0	0.1
KRT8|S286	0	0.0	0.1
KRT8|S302	0	0.0	0.1
KRT8|S308	107	1.6389983	0.5
KRT8|S343	0	0.0	0.1
KRT8|S358	0	0.0	0.1
KRT8|S438	0	0.0	0.1
KRT8|S460	0	0.0	0.1
KRT8|S503	0	0.0	0.1
KRT8|S52	0	0.0	0.1
KRT8|S62	0	0.0	0.1
KRT8|S71	0	0.0	0.1
KRTCAP3|S214	113	1.1859599	0.5
KRTCAP3|S5	159	1.1218982	0.5
KSR1|S174	0	0.0	0.1
KSR1|S194	0	0.0	0.1
KSR1|S197	0	0.0	0.1
KSR1|S269	0	0.0	0.1
KSR1|S432	0	0.0	0.1
KSR1|S751	0	0.0	0.1
KSR1|T133	0	0.0	0.1
KSR1|T151	0	0.0	0.1
KSR1|T288	0	0.0	0.1
KTN1|S1084	129	1.8255056	0.5
KTN1|S1313	188	0.44470125	0.3250133
KTN1|S75	186	0.754884	0.5
KTN1|S75_S77	0	0.0	0.1
KTN1|S87	0	0.0	0.1
KTN1|T153	241	1.157207	0.5
KYAT3|S76	0	0.0	0.1
L3MBTL2|S67	166	0.79885405	0.5
L3MBTL2|S683	0	0.0	0.1
L3MBTL2|S683_S688_S689	0	0.0	0.1
L3MBTL3|S583	0	0.0	0.1
L3MBTL3|S645	0	0.0	0.1
LAD1|S177	121	1.2634401	0.5
LAD1|S272	58	0.9685511	0.41883522
LAD1|S301	62	0.6581682	0.31361994
LAD1|S347	107	1.2213358	0.5
LAD1|S356	222	1.0668463	0.5
LAD1|S385	156	1.0578501	0.5
LAD1|S394	74	1.1110593	0.5
LAD1|S440	0	0.0	0.1
LAD1|S485	160	0.9760474	0.5
LAD1|S49	162	0.47590742	0.33243132
LAD1|S64	66	0.95384693	0.43948132
LAD1|T19	186	0.9187834	0.5
LAMA1|S3048_S3053_S3057	0	0.0	0.1
LAMB1|S1222	170	1.1464765	0.5
LAMB1|S1666	84	1.1954072	0.5
LAMB2|S1548	0	0.0	0.1
LAMTOR1|S26	55	-0.034589507	0.05224243
LAMTOR1|S27	113	1.0277507	0.5
LAMTOR1|S63	199	1.7104646	0.5
LAMTOR1|T48	159	2.6993518	0.5
LAP3|S180	169	0.7571409	0.5
LAP3|S194	141	0.4687993	0.31577054
LAP3|S238	164	0.7788027	0.5
LARP1B|S340	185	0.7780849	0.5
LARP1B|S340_S343	0	0.0	0.1
LARP1B|S343	151	0.7339761	0.481396
LARP1B|S593	82	0.3533733	0.2141572
LARP1B|S60	185	0.0775242	0.085410446
LARP1B|S906	101	0.2864609	0.1936943
LARP1B|T452	0	0.0	0.1
LARP1B|T454	37	-0.4846133	-0.057888262
LARP1|S1012	0	0.0	0.1
LARP1|S440	0	0.0	0.1
LARP1|S440_S444	0	0.0	0.1
LARP1|S471	0	0.0	0.1
LARP1|S507	0	0.0	0.1
LARP1|S550	0	0.0	0.1
LARP1|S550_S554	0	0.0	0.1
LARP1|S554	0	0.0	0.1
LARP1|S689	0	0.0	0.1
LARP1|S689_S697	0	0.0	0.1
LARP1|S697	0	0.0	0.1
LARP1|S747	0	0.0	0.1
LARP1|S963	0	0.0	0.1
LARP1|T299	0	0.0	0.1
LARP1|T449	0	0.0	0.1
LARP1|T570	0	0.0	0.1
LARP1|T572	0	0.0	0.1
LARP1|T708_T711	0	0.0	0.1
LARP1|T711	0	0.0	0.1
LARP4B|S451	0	0.0	0.1
LARP4B|S498	186	0.947695	0.5
LARP4B|S568	200	1.3395019	0.5
LARP4B|S585	41	1.0589392	0.37884048
LARP4B|S599_S601	0	0.0	0.1
LARP4B|S601	237	0.52233964	0.39701635
LARP4B|S718	111	0.7192664	0.42577523
LARP4|S441	0	0.0	0.1
LARP4|S580	0	0.0	0.1
LARP6|S447	0	0.0	0.1
LARP6|S56	177	0.350018	0.25975877
LARP7|S268	0	0.0	0.1
LARP7|S305	170	-0.21681857	-0.09947836
LARP7|S305_S306	0	0.0	0.1
LARP7|S305_S306_S307	0	0.0	0.1
LARP7|S307	0	0.0	0.1
LARP7|S344	0	0.0	0.1
LARP7|S344_T345	0	0.0	0.1
LARP7|T345	0	0.0	0.1
LAS1L|S246_S249	0	0.0	0.1
LAS1L|S424	0	0.0	0.1
LAS1L|S506	0	0.0	0.1
LAS1L|S543	0	0.0	0.1
LAS1L|S600	0	0.0	0.1
LASP1|S146	202	0.79668707	0.5
LASP1|S194	106	1.4587668	0.5
LASP1|S61	186	0.7548686	0.5
LASP1|S99	131	1.0669515	0.5
LASP1|T104	111	1.3065625	0.5
LAT2|S44	170	0.7735362	0.5
LAT2|S86	0	0.0	0.1
LATS1|S464	183	0.8198152	0.5
LATS1|S909	0	0.0	0.1
LATS1|T17	0	0.0	0.1
LATS1|T246	163	0.35835433	0.26012072
LAYN|S299	63	1.0676041	0.47398195
LBH|S63	231	0.8510027	0.5
LBR|S128	0	0.0	0.1
LBR|S84_S86	0	0.0	0.1
LBR|S86	186	0.668067	0.4694422
LBR|S97_S99	0	0.0	0.1
LBR|S99	241	0.82778764	0.5
LCA5|S501_S505	0	0.0	0.1
LCA5|S686	40	0.017285326	0.07636724
LCA5|S7	161	0.7826239	0.5
LCK|Y192	59	0.57391286	0.27585447
LCOR|S583	0	0.0	0.1
LCP1|S257	247	1.0541307	0.5
LCP1|S406	164	1.7441775	0.5
LCP1|S474	165	1.7944063	0.5
LCP1|S5	215	1.1179887	0.5
LCP1|S7	190	0.69466233	0.48960635
LCP1|Y124	0	0.0	0.1
LCP2|S207	80	0.8207904	0.4203513
LDB1|S302	143	0.603801	0.3964755
LDB3|S121_S123	0	0.0	0.1
LDB3|S123	165	0.25892177	0.19895129
LDB3|S268	59	0.004396369	0.06452444
LDB3|T98	0	0.0	0.1
LDHA|Y39	0	0.0	0.1
LDHB|S44	0	0.0	0.1
LDLRAP1|S14	0	0.0	0.1
LEMD2|S134_S138_S139	0	0.0	0.1
LEMD2|S138_S139	0	0.0	0.1
LEMD2|S166	179	1.3182498	0.5
LEMD2|S82	182	0.6491033	0.45438582
LEMD3|S144	158	1.2041905	0.5
LEMD3|S261	170	0.9709575	0.5
LENG1|S59	186	0.7367391	0.5
LENG8|S351	75	0.524009	0.28171813
LEO1|S151	186	0.7541769	0.5
LEO1|S162	186	0.8074363	0.5
LEO1|S162_S171	0	0.0	0.1
LEO1|S171	186	0.4239495	0.31068048
LEO1|S171_S179	0	0.0	0.1
LEO1|S179	186	0.7620293	0.5
LEO1|S197	186	0.77474666	0.5
LEO1|S205	186	0.73104554	0.5
LEO1|S212	182	1.4470937	0.5
LEO1|S212_S220	0	0.0	0.1
LEO1|S220	171	0.7044827	0.48142633
LEO1|S229	155	0.8492071	0.5
LEO1|S229_S238	0	0.0	0.1
LEO1|S238	162	1.0975019	0.5
LEO1|S246_S254_S261	0	0.0	0.1
LEO1|S279	186	0.96323097	0.5
LEO1|S294_S296	0	0.0	0.1
LEO1|S294_S296_S300	0	0.0	0.1
LEO1|S300	167	1.0777196	0.5
LEO1|S630	233	0.81967014	0.5
LEO1|T188	186	0.9651658	0.5
LEO1|T188_S197	0	0.0	0.1
LEO1|T569_S570	0	0.0	0.1
LEO1|T629_S630	0	0.0	0.1
LGALS1|S30	177	0.83372873	0.5
LGALS1|S39	0	0.0	0.1
LGALS3BP|S444	179	2.6522245	0.5
LIFR|S887	77	0.29890245	0.18652819
LIG1|S141	226	0.9895719	0.5
LIG1|S51	186	1.2826511	0.5
LIG1|S66	193	1.433937	0.5
LIG1|S76	234	1.1920019	0.5
LIG1|T182	75	1.2028129	0.5
LIG1|T183	97	0.7934126	0.44142652
LIG1|T195	193	1.0281204	0.5
LIG3|S210	184	1.6301268	0.5
LILRB1|S581	0	0.0	0.1
LILRB4|S318_S319	0	0.0	0.1
LILRB4|S377	189	0.98449194	0.5
LILRB4|S417	0	0.0	0.1
LILRB5|S506	0	0.0	0.1
LILRB5|S564	0	0.0	0.1
LIMA1|S132	235	0.5142936	0.3906239
LIMA1|S225	69	1.1504945	0.5
LIMA1|S263	159	1.1536542	0.5
LIMA1|S343	0	0.0	0.1
LIMA1|S362	155	1.005357	0.5
LIMA1|S363	0	0.0	0.1
LIMA1|S491	0	0.0	0.1
LIMA1|S507	0	0.0	0.1
LIMA1|S508	0	0.0	0.1
LIMA1|S605	0	0.0	0.1
LIMA1|S61	154	1.4210103	0.5
LIMA1|S617	235	1.2070093	0.5
LIMA1|S618	0	0.0	0.1
LIMA1|S671_S686	0	0.0	0.1
LIMA1|S672_S687	0	0.0	0.1
LIMA1|S686	159	0.7238519	0.48298243
LIMA1|S687	0	0.0	0.1
LIMA1|S698	247	0.7907049	0.5
LIMA1|S699	0	0.0	0.1
LIMA1|S726	182	1.397907	0.5
LIMA1|S727	0	0.0	0.1
LIMA1|S741	189	1.3609519	0.5
LIMA1|S742	0	0.0	0.1
LIMA1|T57	88	1.048716	0.5
LIMCH1|S169	166	0.45937583	0.32427213
LIMCH1|S201	169	0.60072136	0.4145796
LIMCH1|S201_S204	0	0.0	0.1
LIMCH1|S217	247	0.8282492	0.5
LIMCH1|S231	186	0.40590927	0.298948
LIMCH1|S297	184	0.78971624	0.5
LIMCH1|S303	186	1.0585632	0.5
LIMCH1|S365	0	0.0	0.1
LIMCH1|S377	234	1.1364372	0.5
LIMCH1|S377_S379	0	0.0	0.1
LIMCH1|S481	0	0.0	0.1
LIMCH1|S493	135	1.3687233	0.5
LIMCH1|S523	80	0.47734076	0.26770702
LIMCH1|S589	0	0.0	0.1
LIMCH1|S601	68	-0.276416	-0.052358862
LIMCH1|S609	0	0.0	0.1
LIMCH1|S621	57	0.9313702	0.40183502
LIMCH1|S680	0	0.0	0.1
LIMCH1|S681	70	1.7789397	0.5
LIMCH1|S706	0	0.0	0.1
LIMCH1|S718	221	1.743992	0.5
LIMCH1|S750	56	0.66244364	0.30190286
LIMCH1|S756	0	0.0	0.1
LIMCH1|S769	0	0.0	0.1
LIMCH1|S874	0	0.0	0.1
LIMCH1|S906	0	0.0	0.1
LIMCH1|S972	0	0.0	0.1
LIMCH1|S985	0	0.0	0.1
LIMCH1|T215_S217	4	0.04043891	0.097709194
LIMD1|S233	225	0.96494395	0.5
LIMD1|S272	165	0.10435046	0.10270878
LIMD1|S272_S277	0	0.0	0.1
LIMD1|S277	138	-0.14885777	-0.044295687
LIMD1|S384	41	0.95515126	0.348661
LIMD1|S421	182	1.116034	0.5
LIME1|S61	142	1.6463766	0.5
LIME1|S70	0	0.0	0.1
LIME1|S95	0	0.0	0.1
LIMK1|S176	0	0.0	0.1
LIMK2|S272	0	0.0	0.1
LIMS1|S24	0	0.0	0.1
LIN37|S182	98	0.43932593	0.2679492
LIN52|S28	0	0.0	0.1
LIN54|S310_S314	0	0.0	0.1
LIN54|S414	0	0.0	0.1
LIN54|S43	0	0.0	0.1
LIN54|S89_S93	0	0.0	0.1
LIN9|S13	0	0.0	0.1
LIN9|S257	0	0.0	0.1
LIPE|S855	88	-1.1183319	-0.47028303
LIPE|T813	0	0.0	0.1
LLGL2|S480	71	0.3243793	0.19316334
LLGL2|S680	111	0.61244124	0.3695781
LLGL2|S847	0	0.0	0.1
LLGL2|S961	186	0.8394824	0.5
LLGL2|S965	186	0.37077913	0.2761011
LMCD1|S16	197	1.0359787	0.5
LMCD1|S254	153	0.93551624	0.5
LMCD1|S42	0	0.0	0.1
LMNA|S12	198	0.8964671	0.5
LMNA|S143	0	0.0	0.1
LMNA|S18	162	0.41718993	0.29612505
LMNA|S22	246	1.2764797	0.5
LMNA|S277	192	0.95542717	0.5
LMNA|S301	186	1.1178461	0.5
LMNA|S303	130	0.6778596	0.42661628
LMNA|S307	168	1.5895368	0.5
LMNA|S390	247	0.8071893	0.5
LMNA|S390_S392	10	0.5296468	0.1390588
LMNA|S392	247	0.6462367	0.48881978
LMNA|S404	241	1.2036474	0.5
LMNA|S404_S407	0	0.0	0.1
LMNA|S406	218	1.1915528	0.5
LMNA|S406_S407	6	0.019068398	0.09541897
LMNA|S407	217	1.4465643	0.5
LMNA|S429	209	0.81538534	0.5
LMNA|S431	76	0.6519391	0.33833733
LMNA|S458	186	0.6908375	0.484251
LMNA|S463	186	0.8512796	0.5
LMNA|S507	0	0.0	0.1
LMNA|S51	123	0.4401582	0.2876209
LMNA|S533	214	0.58086145	0.4277209
LMNA|S628	52	1.1201452	0.44899708
LMNA|S632	203	0.6119666	0.44300073
LMNA|S636	220	0.7972498	0.5
LMNA|S652	196	0.5406883	0.3918071
LMNA|S66	161	0.7007206	0.47055945
LMNA|S71	163	1.4147912	0.5
LMNA|S94	78	0.19796667	0.14292921
LMNA|T10_S12	0	0.0	0.1
LMNA|T19	225	0.7030369	0.5
LMNA|T409	152	1.2017376	0.5
LMNB1|S158	0	0.0	0.1
LMNB1|S200	104	1.1409819	0.5
LMNB1|S23	229	0.9824512	0.5
LMNB1|S232	179	1.0182084	0.5
LMNB1|S278	0	0.0	0.1
LMNB1|S391	205	1.0564392	0.5
LMNB1|S391_S393	0	0.0	0.1
LMNB1|S393	240	1.3231018	0.5
LMNB1|S534	64	1.1118355	0.49486262
LMNB1|T575	144	1.1308703	0.5
LMNB2|S316	158	0.8241709	0.5
LMNB2|S405	19	0.6396179	0.1861575
LMNB2|S405_S407	0	0.0	0.1
LMNB2|S407	54	0.8835071	0.37473625
LMNB2|S541	0	0.0	0.1
LMNB2|T34	241	0.78018373	0.5
LMO7|S1089	0	0.0	0.1
LMO7|S1159	0	0.0	0.1
LMO7|S1176	0	0.0	0.1
LMO7|S1182	0	0.0	0.1
LMO7|S1252	0	0.0	0.1
LMO7|S1259	0	0.0	0.1
LMO7|S246	204	1.1406777	0.5
LMO7|S246_S249	0	0.0	0.1
LMO7|S257	79	1.9040035	0.5
LMO7|S276	188	1.6654989	0.5
LMO7|S342	0	0.0	0.1
LMO7|S345	0	0.0	0.1
LMO7|S370	0	0.0	0.1
LMO7|S417	0	0.0	0.1
LMO7|S471	0	0.0	0.1
LMO7|S533	0	0.0	0.1
LMO7|S585	0	0.0	0.1
LMO7|S626	0	0.0	0.1
LMO7|S630	0	0.0	0.1
LMO7|S654	0	0.0	0.1
LMO7|S684	0	0.0	0.1
LMO7|S692	0	0.0	0.1
LMO7|S863	0	0.0	0.1
LMO7|T598	0	0.0	0.1
LMOD1|S119	191	0.71833587	0.5
LMOD1|S12	153	1.1749504	0.5
LMOD1|S133_S135	0	0.0	0.1
LMOD1|S135	217	1.1939833	0.5
LMOD1|S508	0	0.0	0.1
LMOD1|S508_S512	0	0.0	0.1
LMOD1|S508_S512_S516	0	0.0	0.1
LMOD1|S508_S516	0	0.0	0.1
LMOD1|S516	0	0.0	0.1
LMOD1|S520	0	0.0	0.1
LMOD1|S555	173	0.65523493	0.45185217
LMOD1|S85	186	0.77485776	0.5
LMTK2|S1107	170	2.5456858	0.5
LMTK2|S886	171	0.87351644	0.5
LNPEP|S51	0	0.0	0.1
LNPEP|S80	181	1.2937212	0.5
LNPEP|S91	77	0.72265613	0.37087303
LNPK|S260	0	0.0	0.1
LNPK|S450	0	0.0	0.1
LNPK|S450_S452	0	0.0	0.1
LNPK|S452	0	0.0	0.1
LNX1|S236	159	0.7235884	0.48282066
LNX1|S468	65	0.4214414	0.22662844
LPCAT2|S34	0	0.0	0.1
LPIN1|S168	0	0.0	0.1
LPIN1|S258	0	0.0	0.1
LPIN2|S106	188	0.1554616	0.1362041
LPIN2|S186_S187	0	0.0	0.1
LPIN2|S243	186	0.26364264	0.20642494
LPIN2|S303	216	0.84657496	0.5
LPIN2|S395	81	0.958948	0.4843911
LPIN2|T291	113	7.022721e-05	0.04698561
LPIN3|S225	0	0.0	0.1
LPIN3|S412	0	0.0	0.1
LPP|S313	100	1.6104871	0.5
LPP|S375	0	0.0	0.1
LPP|S508	0	0.0	0.1
LPP|S537	0	0.0	0.1
LPP|T325	0	0.0	0.1
LPXN|T332	0	0.0	0.1
LRBA|S1100	0	0.0	0.1
LRBA|S1133	66	0.18322758	0.13309048
LRBA|S1135	70	0.52650446	0.27561948
LRBA|S1231	144	1.0499212	0.5
LRBA|S1261	154	0.71323127	0.47180164
LRBA|S1488	152	0.660791	0.4382549
LRBA|S1498	149	0.33132574	0.23842382
LRBA|S1753	0	0.0	0.1
LRBA|S1787	163	-0.11230728	-0.031582076
LRBA|S2054	0	0.0	0.1
LRBA|S2485	0	0.0	0.1
LRBA|S979	0	0.0	0.1
LRBA|T1033	46	0.76246023	0.30872035
LRCH1|S327	186	0.24426241	0.19382101
LRCH1|S370	172	1.0767589	0.5
LRCH1|S532_S536	0	0.0	0.1
LRCH1|S536	47	0.13972867	0.11270237
LRCH3|S324	191	0.5307846	0.38274866
LRCH3|S352	95	0.5903588	0.33889276
LRCH3|S415	0	0.0	0.1
LRCH3|S419	35	0.46401772	0.19437496
LRCH3|S611	0	0.0	0.1
LRCH4|S281	42	0.46824726	0.20891821
LRCH4|S313	155	0.8105925	0.5
LRCH4|S432	0	0.0	0.1
LRIF1|S502	0	0.0	0.1
LRIF1|T732	0	0.0	0.1
LRMP|S388	0	0.0	0.1
LRMP|T319	0	0.0	0.1
LRP1|S4520	247	0.6628923	0.5
LRP1|S4523	186	0.36121213	0.26987922
LRP1|T4460	136	1.0747751	0.5
LRP2|S4463	45	0.79127574	0.31453383
LRP4|S1887	161	0.6055959	0.41188097
LRPAP1|S247	186	1.4384235	0.5
LRPAP1|S310	0	0.0	0.1
LRPAP1|S50	181	0.69597703	0.48388556
LRRC1|S37	2	0.009316537	0.0982219
LRRC1|S443	0	0.0	0.1
LRRC1|T480	0	0.0	0.1
LRRC41|S276	224	1.0697155	0.5
LRRC41|S326	191	1.2103254	0.5
LRRC41|S357	171	0.36624348	0.26799864
LRRC41|S359	0	0.0	0.1
LRRC47|S315	0	0.0	0.1
LRRC47|S431	186	0.6499841	0.457682
LRRC47|S520	241	0.44211853	0.3417905
LRRC47|S92	0	0.0	0.1
LRRC8A|S217	0	0.0	0.1
LRRFIP1|S120	218	0.41705793	0.31735417
LRRFIP1|S16	108	0.9539914	0.5
LRRFIP1|S209	0	0.0	0.1
LRRFIP1|S248	0	0.0	0.1
LRRFIP1|S555	163	0.6091256	0.4155417
LRRFIP1|S581	0	0.0	0.1
LRRFIP1|S618	164	0.62890434	0.42856178
LRRFIP1|S733	182	0.88189864	0.5
LRRFIP1|S81	0	0.0	0.1
LRRFIP1|S88	0	0.0	0.1
LRRFIP2|S18	178	0.6480942	0.450938
LRRFIP2|S312	153	0.12144882	0.11297102
LRRFIP2|S328	236	0.5529306	0.41812983
LRRFIP2|S96	0	0.0	0.1
LRRK2|S910	163	1.7012553	0.5
LRRK2|S926	49	-0.31771043	-0.03736785
LRRK2|S935	75	0.7535156	0.3800781
LRRK2|S973	74	0.2840401	0.17826992
LRWD1|S107	0	0.0	0.1
LRWD1|S60	0	0.0	0.1
LRWD1|S89	0	0.0	0.1
LRWD1|S91	0	0.0	0.1
LSG1|S252	0	0.0	0.1
LSM12|T75	235	0.67835814	0.5
LSM14A|S183	232	0.6597315	0.4911377
LSM14A|S192	197	0.49374256	0.3611693
LSM14A|S216	221	0.67192507	0.49375525
LSM14A|S374	172	1.2885373	0.5
LSM14B|S165	150	1.3344862	0.5
LSP1|S111	186	1.0710462	0.5
LSP1|S130	174	1.1932845	0.5
LSP1|S139	127	0.9832896	0.5
LSP1|S177	172	0.80493414	0.5
LSP1|S177_S189	0	0.0	0.1
LSP1|S188	75	0.6370009	0.33014324
LSP1|S188_S189	0	0.0	0.1
LSP1|S189	158	1.0189618	0.5
LSP1|S189_S193	0	0.0	0.1
LSP1|S193	138	0.68705064	0.44039074
LSP1|S218	156	0.72352546	0.47996083
LSP1|S24	162	1.1753342	0.5
LSP1|S252	247	1.0737478	0.5
LSP1|T175_S177	0	0.0	0.1
LSP1|T175_S177_S188	0	0.0	0.1
LSP1|T175_S177_S189	0	0.0	0.1
LSP1|T175_S177_T184	0	0.0	0.1
LSP1|T202	56	1.6141448	0.5
LSR|S324	0	0.0	0.1
LSR|S328	0	0.0	0.1
LSR|S356	0	0.0	0.1
LSR|S385	94	0.24350537	0.16953354
LSR|S385_T393	0	0.0	0.1
LSR|S422	0	0.0	0.1
LSR|S444	0	0.0	0.1
LSR|S473	0	0.0	0.1
LSR|S473_T481	0	0.0	0.1
LSR|S510	0	0.0	0.1
LSR|T393	0	0.0	0.1
LSR|T481	0	0.0	0.1
LTBP1|S1290	0	0.0	0.1
LTBP1|S1616	0	0.0	0.1
LTBP2|S1395	66	0.4904636	0.25524458
LTBP2|S250	201	1.4540331	0.5
LTBP2|S372	143	0.92488986	0.5
LTV1|S17	0	0.0	0.1
LUC7L2|S18	203	0.8459023	0.5
LUC7L2|S347	186	0.727639	0.5
LUC7L3|S110	0	0.0	0.1
LUC7L3|T238	157	0.8464138	0.5
LUC7L|S332	0	0.0	0.1
LUC7L|S336	175	0.1154591	0.10983761
LUZP1|S1023	0	0.0	0.1
LUZP1|S1042	0	0.0	0.1
LUZP1|S394	234	0.66143197	0.49333856
LUZP1|S440	0	0.0	0.1
LUZP1|S57	172	1.2786118	0.5
LUZP1|S611	75	0.9233219	0.45285225
LUZP1|S659	138	0.527239	0.34772685
LUZP1|S905	164	0.39496765	0.2832375
LUZP1|S932	137	1.0537547	0.5
LUZP1|S957	135	1.3777997	0.5
LXN|S41	158	1.6243705	0.5
LYAR|S258	0	0.0	0.1
LYAR|S258_S260	0	0.0	0.1
LYAR|S276	186	0.7132244	0.4988103
LYN|S11	160	0.5805253	0.39570788
LYN|S13	204	0.7895747	0.5
LYSMD1|S99	162	1.2653472	0.5
LYSMD2|S24	130	0.2639629	0.19267468
LYSMD2|S33	90	-0.070321575	0.019321363
LYST|S1503	0	0.0	0.1
LYST|S2105	186	0.44776136	0.32616648
LYST|S2124	174	0.6182286	0.42909405
LYST|S2128	171	0.6298957	0.4343622
LYST|S2149	49	0.45185277	0.21570998
LYST|S2213_S2217	0	0.0	0.1
LYST|S2217	169	1.6879947	0.5
LYST|S2264	186	1.4129604	0.5
LYST|S2627	182	0.80629843	0.5
LZTS1|S117	0	0.0	0.1
LZTS1|S231	41	0.5134832	0.22023271
LZTS1|S233	143	1.115331	0.5
LZTS1|S50	160	1.0310578	0.5
LZTS2|S160	0	0.0	0.1
LZTS2|S346	0	0.0	0.1
LZTS2|S570	230	0.34792733	0.27279782
M6PR|S181	0	0.0	0.1
MACC1|S112_S115_S116	0	0.0	0.1
MACC1|S115_S116	0	0.0	0.1
MACC1|S191	0	0.0	0.1
MACC1|S515	0	0.0	0.1
MACF1|S1860	0	0.0	0.1
MACF1|S2769	0	0.0	0.1
MACF1|S280	231	1.3340623	0.5
MACF1|S312	0	0.0	0.1
MACF1|S3850	0	0.0	0.1
MACF1|S440	0	0.0	0.1
MACF1|S4868	0	0.0	0.1
MACF1|S5949	0	0.0	0.1
MACF1|S6077	0	0.0	0.1
MACO1|S244	73	0.9297382	0.45012078
MAD1L1|S428	189	1.2784587	0.5
MAD2L1BP|S134	0	0.0	0.1
MAD2L1|S195	147	2.0835996	0.5
MAF1|S60	0	0.0	0.1
MAF1|S75	181	0.47758546	0.3432134
MAGED1|S166	0	0.0	0.1
MAGED1|S322	0	0.0	0.1
MAGED2|S190_S191	0	0.0	0.1
MAGED2|S190_S191_S194	0	0.0	0.1
MAGED2|S218	0	0.0	0.1
MAGI1|S1089	0	0.0	0.1
MAGI1|S1332	0	0.0	0.1
MAGI1|S1332_T1336	0	0.0	0.1
MAGI1|S1350	0	0.0	0.1
MAGI1|T1336	0	0.0	0.1
MAGI2|S220	0	0.0	0.1
MAGI3|S595	0	0.0	0.1
MAGI3|S659	71	0.7980825	0.3898471
MAGI3|S676	68	0.22679669	0.15132247
MAGI3|S699	0	0.0	0.1
MAGI3|S832	75	0.5207072	0.2803031
MAGI3|S953	75	-0.06460922	0.029453194
MAGIX|S21	111	0.8524975	0.49586362
MAGOH|S106	67	0.2962488	0.17873454
MAK16|S229	37	0.24181724	0.13830101
MAK16|S229_S232	0	0.0	0.1
MAK16|S232	37	0.31318092	0.15757442
MAML1|S303	170	0.44123337	0.31485063
MAML1|S314	170	0.2743131	0.20975268
MAML1|S360	36	-0.068085104	0.055506885
MAML1|S45	183	0.29609305	0.22680221
MAML2|S1089	0	0.0	0.1
MAML2|S53	0	0.0	0.1
MAOA|S383	0	0.0	0.1
MAP1A|S1069	68	0.44089836	0.23798268
MAP1A|S1146	90	0.4311613	0.2568659
MAP1A|S1172	165	1.2788855	0.5
MAP1A|S1218	143	0.66822475	0.43438742
MAP1A|S1221	0	0.0	0.1
MAP1A|S155	0	0.0	0.1
MAP1A|S1600	52	-0.17309457	0.0065729097
MAP1A|S1675	161	0.62429565	0.42341608
MAP1A|S1749	46	1.8409641	0.5
MAP1A|S1776	175	0.9892152	0.5
MAP1A|S1791	55	0.23957597	0.14952695
MAP1A|S1797	52	-0.12118365	0.024331912
MAP1A|S1797_S1801	0	0.0	0.1
MAP1A|S1801	126	0.4726738	0.3077739
MAP1A|S1818	102	0.31921256	0.2106915
MAP1A|S2022	234	1.2027061	0.5
MAP1A|S2074	68	0.2057705	0.14281186
MAP1A|S2090_S2092	0	0.0	0.1
MAP1A|S2106	165	1.3563008	0.5
MAP1A|S2188	0	0.0	0.1
MAP1A|S2449	174	0.25657362	0.19942996
MAP1A|S2617	155	0.79935956	0.5
MAP1A|S2629_T2631	0	0.0	0.1
MAP1A|S2664	169	1.3752054	0.5
MAP1A|S526_S527	0	0.0	0.1
MAP1A|S605	67	0.08993751	0.09596296
MAP1A|S612	224	1.175462	0.5
MAP1A|S612_T616	0	0.0	0.1
MAP1A|S644	165	1.1201149	0.5
MAP1A|S667	175	0.9512667	0.5
MAP1A|S896	189	1.055888	0.5
MAP1A|S909	39	0.3619642	0.17350075
MAP1A|S986	182	1.6193997	0.5
MAP1A|S996	0	0.0	0.1
MAP1A|T1318	0	0.0	0.1
MAP1A|T504	226	1.0662662	0.5
MAP1A|T894	36	0.8593658	0.3010086
MAP1B|S1016	186	0.998666	0.5
MAP1B|S1154	81	1.4964945	0.5
MAP1B|S1208	166	0.9268758	0.5
MAP1B|S1252	45	0.8111507	0.32070196
MAP1B|S1256_S1260_S1265	0	0.0	0.1
MAP1B|S1256_S1265	0	0.0	0.1
MAP1B|S1260_S1265	0	0.0	0.1
MAP1B|S1262	75	0.9587056	0.46801668
MAP1B|S1262_S1265	0	0.0	0.1
MAP1B|S1265	229	0.9040903	0.5
MAP1B|S1265_T1270	0	0.0	0.1
MAP1B|S1276	0	0.0	0.1
MAP1B|S1298	146	1.0600234	0.5
MAP1B|S1298_S1312	0	0.0	0.1
MAP1B|S1312	159	1.4247991	0.5
MAP1B|S1376_S1378	0	0.0	0.1
MAP1B|S1387	76	1.2930248	0.5
MAP1B|S1389	218	1.0378898	0.5
MAP1B|S1396_S1400	0	0.0	0.1
MAP1B|S1400	202	1.4232745	0.5
MAP1B|S1427	207	1.2885916	0.5
MAP1B|S1438	220	1.4427034	0.5
MAP1B|S1438_S1443	0	0.0	0.1
MAP1B|S1443	210	0.77466756	0.5
MAP1B|S1501	199	0.5576405	0.40458348
MAP1B|S1512	0	0.0	0.1
MAP1B|S1520	81	2.0520341	0.5
MAP1B|S1618	39	0.42859378	0.19219539
MAP1B|S1618_S1620	0	0.0	0.1
MAP1B|S1625	41	0.11675737	0.10487271
MAP1B|S1653	139	0.46232948	0.31072718
MAP1B|S1764	0	0.0	0.1
MAP1B|S1772	80	0.4471223	0.25427657
MAP1B|S1779	94	1.0566598	0.5
MAP1B|S1779_S1782	0	0.0	0.1
MAP1B|S1782	55	0.09714852	0.09898818
MAP1B|S1785	217	0.99767244	0.5
MAP1B|S1793	195	1.0591719	0.5
MAP1B|S1801	60	0.44701606	0.23013103
MAP1B|S1852	247	1.5212898	0.5
MAP1B|S1915	186	1.021718	0.5
MAP1B|S1917	131	1.031281	0.5
MAP1B|S1965	170	1.558151	0.5
MAP1B|S2072	188	0.94573015	0.5
MAP1B|S2086	0	0.0	0.1
MAP1B|S2087	0	0.0	0.1
MAP1B|S2209_S2211	0	0.0	0.1
MAP1B|S2271	71	0.989588	0.4693611
MAP1B|S336	71	1.3251779	0.5
MAP1B|S343	137	0.7571123	0.47984976
MAP1B|S561	69	1.0029843	0.46867406
MAP1B|S582	0	0.0	0.1
MAP1B|S614	81	0.6448892	0.34384543
MAP1B|S831_S832	10	0.15779036	0.105253674
MAP1B|S832	229	0.8604088	0.5
MAP1B|S891	75	2.3518634	0.5
MAP1B|S91	60	1.1266459	0.4849922
MAP1B|S936_S937	0	0.0	0.1
MAP1B|S937	148	0.9377402	0.5
MAP1B|S970	173	1.4370878	0.5
MAP1B|S992	186	0.73797023	0.5
MAP1B|S992_S995	0	0.0	0.1
MAP1B|S995	186	0.7672679	0.5
MAP1B|T1067	207	1.4036254	0.5
MAP1B|T1282	75	1.0735881	0.5
MAP1B|T1633	170	0.77729684	0.5
MAP1B|T1788	247	1.094635	0.5
MAP1B|T1864	0	0.0	0.1
MAP1B|T1932	160	0.9510676	0.5
MAP1B|T1949	234	1.3631496	0.5
MAP1B|T2034	75	2.6134028	0.5
MAP1B|T527	46	1.0084044	0.3862096
MAP1B|T908	71	2.0781217	0.5
MAP1B|T948	63	0.8354404	0.38424996
MAP1S|S295	0	0.0	0.1
MAP1S|S446	0	0.0	0.1
MAP1S|S446_S449	0	0.0	0.1
MAP1S|S520	0	0.0	0.1
MAP1S|S556	0	0.0	0.1
MAP1S|S584	0	0.0	0.1
MAP1S|S614	0	0.0	0.1
MAP1S|S703_S705	0	0.0	0.1
MAP1S|S703_S705_S715	0	0.0	0.1
MAP1S|S715	0	0.0	0.1
MAP1S|S733	0	0.0	0.1
MAP1S|S733_S736	0	0.0	0.1
MAP1S|S736	0	0.0	0.1
MAP1S|T612_S614	0	0.0	0.1
MAP2K1|S212	0	0.0	0.1
MAP2K1|S218	0	0.0	0.1
MAP2K1|S222	0	0.0	0.1
MAP2K2|S216	0	0.0	0.1
MAP2K2|S222	0	0.0	0.1
MAP2K2|S226	131	0.7004738	0.44052842
MAP2K2|T394	247	0.55321795	0.4226076
MAP2K3|S189	0	0.0	0.1
MAP2K4|S101	0	0.0	0.1
MAP2K4|S268	0	0.0	0.1
MAP2K4|S91	0	0.0	0.1
MAP2K6|S207	0	0.0	0.1
MAP2K6|Y203	0	0.0	0.1
MAP2|S1343	0	0.0	0.1
MAP2|S1343_S1349	0	0.0	0.1
MAP2|S1347	186	0.9953545	0.5
MAP2|S1347_S1353	12	0.0073666703	0.090075
MAP2|S1353	204	1.4163172	0.5
MAP2|S1782	245	0.72021335	0.5
MAP2|S278	0	0.0	0.1
MAP2|S281	0	0.0	0.1
MAP2|S281_T286	0	0.0	0.1
MAP2|S285	46	1.4732724	0.5
MAP2|S285_T290	0	0.0	0.1
MAP2|S817	0	0.0	0.1
MAP2|S821	98	1.7909814	0.5
MAP2|S829	0	0.0	0.1
MAP2|S833	192	0.7413153	0.5
MAP2|T1602	57	0.57641155	0.27296472
MAP2|T1649	145	-0.05642421	0.007422406
MAP2|T254	0	0.0	0.1
MAP2|T258	0	0.0	0.1
MAP2|T293	0	0.0	0.1
MAP3K11|S35	116	1.2473329	0.5
MAP3K11|S507	121	1.2587987	0.5
MAP3K11|S524	189	1.2679629	0.5
MAP3K11|S548	0	0.0	0.1
MAP3K11|S570	0	0.0	0.1
MAP3K11|S693	0	0.0	0.1
MAP3K11|S789_S793	0	0.0	0.1
MAP3K11|S793	0	0.0	0.1
MAP3K1|S1026	0	0.0	0.1
MAP3K1|S1455	0	0.0	0.1
MAP3K1|S250	180	0.5624507	0.39728975
MAP3K1|S250_S252	0	0.0	0.1
MAP3K1|S275	0	0.0	0.1
MAP3K1|S292	185	0.5574804	0.39696097
MAP3K20|S268	0	0.0	0.1
MAP3K20|S275	160	0.972465	0.5
MAP3K20|S339	0	0.0	0.1
MAP3K20|S584	111	1.8511152	0.5
MAP3K20|S633	115	2.3603961	0.5
MAP3K20|S637	205	1.2256194	0.5
MAP3K20|S727	165	0.65635663	0.44641072
MAP3K21|S528	132	1.0744904	0.5
MAP3K21|S614	0	0.0	0.1
MAP3K21|T592	0	0.0	0.1
MAP3K2|S153	213	0.8013046	0.5
MAP3K2|S331	193	0.669793	0.4753244
MAP3K2|S349	158	0.2895155	0.21605988
MAP3K2|S514	43	1.2736392	0.45291248
MAP3K3|S166	150	0.53713983	0.36228392
MAP3K3|S250	176	0.83397204	0.5
MAP3K3|S337	176	0.86844134	0.5
MAP3K3|S337_S340	5	0.024520176	0.09640572
MAP3K3|S340	175	0.7175576	0.49299118
MAP3K3|S355	171	1.0302092	0.5
MAP3K4|S1155	0	0.0	0.1
MAP3K4|S431	172	1.1164199	0.5
MAP3K4|S84	54	0.40332764	0.20636165
MAP3K4|T447	0	0.0	0.1
MAP3K5|S1029_S1033	0	0.0	0.1
MAP3K5|S1033	175	0.69990593	0.4817583
MAP3K5|S984	0	0.0	0.1
MAP3K5|S997	0	0.0	0.1
MAP3K7|S389	186	0.8302472	0.5
MAP3K7|S439	240	0.35128796	0.27737975
MAP3K8|S141	212	1.1763242	0.5
MAP4K1|S586	0	0.0	0.1
MAP4K2|S328	153	0.5575058	0.37667343
MAP4K2|S394	140	0.4352	0.29553333
MAP4K3|S329	0	0.0	0.1
MAP4K4|S1045	0	0.0	0.1
MAP4K4|S523	0	0.0	0.1
MAP4K4|S639	186	0.88845634	0.5
MAP4K4|S716	0	0.0	0.1
MAP4K4|S805	182	0.26367992	0.20563741
MAP4K4|S886	0	0.0	0.1
MAP4K4|S900	172	1.3962718	0.5
MAP4K4|T181	54	0.90380687	0.38185436
MAP4K4|T187	0	0.0	0.1
MAP4K5|S335	218	1.1068157	0.5
MAP4|S1000	68	0.36699185	0.20806813
MAP4|S1073	204	0.7302763	0.5
MAP4|S280	247	0.8602791	0.5
MAP4|S295	114	1.6328627	0.5
MAP4|S358	247	1.2497722	0.5
MAP4|S384	0	0.0	0.1
MAP4|S507	247	0.8212938	0.5
MAP4|S507_S510	0	0.0	0.1
MAP4|S624	0	0.0	0.1
MAP4|S636	186	1.069092	0.5
MAP4|S696	139	0.6295543	0.40798342
MAP4|S787	186	1.2915181	0.5
MAP4|S825	223	1.1438769	0.5
MAP4|S853	45	0.6003461	0.2552798
MAP4|S928	221	1.5188195	0.5
MAP4|S941	222	1.2070469	0.5
MAP4|T521	241	0.4702709	0.36168706
MAP4|T571	127	1.1390554	0.5
MAP4|T585	0	0.0	0.1
MAP6|S200	75	1.4141583	0.5
MAP7D1|S116	166	0.7800065	0.5
MAP7D1|S125	67	0.58467776	0.29445156
MAP7D1|S232	0	0.0	0.1
MAP7D1|S252	0	0.0	0.1
MAP7D1|S254	75	1.6847199	0.5
MAP7D1|S273	182	0.9004959	0.5
MAP7D1|S286	0	0.0	0.1
MAP7D1|S313	191	0.9571118	0.5
MAP7D1|S334	0	0.0	0.1
MAP7D1|S367	0	0.0	0.1
MAP7D1|S378	0	0.0	0.1
MAP7D1|S410	152	0.07446527	0.0845981
MAP7D1|S414	0	0.0	0.1
MAP7D1|S420	0	0.0	0.1
MAP7D1|S428	0	0.0	0.1
MAP7D1|S512	0	0.0	0.1
MAP7D1|S512_S516	0	0.0	0.1
MAP7D1|S512_S516_S520	0	0.0	0.1
MAP7D1|S512_S520	0	0.0	0.1
MAP7D1|S520	0	0.0	0.1
MAP7D1|S86	57	0.39970094	0.20880862
MAP7D1|S93_T97	0	0.0	0.1
MAP7D1|T47	0	0.0	0.1
MAP7D1|T47_T51	0	0.0	0.1
MAP7D1|T97	185	1.3938595	0.5
MAP7D3|S147	0	0.0	0.1
MAP7D3|S211	0	0.0	0.1
MAP7D3|S506	0	0.0	0.1
MAP7|S219	71	2.3992553	0.5
MAP7|S231	0	0.0	0.1
MAP7|S241	0	0.0	0.1
MAP7|S315	192	2.0869071	0.5
MAP7|S335	157	1.7165989	0.5
MAP7|S337	0	0.0	0.1
MAP7|S357	0	0.0	0.1
MAP7|S365	186	1.1506344	0.5
MAP7|S387	0	0.0	0.1
MAP7|T231	0	0.0	0.1
MAP7|T253	0	0.0	0.1
MAP7|T277	142	1.5626405	0.5
MAP9|S79	71	0.761331	0.3745877
MAP9|S97	0	0.0	0.1
MAPK13|S350	75	1.00374	0.48731712
MAPK13|Y182	0	0.0	0.1
MAPK14|S252	0	0.0	0.1
MAPK14|T180	186	1.5468416	0.5
MAPK14|T180_Y182	0	0.0	0.1
MAPK14|Y182	186	0.99109447	0.5
MAPK1|T181_Y187	0	0.0	0.1
MAPK1|T185_Y187	0	0.0	0.1
MAPK1|Y187	182	1.1975555	0.5
MAPK3|T198_Y204	0	0.0	0.1
MAPK3|T202_Y204	8	0.39568326	0.12190246
MAPK3|Y204	186	1.0366075	0.5
MAPK7|S731	0	0.0	0.1
MAPK7|T733	57	-0.05894864	0.042292535
MAPKAP1|S510	174	0.6867687	0.4726195
MAPKAPK2|T334	29	1.1588569	0.3380376
MAPKAPK5|S212	0	0.0	0.1
MAPKAPK5|T182	0	0.0	0.1
MAPKBP1|S1198	4	-0.22664857	0.087436594
MAPKBP1|S1263	0	0.0	0.1
MAPKBP1|S488	0	0.0	0.1
MAPRE2|S200	186	1.3971206	0.5
MAPRE3|S176	106	1.2219144	0.5
MAPT|S171	0	0.0	0.1
MAPT|S228	0	0.0	0.1
MAPT|S238	0	0.0	0.1
MAPT|S239	0	0.0	0.1
MAPT|S251	0	0.0	0.1
MAPT|S361	0	0.0	0.1
MAPT|S437	0	0.0	0.1
MAPT|S508	0	0.0	0.1
MAPT|S516	186	1.8829577	0.5
MAPT|S516_S519	0	0.0	0.1
MAPT|S519	196	1.5588342	0.5
MAPT|S531	131	1.7002906	0.5
MAPT|S641	0	0.0	0.1
MAPT|S84	0	0.0	0.1
MAPT|T218	0	0.0	0.1
MAPT|T254	0	0.0	0.1
MAPT|T268	0	0.0	0.1
MAPT|T268_S272	0	0.0	0.1
MAPT|T498	75	1.0926212	0.5
MAPT|T534	75	1.3803897	0.5
MAPT|T548	75	1.8187529	0.5
MAPT|T548_S552	0	0.0	0.1
MARCH7|S13	0	0.0	0.1
MARCH7|S544	76	0.8781041	0.4359995
MARCKSL1|S104	186	1.1953297	0.5
MARCKSL1|S135	74	0.37665617	0.21765837
MARCKSL1|S151	173	1.6355851	0.5
MARCKSL1|S22	205	1.0937078	0.5
MARCKSL1|S36	186	0.9356256	0.5
MARCKSL1|S71	70	1.2348915	0.5
MARCKSL1|T14	0	0.0	0.1
MARCKSL1|T148	212	1.125807	0.5
MARCKSL1|T148_S151	0	0.0	0.1
MARCKSL1|T85	85	1.0996196	0.5
MARCKS|S101	229	0.84602445	0.5
MARCKS|S145	192	0.94406694	0.5
MARCKS|S145_T150	0	0.0	0.1
MARCKS|S147	168	1.5592905	0.5
MARCKS|S163_S167	0	0.0	0.1
MARCKS|S167	186	1.102637	0.5
MARCKS|S167_S170	0	0.0	0.1
MARCKS|S170	203	0.74329865	0.5
MARCKS|S26	50	3.2498596	0.5
MARCKS|S262	0	0.0	0.1
MARCKS|S46	186	1.3593613	0.5
MARCKS|S52	39	0.18268009	0.12319802
MARCKS|S63	0	0.0	0.1
MARCKS|S77	60	0.80117226	0.3629396
MARCKS|S77_S81	0	0.0	0.1
MARCKS|S81	173	0.63758415	0.44066688
MARCKS|T143	175	0.5483322	0.3853023
MARCKS|T143_S145	0	0.0	0.1
MARCKS|T143_T150	0	0.0	0.1
MARCKS|T150	215	1.2188654	0.5
MARF1|S1090	0	0.0	0.1
MARF1|S1093	0	0.0	0.1
MARF1|S66	0	0.0	0.1
MARF1|S715	87	0.4953697	0.28394204
MARK1|S414	131	1.069623	0.5
MARK1|S589	0	0.0	0.1
MARK1|S634	0	0.0	0.1
MARK1|T215	0	0.0	0.1
MARK1|T504	68	1.1560955	0.5
MARK2|S398	75	1.9510663	0.5
MARK2|S40	154	0.75842714	0.4992039
MARK2|S400	213	1.6636192	0.5
MARK2|S409	88	0.5890356	0.32891026
MARK2|S455	0	0.0	0.1
MARK2|S456	235	0.94647956	0.5
MARK2|S485	0	0.0	0.1
MARK2|S486	240	1.2180843	0.5
MARK2|S497	0	0.0	0.1
MARK2|S498	0	0.0	0.1
MARK2|S517	0	0.0	0.1
MARK2|S568	0	0.0	0.1
MARK2|S569	5	0.0583437	0.09801637
MARK2|S570	0	0.0	0.1
MARK2|S571	3	0.19678894	0.10281909
MARK2|S618	0	0.0	0.1
MARK2|S619	83	0.29833227	0.18995398
MARK2|S630	0	0.0	0.1
MARK2|S631	0	0.0	0.1
MARK3|S400	57	0.925171	0.39958438
MARK3|S42	0	0.0	0.1
MARK3|S469	47	0.52937096	0.23728187
MARK3|S520	0	0.0	0.1
MARK3|S583	0	0.0	0.1
MARK3|T211	131	1.059758	0.5
MARK3|T507	142	0.7393136	0.47513443
MARK3|T564	0	0.0	0.1
MARK4|S423	0	0.0	0.1
MARK4|T214	0	0.0	0.1
MARVELD2|S116_S120	0	0.0	0.1
MARVELD2|S161	203	0.955701	0.5
MARVELD2|S407	173	1.6435187	0.5
MAST2|S1032	87	1.0665363	0.5
MAST2|S1380	0	0.0	0.1
MAST2|S1392	0	0.0	0.1
MAST2|S1398	0	0.0	0.1
MAST2|S1428	0	0.0	0.1
MAST2|S148	135	0.8758554	0.5
MAST2|S209	0	0.0	0.1
MAST2|S66	47	1.236147	0.4632579
MAST2|S74	146	0.97758627	0.5
MAST2|S806	0	0.0	0.1
MAST2|S895	63	1.2044221	0.5
MAST2|S900	178	1.2039562	0.5
MAST2|S92	179	1.563578	0.5
MAST2|S931	174	1.1476057	0.5
MAST2|T867	0	0.0	0.1
MAST3|S1215	0	0.0	0.1
MAST3|S146	182	0.6260956	0.43953687
MAST3|S348	148	0.90962726	0.5
MAST3|S66	104	1.0102415	0.5
MAST3|S728	191	1.3707178	0.5
MAST3|S754	104	0.21302044	0.15761827
MAST3|S782	0	0.0	0.1
MAST4|S1283	59	2.1804044	0.5
MAST4|S1355	0	0.0	0.1
MAST4|S137	0	0.0	0.1
MAST4|S1370	75	0.90239114	0.44388193
MAST4|S1419	75	0.1117132	0.10501995
MAST4|S1438	65	1.5032476	0.5
MAST4|S1442	0	0.0	0.1
MAST4|S1442_S1449	0	0.0	0.1
MAST4|S1467	47	0.775636	0.31601968
MAST4|S1491	0	0.0	0.1
MAST4|S1510	0	0.0	0.1
MAST4|S1523	71	0.71627456	0.35588005
MAST4|S1539	0	0.0	0.1
MAST4|S156	130	1.6700549	0.5
MAST4|S1595	0	0.0	0.1
MAST4|S166	167	0.6758139	0.46015328
MAST4|S1932	0	0.0	0.1
MAST4|S1947	0	0.0	0.1
MAST4|S2019	0	0.0	0.1
MAST4|S206	171	0.68590426	0.4697034
MAST4|S224	0	0.0	0.1
MAST4|S2442	0	0.0	0.1
MAST4|S2514	0	0.0	0.1
MAST4|S257	0	0.0	0.1
MAST4|S2624	0	0.0	0.1
MASTL|S370	0	0.0	0.1
MASTL|T519	0	0.0	0.1
MAT2B|S282	186	0.7242236	0.5
MAT2B|T280	0	0.0	0.1
MATR3|S11	79	1.3347609	0.5
MATR3|S118	114	0.5696678	0.35019687
MATR3|S188	237	0.9988373	0.5
MATR3|S195	63	0.1547196	0.1211493
MATR3|S206	186	0.9145198	0.5
MATR3|S208	186	1.0425084	0.5
MATR3|S22	0	0.0	0.1
MATR3|S234	0	0.0	0.1
MATR3|S37	0	0.0	0.1
MATR3|S4	144	0.6204177	0.4071318
MATR3|S41	0	0.0	0.1
MATR3|S533	44	0.43948936	0.20373285
MATR3|S596	213	0.8649823	0.5
MATR3|S596_S598	0	0.0	0.1
MATR3|S598	247	0.39765388	0.31187463
MATR3|S598_S604	7	0.15773286	0.10377692
MATR3|S604	186	0.53845316	0.38514787
MATR3|S615	146	0.81895226	0.5
MATR3|S631	181	0.29819036	0.22765997
MATR3|S766	191	1.234317	0.5
MATR3|T150	186	1.0119642	0.5
MATR3|T741	0	0.0	0.1
MAVS|S152	115	0.5072407	0.31782642
MAVS|S152_S165	0	0.0	0.1
MAVS|S165	117	0.57005227	0.35343832
MAVS|S222	230	0.8937453	0.5
MAVS|S401	182	1.2684654	0.5
MAVS|T121	0	0.0	0.1
MBD1|S295	0	0.0	0.1
MBD1|S297	0	0.0	0.1
MBD1|S311	125	0.7583336	0.46574092
MBD1|S320	0	0.0	0.1
MBD1|S322	0	0.0	0.1
MBD1|S337	0	0.0	0.1
MBD1|S424	0	0.0	0.1
MBD1|T468	0	0.0	0.1
MBD1|T570	60	0.14986677	0.11870004
MBD1|T580	0	0.0	0.1
MBD3|S56	156	1.7063016	0.5
MBD3|S85	149	0.9363452	0.5
MBD4|S253	0	0.0	0.1
MBLAC1|S61	182	0.4951207	0.355007
MBNL1|S56	0	0.0	0.1
MBOAT2|T385	0	0.0	0.1
MBOAT7|S211	0	0.0	0.1
MBOAT7|S212	0	0.0	0.1
MBOAT7|S386	0	0.0	0.1
MBP|S153	0	0.0	0.1
MBP|S26	182	0.69491225	0.4839505
MBP|S96	0	0.0	0.1
MBP|T21	111	0.27658507	0.19289547
MCAM|S606	194	0.86790085	0.5
MCC|S129	0	0.0	0.1
MCC|S389	0	0.0	0.1
MCC|S484	0	0.0	0.1
MCC|S871	0	0.0	0.1
MCC|S892	0	0.0	0.1
MCF2L|S546	0	0.0	0.1
MCF2L|S557	0	0.0	0.1
MCF2L|S577	0	0.0	0.1
MCF2L|S588	0	0.0	0.1
MCF2L|S590	0	0.0	0.1
MCM2|S108	57	0.4200986	0.21621414
MCM2|S139	237	1.1615161	0.5
MCM2|S170	0	0.0	0.1
MCM2|S27	222	1.7674695	0.5
MCM3AP|S527_S538	0	0.0	0.1
MCM3AP|S538	0	0.0	0.1
MCM3|S678_S682_T684	0	0.0	0.1
MCM3|S682	0	0.0	0.1
MCM3|S682_T684	0	0.0	0.1
MCM3|S713_S717_T719	0	0.0	0.1
MCM3|S717	0	0.0	0.1
MCM3|S717_T719	0	0.0	0.1
MCM3|S756	0	0.0	0.1
MCM3|S756_T758	0	0.0	0.1
MCM3|S756_T758_T767	0	0.0	0.1
MCM3|S756_T767	0	0.0	0.1
MCM3|T719	0	0.0	0.1
MCM3|T767	0	0.0	0.1
MCM4|S120	71	0.5831572	0.3006091
MCM4|S131	75	0.912965	0.44841358
MCM4|S326	169	0.9461279	0.5
MCM4|T19	65	1.3291482	0.5
MCM6|S762	200	0.5570212	0.40468082
MCM7|S500	59	0.1508099	0.11885399
MCMBP|S154	221	0.89642495	0.5
MCMBP|S298	192	0.36313602	0.27302095
MCRIP1|S21	201	1.0101717	0.5
MCRS1|S121	0	0.0	0.1
MCRS1|S295	0	0.0	0.1
MDC1|S108	147	0.19302712	0.15536432
MDC1|S168	219	0.8486279	0.5
MDC1|S1775	0	0.0	0.1
MDC1|S1814	61	1.5009333	0.5
MDC1|S1820	62	0.8476208	0.3861265
MDC1|S329	203	1.3623024	0.5
MDC1|S329_T331	0	0.0	0.1
MDC1|S376	186	1.3609312	0.5
MDC1|S402_T404	0	0.0	0.1
MDC1|S453_T455	0	0.0	0.1
MDC1|S495	156	1.489877	0.5
MDC1|S495_S498	0	0.0	0.1
MDC1|S498	170	1.3825634	0.5
MDC1|S505	158	0.6498074	0.43670374
MDC1|S544	46	1.1860799	0.44218954
MDC1|S780	175	1.4649363	0.5
MDC1|S793	174	0.67636347	0.46601182
MDC1|S882	186	1.1089525	0.5
MDC1|T1157	59	0.5781336	0.27742064
MDC1|T1198	67	0.6128243	0.3057439
MDC1|T1425	168	0.5384604	0.37485576
MDC1|T1466	72	-0.093129836	0.019154951
MDC1|T1548	53	-0.20129	-0.004368432
MDC1|T1567	56	0.42446154	0.21647337
MDC1|T1800	0	0.0	0.1
MDH1|S129	0	0.0	0.1
MDH1|S235	0	0.0	0.1
MDH1|S259	0	0.0	0.1
MDH1|S260	0	0.0	0.1
MDH2|S246	70	1.210448	0.5
MDM1|S218	0	0.0	0.1
MDM1|S269	0	0.0	0.1
MDM1|S566	0	0.0	0.1
MDN1|S4538	183	0.74578893	0.5
MDN1|S4752	44	1.1841539	0.43126926
MDN1|S4752_S4754	0	0.0	0.1
MDN1|S4889	0	0.0	0.1
MDN1|S5015	65	0.8175556	0.38267344
MDN1|T4898	159	1.4776196	0.5
MEA1|S168	0	0.0	0.1
MECOM|S427	0	0.0	0.1
MECOM|S501	0	0.0	0.1
MECOM|S603	0	0.0	0.1
MECP2|S25	0	0.0	0.1
MECP2|S286	0	0.0	0.1
MECP2|S325	0	0.0	0.1
MECP2|S435	0	0.0	0.1
MECP2|S90	0	0.0	0.1
MECP2|S92	0	0.0	0.1
MECP2|T491	0	0.0	0.1
MED12|S1258	142	0.37644196	0.26220974
MED12|S635	96	0.68476355	0.3864148
MED12|S698	166	0.5506924	0.38125917
MED12|S698_S700	0	0.0	0.1
MED13L|S1071	144	0.5517112	0.36658368
MED13L|S2083	0	0.0	0.1
MED13L|S747	0	0.0	0.1
MED13L|S878	0	0.0	0.1
MED13L|S923	68	0.30136645	0.18150547
MED13|S1029	0	0.0	0.1
MED13|S530_S537	0	0.0	0.1
MED13|S890	153	0.7284144	0.48002926
MED13|T474	0	0.0	0.1
MED14|S1112	157	-0.45980802	-0.24198389
MED14|S1112_S1119	0	0.0	0.1
MED14|S1119	124	0.13154913	0.1174647
MED14|S1136	0	0.0	0.1
MED14|S617	168	0.7051677	0.47935888
MED15|T603	0	0.0	0.1
MED17|S10	47	1.5337198	0.5
MED19|S243	0	0.0	0.1
MED1|S1207	0	0.0	0.1
MED1|S1207_T1215	0	0.0	0.1
MED1|S1302	0	0.0	0.1
MED1|S1401	181	0.6347097	0.44442156
MED1|S1433	130	0.7070397	0.4431094
MED1|S1463	52	0.5485427	0.2534488
MED1|S1536	0	0.0	0.1
MED1|S588	0	0.0	0.1
MED1|T1051	144	0.50451595	0.33873075
MED1|T1215	0	0.0	0.1
MED1|T805	186	1.0114895	0.5
MED26|S361	141	1.0283254	0.5
MED26|S373	56	0.9216512	0.3949517
MED26|S447	186	0.71382415	0.49920034
MED26|S535	112	0.33493116	0.22411457
MEF2A|S233	0	0.0	0.1
MEF2A|S253	0	0.0	0.1
MEF2A|S398	0	0.0	0.1
MEF2A|S98	182	1.6056794	0.5
MEF2A|S98_S108	0	0.0	0.1
MEF2A|S98_Y104	0	0.0	0.1
MEF2C|S222	82	0.8788403	0.45090607
MEF2C|S222_S228	0	0.0	0.1
MEF2C|S240	148	0.7215698	0.4709368
MEF2C|S396	186	0.7800382	0.5
MEF2D|S121	211	1.0203154	0.5
MEF2D|S180	192	0.7923204	0.5
MEF2D|S231	168	0.9367462	0.5
MEF2D|S251	0	0.0	0.1
MEF2D|S98	115	1.4210567	0.5
MEF2D|S98_S106	0	0.0	0.1
MEF2D|S98_S106_S110	0	0.0	0.1
MEFV|S242	61	0.61882615	0.29657388
MEIS1|S196	198	0.22981995	0.18625623
MELK|S308	0	0.0	0.1
MELK|S457	0	0.0	0.1
MEN1|S492	0	0.0	0.1
MEN1|S548	54	-0.089765586	0.03345882
MEOX2|S155	169	0.08800576	0.09246459
MEPCE|S152	186	0.82327193	0.5
MEPCE|S254	133	1.5664726	0.5
MEPCE|S330	75	0.1494867	0.12120859
MEPCE|S390	95	1.6848452	0.5
MEPCE|S60	186	0.72930187	0.5
MEPCE|S69	186	0.53005576	0.37968662
MEPCE|T213	152	1.0278155	0.5
MEPCE|T291	0	0.0	0.1
METTL13|S267	118	1.027038	0.5
METTL16|S419	168	1.2758716	0.5
METTL16|S455	45	0.060803562	0.08783559
METTL1|S27	149	1.3450431	0.5
METTL3|S219	0	0.0	0.1
METTL3|S30	85	0.9969456	0.5
METTL3|S43	193	1.3788886	0.5
MET|T977	0	0.0	0.1
MEX3A|S308	55	-0.04883443	0.047187783
MEX3A|S338	146	1.235849	0.5
MEX3A|S428	73	0.43526933	0.24147204
MEX3C|S537	174	0.38214567	0.27917278
MEX3C|S545	75	0.021845613	0.06650527
MEX3D|S514	153	0.39282903	0.27708632
MFAP1|S116	201	0.7134661	0.5
MFAP1|S116_S118	3	-0.15168612	0.09266933
MFAP1|S118	164	1.0469575	0.5
MFAP1|S132_S133	0	0.0	0.1
MFAP1|S52_S53	0	0.0	0.1
MFAP1|S94	189	0.6560562	0.46364924
MFAP1|T267	197	1.0209846	0.5
MFF|S129	0	0.0	0.1
MFF|S129_S131	0	0.0	0.1
MFF|S131	0	0.0	0.1
MFF|S146	0	0.0	0.1
MFF|S155	186	0.45297667	0.32955828
MFF|S155_S157	0	0.0	0.1
MFF|S157	192	0.75370336	0.5
MFF|S172	53	0.8651086	0.36503762
MFGE8|S42	75	0.66717714	0.34307593
MFHAS1|S1038	0	0.0	0.1
MFSD6|S733	77	0.32515243	0.19794767
MFSD6|T10	206	0.7931801	0.5
MFSD6|T726	0	0.0	0.1
MGA|S1422	17	0.1422712	0.10614197
MGA|S1457	58	0.47060475	0.2360448
MGA|S2898	0	0.0	0.1
MGA|S2921	71	0.8337754	0.40466696
MGA|S3059	60	0.9573754	0.42151576
MGA|S369	173	0.7064731	0.4843218
MGA|S449	182	0.9931972	0.5
MGA|S56	55	0.76375914	0.33552742
MGA|S607	0	0.0	0.1
MGA|S924	172	0.72905207	0.49778295
MIA2|S527	0	0.0	0.1
MIA2|S541	0	0.0	0.1
MIA2|S553	0	0.0	0.1
MIA2|S601	0	0.0	0.1
MIA2|S640	0	0.0	0.1
MIA2|S652	0	0.0	0.1
MIA3|S1431	154	0.65479547	0.43637207
MIA3|S1539	184	0.26181313	0.20483668
MIA3|S1678	42	0.3428826	0.17183852
MIA3|S1706	111	1.2652555	0.5
MIA3|S1930	0	0.0	0.1
MIA3|S727	211	1.161468	0.5
MIA3|S876	98	0.57354915	0.3343829
MIB1|S411	144	0.35118568	0.24824072
MIB1|S416	0	0.0	0.1
MIB2|S366	0	0.0	0.1
MICAL1|T389	0	0.0	0.1
MICAL2|S515	50	1.8646196	0.5
MICAL2|S765	0	0.0	0.1
MICAL3|S1129	0	0.0	0.1
MICAL3|S1134	96	0.13355684	0.116436005
MICAL3|S1221	186	0.51360023	0.3689848
MICAL3|S1310	241	1.0130652	0.5
MICAL3|S1394	0	0.0	0.1
MICAL3|S1483	0	0.0	0.1
MICAL3|S1649	186	0.6962878	0.4877956
MICAL3|S1822	0	0.0	0.1
MICAL3|S649	142	1.261194	0.5
MICAL3|S685	197	1.0442066	0.5
MICAL3|S977	205	1.1231251	0.5
MICALL1|S295	0	0.0	0.1
MICALL1|S484_S486	0	0.0	0.1
MICALL1|S578	202	1.129913	0.5
MICALL1|S621	53	0.35140952	0.18708958
MICALL1|S640	0	0.0	0.1
MICALL1|S640_S644	0	0.0	0.1
MICALL1|S644	0	0.0	0.1
MICALL1|S740	0	0.0	0.1
MICALL1|T318	0	0.0	0.1
MICALL2|S122	186	0.8532836	0.5
MICALL2|S122_S125	0	0.0	0.1
MICALL2|S125	178	1.1280783	0.5
MICALL2|S143	206	0.9310992	0.5
MICALL2|S153	0	0.0	0.1
MICALL2|S249	94	0.7348118	0.40758923
MICALL2|S649	180	0.8884221	0.5
MICALL2|T330	0	0.0	0.1
MID1|S92	183	0.981076	0.5
MID1|S96	195	0.48878717	0.3569949
MID1|T78	172	1.5995882	0.5
MID2|S116	165	1.1819232	0.5
MID2|T98	0	0.0	0.1
MIER1|S420	0	0.0	0.1
MIER1|S430	0	0.0	0.1
MIER1|S536_S541	0	0.0	0.1
MIER1|S541	0	0.0	0.1
MIGA1|S147	60	1.0136678	0.44262543
MIGA2|S276	186	0.45346645	0.32987678
MINDY1|S151	0	0.0	0.1
MINDY2|S94	148	-0.01014889	0.034265988
MINDY4|S352	0	0.0	0.1
MINK1|S535	0	0.0	0.1
MINK1|S601	175	0.71400785	0.49073225
MINK1|S641	5	0.07548088	0.09883243
MINK1|S701	168	0.69484556	0.47288826
MINK1|S740	134	0.94282675	0.5
MINK1|S763	178	0.17392185	0.14733127
MINK1|S993	172	0.9174563	0.5
MINK1|T181	0	0.0	0.1
MINK1|T187	0	0.0	0.1
MINK1|T809	0	0.0	0.1
MIS18BP1|S1116	0	0.0	0.1
MIS18BP1|T702	0	0.0	0.1
MISP3|S174	80	1.4199572	0.5
MISP3|S208	182	1.6174072	0.5
MISP3|S91	154	0.1662025	0.14013852
MISP|S284	0	0.0	0.1
MISP|S335	0	0.0	0.1
MISP|S348	0	0.0	0.1
MISP|S394	208	1.4381485	0.5
MISP|S394_S395	0	0.0	0.1
MISP|S395	143	0.98299915	0.5
MISP|S397	3	0.12188434	0.100637406
MISP|S400	3	-0.25850806	0.08955801
MISP|S471	0	0.0	0.1
MISP|S541	0	0.0	0.1
MISP|S543	79	1.3136041	0.5
MISP|S575	80	0.656023	0.34712136
MISP|S582	0	0.0	0.1
MISP|S78	0	0.0	0.1
MISP|T172	0	0.0	0.1
MISP|T287	0	0.0	0.1
MISP|T377	215	0.77786946	0.5
MITF|S307	0	0.0	0.1
MITF|S397	0	0.0	0.1
MKI67|S1098	142	2.474726	0.5
MKI67|S1131	0	0.0	0.1
MKI67|S1253	132	0.26276186	0.19260588
MKI67|S1455	0	0.0	0.1
MKI67|S1745	0	0.0	0.1
MKI67|S1815	0	0.0	0.1
MKI67|S1863	0	0.0	0.1
MKI67|S1983	0	0.0	0.1
MKI67|S1984	0	0.0	0.1
MKI67|S2072	0	0.0	0.1
MKI67|S2105	49	0.72695756	0.3061807
MKI67|S2106	0	0.0	0.1
MKI67|S2223	0	0.0	0.1
MKI67|S224	0	0.0	0.1
MKI67|S2344	0	0.0	0.1
MKI67|S2348	0	0.0	0.1
MKI67|S2466	0	0.0	0.1
MKI67|S2588	0	0.0	0.1
MKI67|S2708	134	0.78257424	0.49087587
MKI67|S2828	134	0.75721455	0.47635365
MKI67|S308	162	0.45763838	0.32113516
MKI67|S357	181	0.9764477	0.5
MKI67|S374	169	1.2007462	0.5
MKI67|S538	46	1.5123982	0.5
MKI67|S584	199	0.51241714	0.374485
MKI67|S771	0	0.0	0.1
MKI67|S827	71	0.2643609	0.16824341
MKI67|T1143	0	0.0	0.1
MKI67|T1193	0	0.0	0.1
MKI67|T1298	0	0.0	0.1
MKI67|T1315	0	0.0	0.1
MKI67|T1355	0	0.0	0.1
MKI67|T1387	0	0.0	0.1
MKI67|T1503	0	0.0	0.1
MKI67|T1563	0	0.0	0.1
MKI67|T1747	0	0.0	0.1
MKI67|T1764	68	1.9462447	0.5
MKI67|T1908	0	0.0	0.1
MKI67|T1923	74	0.80011237	0.39774895
MKI67|T1925	0	0.0	0.1
MKI67|T2029	0	0.0	0.1
MKI67|T2268	0	0.0	0.1
MKI67|T2285	0	0.0	0.1
MKI67|T2389	0	0.0	0.1
MKI67|T2406	0	0.0	0.1
MKI67|T833	0	0.0	0.1
MKI67|T955	0	0.0	0.1
MKNK1|S168	0	0.0	0.1
MKNK1|S27	0	0.0	0.1
MKNK1|S360	0	0.0	0.1
MKNK1|T332	0	0.0	0.1
MKNK2|S437	0	0.0	0.1
MKNK2|S452	171	1.2067329	0.5
MKRN2|S72	0	0.0	0.1
MKRN2|S96	0	0.0	0.1
MLF1|S220	75	1.129325	0.5
MLF1|S228	72	1.6276464	0.5
MLF1|S240	74	1.7294991	0.5
MLF1|S249	71	1.4170474	0.5
MLF1|S34	176	1.8376825	0.5
MLF2|S216	209	1.474613	0.5
MLF2|S238	247	1.8531766	0.5
MLF2|S243	74	1.0003552	0.4829097
MLF2|S32	0	0.0	0.1
MLH1|S477	178	0.6741872	0.46764502
MLIP|S135	114	0.47536376	0.2999601
MLKL|S106	66	0.72802675	0.34969738
MLLT10|S689	179	0.32163262	0.24219441
MLLT1|S292	172	0.36522275	0.26771438
MLLT1|S359_S361	0	0.0	0.1
MLLT1|S361	170	1.7502707	0.5
MLLT1|S475	184	1.3079516	0.5
MLLT3|S285	0	0.0	0.1
MLLT3|S480	0	0.0	0.1
MLLT6|S218_S220_S222	0	0.0	0.1
MLLT6|S222	186	0.89806384	0.5
MLLT6|S258	56	0.016586946	0.070056856
MLLT6|S423	229	1.2714232	0.5
MLPH|S226	37	1.0736516	0.362957
MLPH|S416	0	0.0	0.1
MLPH|S435	0	0.0	0.1
MLPH|S482	0	0.0	0.1
MLXIP|S700	0	0.0	0.1
MNAT1|S237	0	0.0	0.1
MOB1A|S22	0	0.0	0.1
MOCS2|S20	183	0.59461004	0.41983616
MOCS3|S47	47	0.07976085	0.093528986
MON1A|S188	65	1.1325198	0.5
MON1B|S59	140	0.08174559	0.089351594
MON1B|S59_S61	0	0.0	0.1
MON1B|S61	186	0.6698993	0.47063383
MON2|S1214	229	0.6711715	0.49756312
MON2|S205	0	0.0	0.1
MORC2|S615	227	0.44549692	0.33984035
MORC2|S739	154	1.3398937	0.5
MORC2|S739_S743	5	-0.031615317	0.0937326
MORC2|S743	186	0.74090004	0.5
MORC2|S777_S779	0	0.0	0.1
MORC2|S779	188	1.2574288	0.5
MORC3|S443	0	0.0	0.1
MORC3|S489	0	0.0	0.1
MORF4L2|S71	180	1.5727549	0.5
MPDZ|S1078	124	0.8694289	0.5
MPDZ|S1560	0	0.0	0.1
MPDZ|S1562	0	0.0	0.1
MPDZ|S230	136	1.0104151	0.5
MPDZ|S354	162	0.611137	0.4160465
MPDZ|S483	171	0.4663284	0.33115187
MPHOSPH10|S139	0	0.0	0.1
MPHOSPH10|S163_S167_S171	0	0.0	0.1
MPHOSPH10|S163_S171	0	0.0	0.1
MPHOSPH10|S171	109	1.2427448	0.5
MPHOSPH10|S242	5	-0.20584646	0.08543588
MPHOSPH6|S110	112	0.28243586	0.19638121
MPHOSPH8|S136	144	0.6022403	0.39640415
MPHOSPH8|S136_S138	0	0.0	0.1
MPHOSPH8|S164	186	0.5179479	0.37181228
MPHOSPH8|S279	0	0.0	0.1
MPHOSPH8|S371	40	0.39871064	0.1853459
MPHOSPH8|S403	184	0.53346956	0.38083944
MPHOSPH8|S51	212	0.7737523	0.5
MPHOSPH9|S516	158	0.720622	0.48007083
MPHOSPH9|S951	0	0.0	0.1
MPHOSPH9|S994	0	0.0	0.1
MPLKIP|S104	0	0.0	0.1
MPLKIP|S115	161	0.5441107	0.37395334
MPLKIP|S40	186	0.16341075	0.14123917
MPLKIP|T10	0	0.0	0.1
MPP1|S226	0	0.0	0.1
MPP1|S93	0	0.0	0.1
MPP5|S25	34	0.453328	0.18965039
MPP7|S490	0	0.0	0.1
MPRIP|S224	186	0.49409133	0.35629717
MPRIP|S265	133	1.6307964	0.5
MPRIP|S289	0	0.0	0.1
MPRIP|S292	130	0.5992318	0.38217446
MPRIP|S362	11	0.17954922	0.10788325
MPRIP|S365	213	0.6919371	0.5
MPRIP|S504	70	0.83015907	0.40065372
MPRIP|S619	231	1.3006366	0.5
MPRIP|S800	176	1.4331477	0.5
MPRIP|S891	194	0.55256516	0.39863142
MPRIP|S977	194	0.63802487	0.4550232
MPRIP|S980	122	0.73659056	0.44983804
MPRIP|S993	186	0.81236583	0.5
MPRIP|T166	0	0.0	0.1
MPRIP|T542	37	0.19652751	0.12606949
MPST|S15	0	0.0	0.1
MPST|S17	0	0.0	0.1
MPZL1|S219	73	0.5341565	0.283199
MPZL1|S221	181	1.1273078	0.5
MPZL1|S260	207	1.6318394	0.5
MPZL1|Y263	157	1.1701297	0.5
MRC2|S1458	204	1.8121005	0.5
MRE11|S275	0	0.0	0.1
MRE11|S618	0	0.0	0.1
MRE11|S687_S688	0	0.0	0.1
MRGBP|S195	173	1.0366468	0.5
MRPS36|S61	141	0.051453035	0.07159701
MRTFA|S156	0	0.0	0.1
MRTFA|S385	156	0.9799861	0.5
MRTFA|S6	0	0.0	0.1
MRTFB|S77	0	0.0	0.1
MRTFB|S932	0	0.0	0.1
MRTO4|S80	168	0.31231293	0.2330917
MRVI1|S303	0	0.0	0.1
MRVI1|S386	0	0.0	0.1
MRVI1|S593	0	0.0	0.1
MRVI1|S676	0	0.0	0.1
MRVI1|S689	0	0.0	0.1
MS4A1|S35	0	0.0	0.1
MS4A1|S35_S36	0	0.0	0.1
MS4A1|S7	169	1.3317289	0.5
MSANTD2|S48	171	0.66860104	0.45878515
MSANTD2|S83	96	0.29997268	0.19794582
MSANTD3|S274	0	0.0	0.1
MSANTD3|S98	0	0.0	0.1
MSANTD4|S152	8	-0.020392006	0.091082074
MSH6|S137	186	0.6251732	0.44154623
MSH6|S14	135	0.93420815	0.5
MSH6|S200	41	0.66343176	0.26383477
MSH6|S219	0	0.0	0.1
MSH6|S219_S227	0	0.0	0.1
MSH6|S227	186	1.0215069	0.5
MSH6|S261	178	1.7393688	0.5
MSH6|S309	182	1.7706429	0.5
MSH6|S41	53	0.40451372	0.20548517
MSH6|S43	97	-0.035774957	0.03314634
MSH6|S830	71	0.7810494	0.38277486
MSI1|S191	75	0.6158097	0.32106128
MSL1|S179	0	0.0	0.1
MSL2|S492	0	0.0	0.1
MSLN|S200	94	1.8460578	0.5
MSN|S144	71	0.12553321	0.1106015
MSN|S249	0	0.0	0.1
MSN|S384	183	1.6033838	0.5
MSN|S407	232	0.8457373	0.5
MSN|S429	183	1.149945	0.5
MSN|S440	0	0.0	0.1
MSN|S504	186	0.48777407	0.35218874
MSN|S527	185	0.64999014	0.45701116
MSN|S74	0	0.0	0.1
MSN|Y270	0	0.0	0.1
MTA1|S386	184	0.41135144	0.30172065
MTA1|S449	191	0.9344821	0.5
MTA1|S522	71	0.232531	0.15502748
MTA1|S576	140	0.38456792	0.26599795
MTA1|S639	147	1.2319871	0.5
MTA1|T564	66	1.7618465	0.5
MTA2|S548	60	2.1834636	0.5
MTA2|T534	0	0.0	0.1
MTA3|S462	0	0.0	0.1
MTCL1|S1066	0	0.0	0.1
MTCL1|S1102	0	0.0	0.1
MTCL1|S1195	0	0.0	0.1
MTCL1|S1204	0	0.0	0.1
MTCL1|S1493_S1495	0	0.0	0.1
MTCL1|S262	0	0.0	0.1
MTCL1|S396	0	0.0	0.1
MTCL1|S416	0	0.0	0.1
MTCL1|T1098_S1102	0	0.0	0.1
MTDH|S251	76	1.3804734	0.5
MTDH|S298	247	1.1161394	0.5
MTDH|S308	182	0.9813627	0.5
MTDH|S311	179	0.70518	0.4882696
MTDH|S426	241	0.5977004	0.4517472
MTDH|S568	246	1.6291735	0.5
MTDH|T143	229	0.96776617	0.5
MTDH|T462	67	-0.17914264	-0.011991363
MTFR1L|S103	234	0.54886067	0.41447124
MTFR1L|S103_S110	11	0.7818595	0.16757166
MTFR1L|S110	186	1.3574283	0.5
MTFR1L|S238	222	0.8784159	0.5
MTFR1L|S41	184	1.5588448	0.5
MTFR1|S86	0	0.0	0.1
MTHFD1|S490	111	-0.77047926	-0.3579299
MTM1|S13	168	0.6857109	0.46716207
MTM1|S18	111	1.0985307	0.5
MTM1|S591	53	0.12972759	0.1102978
MTMR10|S607	84	0.84355944	0.43945104
MTMR10|S751	178	1.1286112	0.5
MTMR12|S564	209	1.0060354	0.5
MTMR14|S624	55	0.11911309	0.106782064
MTMR1|S43	93	1.4894419	0.5
MTMR1|S43_S49	0	0.0	0.1
MTMR1|S49	167	1.5735352	0.5
MTMR2|S58	0	0.0	0.1
MTMR3|S633	186	0.9334095	0.5
MTMR3|S647	181	0.8602024	0.5
MTMR3|S903	0	0.0	0.1
MTMR3|T731	0	0.0	0.1
MTMR6|S561	0	0.0	0.1
MTMR6|S611	229	1.0069795	0.5
MTOR|S1261	186	0.5296025	0.37939188
MTOR|S2478	0	0.0	0.1
MTOR|S2478_S2481	0	0.0	0.1
MTOR|S2481	0	0.0	0.1
MTPN|T31	186	0.98910904	0.5
MTRR|S189	0	0.0	0.1
MTSS1L|S428	0	0.0	0.1
MTSS1L|S456	141	1.5925841	0.5
MTSS1L|S601	144	0.49014145	0.33024743
MTSS1L|S673	0	0.0	0.1
MTSS1L|Y258	0	0.0	0.1
MTSS1|T262	0	0.0	0.1
MTSS1|T607	0	0.0	0.1
MTUS1|S1170	0	0.0	0.1
MTUS1|S1224	164	1.3536369	0.5
MTUS1|S1245	195	0.41819847	0.31033456
MTUS1|S1264	0	0.0	0.1
MTUS1|S1268	167	1.3774701	0.5
MTUS1|S663	0	0.0	0.1
MTUS1|S740	169	0.665276	0.45513624
MTX1|S87	50	0.24976175	0.14992058
MTX3|S188	0	0.0	0.1
MTX3|S223	0	0.0	0.1
MTX3|S250	0	0.0	0.1
MUC1|S236	0	0.0	0.1
MUC1|Y238	0	0.0	0.1
MVB12A|S170	203	1.2870378	0.5
MVB12A|S78	0	0.0	0.1
MVB12B|S224	160	0.8600049	0.5
MVB12B|S309	94	0.20976524	0.15318522
MVD|S96	186	0.6188191	0.43741384
MVP|S445	235	0.96426076	0.5
MX1|S35	0	0.0	0.1
MX2|S14	0	0.0	0.1
MXRA5|S1080	55	0.87712115	0.37575266
MXRA7|S140	155	1.8792964	0.5
MXRA7|S144	28	0.44127455	0.1746538
MXRA7|Y143	0	0.0	0.1
MYBBP1A|S11	186	0.461405	0.33503965
MYBBP1A|S1163	214	1.0020509	0.5
MYBBP1A|S1267	121	0.80090636	0.4837542
MYBBP1A|S1310	0	0.0	0.1
MYBBP1A|S775	0	0.0	0.1
MYBBP1A|T1227	0	0.0	0.1
MYCBP2|S181_S183	0	0.0	0.1
MYCBP2|S2319	55	0.88555986	0.37874705
MYCBP2|S2353	51	0.17584771	0.12561744
MYCBP2|S2687	0	0.0	0.1
MYCBP2|S2787_S2789	0	0.0	0.1
MYCBP2|S2789	0	0.0	0.1
MYCBP2|S2812	59	0.82186466	0.36786175
MYCBP2|S2871	54	-0.053246357	0.046264265
MYCBP2|S3478	75	1.0180355	0.4934438
MYCBP2|S3505	75	0.72753507	0.3689436
MYCBP2|S3931_S3932	0	0.0	0.1
MYCBP2|T2683	0	0.0	0.1
MYCT1|S135	186	1.1357976	0.5
MYCT1|S135_S138	0	0.0	0.1
MYCT1|S149	201	0.80481625	0.5
MYEF2|S17	226	0.18850675	0.16135745
MYEF2|S474	0	0.0	0.1
MYH10|S1160	0	0.0	0.1
MYH10|S1176	0	0.0	0.1
MYH10|S1378	0	0.0	0.1
MYH10|S1966	0	0.0	0.1
MYH10|S1983	0	0.0	0.1
MYH10|S1983_S1987	0	0.0	0.1
MYH10|S1987	0	0.0	0.1
MYH10|S214	0	0.0	0.1
MYH11|S1009	135	1.5652837	0.5
MYH11|S1034	0	0.0	0.1
MYH11|S1121	38	0.62660885	0.24500823
MYH11|S1347	40	0.5835399	0.23815426
MYH11|S1667	0	0.0	0.1
MYH11|S1954	191	1.0459713	0.5
MYH11|S1961	0	0.0	0.1
MYH11|S23	169	0.5640877	0.3915644
MYH11|S638	147	1.1298255	0.5
MYH11|S8	227	1.1206754	0.5
MYH14|S1977	0	0.0	0.1
MYH14|S1977_S1991	0	0.0	0.1
MYH14|S1977_S1991_S1997	0	0.0	0.1
MYH14|S1977_S1997	0	0.0	0.1
MYH14|S1991	0	0.0	0.1
MYH14|S1991_S1997	0	0.0	0.1
MYH14|S1997	0	0.0	0.1
MYH14|S45	180	1.4204285	0.5
MYH14|T1470	0	0.0	0.1
MYH9|S1114	122	1.7260913	0.5
MYH9|S1340	136	1.0431451	0.5
MYH9|S1435	0	0.0	0.1
MYH9|S1660	114	0.2791496	0.19543482
MYH9|S1808	130	0.9823377	0.5
MYH9|S1943	247	0.8301774	0.5
MYH9|S841	43	1.0114183	0.37406287
MYH9|Y754	128	0.9040009	0.5
MYL12A|S19	241	2.0841448	0.5
MYL12A|T134	138	0.68238056	0.43768287
MYL12A|T18	198	2.0377376	0.5
MYL12A|T18_S19	0	0.0	0.1
MYL6|S135	0	0.0	0.1
MYL6|S57	114	0.16133621	0.13267443
MYL9|S20	55	1.0728357	0.44519976
MYL9|T19	12	0.47307006	0.1399718
MYL9|T19_S20	0	0.0	0.1
MYLK|S1262	0	0.0	0.1
MYLK|S129	0	0.0	0.1
MYLK|S1438	182	1.3953912	0.5
MYLK|S1583_S1584	0	0.0	0.1
MYLK|S1584	0	0.0	0.1
MYLK|S1600	0	0.0	0.1
MYLK|S1603	0	0.0	0.1
MYLK|S1672	0	0.0	0.1
MYLK|S1759	153	2.0063086	0.5
MYLK|S1759_S1760	0	0.0	0.1
MYLK|S1760	247	1.2594596	0.5
MYLK|S1776	200	0.6296863	0.4531242
MYLK|S1779	227	1.1145205	0.5
MYLK|S1848	0	0.0	0.1
MYLK|S305	211	0.7531949	0.5
MYLK|S735	0	0.0	0.1
MYLK|S771	0	0.0	0.1
MYLK|S827	93	1.5773654	0.5
MYLK|S947	186	0.6568022	0.46211612
MYLK|T335	81	2.8739655	0.5
MYLK|T883	137	0.86103296	0.5
MYLK|T978	0	0.0	0.1
MYO10|S1883	134	0.8588997	0.5
MYO15B|S2046	0	0.0	0.1
MYO18A|S132	161	1.746971	0.5
MYO18A|S140	238	0.64789957	0.48579913
MYO18A|S1640	159	0.8864965	0.5
MYO18A|S1970	191	0.88617945	0.5
MYO18A|S1970_S1974	0	0.0	0.1
MYO18A|S1974	163	1.4050193	0.5
MYO18A|S1998	210	0.5649531	0.41496822
MYO18A|S1998_S2002	5	0.10683686	0.10032557
MYO18A|S2002	210	0.74475193	0.5
MYO18A|S2007	234	0.6495597	0.48502085
MYO18A|S2020	197	0.43392247	0.32149068
MYO18A|S2041	182	0.62290174	0.43747562
MYO18A|S2041_S2043	19	0.7438338	0.202797
MYO18A|S2043	197	0.4548362	0.33536273
MYO18A|S987	143	0.5200376	0.34718263
MYO19|S685	0	0.0	0.1
MYO1C|S1022	0	0.0	0.1
MYO1C|S389	0	0.0	0.1
MYO1C|S6	0	0.0	0.1
MYO1C|S717	0	0.0	0.1
MYO1C|S845	0	0.0	0.1
MYO1C|S897	0	0.0	0.1
MYO1C|S996	0	0.0	0.1
MYO1E|S980	156	0.8191999	0.5
MYO1F|S1019	0	0.0	0.1
MYO1G|S1010	179	1.2148507	0.5
MYO1G|S992	103	0.8854651	0.4985365
MYO5A|S1452	0	0.0	0.1
MYO5A|S1652	228	1.8096259	0.5
MYO6|S1019	27	0.75868106	0.24003455
MYO6|S604	0	0.0	0.1
MYO7B|S904	103	1.6578723	0.5
MYO9A|S1223	159	1.8738809	0.5
MYO9A|S1299	237	1.0983913	0.5
MYO9A|S1317	186	0.53513306	0.38298866
MYO9A|S1610	0	0.0	0.1
MYO9A|S1733	177	0.5628601	0.39576256
MYO9A|S2464	0	0.0	0.1
MYO9B|S1043	181	1.644507	0.5
MYO9B|S1115	192	1.2075795	0.5
MYO9B|S1122	186	0.618915	0.43747622
MYO9B|S1267	146	0.08982033	0.09395841
MYO9B|S1267_T1271	0	0.0	0.1
MYO9B|S1290	241	0.64932257	0.48823088
MYO9B|S1323	62	0.5392973	0.26812613
MYO9B|S1329	0	0.0	0.1
MYO9B|S1331	55	1.4079297	0.5
MYO9B|S1354	219	0.85007983	0.5
MYO9B|S1405	0	0.0	0.1
MYO9B|S1972	124	0.68082386	0.42152748
MYO9B|S1992	236	0.93087727	0.5
MYO9B|S2049	0	0.0	0.1
MYO9B|T1271	192	0.27318183	0.21387298
MYO9B|T1346	230	0.88429135	0.5
MYOF|S174	241	0.8558218	0.5
MYOF|S212	0	0.0	0.1
MYOF|S731	0	0.0	0.1
MYRIP|S534	106	0.75290126	0.4359589
MYRIP|S557_S561	0	0.0	0.1
MYSM1|S218	40	0.57271904	0.2350626
MYSM1|S340	72	0.4670807	0.2536617
MZT2B|S199	0	0.0	0.1
MZT2B|S212	0	0.0	0.1
N4BP1|S288	186	0.3256248	0.24673502
N4BP1|S300	167	0.69107753	0.4697002
N4BP1|S335	4	-0.029328268	0.09502584
N4BP1|S398	166	1.6342863	0.5
N4BP1|T242	247	0.90572053	0.5
N4BP2|T1130	0	0.0	0.1
N4BP3|S176	0	0.0	0.1
NAA10|S167	0	0.0	0.1
NAA10|S171	0	0.0	0.1
NAA10|S190	0	0.0	0.1
NAA30|S152	206	0.13826825	0.12576228
NAA30|S199	143	1.2807915	0.5
NAA30|S39	51	0.3851129	0.19629642
NAA30|S55	189	0.4654044	0.33896688
NAA30|S89	0	0.0	0.1
NAA38|S29	186	1.0443839	0.5
NAB1|S356	0	0.0	0.1
NAB1|S395	186	0.887182	0.5
NAB2|S147	0	0.0	0.1
NAB2|S159_S162	0	0.0	0.1
NAB2|S162	178	0.79904693	0.5
NAB2|S171	222	0.11042405	0.107186764
NAB2|S479	0	0.0	0.1
NAB2|S6	197	0.3434752	0.26149702
NAB2|T434	42	0.28503448	0.1547285
NACAD|S1068	0	0.0	0.1
NACAD|S1121	0	0.0	0.1
NACAD|S131	0	0.0	0.1
NACAD|S561	0	0.0	0.1
NACA|S506	0	0.0	0.1
NACA|S585	0	0.0	0.1
NACA|S876	0	0.0	0.1
NADK2|S188	102	0.2292909	0.16528551
NADK|S46	189	1.3752105	0.5
NADK|S48	168	1.381488	0.5
NADK|S64	53	1.0051063	0.41353357
NAF1|S315	156	0.7615797	0.5
NAGK|S122	0	0.0	0.1
NAGK|S25	0	0.0	0.1
NAIP|S982	151	2.296984	0.5
NAMPT|S314	0	0.0	0.1
NAMPT|S398	152	1.5641038	0.5
NANS|T244	0	0.0	0.1
NAP1L1|S10	35	0.09361989	0.0983459
NAP1L1|S69	177	1.1811231	0.5
NAP1L1|T39	6	0.102411926	0.100136526
NAP1L1|T62	216	0.8112052	0.5
NAP1L1|Y66	0	0.0	0.1
NAP1L4|S121	127	0.8412494	0.5
NAP1L4|S125	241	0.9399555	0.5
NAP1L4|S54	63	0.013965711	0.06674749
NAP1L4|T51	75	0.17761944	0.13326548
NAPA|S195	115	0.37605616	0.24765795
NAPA|T190	0	0.0	0.1
NAPRT|S500	0	0.0	0.1
NAPRT|S524	0	0.0	0.1
NASP|S127	0	0.0	0.1
NASP|S141	0	0.0	0.1
NASP|S158	0	0.0	0.1
NASP|S164	0	0.0	0.1
NASP|S180	0	0.0	0.1
NASP|S191	72	-0.6898572	-0.23063788
NASP|S244	0	0.0	0.1
NASP|S387	0	0.0	0.1
NASP|S421	212	1.7867695	0.5
NASP|S439	0	0.0	0.1
NASP|S451	174	0.5524576	0.38732705
NASP|S480	178	1.5742805	0.5
NASP|S497	0	0.0	0.1
NASP|S503	0	0.0	0.1
NASP|S662	61	0.41666996	0.21998054
NASP|S726	186	0.50981134	0.36652067
NASP|T138	0	0.0	0.1
NASP|T138_S141	0	0.0	0.1
NASP|T326	0	0.0	0.1
NASP|T361	0	0.0	0.1
NASP|T390	110	-0.13719606	-0.024245564
NASP|T413_S416	0	0.0	0.1
NASP|T464	71	1.0299191	0.48610675
NASP|T477_S480	0	0.0	0.1
NAV1|S1000	77	0.9766536	0.48136908
NAV1|S1252	67	0.38125628	0.21283935
NAV1|S142	50	0.70131284	0.30043763
NAV1|S199	50	1.017157	0.40571898
NAV1|S377	0	0.0	0.1
NAV1|S391	156	0.4096085	0.28866768
NAV1|S452	145	0.64153415	0.42049983
NAV1|S507	173	1.1356329	0.5
NAV1|S528	0	0.0	0.1
NAV1|S648	76	0.99304044	0.4856311
NAV1|S672	65	1.125927	0.5
NAV1|S695	0	0.0	0.1
NAV1|S754	0	0.0	0.1
NAV1|S757	0	0.0	0.1
NAV1|S760	72	1.2709899	0.5
NAV1|S797	0	0.0	0.1
NAV1|S90	141	0.5883579	0.3857198
NAV1|S954	0	0.0	0.1
NAV2|S224	0	0.0	0.1
NAV2|S311	174	1.3504099	0.5
NAV2|S481	169	0.7807507	0.5
NAV3|S275	0	0.0	0.1
NBAS|S1937	186	0.79524213	0.5
NBAS|S473	173	1.1877967	0.5
NBAS|S473_S475	0	0.0	0.1
NBEAL1|S1330	0	0.0	0.1
NBEAL1|S2679	178	1.3559322	0.5
NBEAL1|S2679_S2682	0	0.0	0.1
NBEAL2|S1647	47	-0.2751903	-0.019958802
NBEAL2|S2739	241	0.71188337	0.5
NBEAL2|S39	70	0.4834943	0.25790942
NBEAL2|T1867	186	1.1042129	0.5
NBEA|S1262	44	0.7891659	0.31057847
NBEA|S1321	60	0.16047819	0.12267932
NBEA|S1529	64	1.4017332	0.5
NBEA|S2138	5	-0.006884383	0.09491027
NBN|S261	0	0.0	0.1
NBN|S265	0	0.0	0.1
NBN|S315	0	0.0	0.1
NBN|S343	72	1.58169	0.5
NBN|S347	186	1.3086238	0.5
NBN|S350	0	0.0	0.1
NBN|S397	166	1.2034137	0.5
NBN|S432	198	0.8693315	0.5
NBR1|S622	70	0.9886606	0.46591905
NCAPD2|S1333	131	0.17986614	0.14529206
NCAPD3|S1384	0	0.0	0.1
NCAPG|S674	178	1.3634108	0.5
NCAPH2|S208	0	0.0	0.1
NCAPH2|S284	181	0.5582816	0.39519206
NCAPH|S59	0	0.0	0.1
NCAPH|T38	0	0.0	0.1
NCBP1|S22	171	1.877533	0.5
NCBP1|S7	186	0.643906	0.4537291
NCBP2|S13	206	1.3676112	0.5
NCBP3|S25	241	0.6690937	0.5
NCBP3|S415	166	0.36446306	0.26504084
NCBP3|S444	0	0.0	0.1
NCF1|S310	126	0.7791546	0.4786437
NCF1|S320	186	1.2756197	0.5
NCF1|S345	177	1.2539392	0.5
NCF1|S348	182	1.5769541	0.5
NCF2|S332	72	0.06870178	0.08689842
NCF2|T233	17	1.1548043	0.2532622
NCF4|S166	60	0.3232519	0.18371946
NCK1|S166	60	0.1894829	0.13355608
NCK1|S21	0	0.0	0.1
NCK1|S85	234	0.8821278	0.5
NCK1|T97	0	0.0	0.1
NCK1|Y105	144	2.3346295	0.5
NCK1|Y41	0	0.0	0.1
NCK2|S187	145	0.9091227	0.5
NCK2|S189	180	1.2605807	0.5
NCK2|S90	186	0.87850356	0.5
NCKAP5L|S1194	0	0.0	0.1
NCKAP5L|S440	0	0.0	0.1
NCKAP5L|S477	0	0.0	0.1
NCKAP5L|S630	0	0.0	0.1
NCKAP5L|S735	0	0.0	0.1
NCKAP5L|S767	0	0.0	0.1
NCKAP5L|T1235	0	0.0	0.1
NCKAP5|S459	0	0.0	0.1
NCKIPSD|S122	101	-0.046913266	0.026177913
NCKIPSD|T181	77	-0.19234703	-0.027179223
NCL|S458	168	0.97246796	0.5
NCL|S563	6	1.1712953	0.16063936
NCL|S580	191	1.4807435	0.5
NCL|S619	162	1.2137421	0.5
NCL|S67	247	0.83517957	0.5
NCL|T106	63	1.2917985	0.5
NCL|T121	55	0.5856791	0.27233773
NCL|T76	94	0.7449882	0.41252005
NCL|T84	0	0.0	0.1
NCOA1|S192	0	0.0	0.1
NCOA1|S22	155	1.5161147	0.5
NCOA1|S372	182	0.7775917	0.5
NCOA1|S393	0	0.0	0.1
NCOA1|S395	51	0.03959598	0.07959864
NCOA1|S698	0	0.0	0.1
NCOA2|S195	95	1.1273158	0.5
NCOA2|S29	178	0.6290862	0.4387674
NCOA2|S493	198	0.36559823	0.27647132
NCOA2|S565	53	0.19277498	0.13213775
NCOA2|S579	130	1.3048114	0.5
NCOA2|S736	224	0.84992576	0.5
NCOA2|S771	144	1.1512245	0.5
NCOA2|T854	0	0.0	0.1
NCOA3|S214	186	0.4559036	0.3314618
NCOA3|S551	175	0.50832313	0.35984197
NCOA3|S569	44	0.009464858	0.07233648
NCOA3|S640	106	0.25679585	0.18068136
NCOA3|S857	158	0.6702361	0.44921434
NCOA5|S116	56	0.44875544	0.22519428
NCOA5|S151	178	0.7637922	0.5
NCOA5|S162	57	0.8713764	0.38005385
NCOA5|S29	180	0.28430346	0.2184808
NCOA5|S29_S34	6	0.08018355	0.09887832
NCOA5|S96	57	0.7790126	0.3465205
NCOA5|T274	0	0.0	0.1
NCOA6|S1343	134	0.9468189	0.5
NCOA6|S1481	183	1.218405	0.5
NCOA6|S1745	0	0.0	0.1
NCOA6|S2043	100	0.44407332	0.27203667
NCOA6|T1880	5	0.11202345	0.10057255
NCOA7|S179	164	0.92331284	0.5
NCOA7|S295	0	0.0	0.1
NCOA7|S373	0	0.0	0.1
NCOA7|S430	0	0.0	0.1
NCOA7|S89	160	1.7276605	0.5
NCOR1|S1015	0	0.0	0.1
NCOR1|S1279	0	0.0	0.1
NCOR1|S1297	0	0.0	0.1
NCOR1|S1338	0	0.0	0.1
NCOR1|S1488	0	0.0	0.1
NCOR1|S1512	0	0.0	0.1
NCOR1|S1549	0	0.0	0.1
NCOR1|S1874	0	0.0	0.1
NCOR1|S2017	0	0.0	0.1
NCOR1|S2048	0	0.0	0.1
NCOR1|S2081	0	0.0	0.1
NCOR1|S2212	0	0.0	0.1
NCOR1|S224	0	0.0	0.1
NCOR1|S70	0	0.0	0.1
NCOR1|S837	0	0.0	0.1
NCOR2|S1023_S1025	0	0.0	0.1
NCOR2|S1025	186	1.3224452	0.5
NCOR2|S1219	45	-0.23535958	-0.0040771067
NCOR2|S1251	75	1.5021343	0.5
NCOR2|S1341	48	0.578846	0.25530142
NCOR2|S149_S152	0	0.0	0.1
NCOR2|S149_S152_T156	0	0.0	0.1
NCOR2|S152	67	0.38496223	0.21432617
NCOR2|S1539	75	0.19656238	0.14138389
NCOR2|S1558	54	0.6242765	0.28383723
NCOR2|S1971	63	1.445191	0.5
NCOR2|S2005	38	0.24832249	0.14084244
NCOR2|S2054	0	0.0	0.1
NCOR2|S2077	0	0.0	0.1
NCOR2|S215	0	0.0	0.1
NCOR2|S2194	75	0.35971326	0.21130568
NCOR2|S2203	75	0.45322588	0.25138253
NCOR2|S2223	75	0.47279012	0.2597672
NCOR2|S2258	75	0.7684669	0.38648582
NCOR2|S2413	0	0.0	0.1
NCOR2|S54	40	0.33267865	0.16647962
NCOR2|S67	147	0.7726036	0.5
NCOR2|S922	0	0.0	0.1
NCOR2|S939	41	1.142754	0.40321213
NCOR2|S956	54	1.0288279	0.42569292
NCOR2|T1383	75	0.43417552	0.2432181
NCOR2|T1436	58	0.4785799	0.23897237
NCOR2|T553_S554	0	0.0	0.1
NDC1|S366	0	0.0	0.1
NDE1|S211	127	0.43321657	0.28642514
NDE1|S282	177	1.5566986	0.5
NDE1|S306	146	0.9150994	0.5
NDE1|Y279	0	0.0	0.1
NDEL1|S194	159	0.2670976	0.20258114
NDEL1|S198	184	1.0581597	0.5
NDEL1|S215	0	0.0	0.1
NDEL1|S215_T219	0	0.0	0.1
NDEL1|T219	0	0.0	0.1
NDRG1|S319	166	1.9418534	0.5
NDRG1|S326_T328_S330	0	0.0	0.1
NDRG1|S330	247	1.1792468	0.5
NDRG1|T328	246	0.95214486	0.5
NDRG1|T328_S330	23	1.7257122	0.40399498
NDRG2|S324_T326_S328	0	0.0	0.1
NDRG2|S328	186	0.74562734	0.5
NDRG2|S331	0	0.0	0.1
NDRG2|S334	0	0.0	0.1
NDRG2|S340	0	0.0	0.1
NDRG2|T326	0	0.0	0.1
NDRG2|T326_S328	0	0.0	0.1
NDUFB7|S73	106	1.6116577	0.5
NDUFV3|S158	0	0.0	0.1
NDUFV3|S470	0	0.0	0.1
NEBL|S209	0	0.0	0.1
NEBL|S953	197	1.2424017	0.5
NEBL|T150	0	0.0	0.1
NECAP1|T211	0	0.0	0.1
NECTIN1|S422	48	0.6444325	0.2765727
NECTIN1|S508	0	0.0	0.1
NECTIN1|Y418	0	0.0	0.1
NECTIN2|S433	0	0.0	0.1
NECTIN2|S445	111	1.6945616	0.5
NECTIN2|S465	0	0.0	0.1
NECTIN2|T410	32	1.1248317	0.34844404
NECTIN4|S426	0	0.0	0.1
NEDD1|S418	0	0.0	0.1
NEDD1|S523	0	0.0	0.1
NEDD4L|T197	0	0.0	0.1
NEDD4|S670	169	0.1853436	0.15361735
NEDD9|S369	57	-0.010576371	0.05985444
NEDD9|Y345	0	0.0	0.1
NEFH|S526_S532	0	0.0	0.1
NEFH|S532	42	0.73387885	0.2874853
NEFH|S540_S546	0	0.0	0.1
NEFH|S546	0	0.0	0.1
NEFH|S566	0	0.0	0.1
NEFH|S574_S580	0	0.0	0.1
NEFH|S580	0	0.0	0.1
NEFH|S594_S600	0	0.0	0.1
NEFH|S600	0	0.0	0.1
NEFH|S614_S620	0	0.0	0.1
NEFH|S628_S634	0	0.0	0.1
NEFH|S634	0	0.0	0.1
NEFH|S763	0	0.0	0.1
NEFH|S776	0	0.0	0.1
NEFH|S822	0	0.0	0.1
NEFL|S472	0	0.0	0.1
NEFM|S239_S244	0	0.0	0.1
NEFM|S252_S257	0	0.0	0.1
NEFM|S265_S270	0	0.0	0.1
NEFM|S278_S283	0	0.0	0.1
NEFM|S511	0	0.0	0.1
NEFM|S615_S620	0	0.0	0.1
NEFM|S620	0	0.0	0.1
NEFM|S628_S633	0	0.0	0.1
NEFM|S633	0	0.0	0.1
NEFM|S641_S646	0	0.0	0.1
NEFM|S646	0	0.0	0.1
NEFM|S654_S659	0	0.0	0.1
NEFM|S659	0	0.0	0.1
NEFM|S667_S672	0	0.0	0.1
NEFM|S680_S685	0	0.0	0.1
NEFM|S685	0	0.0	0.1
NEFM|S837	141	0.72399575	0.46507636
NEK1|S1080	0	0.0	0.1
NEK1|S1154	0	0.0	0.1
NEK1|S414	147	0.7603546	0.49300456
NEK1|S418	86	0.59938097	0.3308966
NEK1|S703	0	0.0	0.1
NEK1|S834	0	0.0	0.1
NEK1|S865	0	0.0	0.1
NEK1|S896	0	0.0	0.1
NEK1|S909	0	0.0	0.1
NEK3|T462	0	0.0	0.1
NEK3|T479	49	1.3255463	0.5
NEK4|S368	0	0.0	0.1
NEK4|S474	0	0.0	0.1
NEK4|S550	0	0.0	0.1
NEK4|S588	0	0.0	0.1
NEK6|S240	0	0.0	0.1
NEK9|S813	0	0.0	0.1
NEK9|S839	0	0.0	0.1
NEK9|S841	0	0.0	0.1
NEK9|S990	0	0.0	0.1
NEK9|T254	182	1.8971902	0.5
NEK9|T333	245	1.1427798	0.5
NEK9|T898	0	0.0	0.1
NELFA|S236	0	0.0	0.1
NELFA|S374	0	0.0	0.1
NELFA|T168	0	0.0	0.1
NELFE|S115	196	1.0909427	0.5
NELFE|S131	186	1.1532272	0.5
NELFE|S165	182	2.4656413	0.5
NELFE|S251	186	0.826025	0.5
NELFE|S281	0	0.0	0.1
NELFE|S353	184	1.0872703	0.5
NEMF|S417	217	0.8379966	0.5
NEMF|S726_S727	0	0.0	0.1
NEMF|S742	0	0.0	0.1
NEMF|S810	0	0.0	0.1
NES|S1016	92	0.49861157	0.29100138
NES|S1030	0	0.0	0.1
NES|S1128	36	0.92970145	0.31962687
NES|S1286	0	0.0	0.1
NES|S1339	0	0.0	0.1
NES|S1347	145	0.9567753	0.5
NES|S1409_S1418	0	0.0	0.1
NES|S1418	75	1.2723882	0.5
NES|S1445	129	1.1803184	0.5
NES|S1496_S1498	0	0.0	0.1
NES|S1521	0	0.0	0.1
NES|S358	0	0.0	0.1
NES|S398	0	0.0	0.1
NES|S413	87	1.4507499	0.5
NES|S471	185	0.8312263	0.5
NES|S491	0	0.0	0.1
NES|S548	168	0.97464794	0.5
NES|S578	191	1.0919694	0.5
NES|S680	222	0.87001777	0.5
NES|S702	160	0.9811946	0.5
NES|S731	0	0.0	0.1
NES|S743_S746	0	0.0	0.1
NES|S746	187	0.42407125	0.31115443
NES|S768	247	0.76837397	0.5
NES|S790	42	0.5459717	0.23190713
NES|S809	39	0.24649791	0.14110374
NES|S820	168	1.3878802	0.5
NES|S831	0	0.0	0.1
NES|S842	0	0.0	0.1
NES|S891	176	1.4991484	0.5
NES|S891_S894	0	0.0	0.1
NES|S894	130	1.9019986	0.5
NES|S905	142	0.5107656	0.34102777
NES|S934	205	0.63959473	0.4626784
NES|S945	77	0.29233757	0.18367228
NES|S965	54	0.80497235	0.3471981
NES|T315	73	1.0587943	0.5
NES|T338	176	0.89615285	0.5
NES|T393	0	0.0	0.1
NES|T851	0	0.0	0.1
NEURL4|S502	236	0.97591454	0.5
NEURL4|S900_S905	0	0.0	0.1
NEURL4|S905	0	0.0	0.1
NEXN|S154	0	0.0	0.1
NEXN|S16	0	0.0	0.1
NEXN|S162	0	0.0	0.1
NEXN|S179	0	0.0	0.1
NEXN|S293	0	0.0	0.1
NEXN|S301	0	0.0	0.1
NEXN|S378	0	0.0	0.1
NEXN|S439	0	0.0	0.1
NEXN|S500	0	0.0	0.1
NEXN|T306	0	0.0	0.1
NF1|S2494	0	0.0	0.1
NF1|S2502	0	0.0	0.1
NF1|S2522	0	0.0	0.1
NF1|S2781	0	0.0	0.1
NF1|S2796	0	0.0	0.1
NF1|S465	0	0.0	0.1
NF1|S864	182	0.5620782	0.39822066
NF1|S876	0	0.0	0.1
NF2|S10	64	1.7991819	0.5
NF2|S315	0	0.0	0.1
NF2|S518	181	1.1596166	0.5
NF2|T581	0	0.0	0.1
NFATC1|S233	149	2.154498	0.5
NFATC1|S261	58	1.4712906	0.5
NFATC1|S359	0	0.0	0.1
NFATC1|S542	176	1.7939292	0.5
NFATC1|S887	180	0.75715196	0.5
NFATC1|S903	0	0.0	0.1
NFATC2IP|S204	194	0.77901906	0.5
NFATC2IP|S314	0	0.0	0.1
NFATC2IP|S390	0	0.0	0.1
NFATC2IP|S88_S90_S92	0	0.0	0.1
NFATC2|S128	0	0.0	0.1
NFATC2|S223	0	0.0	0.1
NFATC2|S235	0	0.0	0.1
NFATC2|S836	0	0.0	0.1
NFATC3|S1063	124	-0.13044097	-0.027565531
NFATC3|S240	181	1.1877513	0.5
NFATC3|S240_S244	0	0.0	0.1
NFATC3|S344	0	0.0	0.1
NFATC3|S416	0	0.0	0.1
NFATC3|S546	0	0.0	0.1
NFATC4|S276_S280	0	0.0	0.1
NFATC4|S284	0	0.0	0.1
NFATC4|S322_S327	0	0.0	0.1
NFATC4|S327	0	0.0	0.1
NFATC4|S352	0	0.0	0.1
NFATC4|S445	0	0.0	0.1
NFATC4|S595	0	0.0	0.1
NFATC4|T289	0	0.0	0.1
NFIA|S245	0	0.0	0.1
NFIA|S265	186	0.9563053	0.5
NFIA|S280	229	1.6272585	0.5
NFIA|S280_S287	0	0.0	0.1
NFIA|S287	179	0.42062467	0.30570543
NFIB|S194	56	0.042379364	0.07931568
NFIB|S262	146	0.9094803	0.5
NFIB|S264	245	1.3929925	0.5
NFIB|S284	67	0.56615907	0.2870219
NFIB|S294	75	0.07860526	0.09083083
NFIB|S295	190	0.6087842	0.43334135
NFIB|S312	183	1.3552516	0.5
NFIB|T286	76	0.35098785	0.20838113
NFIC|S322	226	1.8577124	0.5
NFIC|S323	211	1.2483124	0.5
NFIC|S333	205	1.4247845	0.5
NFIC|S333_S339	0	0.0	0.1
NFIC|S337	159	0.834653	0.5
NFIC|S339	247	0.63753515	0.48262584
NFIC|S339_S343	5	0.010474948	0.095736906
NFIC|S343	203	1.3560898	0.5
NFIX|S258	0	0.0	0.1
NFIX|S273	0	0.0	0.1
NFIX|S288	176	1.4814239	0.5
NFIX|S296	0	0.0	0.1
NFIX|S309	0	0.0	0.1
NFIX|S369	0	0.0	0.1
NFIX|S474	0	0.0	0.1
NFKB1|S851	0	0.0	0.1
NFKB1|S893	145	1.6500921	0.5
NFKB1|S903	5	0.29127318	0.10910825
NFKB1|S907	90	-0.1469287	-0.01696622
NFKB2|S161	75	0.32246956	0.19534409
NFKB2|S222	186	0.8887815	0.5
NFKB2|S858	0	0.0	0.1
NFKBIB|S97	0	0.0	0.1
NFKBIE|S183	0	0.0	0.1
NFKBIL1|S150	48	0.41214588	0.2012365
NFRKB|S1291	11	-0.15047744	0.07517791
NFRKB|S228	74	0.35650504	0.20908836
NFRKB|S298	0	0.0	0.1
NFRKB|S351	76	0.46014783	0.25551838
NFRKB|T499	170	0.6206939	0.42784432
NFX1|S1096	0	0.0	0.1
NFX1|S123	97	1.0303115	0.5
NFX1|S150	186	0.5441881	0.38887757
NFX1|S326	161	0.49703306	0.3449131
NFXL1|S331	41	1.1075481	0.39297497
NFYA|S326	178	0.8320307	0.5
NGDN|S142_S143	0	0.0	0.1
NGDN|S143	153	0.96247756	0.5
NGEF|S604	0	0.0	0.1
NGEF|S696	155	1.6840292	0.5
NGFR|T293	147	1.3164954	0.5
NGRN|S41	155	0.5885263	0.39694738
NHSL1|S1085	0	0.0	0.1
NHSL1|S1133	0	0.0	0.1
NHSL1|S1382_S1384_T1388	0	0.0	0.1
NHSL1|S1463	0	0.0	0.1
NHSL1|S150	0	0.0	0.1
NHSL1|S190	0	0.0	0.1
NHSL1|S238	0	0.0	0.1
NHSL1|S324	0	0.0	0.1
NHSL1|S372	0	0.0	0.1
NHSL1|S466	0	0.0	0.1
NHSL1|S937	0	0.0	0.1
NHSL1|S985	0	0.0	0.1
NHSL1|T209	0	0.0	0.1
NHSL2|S1034	69	1.0230979	0.47688612
NHSL2|S1072	75	1.3586359	0.5
NHSL2|S1194	0	0.0	0.1
NHSL2|S128	39	0.49671125	0.21130748
NHSL2|S195	58	1.0327094	0.44238698
NHSL2|S339	72	1.6849358	0.5
NHSL2|S536	0	0.0	0.1
NHSL2|S691	0	0.0	0.1
NHSL2|S801	46	0.73320645	0.2995034
NHSL2|S847	53	-0.092394054	0.033353698
NHSL2|S986	0	0.0	0.1
NHSL2|T285	0	0.0	0.1
NHS|S1284	0	0.0	0.1
NHS|S154	0	0.0	0.1
NHS|S238	0	0.0	0.1
NHS|S302	0	0.0	0.1
NHS|S562	0	0.0	0.1
NHS|T155	0	0.0	0.1
NIFK|S247	144	0.8720603	0.5
NIFK|T238	153	0.52840513	0.359075
NIN|S1145	156	1.0489801	0.5
NIN|S1540	0	0.0	0.1
NIN|S1550	186	0.82168746	0.5
NIN|S269	140	0.9480172	0.5
NIPBL|S1042	0	0.0	0.1
NIPBL|S1089_S1090_S1096	0	0.0	0.1
NIPBL|S2490_S2491_S2493	0	0.0	0.1
NIPBL|S2658	186	0.80426717	0.5
NIPBL|S2672	186	0.6314016	0.44559687
NIPBL|S274	0	0.0	0.1
NIPBL|S280	169	0.8866453	0.5
NIPBL|S280_S284	0	0.0	0.1
NIPBL|S284	49	0.32644495	0.17446849
NIPBL|S299	0	0.0	0.1
NIPBL|S318	197	0.6615271	0.47246075
NIPBL|S350	168	1.2837554	0.5
NIPBL|S768	145	1.1000923	0.5
NIPBL|S892	0	0.0	0.1
NIPBL|T2667_S2672	0	0.0	0.1
NIPBL|T599	170	0.9557619	0.5
NIPBL|T724	75	0.37393233	0.21739957
NISCH|S1038	0	0.0	0.1
NISCH|S1284	14	0.32332715	0.12742615
NKAP|S149	186	0.49803984	0.35886508
NKAP|S157_T161	0	0.0	0.1
NKAP|S80	0	0.0	0.1
NKAP|S9	186	0.7733627	0.5
NKRF|S587	0	0.0	0.1
NKTR|S1358	0	0.0	0.1
NKTR|S260_S263	0	0.0	0.1
NKTR|S379	193	0.28609306	0.22258008
NKTR|S463	169	0.3554507	0.26048762
NKTR|S572_S575	0	0.0	0.1
NKTR|S866	143	-0.26674005	-0.11581822
NKTR|S887_S889	0	0.0	0.1
NKTR|S887_S889_S891	0	0.0	0.1
NKTR|T1155	40	-0.077914156	0.049167387
NKX2-1|S284	0	0.0	0.1
NMD3|S468	167	0.59695685	0.4108307
NMD3|S468_T470	0	0.0	0.1
NMD3|T470	178	1.1572827	0.5
NME2|S120	0	0.0	0.1
NME2|S122	0	0.0	0.1
NME2|S44	166	1.19645	0.5
NME2|T94	0	0.0	0.1
NMI|S16	111	0.53548914	0.32909617
NMNAT1|S117	186	1.1359259	0.5
NMT1|S47	241	0.75999177	0.5
NMT1|S69	70	0.28126457	0.17463836
NMT1|S73	145	1.0285286	0.5
NMT1|S83	47	1.3653716	0.5
NMT2|S38	186	0.44816595	0.32642964
NMT2|S68	93	-0.18228954	-0.036025528
NOB1|S184	182	0.8617422	0.5
NOB1|S201	167	0.5248402	0.365724
NOC2L|S49	191	0.91360754	0.5
NOC2L|S56	186	0.63294524	0.44660076
NOC2L|S672	183	1.1468605	0.5
NOC2L|S672_S673	10	-0.003618633	0.09058013
NOC2L|S673	179	1.6152785	0.5
NOL12|S134	0	0.0	0.1
NOL3|T114	0	0.0	0.1
NOL3|T149	73	0.61651635	0.317952
NOL4L|S17	0	0.0	0.1
NOL4L|S374	0	0.0	0.1
NOL8|S1014_S1015_S1016	0	0.0	0.1
NOL8|S297	0	0.0	0.1
NOL8|S592	0	0.0	0.1
NOL8|S822	0	0.0	0.1
NOL8|T820_S822	0	0.0	0.1
NOL9|S487	0	0.0	0.1
NOLC1|S407	0	0.0	0.1
NOLC1|S518	0	0.0	0.1
NOLC1|S548	0	0.0	0.1
NOLC1|S573	0	0.0	0.1
NOLC1|S653	0	0.0	0.1
NOLC1|S708	0	0.0	0.1
NOM1|S280_T287	0	0.0	0.1
NOM1|S317_S320_S321	0	0.0	0.1
NOM1|T287	58	1.084578	0.4614274
NOMO2|S1205	126	0.6601676	0.4123058
NONO|T410	26	0.4264802	0.16736893
NONO|T418	0	0.0	0.1
NONO|T424	0	0.0	0.1
NONO|T428	39	0.8498581	0.31039184
NONO|T450	192	0.5254559	0.3797518
NOP14|S146	179	1.8862752	0.5
NOP14|S146_S148	0	0.0	0.1
NOP14|S349	0	0.0	0.1
NOP2|S177	0	0.0	0.1
NOP2|S177_T181	0	0.0	0.1
NOP2|S58	196	1.0040908	0.5
NOP2|S67	143	1.025602	0.5
NOP2|S728	0	0.0	0.1
NOP2|T181	0	0.0	0.1
NOP2|T191	0	0.0	0.1
NOP56|S519_S520	0	0.0	0.1
NOP56|S520	234	0.8808574	0.5
NOP56|S569_S570	0	0.0	0.1
NOP56|S570	193	0.70917094	0.5
NOP58|S109	0	0.0	0.1
NOP58|S502	186	0.9648951	0.5
NOP58|S502_S514	0	0.0	0.1
NOP58|S502_T508	0	0.0	0.1
NOP58|S514	186	0.86331755	0.5
NOP58|T508	0	0.0	0.1
NOS1AP|S261	0	0.0	0.1
NOS1AP|S366	0	0.0	0.1
NOS1AP|S366_S369	0	0.0	0.1
NOS1AP|S369	0	0.0	0.1
NOS3|S114	0	0.0	0.1
NOS3|S1177	203	0.23129283	0.18796186
NOS3|T1175_S1177	0	0.0	0.1
NOSIP|S107	175	0.9050729	0.5
NOSIP|S36	0	0.0	0.1
NOSTRIN|S114	164	0.90008354	0.5
NOTCH2|S1778	166	1.0005348	0.5
NOTCH2|S2081	0	0.0	0.1
NPAS3|S490_S493	0	0.0	0.1
NPAT|S1303	0	0.0	0.1
NPAT|S554	157	1.6696465	0.5
NPDC1|S229	167	1.0355786	0.5
NPDC1|S236	126	0.8621884	0.5
NPEPPS|S741	0	0.0	0.1
NPHP4|S142	69	0.25183097	0.16199017
NPM1|S100	0	0.0	0.1
NPM1|S125	186	1.0422652	0.5
NPM1|S127	0	0.0	0.1
NPM1|S195	0	0.0	0.1
NPM1|S227	185	1.9374615	0.5
NPM1|S243	186	0.7492613	0.5
NPM1|S254	186	1.0029554	0.5
NPM1|S260	0	0.0	0.1
NPM1|S70	219	1.3940926	0.5
NPM1|S88	0	0.0	0.1
NPM1|Y67	180	1.2219743	0.5
NQO1|S82	0	0.0	0.1
NR2C1|S215	184	0.50677925	0.36354715
NR2C2|S19	169	0.17753126	0.14870924
NR2C2|S219	0	0.0	0.1
NR2C2|S44	0	0.0	0.1
NR2C2|S46	178	0.15829006	0.13732241
NR2C2|S68	57	0.92781365	0.4005438
NR3C1|S134	192	1.3138826	0.5
NR3C1|S203	67	0.228447	0.15153264
NR3C2|S183	0	0.0	0.1
NR3C2|S283	0	0.0	0.1
NRBP1|T431	186	0.56039226	0.39941597
NRBP1|T433	184	0.5815312	0.41197798
NRBP2|S209	172	0.8030389	0.5
NRBP2|S22	186	0.98334026	0.5
NRBP2|S361	205	1.8602616	0.5
NRBP2|T409	186	1.2420856	0.5
NRBP2|T409_T411	0	0.0	0.1
NRBP2|T411	152	1.0727557	0.5
NRDC|S86	186	0.66537106	0.4676889
NRDC|S94	247	0.8906026	0.5
NRF1|S136	0	0.0	0.1
NRIP1|S218	0	0.0	0.1
NRIP1|S564	0	0.0	0.1
NRIP1|S671	53	0.5143614	0.24353695
NRIP1|S807	149	0.37828267	0.26652256
NRIP2|S80	0	0.0	0.1
NRIP2|S96	0	0.0	0.1
NSD1|S2369	0	0.0	0.1
NSD1|S2471	193	0.7145564	0.5
NSD1|S483_S486	0	0.0	0.1
NSD1|S486	171	0.6339472	0.4369187
NSD1|S822	0	0.0	0.1
NSD2|T544	174	0.7050675	0.48423994
NSFL1C|S114	192	0.015955107	0.044737604
NSFL1C|S116	0	0.0	0.1
NSF|S207	186	1.1617585	0.5
NSF|S437	165	3.478291	0.5
NSMCE3|S64	186	0.8120395	0.5
NSRP1|S248	169	1.1611385	0.5
NSRP1|S248_S254_S255	0	0.0	0.1
NSRP1|S254_S255	0	0.0	0.1
NSRP1|T275	175	0.4844067	0.34462243
NSUN2|S421	0	0.0	0.1
NSUN2|S456	242	0.95933807	0.5
NSUN2|S708	0	0.0	0.1
NSUN2|S708_S716	0	0.0	0.1
NSUN2|S716	0	0.0	0.1
NSUN2|S743	186	0.7717156	0.5
NSUN2|S743_S751	0	0.0	0.1
NSUN2|S751	182	0.992656	0.5
NSUN5|S327	0	0.0	0.1
NSUN5|S444	0	0.0	0.1
NT5C|S100	0	0.0	0.1
NTHL1|S22	179	1.586789	0.5
NTHL1|S71	204	0.9357686	0.5
NUAK1|S388	72	1.0213628	0.48568675
NUAK1|S455	0	0.0	0.1
NUBP1|S301	0	0.0	0.1
NUCB1|S369	241	1.0529026	0.5
NUCB1|T148	169	1.3070337	0.5
NUCKS1|S113	191	1.6619058	0.5
NUCKS1|S130_S132	0	0.0	0.1
NUCKS1|S130_S132_S144	0	0.0	0.1
NUCKS1|S132	127	1.8021482	0.5
NUCKS1|S132_S144	0	0.0	0.1
NUCKS1|S144	172	1.4094541	0.5
NUCKS1|S181	247	1.035341	0.5
NUCKS1|S19	216	1.5192878	0.5
NUCKS1|S19_S30	0	0.0	0.1
NUCKS1|S204	140	0.3412511	0.24072981
NUCKS1|S204_S214	0	0.0	0.1
NUCKS1|S214	247	0.82421994	0.5
NUCKS1|S223	241	1.1884581	0.5
NUCKS1|S54	186	0.72875077	0.5
NUCKS1|S58	193	1.1943723	0.5
NUCKS1|S58_S61	19	0.35753772	0.14111948
NUCKS1|S61	198	0.86445725	0.5
NUCKS1|S73	186	0.8510895	0.5
NUCKS1|S73_S75	0	0.0	0.1
NUCKS1|S73_S75_S79	0	0.0	0.1
NUCKS1|S73_S79	0	0.0	0.1
NUCKS1|S75	186	0.75902784	0.5
NUCKS1|S75_S79	0	0.0	0.1
NUCKS1|S79	186	0.8037804	0.5
NUCKS1|T179	191	0.55165946	0.39645004
NUCKS1|T179_S181	0	0.0	0.1
NUCKS1|T202_S204	5	0.10456768	0.100217514
NUCKS1|T202_S204_S214	0	0.0	0.1
NUCKS1|T202_S214	0	0.0	0.1
NUDCD3|S146	186	1.186535	0.5
NUDC|S136	132	1.1036181	0.5
NUDC|S139	186	0.9343094	0.5
NUDC|S139_T145	0	0.0	0.1
NUDC|S298	83	1.9785749	0.5
NUDC|T108	182	0.73706615	0.5
NUDC|T145	185	0.93557423	0.5
NUDT9|S121	183	0.74802166	0.5
NUF2|S247	186	1.1511464	0.5
NUFIP1|S403	157	0.6258784	0.42125645
NUFIP2|S212	192	0.08648778	0.09111525
NUFIP2|S212_S214	0	0.0	0.1
NUFIP2|S572	182	1.1734186	0.5
NUFIP2|S629	192	0.8931034	0.5
NUFIP2|S652	224	0.753559	0.5
NUFIP2|T220	166	1.6760775	0.5
NUFIP2|T87	50	2.1504488	0.5
NUMA1|S112	0	0.0	0.1
NUMA1|S1225	138	0.92587286	0.5
NUMA1|S169	152	0.779391	0.5
NUMA1|S1743	0	0.0	0.1
NUMA1|S1755	0	0.0	0.1
NUMA1|S1816	0	0.0	0.1
NUMA1|S1826	0	0.0	0.1
NUMA1|S1830	150	1.0620288	0.5
NUMA1|S1848	0	0.0	0.1
NUMA1|S1873	0	0.0	0.1
NUMA1|S1931	0	0.0	0.1
NUMA1|S1955	0	0.0	0.1
NUMA1|S1977	0	0.0	0.1
NUMA1|S1977_T1986	0	0.0	0.1
NUMA1|S203	61	-0.23524065	-0.027016647
NUMA1|S2033	0	0.0	0.1
NUMA1|S271	234	0.7429225	0.5
NUMA1|T1762	0	0.0	0.1
NUMA1|T1986	0	0.0	0.1
NUMA1|T2001	0	0.0	0.1
NUMA1|T2041	0	0.0	0.1
NUMA1|T2092	0	0.0	0.1
NUMBL|S222	0	0.0	0.1
NUMBL|S264	0	0.0	0.1
NUMBL|S272	0	0.0	0.1
NUMBL|S370	0	0.0	0.1
NUMBL|T238	0	0.0	0.1
NUMB|S194	0	0.0	0.1
NUMB|S276	0	0.0	0.1
NUMB|S284	67	1.3722203	0.5
NUMB|S390	0	0.0	0.1
NUMB|S420	0	0.0	0.1
NUMB|S425	98	1.1443902	0.5
NUMB|S438	211	0.870997	0.5
NUMB|S634	223	0.7362983	0.5
NUMB|T388	0	0.0	0.1
NUMB|T436	186	0.55017775	0.39277297
NUP107|S11	196	1.2717538	0.5
NUP107|S37	194	0.6716223	0.47719294
NUP107|S86	169	1.1156334	0.5
NUP107|T46	10	0.30753335	0.118866675
NUP133|S44	157	0.974136	0.5
NUP133|S45	48	0.7183048	0.30053127
NUP133|S50	129	0.42481115	0.28297222
NUP153|S192	230	1.0747315	0.5
NUP153|S209	205	1.0299293	0.5
NUP153|S297	0	0.0	0.1
NUP153|S320	182	1.1481211	0.5
NUP153|S330	0	0.0	0.1
NUP153|S334	178	0.5354203	0.37879428
NUP153|S334_S338	0	0.0	0.1
NUP153|S338	186	0.2401217	0.19112812
NUP153|S553	0	0.0	0.1
NUP153|S614	153	1.1324441	0.5
NUP153|S638	0	0.0	0.1
NUP153|S645	0	0.0	0.1
NUP153|S718	0	0.0	0.1
NUP153|T369	0	0.0	0.1
NUP153|T413	0	0.0	0.1
NUP153|T619	0	0.0	0.1
NUP153|T730	0	0.0	0.1
NUP155|S928	0	0.0	0.1
NUP160|S1157	61	1.8247489	0.5
NUP160|Y1151	0	0.0	0.1
NUP188|S1523	126	0.69257724	0.43037492
NUP188|S1709	159	0.69840586	0.46736112
NUP205|S1581	0	0.0	0.1
NUP205|S1584	0	0.0	0.1
NUP210|S1874	47	0.5042371	0.22924589
NUP210|T1844	241	0.6952613	0.5
NUP214|S1013	0	0.0	0.1
NUP214|S1023	0	0.0	0.1
NUP214|S430	167	0.61453485	0.42182517
NUP214|S656_T660_S668	0	0.0	0.1
NUP214|S657	181	1.0647122	0.5
NUP214|S666_T670_S678	0	0.0	0.1
NUP214|S668	0	0.0	0.1
NUP214|S678	186	1.0292222	0.5
NUP214|T1146	0	0.0	0.1
NUP214|T1156	0	0.0	0.1
NUP214|T437	210	0.300448	0.23578736
NUP214|T660_S668	0	0.0	0.1
NUP214|T670_S678	0	0.0	0.1
NUP35|S38	0	0.0	0.1
NUP35|S56	0	0.0	0.1
NUP35|T248	0	0.0	0.1
NUP35|T258	0	0.0	0.1
NUP35|T291	0	0.0	0.1
NUP50|S221	225	1.1494014	0.5
NUP62|S408	0	0.0	0.1
NUP88|S517	184	1.089166	0.5
NUP88|T525	153	1.4661779	0.5
NUP93|S364	0	0.0	0.1
NUP93|S52	67	0.600821	0.3009282
NUP98|S1011	0	0.0	0.1
NUP98|S1026	0	0.0	0.1
NUP98|S1043	139	0.90712327	0.5
NUP98|S1043_T1053	0	0.0	0.1
NUP98|S1047	0	0.0	0.1
NUP98|S591	0	0.0	0.1
NUP98|S595	0	0.0	0.1
NUP98|S606	0	0.0	0.1
NUP98|S666	0	0.0	0.1
NUP98|S729	0	0.0	0.1
NUP98|S822	0	0.0	0.1
NUP98|S871	0	0.0	0.1
NUP98|S917	0	0.0	0.1
NUP98|T1053	0	0.0	0.1
NUP98|T1075	0	0.0	0.1
NUP98|T529	0	0.0	0.1
NUSAP1|S134	0	0.0	0.1
OAS2|S417	91	2.0519104	0.5
OBSCN|S5563	0	0.0	0.1
OBSL1|S10	169	1.1360478	0.5
OCIAD1|S108	186	1.2218916	0.5
OCIAD1|S123	186	0.8122772	0.5
OCLN|S313	232	0.4225868	0.3254221
OCLN|S321	186	1.4398515	0.5
OCLN|S358	198	0.8551222	0.5
OCLN|S408	153	1.8861253	0.5
ODF2|T87	0	0.0	0.1
ODF3B|S191	0	0.0	0.1
OFD1|S629	0	0.0	0.1
OFD1|S722	0	0.0	0.1
OFD1|S859	0	0.0	0.1
OGA|S364	211	1.0942849	0.5
OGFR|S315	200	0.46106023	0.34070683
OGFR|S349	183	0.21062018	0.17153178
OGFR|S378	197	0.7412216	0.5
OGFR|S403	135	0.86078113	0.5
OGFR|S484	68	0.96492094	0.45008707
OGT|S20	54	0.7084487	0.31335214
OPHN1|S703	0	0.0	0.1
OPTN|S174	94	0.5283805	0.3075658
OPTN|S177	230	1.3495847	0.5
OPTN|S198	192	0.7971909	0.5
OPTN|S342	148	0.64886796	0.42755026
OPTN|S513	111	1.9743958	0.5
OPTN|S526	136	0.2018231	0.15867773
ORC2|S280	0	0.0	0.1
ORC2|T226	0	0.0	0.1
OSBPL10|S209	0	0.0	0.1
OSBPL10|S380	0	0.0	0.1
OSBPL10|S44	0	0.0	0.1
OSBPL11|S15	167	0.833587	0.5
OSBPL11|S172	198	0.92841154	0.5
OSBPL11|S174	194	1.0364344	0.5
OSBPL11|S181	192	1.3366815	0.5
OSBPL11|S189	0	0.0	0.1
OSBPL1A|S117	0	0.0	0.1
OSBPL1A|S499	191	0.3957377	0.29410964
OSBPL3|S197	0	0.0	0.1
OSBPL3|S200	0	0.0	0.1
OSBPL3|S251	167	0.57397664	0.3964573
OSBPL3|S262	0	0.0	0.1
OSBPL3|S265	0	0.0	0.1
OSBPL3|S273	0	0.0	0.1
OSBPL3|S304	218	0.5968809	0.44062907
OSBPL3|S34	196	0.53262013	0.38646472
OSBPL3|S370	0	0.0	0.1
OSBPL3|S372	60	-0.03215448	0.05044207
OSBPL3|S406	0	0.0	0.1
OSBPL3|S410	34	-0.43423304	-0.035551667
OSBPL3|S416	0	0.0	0.1
OSBPL3|S437	186	0.5713344	0.4065322
OSBPL5|S12	0	0.0	0.1
OSBPL5|S244	0	0.0	0.1
OSBPL5|S44	0	0.0	0.1
OSBPL5|S679	0	0.0	0.1
OSBPL5|T64	5	0.095604986	0.099790715
OSBPL6|S190	165	0.22103043	0.17535856
OSBPL6|S35	72	1.3931806	0.5
OSBPL6|S9	54	1.0848548	0.4453387
OSBPL7|S152	0	0.0	0.1
OSBPL7|S226	0	0.0	0.1
OSBPL7|S272	188	0.3829499	0.2847034
OSBPL8|S317	0	0.0	0.1
OSBPL8|S342	126	1.0575083	0.5
OSBPL8|S65	0	0.0	0.1
OSBPL8|S68	0	0.0	0.1
OSBPL8|S782_S783_S785	0	0.0	0.1
OSBPL8|S807_S808	0	0.0	0.1
OSBPL8|S807_S808_S810	0	0.0	0.1
OSBPL8|T39	0	0.0	0.1
OSBPL8|T54	97	1.3238907	0.5
OSBP|S190	178	0.8458394	0.5
OSBP|S190_S193	12	0.5201668	0.14501788
OSBP|S193	188	0.7727182	0.5
OSBP|S238	182	0.38430908	0.28349027
OSBP|S240	194	0.9215016	0.5
OSBP|S338	0	0.0	0.1
OSBP|S351	192	0.5402591	0.38948545
OSBP|S382	217	1.2019587	0.5
OSBP|S386	186	0.38811788	0.2873774
OSBP|S389	178	0.670201	0.46509272
OSBP|T332	0	0.0	0.1
OTUD3|S224	44	0.22499269	0.1381922
OTUD4|S378	0	0.0	0.1
OTUD4|S452	0	0.0	0.1
OTUD4|S828	0	0.0	0.1
OTUD4|S941	0	0.0	0.1
OTUD4|S958_S959	0	0.0	0.1
OTUD5|S165	186	0.598557	0.4242364
OTUD5|S503	0	0.0	0.1
OTUD5|S64	71	0.3351003	0.19761474
OTUD7B|S100	84	1.5151514	0.5
OTUD7B|S449	183	0.7522753	0.5
OTUD7B|S464_S467	0	0.0	0.1
OTUD7B|S467	186	0.89935875	0.5
OTUD7B|S501	101	1.3186083	0.5
OXR1|S91	67	1.2317152	0.5
OXSR1|S324_S325	0	0.0	0.1
OXSR1|S339	199	0.9893679	0.5
OXSR1|S359	75	0.80978113	0.4041919
OXSR1|S425	166	0.17082112	0.14419664
OXSR1|S427	172	0.5366583	0.37612215
OXSR1|T310	23	0.8574354	0.24163428
P2RX7|S390	0	0.0	0.1
P2RX7|T449	0	0.0	0.1
P4HB|S32	99	1.2201118	0.5
PABPC1|S315	0	0.0	0.1
PABPC1|S96	113	0.76446944	0.45251197
PABPN1|S150	165	0.9850793	0.5
PACS1|S18	119	0.11888884	0.110263795
PACS1|S534	91	0.3968547	0.2414334
PACS1|S781	81	0.20254253	0.1458892
PACS1|T46	0	0.0	0.1
PACS1|T504	75	0.6239911	0.32456762
PACS2|S171	0	0.0	0.1
PACS2|S274	0	0.0	0.1
PACS2|S315	0	0.0	0.1
PACS2|S341	0	0.0	0.1
PACS2|S378	0	0.0	0.1
PACS2|S416	48	1.9231876	0.5
PACS2|S453	186	0.610671	0.43211472
PACSIN1|T184	63	-0.3385191	-0.06948898
PACSIN3|S276	170	0.5530812	0.38527337
PACSIN3|S319	197	0.5558451	0.4023619
PACSIN3|S354	188	0.7680778	0.5
PACSIN3|S383	175	0.62021595	0.43104652
PACSIN3|T347	1	-0.06771958	0.09833941
PAF1|S394	186	0.68171877	0.47832063
PAFAH1B2|S16	0	0.0	0.1
PAFAH1B2|S64	71	0.27707785	0.17352355
PAG1|S150	106	0.8681948	0.4952847
PAG1|S288	177	1.4342656	0.5
PAG1|Y227	0	0.0	0.1
PAGR1|S237	240	0.9192641	0.5
PAGR1|T138	180	0.8126714	0.5
PAGR1|T138_S143_S148	0	0.0	0.1
PAICS|S107	182	1.6471691	0.5
PAICS|S230	0	0.0	0.1
PAICS|S27	184	1.2255208	0.5
PAICS|T238	55	0.39311725	0.20400934
PAK1|S144	222	0.88670385	0.5
PAK1|S174	45	0.8018788	0.31782445
PAK1|S174_T185	0	0.0	0.1
PAK1|S204	60	0.97727615	0.42897856
PAK1|S223	181	0.651948	0.4555252
PAK1|T212	246	1.105674	0.5
PAK1|T230	136	0.4905169	0.32504365
PAK2|S132	182	0.96290225	0.5
PAK2|S141	247	1.1684054	0.5
PAK2|S152	186	1.0889313	0.5
PAK2|S197	87	0.83414793	0.44155544
PAK2|S55	95	1.1483483	0.5
PAK2|S58	186	1.0309166	0.5
PAK2|T143	177	1.0014458	0.5
PAK2|T154	70	0.7540052	0.36929625
PAK2|T169	144	0.14214544	0.124872714
PAK2|T60	76	3.0478542	0.5
PAK4|S104	191	0.3449889	0.2608003
PAK4|S148	189	0.8246936	0.5
PAK4|S167	180	0.5948932	0.41814566
PAK4|S181	64	0.40507904	0.21905524
PAK4|S267	0	0.0	0.1
PAK4|S291	186	0.7462124	0.5
PAK4|S41	90	2.1016414	0.5
PAK4|S474	186	0.32759187	0.2480143
PAK4|T187	0	0.0	0.1
PAK6|S113	0	0.0	0.1
PAK6|S207	0	0.0	0.1
PAK6|S560	75	0.7791703	0.391073
PALB2|S660	175	1.2613311	0.5
PALD1|S406	134	0.29099658	0.20937411
PALLD|S1038	0	0.0	0.1
PALLD|S1052	0	0.0	0.1
PALLD|S1169_S1172	0	0.0	0.1
PALLD|S1172	0	0.0	0.1
PALLD|S1184_S1186	0	0.0	0.1
PALLD|S1184_S1186_S1189	0	0.0	0.1
PALLD|S1184_S1189	0	0.0	0.1
PALLD|S1186	0	0.0	0.1
PALLD|S1186_S1189	0	0.0	0.1
PALLD|S1189	0	0.0	0.1
PALLD|S1247	0	0.0	0.1
PALLD|S1420	0	0.0	0.1
PALLD|S469	0	0.0	0.1
PALLD|S709	0	0.0	0.1
PALLD|S787	0	0.0	0.1
PALLD|S794	0	0.0	0.1
PALLD|S796	0	0.0	0.1
PALLD|S831	0	0.0	0.1
PALLD|S961	0	0.0	0.1
PALM2-AKAP2|S155	0	0.0	0.1
PALM2-AKAP2|S200	0	0.0	0.1
PALM2-AKAP2|S226	0	0.0	0.1
PALM2-AKAP2|S352	0	0.0	0.1
PALM2-AKAP2|S366	0	0.0	0.1
PALM2-AKAP2|S383	0	0.0	0.1
PALM2-AKAP2|S624	0	0.0	0.1
PALM2-AKAP2|S951	0	0.0	0.1
PALM2-AKAP2|S976	0	0.0	0.1
PALM2-AKAP2|S979	0	0.0	0.1
PALM3|S143	191	0.7762908	0.5
PALM3|S143_T151	0	0.0	0.1
PALM3|S189	71	0.26184413	0.16719843
PALM3|S260	151	-0.118750796	-0.031599082
PALM3|S375	194	0.42626342	0.31528947
PALM3|S420	186	0.6887974	0.48292422
PALM3|S72	111	0.17650303	0.14024568
PALM3|T151	231	0.074587956	0.08226532
PALMD|S364	170	1.1659545	0.5
PALMD|S364_S370	0	0.0	0.1
PALMD|S385	186	0.6213587	0.43906546
PALMD|S486_S489	0	0.0	0.1
PALM|S116	186	1.4669447	0.5
PALM|S116_S124	0	0.0	0.1
PALM|S124	182	1.08925	0.5
PALM|S152	181	0.38509086	0.28363502
PALM|S162	174	1.5972021	0.5
PALM|T141	49	1.5876106	0.5
PALM|T141_T145	0	0.0	0.1
PALM|T145	53	1.6900718	0.5
PAM|S919	0	0.0	0.1
PAM|S947	0	0.0	0.1
PAN3|S354	143	1.3264066	0.5
PAN3|T353	52	0.5605428	0.2575541
PANK2|S168	206	0.8300508	0.5
PANK2|S168_S169	0	0.0	0.1
PANK2|S189	209	1.0051093	0.5
PANK4|S401	0	0.0	0.1
PANK4|S412	0	0.0	0.1
PANK4|S71	0	0.0	0.1
PANK4|T414	0	0.0	0.1
PAPOLA|S529	0	0.0	0.1
PAPOLA|S532	0	0.0	0.1
PAPOLA|S534	0	0.0	0.1
PAPOLG|S525	186	0.96149385	0.5
PAPOLG|S648	170	0.52945495	0.37039757
PAPOLG|S684	115	1.3887184	0.5
PARD3B|S1162	163	-0.0016266314	0.03701467
PARD3B|S1184	120	0.6557155	0.4031176
PARD3B|S710	182	1.0795349	0.5
PARD3B|S746	204	0.8018542	0.5
PARD3B|S780	0	0.0	0.1
PARD3B|S990	0	0.0	0.1
PARD3B|T133	0	0.0	0.1
PARD3|S174	115	1.1516567	0.5
PARD3|S221	6	0.6591871	0.1316521
PARD3|S383	203	1.8482207	0.5
PARD3|S658	0	0.0	0.1
PARD3|S695	62	0.057255402	0.083640955
PARD3|S715	142	1.2956892	0.5
PARD3|S749	0	0.0	0.1
PARD3|S806	0	0.0	0.1
PARD3|S824	0	0.0	0.1
PARD3|S849	0	0.0	0.1
PARD3|S870	0	0.0	0.1
PARD3|S921	0	0.0	0.1
PARD3|S970	0	0.0	0.1
PARD3|T579	176	0.28820524	0.22001494
PARD6B|S11	186	1.0819767	0.5
PARD6G|S110	134	1.9164228	0.5
PARK7|S47	0	0.0	0.1
PARN|S102	0	0.0	0.1
PARN|S496	0	0.0	0.1
PARN|S558	0	0.0	0.1
PARP10|S443	0	0.0	0.1
PARP10|S49	0	0.0	0.1
PARP10|S675	0	0.0	0.1
PARP14|S1403	62	0.7795093	0.3600591
PARP14|S823	0	0.0	0.1
PARP1|S257	180	2.369126	0.5
PARP1|S782	184	0.8251314	0.5
PARP2|S34	75	1.0766929	0.5
PARP4|S1186	164	0.5652916	0.38904476
PARP4|S1223	67	0.66517276	0.32674596
PARP4|S1236	86	1.7101086	0.5
PARP4|S1288	0	0.0	0.1
PARP4|S1335	156	0.8410984	0.5
PARP4|S1340	0	0.0	0.1
PARP4|S1349	144	0.6701802	0.4364998
PARP4|S1504	128	1.0015907	0.5
PARP4|S1507	177	0.4628997	0.33188897
PARP4|S1713	49	0.8018576	0.33081222
PARP4|T101	55	0.25066972	0.15346345
PARP4|T333	0	0.0	0.1
PARP4|Y95	14	0.100290425	0.10003567
PARP9|S491	80	1.8611068	0.5
PARVA|S14_S19	0	0.0	0.1
PARVA|S28	143	1.3718796	0.5
PARVB|S20	0	0.0	0.1
PATJ|S1212	179	0.8633065	0.5
PATJ|S1555	104	1.1042674	0.5
PATJ|S1618	190	1.1055844	0.5
PATJ|S1661	167	0.038629696	0.061614834
PATJ|S44	0	0.0	0.1
PATJ|S522	183	0.83873016	0.5
PATJ|S645	240	0.8664598	0.5
PATJ|T1209_S1212	0	0.0	0.1
PATL1|S120	0	0.0	0.1
PATL1|S179	241	0.74911	0.5
PATL1|T194	145	0.9884569	0.5
PAWR|S108	164	0.30253845	0.22581935
PAWR|S233	173	0.8531992	0.5
PAWR|S259	60	1.4734446	0.5
PAXBP1|S16	186	0.28418288	0.21978328
PAXBP1|S262	191	1.0678737	0.5
PAXBP1|S295	52	0.4502119	0.21980934
PAXBP1|S557_S558	0	0.0	0.1
PAXBP1|T242	0	0.0	0.1
PAXX|S148	247	0.64531225	0.48816174
PAXX|S152	0	0.0	0.1
PAXX|T145	0	0.0	0.1
PBDC1|S181	186	0.39708894	0.2932117
PBDC1|S197	191	0.6430115	0.45640963
PBK|S59	63	1.3266325	0.5
PBRM1|S1023	0	0.0	0.1
PBRM1|S324	0	0.0	0.1
PBRM1|S374	0	0.0	0.1
PBRM1|S374_S376	0	0.0	0.1
PBRM1|S519	0	0.0	0.1
PBRM1|S526	0	0.0	0.1
PBRM1|S60	0	0.0	0.1
PBRM1|S672	0	0.0	0.1
PBRM1|S984	0	0.0	0.1
PBX2|S151	177	0.19773798	0.1624535
PBX2|S330	107	0.34700984	0.22768141
PBX2|S395	119	0.2866533	0.2014235
PBXIP1|S14	0	0.0	0.1
PBXIP1|S440	0	0.0	0.1
PCBP1|S111	0	0.0	0.1
PCBP1|S171	92	0.07433238	0.08770093
PCBP1|S173	186	0.4716017	0.34167105
PCBP1|S189	183	0.90736514	0.5
PCBP1|S190	186	0.5962861	0.42275953
PCBP1|S246	0	0.0	0.1
PCBP1|S264	0	0.0	0.1
PCBP1|T169	0	0.0	0.1
PCBP1|T255	0	0.0	0.1
PCBP2|S173	178	1.3362844	0.5
PCDH12|S1140	178	1.4424986	0.5
PCDH12|S859	162	1.0085174	0.5
PCDH1|S1171	0	0.0	0.1
PCDH1|S1171_S1173	0	0.0	0.1
PCDH1|S1173	0	0.0	0.1
PCDH1|S949	149	0.63674015	0.42118186
PCDH1|S962	182	0.3534574	0.2635789
PCDH1|S984	157	0.62900263	0.42316502
PCDH1|Y958	0	0.0	0.1
PCDH7|S1011	49	0.41637743	0.20404358
PCDH7|S1185	0	0.0	0.1
PCDH7|S1243	0	0.0	0.1
PCDH7|S966	0	0.0	0.1
PCDH7|S989	178	0.8420161	0.5
PCF11|S1651	0	0.0	0.1
PCF11|S489	178	0.6395087	0.44544083
PCF11|S489_S494	0	0.0	0.1
PCF11|S494	186	0.70279586	0.4920281
PCF11|S509_S511	0	0.0	0.1
PCF11|S511	191	0.80398774	0.5
PCF11|S624	130	1.3643781	0.5
PCF11|S645	0	0.0	0.1
PCF11|S707	0	0.0	0.1
PCF11|S800	0	0.0	0.1
PCF11|S813	0	0.0	0.1
PCF11|S836	0	0.0	0.1
PCF11|S908	0	0.0	0.1
PCF11|T1628	0	0.0	0.1
PCF11|T1661	0	0.0	0.1
PCF11|T916	0	0.0	0.1
PCGF6|S115	186	1.0291831	0.5
PCIF1|S116	186	0.8252575	0.5
PCIF1|S144	51	0.5780991	0.26147717
PCIF1|S159	182	0.25947183	0.20292154
PCIF1|T150	0	0.0	0.1
PCK2|S304	186	1.3412375	0.5
PCLO|S826	40	1.1733975	0.40668502
PCLO|S906	0	0.0	0.1
PCM1|S110	160	1.714876	0.5
PCM1|S116	182	1.098259	0.5
PCM1|S1283	131	0.97653574	0.5
PCM1|S1335	42	0.5521447	0.23373294
PCM1|S1435	128	1.0499051	0.5
PCM1|S1722	0	0.0	0.1
PCM1|S1757_S1760_S1768	0	0.0	0.1
PCM1|S1760_S1768	0	0.0	0.1
PCM1|S1768	164	1.6998073	0.5
PCM1|S190	0	0.0	0.1
PCM1|S1950	0	0.0	0.1
PCM1|S384	0	0.0	0.1
PCM1|S537	186	1.4049091	0.5
PCM1|S580	71	0.33041418	0.19566904
PCM1|S65	239	0.99737245	0.5
PCM1|S776	0	0.0	0.1
PCM1|S776_S779	0	0.0	0.1
PCM1|S861	212	0.98281264	0.5
PCM1|S872	186	1.3574255	0.5
PCM1|S93	241	1.267771	0.5
PCM1|S960	165	1.8290178	0.5
PCM1|S991	185	1.5279526	0.5
PCM1|T1557	0	0.0	0.1
PCM1|T79	0	0.0	0.1
PCMTD1|S226	0	0.0	0.1
PCNP|S118	0	0.0	0.1
PCNP|S146	0	0.0	0.1
PCNP|S53	0	0.0	0.1
PCNP|S77	152	2.019445	0.5
PCNP|T138	0	0.0	0.1
PCNT|S1653	207	1.1093653	0.5
PCNT|S1814	90	0.88007665	0.46951002
PCNT|S2177	149	0.58472717	0.39005762
PCNT|S2192	126	0.66146475	0.41302902
PCNT|S2214	63	0.40346533	0.21729028
PCNT|S3274	169	0.5935202	0.4100555
PCNT|S44	83	0.7125031	0.37780195
PCNT|S682	0	0.0	0.1
PCNX3|S1025	0	0.0	0.1
PCNX3|S1909	17	-0.17501344	0.060040783
PCNX3|S1955	120	0.4918599	0.3137418
PCNX3|S246	86	0.9786319	0.5
PCNX3|S287	181	0.39976335	0.293086
PCNX3|S402	186	0.5327205	0.38141966
PCNX3|S505	0	0.0	0.1
PCNX3|T370	0	0.0	0.1
PCYT1A|S233	159	1.2625786	0.5
PCYT1A|S315	53	1.2031252	0.48212835
PCYT1A|S315_S319	0	0.0	0.1
PCYT1A|S329	186	1.052322	0.5
PCYT1A|S329_S331	0	0.0	0.1
PCYT1A|S331	229	0.5527059	0.4151053
PCYT1A|S343	111	1.4569551	0.5
PCYT1A|S347	186	1.2846029	0.5
PDAP1|S176	133	1.0547915	0.5
PDAP1|S178	177	1.1927989	0.5
PDAP1|S57_S60_S63	0	0.0	0.1
PDAP1|S60	186	0.75247604	0.5
PDAP1|S60_S63	19	0.056673415	0.09308231
PDAP1|S63	191	0.5241844	0.37841657
PDCD11|S1498	105	1.2336004	0.5
PDCD4|S299	0	0.0	0.1
PDCD4|S309	0	0.0	0.1
PDCD4|S323	42	0.39869565	0.1883466
PDCD4|S443	0	0.0	0.1
PDCD4|S457	247	1.6498808	0.5
PDCD4|S53_S54_S57	0	0.0	0.1
PDCD4|S62	0	0.0	0.1
PDCD4|S67_S68_S71	0	0.0	0.1
PDCD4|S76	185	0.768484	0.5
PDCD5|S119	191	0.56832314	0.40738735
PDCD5|S51	95	-0.49052107	-0.18768975
PDCL|S20	0	0.0	0.1
PDCL|S25	156	0.8351299	0.5
PDE3A|S312	186	0.8983476	0.5
PDE3A|S408	0	0.0	0.1
PDE3A|S428	165	0.7234866	0.48820862
PDE3A|S520	69	1.6380154	0.5
PDE3B|S318	184	0.33281302	0.2508366
PDE4A|S119	0	0.0	0.1
PDE4A|S126	0	0.0	0.1
PDE4A|S183	0	0.0	0.1
PDE4A|S276	0	0.0	0.1
PDE4A|S320	0	0.0	0.1
PDE4B|S118	0	0.0	0.1
PDE4B|S304	0	0.0	0.1
PDE4DIP|S195	0	0.0	0.1
PDE4DIP|S275	0	0.0	0.1
PDE4D|S126	0	0.0	0.1
PDE4D|S54	0	0.0	0.1
PDE5A|S86	71	0.9909293	0.46991798
PDE7A|S84	175	0.52641153	0.3713528
PDE8A|S385	0	0.0	0.1
PDE8A|S457	186	1.1747806	0.5
PDE8B|S462	0	0.0	0.1
PDGFRB|S641	0	0.0	0.1
PDHA1|S293	234	0.9267262	0.5
PDHA1|S293_S300	12	0.45976564	0.13854632
PDHA1|S295	229	0.95181227	0.5
PDHA1|S300	186	1.5637351	0.5
PDIA6|S480	0	0.0	0.1
PDLIM1|S118	98	1.0778701	0.5
PDLIM1|S130	171	1.1259009	0.5
PDLIM1|S90	191	0.841271	0.5
PDLIM2|S373	0	0.0	0.1
PDLIM2|S374	0	0.0	0.1
PDLIM2|S379	0	0.0	0.1
PDLIM2|S384	0	0.0	0.1
PDLIM2|S384_S387	0	0.0	0.1
PDLIM2|S387	0	0.0	0.1
PDLIM2|S404	0	0.0	0.1
PDLIM2|S411	0	0.0	0.1
PDLIM2|S447	0	0.0	0.1
PDLIM2|S516	0	0.0	0.1
PDLIM2|T507	0	0.0	0.1
PDLIM2|T529	0	0.0	0.1
PDLIM3|S170	0	0.0	0.1
PDLIM3|S18	178	1.6903588	0.5
PDLIM3|S216	0	0.0	0.1
PDLIM3|S237	0	0.0	0.1
PDLIM3|S89	127	1.1934497	0.5
PDLIM3|S89_S93	0	0.0	0.1
PDLIM3|S93	175	1.0151321	0.5
PDLIM4|S11	75	0.11836418	0.10787037
PDLIM4|S112	241	1.378371	0.5
PDLIM4|S120	216	1.5063894	0.5
PDLIM4|S165	0	0.0	0.1
PDLIM4|S87	0	0.0	0.1
PDLIM5|S111	0	0.0	0.1
PDLIM5|S214	127	-0.23046848	-0.08488765
PDLIM5|S228	217	1.0957414	0.5
PDLIM5|S309_S313	0	0.0	0.1
PDLIM5|S313	104	0.13122286	0.11591753
PDLIM5|S362	111	1.4398851	0.5
PDLIM5|T290	0	0.0	0.1
PDLIM5|T417	0	0.0	0.1
PDLIM7|S109	0	0.0	0.1
PDLIM7|S111	178	1.056841	0.5
PDLIM7|S217	80	0.7512649	0.3894511
PDLIM7|S247	75	0.6375894	0.33039546
PDLIM7|S247_T251	0	0.0	0.1
PDLIM7|S60	0	0.0	0.1
PDLIM7|T161	0	0.0	0.1
PDLIM7|T251	156	0.8220814	0.5
PDPK1|S241	141	0.6769625	0.43755898
PDS5A|S1195	153	1.1223359	0.5
PDS5A|S1305	233	0.93646884	0.5
PDS5A|T1208	192	1.0759313	0.5
PDS5B|S1162_S1166	0	0.0	0.1
PDS5B|S1166	198	0.3187758	0.24536112
PDS5B|S1182	207	1.2177162	0.5
PDS5B|S1257	197	0.4348432	0.3221014
PDS5B|S1283	185	0.71454275	0.4989137
PDS5B|S1334	64	0.40775254	0.22009856
PDS5B|S1358	247	0.48844206	0.37649912
PDS5B|S1383	173	0.81547123	0.5
PDS5B|T1220	0	0.0	0.1
PDS5B|T1381_S1383	0	0.0	0.1
PDXDC1|S742	0	0.0	0.1
PDXDC1|S764	0	0.0	0.1
PDXDC1|S771	0	0.0	0.1
PDXDC1|T399	0	0.0	0.1
PDXDC1|T676	0	0.0	0.1
PDZD2|S1005	50	1.3089865	0.5
PDZD2|S1270	63	0.597606	0.29232624
PDZD2|S1850	0	0.0	0.1
PDZD2|S2037	61	0.9620523	0.42661607
PDZD2|S2341	0	0.0	0.1
PDZD2|S2489	0	0.0	0.1
PDZD2|S2521	0	0.0	0.1
PDZD2|S514	12	0.536642	0.14678308
PDZD2|S543	0	0.0	0.1
PDZD2|S850	0	0.0	0.1
PDZD2|S920	64	0.7516525	0.3543034
PDZD2|S944	71	0.4093522	0.22844449
PDZD2|S944_S948	0	0.0	0.1
PDZD2|S971	43	-0.021866601	0.0633548
PDZD8|S1071	0	0.0	0.1
PDZD8|S496	0	0.0	0.1
PDZD8|S521	148	0.91543645	0.5
PDZRN3|S374	0	0.0	0.1
PDZRN3|S472	0	0.0	0.1
PDZRN3|S774	179	1.6405619	0.5
PDZRN3|T517	0	0.0	0.1
PEA15|S111	0	0.0	0.1
PEA15|S137	0	0.0	0.1
PEAK1|S1001	0	0.0	0.1
PEAK1|S1081	0	0.0	0.1
PEAK1|S1217	165	1.0955596	0.5
PEAK1|S1250	172	1.1498886	0.5
PEAK1|S281	220	0.5487688	0.40852857
PEAK1|S370	0	0.0	0.1
PEAK1|S587	0	0.0	0.1
PEAK1|S779	0	0.0	0.1
PEAK1|S792	185	1.9147648	0.5
PEAK1|T1151	65	0.6699729	0.32453477
PEAK1|T1165	73	1.1698666	0.5
PEAK1|T852	0	0.0	0.1
PEAK1|Y635	55	0.6787127	0.30534965
PEAR1|S1029	60	0.3996646	0.21237423
PEBP1|S52	186	1.58986	0.5
PEBP1|S54	164	0.42189005	0.29996198
PEBP1|T42	0	0.0	0.1
PECAM1|S653	179	0.15054932	0.13243128
PELP1|S1093	0	0.0	0.1
PELP1|S1123	0	0.0	0.1
PELP1|S527_S531	0	0.0	0.1
PELP1|S531	0	0.0	0.1
PELP1|S708	0	0.0	0.1
PELP1|T1132	0	0.0	0.1
PELP1|T795	0	0.0	0.1
PEPD|T487	0	0.0	0.1
PER1|S592	0	0.0	0.1
PER1|S704	0	0.0	0.1
PER1|S815	80	0.45089793	0.25595465
PER1|S830	0	0.0	0.1
PER2|S977	186	0.35710773	0.26720992
PEX14|S232	0	0.0	0.1
PEX14|S335	154	0.9086436	0.5
PEX14|S44	144	1.5406804	0.5
PEX19|S35	0	0.0	0.1
PEX19|S66	170	1.2865789	0.5
PEX1|S1181	186	0.64861226	0.45678982
PEX1|S1211	200	-0.091177694	-0.027451795
PEX5|S294	0	0.0	0.1
PFKFB2|S466	191	0.813449	0.5
PFKFB2|S493	51	1.5881163	0.5
PFKFB3|S22	0	0.0	0.1
PFKFB3|S461	168	0.9834567	0.5
PFKFB3|S461_S467	0	0.0	0.1
PFKL|S377	111	0.48704976	0.30361384
PFKL|S427	0	0.0	0.1
PFKM|S377	129	0.6833416	0.42860729
PFKP|S378	0	0.0	0.1
PFKP|S386	186	1.176439	0.5
PGAM1|S118	174	0.99039066	0.5
PGAM1|S14	198	0.70825183	0.5
PGAM1|S31	160	1.1841085	0.5
PGAM1|Y92	0	0.0	0.1
PGK1|S203	183	0.8457496	0.5
PGK1|Y196	58	0.77373695	0.34732115
PGLS|S49	165	1.9444448	0.5
PGM1|S117	186	0.84235096	0.5
PGM1|S505	157	1.5097753	0.5
PGM1|T115_S117	0	0.0	0.1
PGM2L1|S175	208	0.75118184	0.5
PGM2L1|T173	0	0.0	0.1
PGM2|S165	186	1.1649739	0.5
PGM2|S186	111	1.7667102	0.5
PGM2|T163	0	0.0	0.1
PGM3|S92	0	0.0	0.1
PGM5|S122	140	0.35959357	0.2514296
PGM5|T120	0	0.0	0.1
PGRMC1|S181	228	1.7299819	0.5
PGRMC1|S57	198	0.6956805	0.49578774
PGRMC1|T74	216	1.3849294	0.5
PGRMC2|S114	0	0.0	0.1
PGRMC2|S128	0	0.0	0.1
PGRMC2|S232	0	0.0	0.1
PGRMC2|T235	0	0.0	0.1
PGR|S162	0	0.0	0.1
PGR|S81	0	0.0	0.1
PHACTR1|S237	0	0.0	0.1
PHACTR1|S467	51	0.3097833	0.17085397
PHACTR1|T104	63	0.3225726	0.186025
PHACTR2|S248	0	0.0	0.1
PHACTR2|S34	0	0.0	0.1
PHACTR2|S533	0	0.0	0.1
PHACTR2|S571	0	0.0	0.1
PHACTR4|S118	193	0.9924635	0.5
PHACTR4|S131	0	0.0	0.1
PHACTR4|S291	0	0.0	0.1
PHACTR4|S443	104	0.8649726	0.48998606
PHACTR4|S464	186	0.6820671	0.47854716
PHACTR4|S590	174	1.4145304	0.5
PHACTR4|S628	52	1.1038591	0.44342548
PHACTR4|T432	0	0.0	0.1
PHB|S151	111	0.080972396	0.08999021
PHB|Y249	0	0.0	0.1
PHC1|S664	80	0.8070754	0.41425574
PHC1|S664_S669	0	0.0	0.1
PHC1|S669	75	0.8381164	0.4163356
PHC1|T922	64	0.0380721	0.075833015
PHC2|S676	0	0.0	0.1
PHC2|S705	0	0.0	0.1
PHC2|S723	0	0.0	0.1
PHC3|S263	187	0.47659957	0.34538022
PHC3|S315	0	0.0	0.1
PHC3|S616	160	0.4058544	0.2882181
PHC3|S842	182	0.8610965	0.5
PHC3|T609	216	0.48079357	0.36028925
PHC3|T609_S616	0	0.0	0.1
PHC3|T609_T614	0	0.0	0.1
PHETA1|S226	0	0.0	0.1
PHF10|S327	182	0.57592034	0.40715426
PHF10|S36	161	-0.12936348	-0.041484755
PHF10|S50	180	1.567791	0.5
PHF12|S662	53	0.91604364	0.3826818
PHF12|T586	0	0.0	0.1
PHF12|T671	227	0.443077	0.33816049
PHF12|T880	0	0.0	0.1
PHF14|S290	198	0.8741618	0.5
PHF14|S298	179	0.63998705	0.44644332
PHF14|S298_S302	0	0.0	0.1
PHF14|S302	193	1.2988881	0.5
PHF14|S308	179	0.7541809	0.5
PHF14|S530	155	0.9074905	0.5
PHF14|S835	186	0.9488313	0.5
PHF14|T287	133	0.575192	0.3712469
PHF14|T287_S290	5	0.3025919	0.10964724
PHF1|S20	88	1.3100059	0.5
PHF1|S420	0	0.0	0.1
PHF1|S515	0	0.0	0.1
PHF20L1|T394	0	0.0	0.1
PHF20|S488	71	1.2473423	0.5
PHF20|S902	56	0.32552662	0.18095827
PHF21A|S447_S455	0	0.0	0.1
PHF21A|S455	0	0.0	0.1
PHF23|T26	0	0.0	0.1
PHF2|S1056	186	0.68737864	0.4820015
PHF2|S474	88	0.86253476	0.45693117
PHF2|S474_T479	0	0.0	0.1
PHF2|S625	132	1.4107813	0.5
PHF2|S681	198	1.1258903	0.5
PHF2|S705	182	0.8943793	0.5
PHF2|S853	67	0.7604027	0.36495197
PHF2|S882	175	1.2530333	0.5
PHF2|S899	197	0.9140917	0.5
PHF3|S1045	0	0.0	0.1
PHF3|S1554	0	0.0	0.1
PHF3|S1810	0	0.0	0.1
PHF3|S195	0	0.0	0.1
PHF6|S145	43	0.4566954	0.20725805
PHF6|S199_S203	0	0.0	0.1
PHF8|S1021	186	0.6353464	0.44816238
PHF8|S1021_S1024	0	0.0	0.1
PHF8|S804	179	0.8680744	0.5
PHF8|S854_S857	0	0.0	0.1
PHF8|S857	178	1.0279838	0.5
PHF8|S880	178	0.9650066	0.5
PHF8|T886	48	0.5865396	0.25779665
PHGDH|S349	67	-0.17968181	-0.012207676
PHGDH|T78	163	0.9455298	0.5
PHIP|S1281_S1283	0	0.0	0.1
PHIP|S1283	182	0.71059775	0.49407375
PHIP|S1315	186	1.3749614	0.5
PHIP|S1783	235	0.6935561	0.5
PHIP|S674	170	0.8465196	0.5
PHIP|S879_S880_S881	0	0.0	0.1
PHIP|S911	186	1.2069958	0.5
PHKA1|S758	201	0.8897756	0.5
PHKA1|S985	0	0.0	0.1
PHKA2|S1015	96	0.12767799	0.113556564
PHKA2|S724	0	0.0	0.1
PHKA2|S729	222	0.89367676	0.5
PHKB|S27	227	1.0718374	0.5
PHKB|S34	0	0.0	0.1
PHLDB1|S1017	186	1.8817846	0.5
PHLDB1|S223	0	0.0	0.1
PHLDB1|S324	178	0.5281956	0.37416843
PHLDB1|S381	0	0.0	0.1
PHLDB1|S404	135	0.75015926	0.47349572
PHLDB1|S430	232	1.6860913	0.5
PHLDB1|S443	214	0.74163544	0.5
PHLDB1|S461	216	0.77249426	0.5
PHLDB1|S470	232	1.1014837	0.5
PHLDB1|S489	165	0.870715	0.5
PHLDB1|S501	0	0.0	0.1
PHLDB1|S51	129	1.3545151	0.5
PHLDB1|S518_S520	0	0.0	0.1
PHLDB1|S520	93	-0.1820635	-0.035916608
PHLDB1|S539	133	0.31264594	0.22138159
PHLDB1|S551	0	0.0	0.1
PHLDB1|S555	0	0.0	0.1
PHLDB1|S578	196	0.8705693	0.5
PHLDB1|S578_S583	0	0.0	0.1
PHLDB1|S583	182	0.68150157	0.47529536
PHLDB1|S638	65	0.8353678	0.38969037
PHLDB1|S654	0	0.0	0.1
PHLDB1|S678	182	1.7979958	0.5
PHLDB1|S678_S682	0	0.0	0.1
PHLDB1|S682	0	0.0	0.1
PHLDB1|S971	139	0.6444684	0.41665736
PHLDB1|T1011	0	0.0	0.1
PHLDB1|T428	0	0.0	0.1
PHLDB2|S100	0	0.0	0.1
PHLDB2|S184	0	0.0	0.1
PHLDB2|S231	0	0.0	0.1
PHLDB2|S239	0	0.0	0.1
PHLDB2|S361	0	0.0	0.1
PHLDB2|S411	0	0.0	0.1
PHLDB2|S411_S414	0	0.0	0.1
PHLDB2|S414	151	1.1894131	0.5
PHLDB2|S442	0	0.0	0.1
PHLDB2|S516	0	0.0	0.1
PHLDB2|S528	0	0.0	0.1
PHLDB2|S540	0	0.0	0.1
PHLDB2|S98	0	0.0	0.1
PHLDB2|T136	0	0.0	0.1
PHLDB2|T431	0	0.0	0.1
PHLDB2|T577	0	0.0	0.1
PHLDB2|T601	0	0.0	0.1
PHLPP1|S425	36	0.49276096	0.20396614
PHPT1|S33	178	0.40578368	0.29578954
PHRF1|S1032_S1034	0	0.0	0.1
PHRF1|S1034	186	1.0303978	0.5
PHRF1|S1124	186	0.5322567	0.38111803
PHRF1|S1142	186	0.08046195	0.08729344
PHRF1|S1202	235	0.34256107	0.27015477
PHRF1|S1229	210	0.4776905	0.35585484
PHRF1|S1359_S1360	0	0.0	0.1
PHRF1|S1360	212	0.42667413	0.32197088
PHRF1|S1371	192	0.34091625	0.25841066
PHRF1|S814	61	0.49026424	0.2478641
PHRF1|S864	0	0.0	0.1
PHRF1|S867	224	0.85979426	0.5
PHRF1|S915	204	0.27167326	0.2152018
PHRF1|S915_T917	0	0.0	0.1
PHRF1|S936	184	1.339139	0.5
PHRF1|S936_S948	0	0.0	0.1
PHRF1|S973	186	0.51111525	0.36736867
PHRF1|S991	241	0.78544456	0.5
PHYHIPL|S12	115	1.0827279	0.5
PHYHIPL|S15	124	1.1104492	0.5
PHYHIPL|S25	178	1.7556257	0.5
PI4K2A|S462	247	1.024413	0.5
PI4K2A|S47	217	0.4097739	0.3120534
PI4K2A|S47_S51	5	-0.0820523	0.09133084
PI4K2A|S51	186	0.43185574	0.31582227
PI4K2B|S17	164	1.0129006	0.5
PI4K2B|S45	171	0.7043103	0.48131755
PI4K2B|S466	0	0.0	0.1
PI4KA|S1405	0	0.0	0.1
PI4KA|S1435	0	0.0	0.1
PI4KA|S1436	164	1.2536734	0.5
PI4KA|S230	103	0.2847328	0.19373143
PI4KA|S256	164	1.0756748	0.5
PI4KA|S256_S257	0	0.0	0.1
PI4KA|S265	182	0.82472104	0.5
PI4KA|T250	0	0.0	0.1
PI4KB|S266	63	0.7585843	0.35454485
PI4KB|S277	0	0.0	0.1
PI4KB|S294	0	0.0	0.1
PI4KB|S413	0	0.0	0.1
PI4KB|S428	186	1.5817719	0.5
PI4KB|S496	0	0.0	0.1
PI4KB|S496_T502	0	0.0	0.1
PI4KB|S511	164	0.6940539	0.46903348
PIAS1|S490	0	0.0	0.1
PIAS1|S505	0	0.0	0.1
PIAS4|T99	0	0.0	0.1
PICALM|S16	130	1.1447581	0.5
PICALM|S315	154	1.9136127	0.5
PIEZO1|S1391	191	0.65907043	0.46695
PIEZO1|S1621	180	0.5761092	0.4060702
PIEZO1|S1646	232	0.592216	0.4439582
PIGB|S39	174	1.6399652	0.5
PIGR|S673	233	1.1176369	0.5
PIGR|S682	227	0.44289693	0.33803546
PIGR|S708	0	0.0	0.1
PIGR|S735	209	1.0243807	0.5
PIK3AP1|S642	0	0.0	0.1
PIK3AP1|S682	0	0.0	0.1
PIK3AP1|S759	111	0.3992858	0.25744417
PIK3C2B|S13	0	0.0	0.1
PIK3C2B|S155	0	0.0	0.1
PIK3R1|Y452	0	0.0	0.1
PIK3R1|Y467	162	1.0378624	0.5
PIK3R1|Y556	0	0.0	0.1
PIK3R1|Y580	100	0.38095438	0.24047719
PIK3R4|S853	174	1.0840652	0.5
PIK3R5|S458	113	1.1312939	0.5
PIK3R5|S478	0	0.0	0.1
PIK3R6|S358	147	0.37436053	0.2632834
PIKFYVE|S1452	0	0.0	0.1
PIKFYVE|S1549	137	0.5953608	0.38634783
PIKFYVE|S1657	0	0.0	0.1
PIKFYVE|S1754	177	0.6370064	0.44314125
PIMREG|S16	149	1.1956954	0.5
PIP4K2B|S319	34	-0.109760076	0.046777293
PIP4K2B|T322	66	0.73103637	0.35089397
PIP4K2B|T322_S326	0	0.0	0.1
PIP4P1|S169	0	0.0	0.1
PIP5K1A|S418	0	0.0	0.1
PIP5K1A|S56	0	0.0	0.1
PIP5K1A|S68	157	1.8708243	0.5
PITPNC1|S299	73	1.1551455	0.5
PITPNM1|S300	0	0.0	0.1
PITPNM1|S373	170	1.5748917	0.5
PITPNM1|S593	182	0.75040513	0.5
PITPNM1|S593_S600	0	0.0	0.1
PITPNM2|S1277	177	0.80690074	0.5
PITPNM2|S1313	80	0.97154975	0.48735544
PITPNM2|S644	147	0.7125059	0.4645278
PITPNM2|S872	0	0.0	0.1
PITPNM3|S109	0	0.0	0.1
PITPNM3|S321	153	0.7356912	0.48442984
PITPNM3|S871	0	0.0	0.1
PITPNM3|S907	79	0.49770507	0.27552345
PITPNM3|S946	135	1.0927225	0.5
PJA1|S15	0	0.0	0.1
PJA1|S210	0	0.0	0.1
PJA1|S71	0	0.0	0.1
PJA1|T222	0	0.0	0.1
PJA2|S216	166	0.52849	0.36740354
PJA2|S253	183	0.80819917	0.5
PKD2|S166	72	0.91012764	0.43912318
PKD2|S812	183	1.217441	0.5
PKM|S111	0	0.0	0.1
PKM|S127	176	0.6861816	0.47379696
PKM|S201	0	0.0	0.1
PKM|S202	0	0.0	0.1
PKM|S249	158	0.38951167	0.27729785
PKM|S276	0	0.0	0.1
PKM|S323	0	0.0	0.1
PKM|S37	177	1.2235178	0.5
PKM|S437	175	0.8396099	0.5
PKM|S511	0	0.0	0.1
PKM|Y148	0	0.0	0.1
PKM|Y222	0	0.0	0.1
PKN1|S533	0	0.0	0.1
PKN1|S537	68	-0.3532969	-0.08347732
PKN1|S69	150	0.867704	0.5
PKN1|S916	237	0.4446564	0.34238446
PKN2|S110	73	1.0148199	0.4860223
PKN2|S21	120	2.7414262	0.5
PKN2|S302	0	0.0	0.1
PKN2|S306	0	0.0	0.1
PKN2|S360	182	1.6356248	0.5
PKN2|S535	0	0.0	0.1
PKN2|T124	0	0.0	0.1
PKN2|T903	0	0.0	0.1
PKN2|T910	0	0.0	0.1
PKN3|S544	166	0.082233235	0.08891247
PKN3|T860	0	0.0	0.1
PKP1|S142	0	0.0	0.1
PKP1|S155	72	1.6416973	0.5
PKP1|S205	0	0.0	0.1
PKP1|S225	0	0.0	0.1
PKP1|S739	46	2.273774	0.5
PKP2|S102	0	0.0	0.1
PKP2|S140	0	0.0	0.1
PKP2|S151	207	1.1548074	0.5
PKP2|S151_S154_S155	0	0.0	0.1
PKP2|S154_S155	10	0.17871137	0.107155584
PKP2|S164	98	0.4844897	0.290303
PKP2|S172	157	1.5918605	0.5
PKP2|S197	196	1.2733995	0.5
PKP2|S251	202	0.89776593	0.5
PKP2|S329	169	1.0791045	0.5
PKP2|S358	0	0.0	0.1
PKP2|S71	158	0.64271826	0.43236232
PKP2|S82	172	0.5754342	0.40064222
PKP3|S110	0	0.0	0.1
PKP3|S138	0	0.0	0.1
PKP3|S187	0	0.0	0.1
PKP3|S211	0	0.0	0.1
PKP3|S253	0	0.0	0.1
PKP3|S328_S329	0	0.0	0.1
PKP3|S329	0	0.0	0.1
PKP4|S179	0	0.0	0.1
PKP4|S213	96	0.61927086	0.35433677
PKP4|S221	201	0.46580502	0.34427512
PKP4|S231	182	0.43068266	0.31341934
PKP4|S233	0	0.0	0.1
PKP4|S281	205	0.5120014	0.37691894
PKP4|S314	245	0.9121983	0.5
PKP4|S327_S337	0	0.0	0.1
PKP4|S337	241	0.9296622	0.5
PKP4|S406	106	0.6609378	0.38863787
PKP4|S447	162	1.0076317	0.5
PKP4|S511	0	0.0	0.1
PKP4|S512	163	0.17907599	0.14900906
PKP4|S75	164	0.2696596	0.2053946
PKP4|S775	0	0.0	0.1
PKP4|S776	0	0.0	0.1
PKP4|T412	0	0.0	0.1
PLA2G4A|S377	0	0.0	0.1
PLA2G4A|S437	141	0.8017091	0.5
PLA2G4A|S667	0	0.0	0.1
PLA2G4A|S669	0	0.0	0.1
PLA2G4A|S727	104	0.40299448	0.2544678
PLA2G4C|S347	0	0.0	0.1
PLAA|S50	122	1.3198333	0.5
PLCB2|S943	0	0.0	0.1
PLCB2|S949	0	0.0	0.1
PLCB2|S954	0	0.0	0.1
PLCB3|S1105	203	0.67222613	0.48337263
PLCB3|S474	122	0.79583985	0.48239845
PLCB3|S537	183	1.1239924	0.5
PLCD1|S12	0	0.0	0.1
PLCD1|S481	0	0.0	0.1
PLCD1|T478	0	0.0	0.1
PLCD3|S105	0	0.0	0.1
PLCD3|S489	0	0.0	0.1
PLCD3|S496	126	0.5035988	0.32501525
PLCD3|T37	0	0.0	0.1
PLCE1|S1401	0	0.0	0.1
PLCE1|S752	0	0.0	0.1
PLCE1|S788	0	0.0	0.1
PLCG1|S1234	0	0.0	0.1
PLCG1|S1249	0	0.0	0.1
PLCG1|S1264	0	0.0	0.1
PLCH1|S1131	0	0.0	0.1
PLCH1|S1307	87	-0.24866942	-0.062215183
PLCH2|S595	122	0.98024774	0.5
PLCL1|S1079	140	-0.81725776	-0.43506703
PLCL1|S47	119	0.43065542	0.27967122
PLCL1|S569	182	0.37234986	0.27577192
PLCL1|S77	0	0.0	0.1
PLCL1|S95	132	0.48138162	0.316993
PLCL1|T556	146	0.22809507	0.1760239
PLCL1|T93_S95	0	0.0	0.1
PLCL2|S1113	186	0.94251084	0.5
PLCL2|S123	140	1.6678382	0.5
PLCL2|S17	0	0.0	0.1
PLCL2|T584	174	0.9618691	0.5
PLD1|S540	154	1.0736642	0.5
PLEC|S1047	192	0.6546533	0.46470353
PLEC|S125	0	0.0	0.1
PLEC|S1298	0	0.0	0.1
PLEC|S1325	0	0.0	0.1
PLEC|S1417	0	0.0	0.1
PLEC|S1435	247	0.71222526	0.5
PLEC|S1444	131	0.280934	0.2026076
PLEC|S149	78	1.0262324	0.5
PLEC|S1554	151	1.2245661	0.5
PLEC|S1584	0	0.0	0.1
PLEC|S1595	0	0.0	0.1
PLEC|S1611	0	0.0	0.1
PLEC|S1622	0	0.0	0.1
PLEC|S1721	247	0.86632055	0.5
PLEC|S1732	240	1.0563389	0.5
PLEC|S1902	0	0.0	0.1
PLEC|S1929	0	0.0	0.1
PLEC|S2039	183	0.85692364	0.5
PLEC|S21	0	0.0	0.1
PLEC|S2224	0	0.0	0.1
PLEC|S2251	0	0.0	0.1
PLEC|S2361	111	0.9546715	0.5
PLEC|S24	0	0.0	0.1
PLEC|S2441	0	0.0	0.1
PLEC|S2468	0	0.0	0.1
PLEC|S2578	180	0.8791027	0.5
PLEC|S2645	0	0.0	0.1
PLEC|S2665	0	0.0	0.1
PLEC|S2672	0	0.0	0.1
PLEC|S2692	0	0.0	0.1
PLEC|S2697	0	0.0	0.1
PLEC|S2724	0	0.0	0.1
PLEC|S2782	112	0.78061575	0.4595706
PLEC|S2802	114	1.4549359	0.5
PLEC|S2834	53	1.4610339	0.5
PLEC|S2899	0	0.0	0.1
PLEC|S2926	0	0.0	0.1
PLEC|S3036	70	0.63873863	0.32183355
PLEC|S3900	0	0.0	0.1
PLEC|S3927	0	0.0	0.1
PLEC|S4037	111	1.755873	0.5
PLEC|S42	0	0.0	0.1
PLEC|S4237	0	0.0	0.1
PLEC|S4245	0	0.0	0.1
PLEC|S4249	0	0.0	0.1
PLEC|S4255	0	0.0	0.1
PLEC|S4259	0	0.0	0.1
PLEC|S4264	0	0.0	0.1
PLEC|S4272	0	0.0	0.1
PLEC|S4276	0	0.0	0.1
PLEC|S4286	0	0.0	0.1
PLEC|S4374	0	0.0	0.1
PLEC|S4382	193	0.7113858	0.5
PLEC|S4386	241	1.0389986	0.5
PLEC|S4396	236	0.48262492	0.36874846
PLEC|S4476	0	0.0	0.1
PLEC|S4479	0	0.0	0.1
PLEC|S4481	0	0.0	0.1
PLEC|S4485	0	0.0	0.1
PLEC|S4505	0	0.0	0.1
PLEC|S4506	0	0.0	0.1
PLEC|S4508	0	0.0	0.1
PLEC|S4613	241	0.87978315	0.5
PLEC|S4616	176	1.1681194	0.5
PLEC|S4618	199	0.91112435	0.5
PLEC|S4622	232	0.9440448	0.5
PLEC|S4642	133	0.7314936	0.4604663
PLEC|S564	0	0.0	0.1
PLEC|S583	0	0.0	0.1
PLEC|S610	0	0.0	0.1
PLEC|S701	0	0.0	0.1
PLEC|S720	208	0.39089936	0.29645154
PLEC|S782	0	0.0	0.1
PLEC|S809	0	0.0	0.1
PLEC|S910	0	0.0	0.1
PLEC|S919	0	0.0	0.1
PLEC|S937	0	0.0	0.1
PLEC|T2749	0	0.0	0.1
PLEC|T2776	0	0.0	0.1
PLEC|T2886	0	0.0	0.1
PLEC|T3648	0	0.0	0.1
PLEC|T3675	0	0.0	0.1
PLEC|T3785	195	0.6368499	0.45486686
PLEC|T3893	0	0.0	0.1
PLEC|T3920	0	0.0	0.1
PLEC|T4030	247	0.8029901	0.5
PLEC|T4486	0	0.0	0.1
PLEC|T4513	0	0.0	0.1
PLEC|T4623	55	1.0400788	0.43357632
PLEC|Y4478	0	0.0	0.1
PLEC|Y4505	0	0.0	0.1
PLEC|Y4615	0	0.0	0.1
PLEKHA1|S308	0	0.0	0.1
PLEKHA1|S332	170	0.8947577	0.5
PLEKHA1|S375	0	0.0	0.1
PLEKHA2|S182	0	0.0	0.1
PLEKHA2|S184	179	1.3278692	0.5
PLEKHA2|S314	79	0.7021481	0.3657525
PLEKHA2|S349	0	0.0	0.1
PLEKHA2|S401	174	1.0317062	0.5
PLEKHA3|S211	136	0.94525343	0.5
PLEKHA4|S164	0	0.0	0.1
PLEKHA4|S194	180	1.0101215	0.5
PLEKHA4|S213	0	0.0	0.1
PLEKHA4|S229_S241	0	0.0	0.1
PLEKHA4|S241	0	0.0	0.1
PLEKHA4|S552	0	0.0	0.1
PLEKHA4|S559	83	1.102057	0.5
PLEKHA4|S575	0	0.0	0.1
PLEKHA4|S723	0	0.0	0.1
PLEKHA4|T271	0	0.0	0.1
PLEKHA5|S382	90	1.5551188	0.5
PLEKHA5|S410	186	1.1999809	0.5
PLEKHA5|S596	0	0.0	0.1
PLEKHA5|S607	47	0.64474434	0.27416998
PLEKHA5|S855	186	0.5930241	0.42063805
PLEKHA5|S885	98	0.8245532	0.4586172
PLEKHA5|S913	0	0.0	0.1
PLEKHA5|S933	190	0.817756	0.5
PLEKHA5|S933_S937	0	0.0	0.1
PLEKHA5|S937	186	0.9782734	0.5
PLEKHA5|S943	0	0.0	0.1
PLEKHA5|S991	0	0.0	0.1
PLEKHA5|S991_S995	0	0.0	0.1
PLEKHA5|S995	0	0.0	0.1
PLEKHA6|S247	0	0.0	0.1
PLEKHA6|S247_S251	0	0.0	0.1
PLEKHA6|S251	0	0.0	0.1
PLEKHA6|S336	155	0.8892482	0.5
PLEKHA6|S459	190	0.4623278	0.33738717
PLEKHA6|S461	60	0.87797666	0.39174125
PLEKHA6|S777	241	1.3277807	0.5
PLEKHA6|S808	178	1.4752421	0.5
PLEKHA6|S842	182	1.0732005	0.5
PLEKHA6|S842_S848	0	0.0	0.1
PLEKHA6|S848	159	0.41866082	0.29562575
PLEKHA6|S854	68	0.19851375	0.1398746
PLEKHA6|S867	203	1.7810817	0.5
PLEKHA6|S940	0	0.0	0.1
PLEKHA7|S430	65	1.0458815	0.47262
PLEKHA7|S448	0	0.0	0.1
PLEKHA7|S536	176	0.84330136	0.5
PLEKHA7|S556	140	0.7717194	0.49183628
PLEKHA7|S569	0	0.0	0.1
PLEKHA7|S604	201	0.7435091	0.5
PLEKHA7|S604_S612	4	0.090667926	0.09964108
PLEKHA7|S612	227	0.70616364	0.5
PLEKHA7|S867	0	0.0	0.1
PLEKHA7|S903	168	-0.18877289	-0.081021816
PLEKHA7|S907	151	0.6624422	0.43836164
PLEKHA7|S934	0	0.0	0.1
PLEKHF1|S205	0	0.0	0.1
PLEKHF2|S16	186	0.8792592	0.5
PLEKHG1|S610_S611	0	0.0	0.1
PLEKHG1|S998	0	0.0	0.1
PLEKHG2|S1261	175	0.48064527	0.3422288
PLEKHG2|S450	0	0.0	0.1
PLEKHG2|S469	0	0.0	0.1
PLEKHG2|S482	0	0.0	0.1
PLEKHG2|T1257	175	0.65664953	0.4542315
PLEKHG2|T1257_S1261	0	0.0	0.1
PLEKHG2|T445	0	0.0	0.1
PLEKHG2|T445_S450	0	0.0	0.1
PLEKHG2|T466	52	0.3508742	0.18582538
PLEKHG3|S1037	186	0.8014963	0.5
PLEKHG3|S1037_S1040	0	0.0	0.1
PLEKHG3|S1040	172	-0.34094623	-0.17883363
PLEKHG3|S433	163	0.96743613	0.5
PLEKHG3|S485_S488	0	0.0	0.1
PLEKHG3|S617_S618	0	0.0	0.1
PLEKHG3|S643	192	0.43698654	0.32158017
PLEKHG3|S759	0	0.0	0.1
PLEKHG3|S76	182	1.2379119	0.5
PLEKHG4B|S1085	0	0.0	0.1
PLEKHG5|S249	60	0.31112772	0.1791729
PLEKHH2|S1458	52	0.49826974	0.23625018
PLEKHH2|S202	72	0.25161713	0.16346763
PLEKHH2|S365	0	0.0	0.1
PLEKHH2|S459	68	1.2126209	0.5
PLEKHH2|S549	49	1.207997	0.46437484
PLEKHH2|S565	142	1.2879268	0.5
PLEKHH2|S869	180	1.540615	0.5
PLEKHH2|S93	0	0.0	0.1
PLEKHM1|S280	0	0.0	0.1
PLEKHM1|S435	37	0.34371424	0.16582063
PLEKHM1|S482	123	1.0325335	0.5
PLEKHM2|S532	72	0.4877799	0.26232648
PLEKHM3|S132	64	-0.36588594	-0.08180915
PLEKHM3|S350	0	0.0	0.1
PLEKHO1|S170	0	0.0	0.1
PLEKHO1|S55	0	0.0	0.1
PLEKHO1|S99	0	0.0	0.1
PLEKHO2|S389	97	0.66270834	0.3770696
PLEKHO2|S439	71	0.47183332	0.25438693
PLEKHO2|T261	0	0.0	0.1
PLEKHO2|T311	19	0.5346284	0.16939446
PLEKHS1|S103	0	0.0	0.1
PLEK|S117	0	0.0	0.1
PLG|S45	170	0.656357	0.45029885
PLG|S477	0	0.0	0.1
PLIN1|S130	107	0.03724934	0.06756367
PLIN1|S174	91	1.9617677	0.5
PLIN1|S382	111	0.99027044	0.5
PLIN1|S408	149	1.1675903	0.5
PLIN1|S436	111	0.3645196	0.23915486
PLIN1|S497	155	0.6191898	0.41558596
PLIN1|S81	111	-0.5728297	-0.2539531
PLIN3|S130	210	0.7852177	0.5
PLIN3|S148	132	1.0792283	0.5
PLIN3|S196	0	0.0	0.1
PLIN3|S31	173	1.5810473	0.5
PLIN4|S238	98	2.1017191	0.5
PLIN5|S277	181	1.2731112	0.5
PLPP3|S19	186	0.6317853	0.44584638
PLPP3|S297	180	1.1919507	0.5
PLPP6|S63	186	1.2853616	0.5
PLPP6|S70	160	1.052999	0.5
PLS3|S293	172	1.0870993	0.5
PLS3|S326	0	0.0	0.1
PLS3|S339	207	1.1068431	0.5
PLS3|Y127	0	0.0	0.1
PLXDC2|S446	0	0.0	0.1
PLXDC2|S457	0	0.0	0.1
PLXNB2|S1244	102	2.085013	0.5
PLXNB2|S1570	143	0.641906	0.41889945
PLXNC1|S978	224	0.8039965	0.5
PML|S36	240	0.9949661	0.5
PML|S36_S38_S40	0	0.0	0.1
PML|S38	183	0.46262795	0.33449087
PML|S403	247	0.6219832	0.4715557
PML|S403_S408_T409	0	0.0	0.1
PML|S403_T409	6	-0.07498503	0.09009519
PML|S432	0	0.0	0.1
PML|S445	0	0.0	0.1
PML|S456_S457	0	0.0	0.1
PML|S457	0	0.0	0.1
PML|S470	0	0.0	0.1
PML|S470_S479	0	0.0	0.1
PML|S470_S479_S482	0	0.0	0.1
PML|S479	0	0.0	0.1
PML|S48	189	0.5036616	0.36398628
PML|S480	182	0.7856645	0.5
PML|S482	0	0.0	0.1
PML|S493	186	0.70513076	0.4935466
PML|S504_S505	0	0.0	0.1
PML|S505	247	0.8790459	0.5
PML|S518	201	0.32885018	0.25282022
PML|S518_S527	18	0.9486401	0.22945358
PML|S518_S527_S530	0	0.0	0.1
PML|S518_S527_S535	0	0.0	0.1
PML|S527	220	0.47175768	0.3555834
PML|S530	198	0.3325146	0.25448957
PML|S565	162	0.951922	0.5
PML|S583	56	-0.38681442	-0.07475389
PML|S672	0	0.0	0.1
PML|S771	0	0.0	0.1
PML|S8	187	0.33511415	0.25319284
PML|T409	148	0.22866686	0.17678507
PML|T580_S583	0	0.0	0.1
PMS2|S445	202	0.97026587	0.5
PNISR|S211	186	0.3420115	0.2573921
PNISR|S311_S313_S321	0	0.0	0.1
PNKP|T118	237	0.50243	0.38301462
PNKP|T118_T122	5	-0.058288507	0.09246245
PNN|S100	198	0.4118633	0.3072112
PNN|S347	222	1.420097	0.5
PNN|S381	219	0.70023763	0.5
PNN|S413	194	0.26521757	0.20902112
PNN|S443	150	0.3121496	0.22728978
PNN|S450	0	0.0	0.1
PNN|S458	0	0.0	0.1
PNN|S552	68	0.101010144	0.10040887
PNN|S66	247	1.159815	0.5
PNN|S690	186	0.84603816	0.5
PNN|S96_S100	0	0.0	0.1
PNPLA2|S404	178	1.3199619	0.5
PNPLA2|S428	186	0.64694697	0.45570678
PNPLA6|S116	47	0.59973204	0.25977826
PNPLA6|S354	68	0.17170766	0.12902454
PNPLA6|S420	75	1.1648054	0.5
PNPLA7|S1313	77	-0.04299461	0.037793305
PNPLA7|S380	0	0.0	0.1
PNPO|S241	186	0.6093441	0.4312518
PNP|S33	0	0.0	0.1
POC1B|S279	0	0.0	0.1
POF1B|S123	0	0.0	0.1
POF1B|S413	0	0.0	0.1
POF1B|S495	162	1.5150125	0.5
POF1B|S56	65	0.6567042	0.3193077
POF1B|S93	0	0.0	0.1
POGZ|S1338	170	1.0195744	0.5
POGZ|S1364	186	0.65949064	0.46386456
POGZ|S416	7	-0.010879489	0.092746206
POGZ|S419	0	0.0	0.1
POGZ|S425	113	0.64830333	0.39088392
POGZ|S445	47	0.55613	0.24583748
POGZ|S746	173	1.5227183	0.5
POLA1|T225	0	0.0	0.1
POLD3|S268	0	0.0	0.1
POLD3|S307	211	0.52152	0.38598305
POLD3|S458	0	0.0	0.1
POLDIP3|S292	0	0.0	0.1
POLM|S12	191	-0.1732128	-0.079325244
POLR1A|S1429	182	1.8374386	0.5
POLR1A|T357	24	1.7909771	0.4272859
POLR1A|Y1427	0	0.0	0.1
POLR2A|S1850	153	1.0001371	0.5
POLR2A|S1878	200	1.2674254	0.5
POLR2A|S1899	61	0.31574532	0.18174201
POLR2A|S1917	205	0.7912031	0.5
POLR2A|S1931	0	0.0	0.1
POLR3C|S217_S218	0	0.0	0.1
POLR3C|S218	0	0.0	0.1
POLR3E|S161_S162	0	0.0	0.1
POLR3E|S503	0	0.0	0.1
POLR3GL|S140	0	0.0	0.1
POLR3GL|T139_S140	0	0.0	0.1
POM121C|S180_T182	0	0.0	0.1
POM121C|S4	0	0.0	0.1
POM121C|S432	0	0.0	0.1
POM121C|T182	0	0.0	0.1
POM121|S180_T182	0	0.0	0.1
POM121|S4	0	0.0	0.1
POM121|S432	0	0.0	0.1
POM121|T182	0	0.0	0.1
POP1|S367	75	0.8170017	0.40728644
POP1|S730	186	0.68750167	0.48208153
POSTN|T715	0	0.0	0.1
POSTN|T745	0	0.0	0.1
POTEF|S1068	75	0.4302595	0.24153978
POTEF|S733	0	0.0	0.1
POTEI|S1065	110	0.26406506	0.18593885
POTEI|S1068	111	0.1589623	0.13101807
POTEI|S733	96	0.5045552	0.2981495
POTEJ|S1028	7	-0.048917554	0.090257734
POTEJ|S1031	0	0.0	0.1
POU2F1|S347	0	0.0	0.1
POU2F1|S382	0	0.0	0.1
POU2F1|S397	0	0.0	0.1
POU2F1|S460	0	0.0	0.1
POU2F2|S26	0	0.0	0.1
POU2F2|S55	45	-0.28027803	-0.018017314
PPA2|S317	166	0.3125445	0.23264055
PPAN-P2RY11|S359	0	0.0	0.1
PPAN|S358	0	0.0	0.1
PPFIA1|S242	182	0.87771904	0.5
PPFIA1|S666	63	0.5509595	0.27429724
PPFIA1|S708	183	0.4686083	0.338358
PPFIA1|S763	187	1.009209	0.5
PPFIA1|S77	137	0.493558	0.32749978
PPFIA1|T572	140	1.0185772	0.5
PPFIA3|S1164	0	0.0	0.1
PPFIA3|S17	170	0.8851113	0.5
PPFIA3|S207	0	0.0	0.1
PPFIA3|S508	0	0.0	0.1
PPFIA3|S683	133	1.3674068	0.5
PPFIA3|S75	0	0.0	0.1
PPFIA3|T714	60	0.30571145	0.17714179
PPFIBP1|S37	186	0.51598775	0.37053752
PPFIBP1|S37_S40	0	0.0	0.1
PPFIBP1|S37_T39	0	0.0	0.1
PPFIBP1|S40	126	0.70061177	0.43485433
PPFIBP1|S435	0	0.0	0.1
PPFIBP1|S449	0	0.0	0.1
PPFIBP1|S509	0	0.0	0.1
PPFIBP1|S523	0	0.0	0.1
PPFIBP1|S532	0	0.0	0.1
PPFIBP1|S534	0	0.0	0.1
PPFIBP1|S548	0	0.0	0.1
PPFIBP1|S573	0	0.0	0.1
PPFIBP1|S763	0	0.0	0.1
PPFIBP1|S788	0	0.0	0.1
PPFIBP1|S902	0	0.0	0.1
PPFIBP1|S959	0	0.0	0.1
PPFIBP1|T39	39	0.5646503	0.23036951
PPFIBP2|S275	0	0.0	0.1
PPFIBP2|S329	240	1.3257726	0.5
PPFIBP2|S385_S387	0	0.0	0.1
PPFIBP2|S387	186	1.1329186	0.5
PPFIBP2|S414	106	2.0384734	0.5
PPFIBP2|S512	222	1.1357839	0.5
PPHLN1|S110	0	0.0	0.1
PPHLN1|S133	247	0.6381029	0.48303002
PPHLN1|S172	68	1.3030732	0.5
PPHLN1|T128	0	0.0	0.1
PPID|S198_S201	0	0.0	0.1
PPIG|S290	156	0.681341	0.45425466
PPIG|S356_T358	0	0.0	0.1
PPIG|S397	186	0.65482306	0.46082902
PPIG|S413_S415	0	0.0	0.1
PPIG|S415	217	0.89151055	0.5
PPIG|S544_S546	0	0.0	0.1
PPIG|S546	186	1.1465062	0.5
PPIG|S628_S630_S631	0	0.0	0.1
PPIG|S687	240	0.70538926	0.5
PPIG|S696	186	0.6348116	0.44781455
PPIG|S744_S745	0	0.0	0.1
PPIG|S744_S745_T748	0	0.0	0.1
PPIG|T358	225	0.8627108	0.5
PPIG|T611	75	0.45553625	0.25237268
PPIL4|S178	186	0.5477153	0.39117151
PPIP5K1|S1073	80	1.0452569	0.5
PPIP5K1|S1152	183	0.14051594	0.12619935
PPIP5K1|S944	186	0.7064259	0.4943889
PPIP5K1|S987	184	0.56181264	0.39920256
PPIP5K2|S1006	186	1.4904492	0.5
PPIP5K2|S1016	171	0.8029766	0.5
PPIP5K2|S1108	151	1.5171219	0.5
PPIP5K2|S1180	0	0.0	0.1
PPIP5K2|S38	168	0.60369545	0.4157494
PPL|S14	239	0.95885795	0.5
PPL|S1614	0	0.0	0.1
PPL|S1657	217	1.10557	0.5
PPL|S1670	71	0.46353078	0.25093967
PPL|S830	87	1.344346	0.5
PPL|S887	168	1.2254121	0.5
PPM1A|S190	0	0.0	0.1
PPM1A|S320	0	0.0	0.1
PPM1B|S195	175	1.4364097	0.5
PPM1B|S386	163	1.8191485	0.5
PPM1E|S535	63	0.34825808	0.1959525
PPM1G|T122	0	0.0	0.1
PPM1H|S124	186	0.47351664	0.34291643
PPM1H|S211	0	0.0	0.1
PPM1J|S25	0	0.0	0.1
PPM1K|S248	159	1.9871368	0.5
PPM1M|S27	0	0.0	0.1
PPME1|S15	0	0.0	0.1
PPME1|S249	0	0.0	0.1
PPP1CA|S325	0	0.0	0.1
PPP1CA|T320	145	0.33146775	0.23699114
PPP1CA|T331	0	0.0	0.1
PPP1CB|S311	0	0.0	0.1
PPP1CB|T316	192	0.46829596	0.3421672
PPP1R10|S313	177	0.33553728	0.25050578
PPP1R10|S398	167	1.5776948	0.5
PPP1R10|S451	63	1.2971079	0.5
PPP1R10|S545	67	1.4535543	0.5
PPP1R10|T256	80	0.9831074	0.49249217
PPP1R11|S77	71	0.74090064	0.36610493
PPP1R11|T109	0	0.0	0.1
PPP1R12A|S292	0	0.0	0.1
PPP1R12A|S299	170	0.4646134	0.3295714
PPP1R12A|S336	62	3.4688308	0.5
PPP1R12A|S422	183	0.850295	0.5
PPP1R12A|S445	191	0.9171118	0.5
PPP1R12A|S507	225	1.2453417	0.5
PPP1R12A|S509	0	0.0	0.1
PPP1R12A|S618	139	1.0033374	0.5
PPP1R12A|S668	239	1.3422277	0.5
PPP1R12A|S862	144	1.4450873	0.5
PPP1R12A|S862_S871	0	0.0	0.1
PPP1R12A|S871	193	0.54845	0.3953954
PPP1R12A|S903	229	1.856575	0.5
PPP1R12A|S908	88	0.6099939	0.33872053
PPP1R12A|S910	104	1.7799537	0.5
PPP1R12A|S995	172	0.7459049	0.5
PPP1R12B|S1008	0	0.0	0.1
PPP1R12B|S151	0	0.0	0.1
PPP1R12B|S21	0	0.0	0.1
PPP1R12B|S21_S25	0	0.0	0.1
PPP1R12B|S43	0	0.0	0.1
PPP1R12B|S772	0	0.0	0.1
PPP1R12B|S900	0	0.0	0.1
PPP1R12B|T869	0	0.0	0.1
PPP1R12C|S407	173	0.79191566	0.5
PPP1R12C|S427	80	0.52903587	0.2906826
PPP1R12C|S452	184	1.0772265	0.5
PPP1R12C|S508	0	0.0	0.1
PPP1R12C|S509	94	0.91286176	0.49386087
PPP1R12C|S532	141	1.676107	0.5
PPP1R13B|S335	115	0.28422996	0.19854163
PPP1R13B|S486	67	0.11363371	0.10546981
PPP1R13B|S681	121	0.6403913	0.39587036
PPP1R13L|S102	0	0.0	0.1
PPP1R13L|S113	111	0.71374935	0.42287287
PPP1R13L|S134	170	1.0950606	0.5
PPP1R13L|S158	0	0.0	0.1
PPP1R13L|S183_S187	0	0.0	0.1
PPP1R13L|S187	177	1.0252391	0.5
PPP1R13L|S280	59	0.4283208	0.22182974
PPP1R13L|S332	0	0.0	0.1
PPP1R13L|S395	50	0.66258234	0.28752744
PPP1R13L|S526	0	0.0	0.1
PPP1R13L|S567	61	0.43594766	0.22728452
PPP1R13L|T173	0	0.0	0.1
PPP1R13L|Y109	0	0.0	0.1
PPP1R14A|S101	0	0.0	0.1
PPP1R14A|S128	246	0.67163295	0.5
PPP1R14A|S26	197	0.9343958	0.5
PPP1R14C|S33	74	1.0490508	0.5
PPP1R18|S125	186	0.6850643	0.4804964
PPP1R18|S125_S133	0	0.0	0.1
PPP1R18|S175	77	0.79725665	0.40332636
PPP1R18|S195	170	0.7060575	0.48159176
PPP1R18|S224	235	0.7159006	0.5
PPP1R18|S368	179	0.7424452	0.5
PPP1R18|S398	0	0.0	0.1
PPP1R18|S401	0	0.0	0.1
PPP1R18|S432	11	0.26213253	0.116067186
PPP1R18|S468	0	0.0	0.1
PPP1R1B|S102	64	0.65671545	0.3172548
PPP1R1B|S45_S46	0	0.0	0.1
PPP1R1B|S46	0	0.0	0.1
PPP1R1B|S58	0	0.0	0.1
PPP1R1B|T34	0	0.0	0.1
PPP1R2|S101_S102	0	0.0	0.1
PPP1R2|S121_S122	0	0.0	0.1
PPP1R2|S122	186	0.4876774	0.35212588
PPP1R2|S87	44	0.80168676	0.31440428
PPP1R35|S47	13	0.40091565	0.13461861
PPP1R35|S52	192	0.90642595	0.5
PPP1R37|S597	0	0.0	0.1
PPP1R3D|S133	137	1.2906723	0.5
PPP1R3D|S23	44	0.72774833	0.29181197
PPP1R3D|S25	146	1.1363742	0.5
PPP1R3D|S28	0	0.0	0.1
PPP1R3D|S46	178	0.60484076	0.42324334
PPP1R3D|S74	186	0.68763053	0.48216534
PPP1R3E|S16	159	0.6935203	0.46436188
PPP1R3E|S33	174	1.1850522	0.5
PPP1R3E|S66	160	0.75302225	0.5
PPP1R3G|S166	168	0.50517696	0.35399154
PPP1R3G|S86	189	0.5839154	0.41647065
PPP1R7|S12	186	0.9306693	0.5
PPP1R7|S24	223	0.76972723	0.5
PPP1R7|S24_S27	18	0.07839054	0.09670364
PPP1R7|S27	242	0.64169985	0.48330808
PPP1R7|S322	150	-0.095268555	-0.01716113
PPP1R7|S47	71	0.5681894	0.2943944
PPP1R9A|S1153	0	0.0	0.1
PPP1R9A|S1250	0	0.0	0.1
PPP1R9A|S862	0	0.0	0.1
PPP1R9B|S100	199	1.1114529	0.5
PPP1R9B|S192	75	0.21475427	0.14918041
PPP1R9B|S205	67	1.3686762	0.5
PPP2R3A|S155	0	0.0	0.1
PPP2R5A|S38	162	0.5140432	0.35601145
PPP2R5C|S39	0	0.0	0.1
PPP2R5C|S513	0	0.0	0.1
PPP2R5C|T440	0	0.0	0.1
PPP2R5D|S573	170	0.81457734	0.5
PPP2R5D|S88_S89	0	0.0	0.1
PPP2R5D|T461	0	0.0	0.1
PPP2R5E|S30	166	0.77493614	0.5
PPP3CA|S492	40	0.7712835	0.2917953
PPP3CB|S472	0	0.0	0.1
PPP3CB|S479	0	0.0	0.1
PPP3CC|S472	0	0.0	0.1
PPP3CC|S492	0	0.0	0.1
PPP4R2|S102	0	0.0	0.1
PPP4R2|S161	0	0.0	0.1
PPP4R2|S307	0	0.0	0.1
PPP4R2|T116	0	0.0	0.1
PPP4R3A|S117	152	1.6082641	0.5
PPP4R3A|S685	0	0.0	0.1
PPP4R3A|S728	0	0.0	0.1
PPP4R3A|S755_S758	0	0.0	0.1
PPP4R3A|S758	0	0.0	0.1
PPP6R1|S529_S530_S531	0	0.0	0.1
PPP6R1|S530_S531	0	0.0	0.1
PPP6R1|S759	41	0.12680683	0.107794896
PPP6R1|S877	0	0.0	0.1
PPP6R2|S289	186	0.7895287	0.5
PPP6R2|S771	186	0.95885336	0.5
PPP6R2|S796	0	0.0	0.1
PPP6R2|S870	0	0.0	0.1
PPP6R3|S617	224	1.0044663	0.5
PPP6R3|T631	152	-0.060123444	0.0034176037
PQBP1|S247	69	1.0738683	0.49761486
PQLC1|S110	152	1.8194281	0.5
PRAG1|S234	128	0.8025478	0.4944128
PRAG1|S263	0	0.0	0.1
PRAG1|S285	0	0.0	0.1
PRAG1|S653	105	0.3669452	0.23672803
PRAG1|S696	184	1.6316626	0.5
PRAG1|S740	176	1.0854026	0.5
PRAG1|S745	220	1.109516	0.5
PRAG1|S782	80	0.5346345	0.29317087
PRAG1|S889	70	-0.30116242	-0.065184526
PRAG1|S907	0	0.0	0.1
PRAM1|S204	49	1.0948737	0.4271732
PRAM1|S334	75	1.3459406	0.5
PRAM1|S358	55	1.5022821	0.5
PRAM1|S389	42	0.7261147	0.28518885
PRAM1|S407	74	0.2810879	0.1770144
PRAM1|S473	75	0.66844994	0.3436214
PRAM1|S484	72	1.3363434	0.5
PRC1|T440	0	0.0	0.1
PRC1|T481	69	1.6768771	0.5
PRCC|S114	0	0.0	0.1
PRCC|S157	186	0.29132482	0.22442804
PRCC|S157_S159	0	0.0	0.1
PRCC|S209	0	0.0	0.1
PRCC|S209_S212	0	0.0	0.1
PRCC|S241	0	0.0	0.1
PRCC|S267	210	1.0307099	0.5
PRCC|T261_S267	0	0.0	0.1
PRDM16|S537	0	0.0	0.1
PRDM1|S272	5	0.2880713	0.10895578
PRDM1|S288	0	0.0	0.1
PRDM2|S442	0	0.0	0.1
PRDM2|S595	0	0.0	0.1
PRDX1|S30	90	0.93941957	0.4976198
PRDX2|S112	96	0.7050522	0.3963521
PRDX2|T120	44	-0.26777822	-0.012376681
PRDX5|S182	0	0.0	0.1
PRDX5|S34	0	0.0	0.1
PRDX5|T97	0	0.0	0.1
PRDX6|T177	144	0.3703045	0.25952396
PRDX6|T44	182	1.3281412	0.5
PRELP|S322	38	0.58479697	0.23349482
PREX1|S1001	0	0.0	0.1
PREX1|S1200	182	1.0096768	0.5
PREX1|S1256	0	0.0	0.1
PREX1|S1277	0	0.0	0.1
PREX1|S319	150	0.86675924	0.5
PRG4|S151	0	0.0	0.1
PRICKLE1|S597	0	0.0	0.1
PRICKLE2|S319	0	0.0	0.1
PRICKLE2|S463	0	0.0	0.1
PRICKLE2|S571	151	1.3262048	0.5
PRICKLE2|S642	0	0.0	0.1
PRICKLE2|S753	153	1.5284127	0.5
PRICKLE3|S369	0	0.0	0.1
PRICKLE3|S407	0	0.0	0.1
PRICKLE3|S423	0	0.0	0.1
PRIMPOL|S126	0	0.0	0.1
PRKAA1|S460	0	0.0	0.1
PRKAA1|S482	0	0.0	0.1
PRKAA2|S377	129	0.7793835	0.48270947
PRKAA2|S491	183	1.4797071	0.5
PRKAB1|S108	191	0.29930878	0.2308178
PRKAB1|S40	0	0.0	0.1
PRKAB1|S49	0	0.0	0.1
PRKAB1|S96	149	1.2830678	0.5
PRKAB2|S108	6	-0.13771658	0.08654435
PRKAB2|S158	111	1.2283772	0.5
PRKACA|S339	179	0.92620915	0.5
PRKACA|S415	0	0.0	0.1
PRKACA|Y407	0	0.0	0.1
PRKAG2|S113	73	-0.05535829	0.03444419
PRKAG2|S117	0	0.0	0.1
PRKAG2|S122	173	2.226405	0.5
PRKAG2|S65	0	0.0	0.1
PRKAG2|S65_S71	0	0.0	0.1
PRKAG2|S71	82	0.4313871	0.24930629
PRKAG2|S73	0	0.0	0.1
PRKAG2|S78	0	0.0	0.1
PRKAR1A|S14	0	0.0	0.1
PRKAR1A|S83	247	0.7319379	0.5
PRKAR1B|S83	148	0.6217875	0.41138932
PRKAR2A|S58	66	0.39231464	0.2162215
PRKAR2A|S78	188	0.7381698	0.5
PRKAR2A|S78_S80	19	0.056788247	0.093100645
PRKAR2A|S80	198	1.1603895	0.5
PRKAR2A|S99	186	0.74671215	0.5
PRKAR2A|T54	88	0.6792758	0.37115037
PRKAR2A|T54_S58	0	0.0	0.1
PRKAR2B|S114	186	0.67868	0.47634435
PRKAR2B|S83_S85	0	0.0	0.1
PRKAR2B|T69	74	2.1389687	0.5
PRKCA|S226	186	0.5113217	0.36750296
PRKCA|S319	158	0.81202453	0.5
PRKCA|T497	0	0.0	0.1
PRKCA|T638	0	0.0	0.1
PRKCA|Y195	0	0.0	0.1
PRKCB|S660	0	0.0	0.1
PRKCB|T500	0	0.0	0.1
PRKCB|T641	0	0.0	0.1
PRKCB|T642	195	0.9123741	0.5
PRKCD|S130	0	0.0	0.1
PRKCD|S133	67	1.002084	0.46191394
PRKCD|S304	242	0.9894464	0.5
PRKCD|S645	229	1.181151	0.5
PRKCD|S664	197	0.6279842	0.45021176
PRKCD|T141	0	0.0	0.1
PRKCD|Y313	149	0.3990711	0.27896222
PRKCE|S346	0	0.0	0.1
PRKCE|S368	175	0.9349292	0.5
PRKCE|T710	226	0.9862201	0.5
PRKCH|S317	137	0.72280264	0.46001673
PRKCH|T656	145	0.826677	0.5
PRKCI|T564	0	0.0	0.1
PRKCQ|S287	0	0.0	0.1
PRKCQ|S649	0	0.0	0.1
PRKCQ|S659	0	0.0	0.1
PRKD1|S205	186	0.33367106	0.2519679
PRKD1|S205_S208	0	0.0	0.1
PRKD1|S208	182	1.2581711	0.5
PRKD1|S249	137	0.59345335	0.3852452
PRKD1|S742	15	-0.37943465	0.037465047
PRKD1|S750	0	0.0	0.1
PRKD2|S197	179	0.5434088	0.38448092
PRKD2|S214	178	0.84532	0.5
PRKD2|S375	0	0.0	0.1
PRKD2|S710	186	0.89519596	0.5
PRKD2|S876	0	0.0	0.1
PRKD3|S252	186	0.38614854	0.28609663
PRKD3|S27	35	0.41487578	0.18163446
PRKD3|S364	71	0.58030325	0.29942414
PRKD3|S391	186	-0.07365084	-0.012933765
PRKD3|S41	182	0.66000646	0.46142262
PRKD3|S41_S44	0	0.0	0.1
PRKD3|S731_S735	0	0.0	0.1
PRKD3|S735	201	0.6112406	0.44139323
PRKD3|T535	0	0.0	0.1
PRKDC|S2612	173	1.182982	0.5
PRKDC|S2695	0	0.0	0.1
PRKDC|S3205	211	0.7873291	0.5
PRKDC|S3995	0	0.0	0.1
PRKDC|S4026	181	0.21560389	0.1744637
PRKDC|S893	184	1.2306901	0.5
PRKDC|T2609	0	0.0	0.1
PRKG1|S64	0	0.0	0.1
PRKG2|S431	62	0.36595803	0.2017864
PRKRA|S130	41	0.26561156	0.14815655
PRKRA|S167	167	1.1043495	0.5
PRKRA|S18	247	0.36724856	0.2902317
PROSER2|S179	187	0.3284811	0.24887097
PROSER2|S18	150	1.5376364	0.5
PROSER2|S212	184	1.0294522	0.5
PROSER2|S382	0	0.0	0.1
PROSER2|S400	0	0.0	0.1
PROSER2|S43	182	1.0167781	0.5
PROSER2|S8	111	1.7158153	0.5
PROSER2|T146	6	-0.119030416	0.08760206
PROSER3|S356	0	0.0	0.1
PROSER3|S459	0	0.0	0.1
PROX1|S179	186	0.79489183	0.5
PROX1|S511	211	0.79765666	0.5
PRPF31|T455	75	0.037482604	0.073206834
PRPF38A|S193_S194	5	0.10209974	0.10009999
PRPF38A|S209	184	0.4525104	0.32838702
PRPF38B|S266_S268_S272	0	0.0	0.1
PRPF38B|S318_S320	0	0.0	0.1
PRPF38B|S320	0	0.0	0.1
PRPF38B|S394	139	0.33946174	0.23926854
PRPF38B|S471_S473_S475	0	0.0	0.1
PRPF38B|S473_S475	0	0.0	0.1
PRPF38B|S527	191	0.59240925	0.42319646
PRPF38B|S527_S529	0	0.0	0.1
PRPF38B|S529	198	0.8903337	0.5
PRPF3|S133	40	1.167995	0.40514144
PRPF3|S619	186	0.74672925	0.5
PRPF3|T167	0	0.0	0.1
PRPF3|T172	0	0.0	0.1
PRPF40A|S838_S840	0	0.0	0.1
PRPF40A|S838_S840_S843	0	0.0	0.1
PRPF40A|S838_S843	0	0.0	0.1
PRPF40A|S843	0	0.0	0.1
PRPF40A|S861	0	0.0	0.1
PRPF40A|S890_S893	0	0.0	0.1
PRPF40A|S911	0	0.0	0.1
PRPF40A|T328	0	0.0	0.1
PRPF40A|T346	0	0.0	0.1
PRPF40B|S785	0	0.0	0.1
PRPF40B|S853	0	0.0	0.1
PRPF40B|S870	0	0.0	0.1
PRPF40B|S873	0	0.0	0.1
PRPF4B|S142	109	1.2481513	0.5
PRPF4B|S142_S144	0	0.0	0.1
PRPF4B|S144	134	1.4631709	0.5
PRPF4B|S20	186	1.2133164	0.5
PRPF4B|S20_S23	0	0.0	0.1
PRPF4B|S20_S23_S32	0	0.0	0.1
PRPF4B|S23	171	1.1005862	0.5
PRPF4B|S23_S32	0	0.0	0.1
PRPF4B|S257	224	0.9531434	0.5
PRPF4B|S277	186	0.7446086	0.5
PRPF4B|S292_S294	0	0.0	0.1
PRPF4B|S294	190	0.9696017	0.5
PRPF4B|S32	186	0.92541224	0.5
PRPF4B|S32_S36	0	0.0	0.1
PRPF4B|S354_S356	0	0.0	0.1
PRPF4B|S366_S368	5	-0.11208037	0.08990093
PRPF4B|S368	192	0.86615694	0.5
PRPF4B|S387	209	0.8974191	0.5
PRPF4B|S431	186	0.92502433	0.5
PRPF4B|S431_S437	0	0.0	0.1
PRPF4B|S507	0	0.0	0.1
PRPF4B|S509	59	0.22976549	0.14815198
PRPF4B|S569	185	1.0912839	0.5
PRPF4B|S578_S580	0	0.0	0.1
PRPF4B|S580	178	1.6444659	0.5
PRPF4B|S87	167	-0.36310145	-0.18965521
PRPF4B|S87_S93	0	0.0	0.1
PRPF4B|S93	191	0.57150567	0.40947622
PRPF4B|Y140_S142	0	0.0	0.1
PRPF4B|Y140_S144	0	0.0	0.1
PRPF4B|Y849	186	1.2703182	0.5
PRPF6|T180	0	0.0	0.1
PRPH|S28	73	0.31970108	0.19270624
PRPS1|S103	0	0.0	0.1
PRPSAP1|S141	0	0.0	0.1
PRPSAP1|S244	0	0.0	0.1
PRPSAP1|T131	0	0.0	0.1
PRPSAP2|S158	0	0.0	0.1
PRPSAP2|S179	0	0.0	0.1
PRPSAP2|S187	0	0.0	0.1
PRR12|S1077	62	0.9032677	0.40742344
PRR12|S1135	55	-0.65187395	-0.16679397
PRR12|S1308	38	0.20206663	0.12810531
PRR12|S1381_S1382	0	0.0	0.1
PRR12|S1568	63	1.0447862	0.46516278
PRR12|S1925	0	0.0	0.1
PRR12|S332	0	0.0	0.1
PRR12|S340	54	0.39614573	0.20384333
PRR12|S386	0	0.0	0.1
PRR12|S651	75	0.69649595	0.35564113
PRR12|S865	75	0.88684285	0.43721837
PRR12|S917	67	0.20464619	0.14198379
PRR12|T1561	52	1.1608781	0.462932
PRR12|T1561_S1568	0	0.0	0.1
PRR12|T1705	0	0.0	0.1
PRR12|T224	0	0.0	0.1
PRR12|T686	0	0.0	0.1
PRR12|T738	38	0.53826785	0.22068244
PRR14L|S1029	67	1.2751478	0.5
PRR14L|S582	0	0.0	0.1
PRR14L|S600	0	0.0	0.1
PRR14|S277	0	0.0	0.1
PRR14|S93	165	0.48304695	0.33850092
PRR14|T363	151	0.57368904	0.3849683
PRR15|S114	0	0.0	0.1
PRR15|S49	5	0.41737485	0.115113094
PRR36|S1147	61	0.81761026	0.3718896
PRR36|S1310	0	0.0	0.1
PRR36|S173	45	0.32507414	0.16985059
PRR36|S229	75	0.95627034	0.466973
PRR36|T1082	0	0.0	0.1
PRR5|S263	0	0.0	0.1
PRRC2A|S1004	186	1.0805749	0.5
PRRC2A|S1089	186	0.6895564	0.48341784
PRRC2A|S1089_S1092	0	0.0	0.1
PRRC2A|S1147	43	1.0430249	0.38356692
PRRC2A|S1219	236	0.64261436	0.481122
PRRC2A|S146	0	0.0	0.1
PRRC2A|S166	197	1.3118902	0.5
PRRC2A|S2113	93	0.6704912	0.37489992
PRRC2A|S342	186	1.065791	0.5
PRRC2A|S342_S350	5	0.16161391	0.102933995
PRRC2A|S350	186	0.90899867	0.5
PRRC2A|S380	133	0.36949068	0.25382945
PRRC2A|S380_S383	0	0.0	0.1
PRRC2A|S383	104	0.14223218	0.12153013
PRRC2A|S456	185	1.0662457	0.5
PRRC2A|S759_S761	0	0.0	0.1
PRRC2A|S761	184	0.84072363	0.5
PRRC2A|T1347	85	0.9412561	0.48652306
PRRC2A|T609	41	0.51548594	0.22081506
PRRC2A|T610	36	0.37183565	0.17195651
PRRC2A|T782	194	1.2974865	0.5
PRRC2A|T825	0	0.0	0.1
PRRC2A|T878	48	0.7593968	0.31385842
PRRC2B|S1136	152	0.119214624	0.111589774
PRRC2B|S1153	93	0.4184229	0.25343695
PRRC2B|S1185	145	0.97190267	0.5
PRRC2B|S1395	162	-0.032898746	0.017825967
PRRC2B|S166	0	0.0	0.1
PRRC2B|S168	60	0.45293722	0.23235145
PRRC2B|S226	133	0.6514338	0.41476694
PRRC2B|S388	199	0.6317347	0.45389703
PRRC2B|S416	145	1.0603726	0.5
PRRC2B|S480	156	0.5904857	0.39888972
PRRC2B|S556	211	1.0869298	0.5
PRRC2B|S563	41	0.13424438	0.10995759
PRRC2B|S613	230	0.38577121	0.29917386
PRRC2B|S745	0	0.0	0.1
PRRC2B|S853	165	1.1083462	0.5
PRRC2C|S1155	0	0.0	0.1
PRRC2C|S187	171	0.69406766	0.4748545
PRRC2C|S2105	199	0.54787564	0.39808446
PRRC2C|S395	0	0.0	0.1
PRRC2C|S500	138	0.9253344	0.5
PRRC2C|S633	183	0.3775341	0.2794655
PRRC2C|S878	87	0.808683	0.42970812
PRRC2C|S924	176	0.80638117	0.5
PRRC2C|S924_S926	0	0.0	0.1
PRRC2C|T2673	139	1.1548865	0.5
PRRX1|S21	0	0.0	0.1
PRUNE2|S1803	0	0.0	0.1
PRUNE2|S1842	54	1.2285062	0.49570996
PRUNE2|S2211	122	0.5756372	0.3613862
PRUNE2|S2602	0	0.0	0.1
PRUNE2|S2866	178	0.98308444	0.5
PRUNE2|S576	0	0.0	0.1
PRUNE2|S586	39	0.237959	0.13870792
PRUNE2|S595	0	0.0	0.1
PRUNE2|S597	68	0.10290928	0.101177566
PRUNE2|S699	78	0.34879544	0.20902273
PRUNE2|S737	0	0.0	0.1
PRUNE2|S918	0	0.0	0.1
PRUNE2|T2331	0	0.0	0.1
PRX|S1082	75	1.0332389	0.49995953
PRX|S1401	68	2.8077724	0.5
PRX|S1439	75	0.16788797	0.12909484
PSD4|S109	65	-0.06646433	0.034423143
PSD4|S134_S143	0	0.0	0.1
PSD4|S143	157	0.73877865	0.49022663
PSEN1|S367	163	-0.24106343	-0.111381516
PSEN1|S43	139	0.66537803	0.42881817
PSEN1|T327	0	0.0	0.1
PSIP1|S105_S106	0	0.0	0.1
PSIP1|S106	204	0.45784014	0.34012955
PSIP1|S129	186	0.8209222	0.5
PSIP1|S171	0	0.0	0.1
PSIP1|S177	42	0.33948508	0.17083362
PSIP1|S206	162	1.6041548	0.5
PSIP1|S273_S275	0	0.0	0.1
PSIP1|S275	186	0.8246045	0.5
PSIP1|T122	213	0.61208296	0.4484782
PSIP1|T122_S129	0	0.0	0.1
PSMA1|S110	41	0.62104166	0.25150856
PSMA5|S16	187	1.439338	0.5
PSMA5|S56	231	1.0176727	0.5
PSMB10|S230	192	0.7844781	0.5
PSMC1|T53	71	0.34990132	0.20376019
PSMC3|S281_T293_S298	0	0.0	0.1
PSMD11|S14	215	1.0119227	0.5
PSMD1|S296	181	1.0463641	0.5
PSMD1|S315	186	0.73348075	0.5
PSMD1|T273	247	0.818001	0.5
PSMD1|T311	176	0.2890698	0.22056626
PSMD1|T311_S315	0	0.0	0.1
PSMD2|S147	101	0.8915367	0.49773735
PSMD2|S16	80	0.66826564	0.35256252
PSMD2|S363	204	1.4302593	0.5
PSMD4|S266	179	1.7518768	0.5
PSMF1|S152	5	0.00085852755	0.09527898
PSMF1|S153	199	0.79682297	0.5
PSPC1|S409	0	0.0	0.1
PSPC1|S477	186	0.67408276	0.47335455
PSTPIP1|S303	0	0.0	0.1
PSTPIP1|S321	0	0.0	0.1
PTAFR|S339	51	0.63035125	0.27912524
PTBP1|S141	193	1.2586279	0.5
PTBP1|S459	0	0.0	0.1
PTBP2|S316	0	0.0	0.1
PTBP3|S426	0	0.0	0.1
PTDSS2|S16	186	0.8319165	0.5
PTEN|S294	156	0.6711279	0.44803107
PTGES3|S104	0	0.0	0.1
PTGES3|S113	87	0.41940138	0.24859849
PTGES3|S117	0	0.0	0.1
PTGES3|S152	0	0.0	0.1
PTGES3|S152_S155	0	0.0	0.1
PTGES3|S48	0	0.0	0.1
PTGIS|S221	0	0.0	0.1
PTGR1|S20	97	0.5732073	0.33300057
PTGR2|S270	0	0.0	0.1
PTK2B|S375	191	0.65546423	0.46458307
PTK2B|S778	0	0.0	0.1
PTK2B|T842	0	0.0	0.1
PTK2|S29	75	1.1825949	0.5
PTK2|S722	177	0.7295016	0.5
PTK2|S910	227	0.9106407	0.5
PTK2|Y570	173	1.1971717	0.5
PTMS|S13	182	1.6209596	0.5
PTMS|S5	186	0.39892334	0.29440472
PTOV1|S36	186	1.1134882	0.5
PTOV1|S53	186	1.267128	0.5
PTPDC1|S492	0	0.0	0.1
PTPDC1|S601	0	0.0	0.1
PTPN11|S36	0	0.0	0.1
PTPN11|Y546	140	1.2479709	0.5
PTPN11|Y580	0	0.0	0.1
PTPN11|Y584	35	1.0058469	0.33484918
PTPN12|S19	0	0.0	0.1
PTPN12|S332	0	0.0	0.1
PTPN12|S342	158	1.237402	0.5
PTPN12|S435	247	0.71912277	0.5
PTPN12|S449	178	0.6973352	0.4824664
PTPN12|S468	0	0.0	0.1
PTPN12|S603	145	1.1182538	0.5
PTPN12|S603_S606	0	0.0	0.1
PTPN12|S603_S606_S608	0	0.0	0.1
PTPN12|S606	155	0.4057324	0.28583735
PTPN12|S661	0	0.0	0.1
PTPN12|S673	202	0.5898992	0.4276809
PTPN12|T509	205	0.36908454	0.2808601
PTPN12|T578	0	0.0	0.1
PTPN13|S1033	196	0.5425569	0.39304444
PTPN13|S1063	0	0.0	0.1
PTPN13|S1210	0	0.0	0.1
PTPN13|S1210_S1213	0	0.0	0.1
PTPN13|S2013	0	0.0	0.1
PTPN13|S240	132	1.2545977	0.5
PTPN13|S890	82	0.3018362	0.19093719
PTPN13|S926	0	0.0	0.1
PTPN14|S312	0	0.0	0.1
PTPN14|S314	186	1.0376464	0.5
PTPN14|S432	0	0.0	0.1
PTPN14|S593	161	0.670669	0.45202187
PTPN14|S593_S594	4	-0.07137751	0.09340856
PTPN14|S594	178	1.2363633	0.5
PTPN14|S620	8	0.5340378	0.13215095
PTPN14|S642	67	0.101560205	0.10062595
PTPN14|S760	166	0.8240239	0.5
PTPN14|S807	0	0.0	0.1
PTPN14|S809	53	0.8852095	0.3720007
PTPN14|S831	0	0.0	0.1
PTPN14|T323	0	0.0	0.1
PTPN1|S15	155	2.2486494	0.5
PTPN1|S295	0	0.0	0.1
PTPN1|S352	199	0.5327208	0.38799813
PTPN1|S50	191	1.1376748	0.5
PTPN21|S590	149	1.2994976	0.5
PTPN21|S637	178	0.6884717	0.4767912
PTPN21|S658	99	1.492555	0.5
PTPN21|S673	148	0.8187906	0.5
PTPN21|S797	131	1.1202067	0.5
PTPN22|S550	0	0.0	0.1
PTPN23|S358	0	0.0	0.1
PTPN23|S621	0	0.0	0.1
PTPN2|S321	0	0.0	0.1
PTPN2|S327	0	0.0	0.1
PTPN3|S204	0	0.0	0.1
PTPN3|S226_S228	0	0.0	0.1
PTPN3|S228	0	0.0	0.1
PTPN3|S241	0	0.0	0.1
PTPN3|S294	0	0.0	0.1
PTPN3|S335	85	1.0483686	0.5
PTPN3|S357_S359	0	0.0	0.1
PTPN6|S10	191	1.2290081	0.5
PTPN7|S118	0	0.0	0.1
PTPN7|S217	0	0.0	0.1
PTPN7|T140	0	0.0	0.1
PTPRA|S185	183	1.2244385	0.5
PTPRA|S189	186	0.41661668	0.30591157
PTPRA|Y798	154	1.9264177	0.5
PTPRC|S975	75	1.2273245	0.5
PTPRG|S815	0	0.0	0.1
PTPRN2|S322	0	0.0	0.1
PTPRU|S843	0	0.0	0.1
PTPRU|S853	159	0.2884594	0.21569514
PTS|S19	182	0.5046411	0.3611514
PTTG1|S165	71	1.0237107	0.483529
PUM1|S124	186	0.30389935	0.23260587
PUM1|S209	0	0.0	0.1
PUM1|S229	86	0.39132243	0.23469748
PUM1|S247	161	0.39954388	0.28477612
PUM1|S709	241	0.83221877	0.5
PUM1|S75	144	0.43210036	0.29599366
PUM1|S806	78	-0.110137574	0.00791724
PUM1|S98	0	0.0	0.1
PUM1|T112	0	0.0	0.1
PUM2|S126	0	0.0	0.1
PUM2|S26	0	0.0	0.1
PUM2|S531	0	0.0	0.1
PUM2|S80	0	0.0	0.1
PURA|S182	142	1.1675149	0.5
PURA|S256	160	1.5114099	0.5
PURB|S101	168	0.88996804	0.5
PUS7|T616	0	0.0	0.1
PWP1|S485	186	1.1517184	0.5
PWP1|S50	198	0.7460669	0.5
PWP1|S50_S57	0	0.0	0.1
PWP1|S50_T55	0	0.0	0.1
PWP1|T55_S57	0	0.0	0.1
PWP1|T86	0	0.0	0.1
PWWP2A|S116_S119	0	0.0	0.1
PWWP2A|S81	223	0.6933183	0.5
PWWP2B|S206	156	0.70267093	0.4672526
PWWP2B|S250	55	0.36419365	0.19374613
PWWP2B|S447	59	1.0394671	0.4486073
PWWP2B|S60	0	0.0	0.1
PXK|S431	0	0.0	0.1
PXN|S103	0	0.0	0.1
PXN|S106	184	1.5179992	0.5
PXN|S126_S130	0	0.0	0.1
PXN|S137	129	0.44051066	0.29181606
PXN|S143	193	0.49025106	0.3570596
PXN|S244	0	0.0	0.1
PXN|S258	231	1.2141191	0.5
PXN|S272	156	3.1995733	0.5
PXN|S533	158	1.942089	0.5
PXN|Y118	62	1.2273207	0.5
PXN|Y88	0	0.0	0.1
PYCARD|S46	0	0.0	0.1
PYGB|S430	0	0.0	0.1
PYGL|S396	0	0.0	0.1
PYGO1|S34	0	0.0	0.1
PYGO2|S97	0	0.0	0.1
PYGO2|T302	240	0.98503006	0.5
PYM1|S116	0	0.0	0.1
QARS|S70	0	0.0	0.1
QKI|S211	0	0.0	0.1
QKI|S69	0	0.0	0.1
QSER1|T1341_S1348	0	0.0	0.1
QSOX1|S426	192	1.1307058	0.5
R3HDM1|S111	0	0.0	0.1
R3HDM1|S261_S262	0	0.0	0.1
R3HDM1|S282	192	0.9123336	0.5
R3HDM1|S381	184	0.70009154	0.4887917
R3HDM2|S263	94	1.1708124	0.5
R3HDM2|S283	0	0.0	0.1
R3HDM2|S37	0	0.0	0.1
R3HDM2|S393	0	0.0	0.1
RAB10|T73	40	0.403149	0.186614
RAB11B|S52	0	0.0	0.1
RAB11FIP1|S156	186	1.4190996	0.5
RAB11FIP1|S199	0	0.0	0.1
RAB11FIP1|S199_S202	0	0.0	0.1
RAB11FIP1|S202	183	0.82748795	0.5
RAB11FIP1|S234	65	1.0093647	0.4582346
RAB11FIP1|S315	48	0.96721727	0.38125962
RAB11FIP1|S357	182	0.76230925	0.5
RAB11FIP1|S382	0	0.0	0.1
RAB11FIP1|S435	186	0.9445784	0.5
RAB11FIP1|S545	53	0.53597856	0.25102526
RAB11FIP2|S150	0	0.0	0.1
RAB11FIP2|S277	78	0.99914575	0.49400768
RAB11FIP2|S382	0	0.0	0.1
RAB11FIP2|S388	0	0.0	0.1
RAB11FIP3|S102	0	0.0	0.1
RAB11FIP3|S52	7	0.14917634	0.10321715
RAB11FIP5|S176	180	1.2793307	0.5
RAB11FIP5|S283	153	1.2063531	0.5
RAB11FIP5|S286	0	0.0	0.1
RAB11FIP5|S307	186	0.633452	0.44693035
RAB11FIP5|S367	92	0.49704996	0.2902531
RAB11FIP5|S395	175	1.371751	0.5
RAB11FIP5|S396	0	0.0	0.1
RAB11FIP5|S397	0	0.0	0.1
RAB11FIP5|S494	0	0.0	0.1
RAB12|S21	237	0.9851308	0.5
RAB12|S25	157	0.5985187	0.40454257
RAB13|S178	177	0.63137364	0.439542
RAB14|S180	75	0.029809307	0.069918275
RAB14|T67	0	0.0	0.1
RAB18|S173	0	0.0	0.1
RAB1A|S114	172	1.1147131	0.5
RAB1A|T75	54	1.0156386	0.42106807
RAB1B|S111	0	0.0	0.1
RAB1B|S179	53	0.17918357	0.1274296
RAB1B|T72	0	0.0	0.1
RAB27A|S206	172	0.13092987	0.1195586
RAB2B|S192	140	1.118258	0.5
RAB31|S36	0	0.0	0.1
RAB3GAP1|S379	136	1.3480088	0.5
RAB3GAP1|S934	0	0.0	0.1
RAB3GAP2|S450	179	0.74309134	0.5
RAB3IL1|S168	184	0.6018916	0.4251692
RAB3IL1|S179	0	0.0	0.1
RAB3IL1|S68	163	0.8294397	0.5
RAB3IP|S147	0	0.0	0.1
RAB40C|S262	0	0.0	0.1
RAB44|S115	75	0.7805236	0.39165297
RAB44|S509	0	0.0	0.1
RAB44|T403	62	0.64638644	0.30911088
RAB44|T434	0	0.0	0.1
RAB5C|S157	0	0.0	0.1
RAB6A|S151	0	0.0	0.1
RAB6A|S44	0	0.0	0.1
RAB6A|T21	0	0.0	0.1
RAB7A|S72	199	1.014208	0.5
RAB8A|S181	139	0.5336513	0.3522072
RAB8A|S181_S185	0	0.0	0.1
RAB8A|S185	186	0.074552484	0.08345021
RAB8A|T64	0	0.0	0.1
RAB8A|T72	49	0.4627452	0.21929204
RABEP1|S246	0	0.0	0.1
RABEP1|S374_S377	0	0.0	0.1
RABEP1|S377	146	0.3894549	0.2717903
RABEP1|S407	202	0.7993193	0.5
RABEP1|S410	192	0.58929336	0.42172712
RABGAP1L|S490	0	0.0	0.1
RABGAP1|S360	142	1.1012127	0.5
RABGAP1|S42	186	0.6637095	0.46660832
RABGAP1|S56	182	0.7997641	0.5
RABGAP1|T996	209	0.72622854	0.5
RABGEF1|S146	0	0.0	0.1
RABGEF1|S404	0	0.0	0.1
RABGEF1|S414	0	0.0	0.1
RABL6|S403	0	0.0	0.1
RABL6|S426_S428	0	0.0	0.1
RABL6|S471_S472	0	0.0	0.1
RABL6|S493	0	0.0	0.1
RABL6|S597_T600	0	0.0	0.1
RABL6|S626	0	0.0	0.1
RABL6|S641_S642	0	0.0	0.1
RAC1|T186	0	0.0	0.1
RACGAP1|S203	181	1.224756	0.5
RACGAP1|T342	59	1.2866802	0.5
RACGAP1|T580	0	0.0	0.1
RAD18|S471	186	1.3203187	0.5
RAD18|S99	0	0.0	0.1
RAD21|S153	9	-0.08555297	0.08467911
RAD21|S175	53	0.2514583	0.15246594
RAD21|S545	162	1.3743235	0.5
RAD21|T394	138	0.7626736	0.48423934
RAD50|S635	182	0.9154189	0.5
RAD54L2|S1421	0	0.0	0.1
RAD54L2|T1260	180	0.46853232	0.33691365
RAD9A|S252	0	0.0	0.1
RADIL|S598	75	-0.072105415	0.02624054
RAF1|S29	133	0.86255956	0.5
RAF1|S321	0	0.0	0.1
RAF1|S621	241	0.8021534	0.5
RAF1|S641	0	0.0	0.1
RAF1|T330	0	0.0	0.1
RAI14|S11	104	1.3370609	0.5
RAI14|S281	114	0.34384605	0.22989929
RAI14|S286	0	0.0	0.1
RAI14|S293	183	1.0577828	0.5
RAI14|S300	182	1.542856	0.5
RAI14|S318	173	1.7925367	0.5
RAI14|S358	46	0.878568	0.34530225
RAI14|S412	60	0.4966526	0.24874473
RAI14|S419	58	0.48420027	0.24103555
RAI14|S667	193	1.0705181	0.5
RAI14|T249	0	0.0	0.1
RAI14|T297	210	1.1867234	0.5
RAI1|S1013	60	1.3562418	0.5
RAI1|S1164	66	0.71695316	0.34529462
RAI1|S1266	170	0.81350434	0.5
RAI1|S1358	0	0.0	0.1
RAI1|S1374	208	0.14878188	0.13294362
RAI1|S683	59	0.370712	0.2004529
RAI1|S805	73	0.51049906	0.27321637
RAI1|S892	70	1.547469	0.5
RALBP1|S29	222	0.4806406	0.3624292
RALBP1|S463	151	0.26245683	0.197733
RALBP1|S48_S62	0	0.0	0.1
RALBP1|S62	0	0.0	0.1
RALBP1|S645	182	0.6578604	0.4600376
RALBP1|S92_S93	7	0.06509095	0.09771623
RALGAPA1|S1083	0	0.0	0.1
RALGAPA1|S1319_S1320	0	0.0	0.1
RALGAPA1|S2117	0	0.0	0.1
RALGAPA1|S342	42	0.67860544	0.27113682
RALGAPA1|S711	0	0.0	0.1
RALGAPA1|S721	71	1.1014867	0.5
RALGAPA1|S734	186	0.980255	0.5
RALGAPA1|S740	198	0.9157961	0.5
RALGAPA1|S773	223	0.79071456	0.5
RALGAPA1|T754	212	0.926411	0.5
RALGAPA2|S1593	0	0.0	0.1
RALGAPA2|S373	186	0.7473922	0.5
RALGAPA2|S820	186	0.5499948	0.392654
RALGAPA2|S821	186	0.28914872	0.22301282
RALGAPB|S359	186	0.43503183	0.31788784
RALGAPB|S377	0	0.0	0.1
RALGAPB|S720	164	0.7863221	0.5
RALGAPB|T363	179	0.11355024	0.108693525
RALGAPB|T378	8	0.6101475	0.1377887
RALGAPB|T379	210	0.46058542	0.34426755
RALGPS2|S296	197	0.6650716	0.47481182
RALGPS2|S308	194	0.9676639	0.5
RALGPS2|S315	74	0.7265702	0.3664724
RALGPS2|S315_S329	0	0.0	0.1
RALGPS2|S329	218	0.3100256	0.24397983
RALGPS2|S343	153	1.1322552	0.5
RALGPS2|S37	105	0.89225906	0.5
RALGPS2|S422	176	0.80588794	0.5
RALGPS2|T326	153	-0.06281067	0.0015413761
RALGPS2|T326_S329	0	0.0	0.1
RALGPS2|T361	227	1.1661944	0.5
RALY|S106	193	0.49749893	0.36183375
RALY|S119	0	0.0	0.1
RALY|S135	247	0.7167085	0.5
RALY|T135	0	0.0	0.1
RALY|T151	5	0.28745243	0.10892631
RAMAC|S36	191	0.19153912	0.16008238
RAMAC|S86	68	1.0226313	0.473446
RANBP10|S248	0	0.0	0.1
RANBP1|S137	0	0.0	0.1
RANBP1|S265	0	0.0	0.1
RANBP2|S128	0	0.0	0.1
RANBP2|S1374	0	0.0	0.1
RANBP2|S1400	147	0.26721412	0.1995161
RANBP2|S1456	161	1.4201944	0.5
RANBP2|S1509	0	0.0	0.1
RANBP2|S1613	175	1.2751747	0.5
RANBP2|S1672	0	0.0	0.1
RANBP2|S1731	0	0.0	0.1
RANBP2|S1894	0	0.0	0.1
RANBP2|S1903	0	0.0	0.1
RANBP2|S1955	5	0.23014931	0.10619759
RANBP2|S21	203	0.67492664	0.48518187
RANBP2|S2280	129	1.164528	0.5
RANBP2|S2297	6	-0.22853746	0.08140354
RANBP2|S2462	0	0.0	0.1
RANBP2|S2510	38	1.2377082	0.41328198
RANBP2|S2668	193	1.3593482	0.5
RANBP2|S2900	184	0.67604053	0.47320938
RANBP2|S394	157	0.51045907	0.35074735
RANBP2|S837	200	0.28819677	0.22546452
RANBP2|S955	225	1.2420478	0.5
RANBP2|T1393	0	0.0	0.1
RANBP2|T1396	55	1.0051396	0.42117855
RANBP2|T1412	67	1.7620533	0.5
RANBP2|T1644	0	0.0	0.1
RANBP2|T1703	0	0.0	0.1
RANBP2|T2153	0	0.0	0.1
RANBP2|T2293	0	0.0	0.1
RANBP2|T2450	17	0.06865633	0.0954458
RANBP2|T2458_S2462	0	0.0	0.1
RANBP2|T799	0	0.0	0.1
RANBP3|S108	182	1.017932	0.5
RANBP3|S211	166	0.2666597	0.20400569
RANBP3|S221	167	0.97964025	0.5
RANBP3|S239	0	0.0	0.1
RANBP3|S265	0	0.0	0.1
RANBP3|S328	0	0.0	0.1
RANBP3|S333	215	1.259361	0.5
RANBP3|S40	0	0.0	0.1
RANGAP1|S24	0	0.0	0.1
RANGAP1|S427	0	0.0	0.1
RANGAP1|S428	0	0.0	0.1
RANGAP1|S442	0	0.0	0.1
RAN|S135	161	0.6042895	0.41107512
RAP1B|S39	92	0.8518259	0.4602499
RAP1GAP2|S45	0	0.0	0.1
RAP1GAP2|S7	94	1.6486218	0.5
RAP1GAP2|S9	111	2.3206453	0.5
RAP1GAP2|T578	0	0.0	0.1
RAP1GAP|S505	0	0.0	0.1
RAP1GAP|S516	0	0.0	0.1
RAP1GAP|S541	0	0.0	0.1
RAP1GAP|S548	0	0.0	0.1
RAP1GAP|S554	0	0.0	0.1
RAP1GAP|S563	0	0.0	0.1
RAP1GAP|S579	0	0.0	0.1
RAP1GAP|S605_S606	0	0.0	0.1
RAPGEF1|S10	0	0.0	0.1
RAPGEF1|S298	0	0.0	0.1
RAPGEF1|S328	0	0.0	0.1
RAPGEF1|S352	39	0.36705834	0.17493004
RAPGEF1|S355	0	0.0	0.1
RAPGEF1|S377	0	0.0	0.1
RAPGEF1|S388	0	0.0	0.1
RAPGEF1|S480	0	0.0	0.1
RAPGEF2|S1080	0	0.0	0.1
RAPGEF2|S1121	0	0.0	0.1
RAPGEF2|S1217	0	0.0	0.1
RAPGEF2|S1241	0	0.0	0.1
RAPGEF2|S1362	0	0.0	0.1
RAPGEF3|S864	71	0.025650796	0.06912986
RAPGEF5|T357	0	0.0	0.1
RAPGEF6|S1102	0	0.0	0.1
RAPGEF6|S230	167	1.3620322	0.5
RAPH1|S1010	0	0.0	0.1
RAPH1|S1033	0	0.0	0.1
RAPH1|S1154	195	0.3498624	0.26516327
RAPH1|S1183	153	0.5494485	0.37180084
RAPH1|S54	0	0.0	0.1
RAPH1|S571	186	2.2501476	0.5
RAPH1|S597	0	0.0	0.1
RAPH1|S610	0	0.0	0.1
RAPH1|S845	0	0.0	0.1
RAPH1|S853	0	0.0	0.1
RAPH1|S853_S856	0	0.0	0.1
RAPH1|S894	0	0.0	0.1
RAPH1|S996	182	0.74951375	0.5
RAPH1|T1153	43	0.2254962	0.13773662
RAPH1|T805	0	0.0	0.1
RASAL2|S1005	0	0.0	0.1
RASAL2|S1260	0	0.0	0.1
RASAL2|S159	0	0.0	0.1
RASAL2|S804	0	0.0	0.1
RASAL2|S806	0	0.0	0.1
RASAL2|S971	0	0.0	0.1
RASAL2|T761	0	0.0	0.1
RASAL3|S51	204	0.88665676	0.5
RASAL3|S72	98	1.0786774	0.5
RASAL3|S831	177	0.8749825	0.5
RASAL3|S841	122	1.523454	0.5
RASAL3|S865	160	1.1285007	0.5
RASAL3|S988	225	1.4241266	0.5
RASEF|S393	0	0.0	0.1
RASGRF2|S633	0	0.0	0.1
RASGRF2|S718	0	0.0	0.1
RASGRF2|S746	0	0.0	0.1
RASGRF2|T770	0	0.0	0.1
RASGRP2|S123	0	0.0	0.1
RASGRP2|S576	177	0.8520908	0.5
RASGRP2|S578	178	0.95214313	0.5
RASGRP2|S587	168	0.8912112	0.5
RASGRP2|T134	0	0.0	0.1
RASIP1|S326	174	1.789901	0.5
RASIP1|S328	205	0.95817006	0.5
RASIP1|S328_S331	24	0.7936276	0.23425052
RASIP1|S41	170	1.1872832	0.5
RASIP1|S419	152	1.092225	0.5
RASIP1|S90	72	1.5612893	0.5
RASSF2|S145	199	1.0596663	0.5
RASSF2|S170	102	1.1200505	0.5
RASSF4|S141	145	1.9835192	0.5
RASSF4|S168	0	0.0	0.1
RASSF6|S147	0	0.0	0.1
RASSF7|S232	4	0.02934763	0.0972826
RASSF8|S129	144	0.83271354	0.5
RASSF8|S387	157	2.1912599	0.5
RASSF8|T131	0	0.0	0.1
RAVER1|S34	0	0.0	0.1
RAVER1|S584	0	0.0	0.1
RAVER1|S634	0	0.0	0.1
RAVER1|S697	0	0.0	0.1
RAVER1|T480	0	0.0	0.1
RAVER1|T505	0	0.0	0.1
RB1CC1|S222	214	0.6230289	0.45645916
RB1CC1|S237	191	0.0001986601	0.034494657
RB1CC1|S624	0	0.0	0.1
RB1|S249	186	0.5369852	0.3841932
RB1|S249_T252	0	0.0	0.1
RB1|S37	4	0.009699487	0.096526906
RB1|S788	0	0.0	0.1
RB1|S807	103	1.2028736	0.5
RB1|S807_S811	0	0.0	0.1
RB1|T356	204	0.86643314	0.5
RB1|T373	216	0.25643772	0.2069321
RB1|T821	36	0.0036904018	0.07450628
RB1|T821_T826	0	0.0	0.1
RB1|T826	0	0.0	0.1
RBAK|S78	69	0.23825264	0.15644635
RBBP4|S355	0	0.0	0.1
RBBP5|S223	0	0.0	0.1
RBBP5|S350	51	1.4273409	0.5
RBBP5|S370	0	0.0	0.1
RBBP5|S497	0	0.0	0.1
RBBP6|S1145	0	0.0	0.1
RBBP6|S1179	72	0.83052874	0.40580273
RBBP6|S1294	0	0.0	0.1
RBBP6|S1328	197	1.2223029	0.5
RBBP6|S360	5	0.4434597	0.116355225
RBBP6|S516	161	0.8383376	0.5
RBBP6|S748_S750	0	0.0	0.1
RBBP6|S770_S772	0	0.0	0.1
RBBP6|S772	184	0.7816898	0.5
RBBP6|S781	0	0.0	0.1
RBBP6|S815	0	0.0	0.1
RBBP6|S839	0	0.0	0.1
RBBP6|S873	0	0.0	0.1
RBBP6|T1434	0	0.0	0.1
RBBP6|T1468	0	0.0	0.1
RBBP6|T950	0	0.0	0.1
RBBP6|T984	229	0.8661449	0.5
RBBP6|Y1268	0	0.0	0.1
RBBP7|S139	0	0.0	0.1
RBBP7|S398	0	0.0	0.1
RBBP7|S95	0	0.0	0.1
RBBP8NL|S196	118	0.96194035	0.5
RBBP8NL|S262	39	0.8589512	0.31294316
RBBP8NL|S487	71	-0.01414412	0.052606825
RBBP8NL|S645	93	0.65968275	0.3696917
RBBP8|S163	0	0.0	0.1
RBBP8|S539	0	0.0	0.1
RBBP8|S568	0	0.0	0.1
RBBP8|T315	164	1.2304081	0.5
RBFOX2|S26	0	0.0	0.1
RBFOX2|T67	0	0.0	0.1
RBL1|S640	5	-0.007634187	0.09487456
RBL1|T332	3	0.15607232	0.10163317
RBL1|T385	0	0.0	0.1
RBL2|S1035	0	0.0	0.1
RBL2|S1110	0	0.0	0.1
RBL2|S1112	195	0.88505584	0.5
RBL2|S413	42	0.044097498	0.08346546
RBL2|S413_T417	0	0.0	0.1
RBL2|S639	186	0.18164755	0.15309946
RBL2|S639_T642	0	0.0	0.1
RBL2|S688	54	0.15647592	0.11980325
RBL2|S948_S952	0	0.0	0.1
RBL2|S952	186	0.9354829	0.5
RBL2|T642	154	0.1718299	0.14355041
RBM10|S138	0	0.0	0.1
RBM10|S154	0	0.0	0.1
RBM10|S30	0	0.0	0.1
RBM10|S788	0	0.0	0.1
RBM10|S798_S801	0	0.0	0.1
RBM10|S798_S801_S803	0	0.0	0.1
RBM10|S801	0	0.0	0.1
RBM10|S801_S803	0	0.0	0.1
RBM10|S803	0	0.0	0.1
RBM10|S862	0	0.0	0.1
RBM10|S910	0	0.0	0.1
RBM10|T951	0	0.0	0.1
RBM12B|S250	186	0.45968166	0.33391887
RBM12B|S250_S254	0	0.0	0.1
RBM12B|S254	186	0.608857	0.43093497
RBM12B|S278_S280	0	0.0	0.1
RBM12B|S280	170	0.5212112	0.36520705
RBM12B|S575	191	0.6286686	0.44699556
RBM12B|S591	186	0.35382473	0.26507482
RBM12B|S638	203	0.7232129	0.5
RBM12B|S710	182	0.4441707	0.32212436
RBM12B|S710_S718	0	0.0	0.1
RBM12B|S718	186	0.83801836	0.5
RBM12B|S839	186	0.9668826	0.5
RBM12B|T276_S278_S280	0	0.0	0.1
RBM12|S352	0	0.0	0.1
RBM12|S375	125	0.70882684	0.43823716
RBM12|S420_S422_S424	0	0.0	0.1
RBM12|S422_S424	0	0.0	0.1
RBM12|S424	159	1.2686871	0.5
RBM14|S215	71	0.48315322	0.259087
RBM14|S215_S220	0	0.0	0.1
RBM14|S220	0	0.0	0.1
RBM14|S256	234	1.19706	0.5
RBM14|S582	75	0.47067732	0.25886172
RBM14|S618	231	1.0328681	0.5
RBM14|S620	180	0.9259439	0.5
RBM14|T206	247	0.6451511	0.488047
RBM14|T572	187	1.1286963	0.5
RBM15B|S106	0	0.0	0.1
RBM15B|S109	186	0.4987356	0.35931757
RBM15B|S113	0	0.0	0.1
RBM15B|S147	50	0.3684889	0.18949631
RBM15B|S265_S267	0	0.0	0.1
RBM15B|S267	234	0.5809154	0.43692875
RBM15B|S552	172	1.9783065	0.5
RBM15B|S562	197	0.64116365	0.45895368
RBM15B|S609	197	0.41941828	0.31187004
RBM15B|T532	192	0.2933344	0.22712399
RBM15|S109	186	0.647567	0.45611
RBM15|S125	5	0.0091802105	0.09567525
RBM15|S128	130	0.19610679	0.15432122
RBM15|S292_S294	0	0.0	0.1
RBM15|S294	247	0.8552465	0.5
RBM15|S365	179	0.3342004	0.2502576
RBM15|S622	192	0.8002132	0.5
RBM15|S656	186	0.44097456	0.3217527
RBM15|S656_S659	0	0.0	0.1
RBM15|S670	186	0.6737471	0.47313628
RBM15|S670_S674	0	0.0	0.1
RBM15|S674	186	0.7374668	0.5
RBM15|S700	199	0.2633714	0.20873214
RBM15|S741	68	0.28724864	0.17579111
RBM15|S781	173	-0.030938622	0.017024245
RBM15|T568	247	0.38128763	0.3002249
RBM17|S155	186	0.5028777	0.3620114
RBM17|S169	153	0.7945737	0.5
RBM17|S222	192	0.16866255	0.14514798
RBM17|T71	146	0.33636558	0.24028201
RBM23|S128	131	0.46296513	0.30583736
RBM23|S149	203	0.87676674	0.5
RBM25|S583	209	0.6279893	0.45711896
RBM25|S677	241	1.2298104	0.5
RBM25|S683	0	0.0	0.1
RBM25|S703	186	0.7851499	0.5
RBM26|S127	209	0.5773025	0.42283568
RBM26|S164	164	1.7002103	0.5
RBM26|S518	203	1.0599626	0.5
RBM26|S523	0	0.0	0.1
RBM27|S1020	24	0.88902366	0.25271425
RBM27|S120	79	0.27940208	0.17917745
RBM27|S566	0	0.0	0.1
RBM27|T447	183	0.73389506	0.5
RBM33|S1045	0	0.0	0.1
RBM33|S205	191	1.1093134	0.5
RBM33|S41	0	0.0	0.1
RBM33|S765	65	0.3149685	0.18468457
RBM33|S973	162	0.9386245	0.5
RBM34|S14	186	0.9038645	0.5
RBM34|S28	186	0.8834293	0.5
RBM39|S136	241	0.6321445	0.4760904
RBM39|S337	174	0.88056475	0.5
RBM39|S97	247	0.5942955	0.4518472
RBM39|Y95	24	0.19036536	0.11749007
RBM42|S135	184	0.87175554	0.5
RBM4|S86	176	1.032512	0.5
RBM5|S576	75	2.5178282	0.5
RBM5|S59	186	0.4824639	0.34873527
RBM5|S621_S624	0	0.0	0.1
RBM5|S624	218	0.55908436	0.4147182
RBM5|S78	186	0.8115973	0.5
RBM5|Y57	0	0.0	0.1
RBM6|S1025	227	0.41020307	0.31533974
RBM6|S362	168	0.9046316	0.5
RBM6|S746	0	0.0	0.1
RBM6|S891	67	-0.044886757	0.04187178
RBM7|S137	132	0.21432611	0.16504762
RBM7|S156	0	0.0	0.1
RBM7|S205	0	0.0	0.1
RBM8A|S42	216	0.65360546	0.47841385
RBM8A|S56	186	0.5640954	0.4018243
RBMS2|S106	0	0.0	0.1
RBMXL1|S124	0	0.0	0.1
RBMXL1|S161	86	0.7721903	0.41079766
RBMXL1|S189	6	0.4290601	0.11862604
RBMXL1|S208	61	1.2081187	0.5
RBMXL1|S249	0	0.0	0.1
RBMXL1|S323	179	0.3514612	0.26133174
RBMXL1|S351	182	0.43439817	0.3158173
RBMXL1|S58	0	0.0	0.1
RBMXL1|S88	192	0.42051873	0.31075203
RBMXL1|Y206	0	0.0	0.1
RBMX|S102	0	0.0	0.1
RBMX|S124	0	0.0	0.1
RBMX|S165	47	-0.14819907	0.020643838
RBMX|S189	192	0.9773709	0.5
RBMX|S208	247	0.9559305	0.5
RBMX|S249	171	0.5102088	0.35884023
RBMX|S323	179	0.11187395	0.10761805
RBMX|S332	193	1.0104272	0.5
RBMX|S352	217	0.92236984	0.5
RBMX|S58	111	0.86225927	0.5
RBMX|S88	204	1.270866	0.5
RBMX|Y206	0	0.0	0.1
RBP1|S20	0	0.0	0.1
RBP1|S23	0	0.0	0.1
RBPMS|S14	70	0.5443405	0.28296375
RBPMS|T113	0	0.0	0.1
RBPMS|T118	43	0.15131918	0.11543164
RBSN|S230	186	0.35359445	0.26492506
RBSN|S541	0	0.0	0.1
RC3H1|S772	0	0.0	0.1
RC3H2|S1119	0	0.0	0.1
RC3H2|S808	0	0.0	0.1
RCAN1|S137	0	0.0	0.1
RCAN1|S82	0	0.0	0.1
RCAN1|S82_S86	0	0.0	0.1
RCAN1|S86	0	0.0	0.1
RCAN3|S148_S152	0	0.0	0.1
RCAN3|S152	56	0.40112668	0.20809677
RCC1|S11	240	0.4903422	0.37553567
RCC1|S47	0	0.0	0.1
RCN1|S80	111	0.27309123	0.19105747
RCN2|S225	0	0.0	0.1
RCOR1|S127	0	0.0	0.1
RCOR1|S139	41	0.49310637	0.21430752
RCOR1|S260	182	1.7927462	0.5
RCOR1|S460	192	0.9227003	0.5
RCOR2|S202	75	1.5851749	0.5
RCOR2|S63	75	1.8933395	0.5
RCOR3|S214	0	0.0	0.1
RCOR3|S433_T434	0	0.0	0.1
RCSD1|S105	0	0.0	0.1
RCSD1|S105_S108	0	0.0	0.1
RCSD1|S116_S120	0	0.0	0.1
RCSD1|S120	167	0.7314653	0.49496144
RCSD1|S177	186	1.2226751	0.5
RCSD1|S179	186	1.9003328	0.5
RCSD1|S216	233	0.6972706	0.5
RCSD1|S267_S268	0	0.0	0.1
RCSD1|S284	172	0.5383853	0.37721422
RCSD1|S298	0	0.0	0.1
RCSD1|S333	0	0.0	0.1
RCSD1|S351	159	1.0841703	0.5
RCSD1|S68	0	0.0	0.1
RDX|S249	0	0.0	0.1
RDX|S533	184	0.82065845	0.5
RDX|Y270	0	0.0	0.1
RECQL4|S251	158	0.96135825	0.5
RECQL4|S27	77	0.50968957	0.27822655
RECQL4|S89	0	0.0	0.1
RECQL5|S488_S491	0	0.0	0.1
RECQL5|S491	186	0.562636	0.40087518
RECQL5|S727	0	0.0	0.1
RECQL5|S815	183	0.3967996	0.2919234
RECQL|S608	0	0.0	0.1
REEP1|S159	0	0.0	0.1
REEP3|S210	191	1.2430893	0.5
REEP3|T201	0	0.0	0.1
REEP3|Y209	0	0.0	0.1
REEP4|S152	247	0.9962482	0.5
REEP4|S194	152	1.19373	0.5
REEP4|S194_T196	0	0.0	0.1
REEP4|S194_T196_S202	0	0.0	0.1
REEP5|T178	0	0.0	0.1
RELA|S235	0	0.0	0.1
RELB|S116	0	0.0	0.1
RELB|S37	0	0.0	0.1
RELB|T103	0	0.0	0.1
RELCH|S180	232	0.89675117	0.5
RELCH|S453	177	0.7408801	0.5
RELL1|S161	0	0.0	0.1
RELL1|S244	0	0.0	0.1
RELL1|T261	0	0.0	0.1
REM1|S18	71	0.8247725	0.4009289
REM1|S18_T19	0	0.0	0.1
RENBP|S416	50	0.4618992	0.22063306
REPS1|S143	160	0.9570106	0.5
REPS1|S170	179	0.6528569	0.4547003
REPS1|S272	186	0.8968715	0.5
REPS1|S392	69	1.2403959	0.5
REPS1|S534	0	0.0	0.1
REPS1|S535	0	0.0	0.1
REPS1|S562	192	0.7228465	0.5
REPS1|S682	0	0.0	0.1
REPS1|S709	193	0.8714346	0.5
REPS1|S736	138	0.35599285	0.24843284
REPS1|S740	0	0.0	0.1
REPS1|S767	0	0.0	0.1
REPS1|Y275	0	0.0	0.1
REPS2|S493	186	1.5058559	0.5
REPS2|S543	0	0.0	0.1
REPS2|S544	166	1.1828306	0.5
REPS2|S631	113	0.70730644	0.42218605
REPS2|T478	0	0.0	0.1
REPS2|T479	0	0.0	0.1
RERE|S1106_S1113_S1115	0	0.0	0.1
RERE|S40	0	0.0	0.1
RERE|S594	186	0.8031133	0.5
RERE|S600	182	0.9519039	0.5
RERE|S613	186	0.42983878	0.31451055
RERE|S656	185	0.6240247	0.4401564
RERE|S679	186	0.8870405	0.5
RERE|S679_S681	0	0.0	0.1
REST|S864	80	-0.27861008	-0.068271145
REST|S971	0	0.0	0.1
RETREG1|S281	90	0.43904376	0.26059967
RETREG2|S178	0	0.0	0.1
RETREG2|S385	178	0.9927199	0.5
RETREG3|S258_S260	0	0.0	0.1
RETREG3|S26	206	1.0355461	0.5
RETREG3|S313	216	0.9527131	0.5
RETREG3|S313_S320	5	-0.018371992	0.09436324
RETREG3|S320	219	0.8089329	0.5
RETREG3|T283_S285_S288	0	0.0	0.1
RETREG3|T307_S320	3	-0.020145595	0.09650061
RETREG3|T310_S313_S320	0	0.0	0.1
REV3L|S1646	0	0.0	0.1
REV3L|S1889	0	0.0	0.1
REXO1|S358	0	0.0	0.1
REXO1|S610	152	1.2189106	0.5
RFC1|S108	136	1.5482212	0.5
RFC1|S29	171	0.9843578	0.5
RFC1|S368	186	1.0453663	0.5
RFC1|S69_S71	0	0.0	0.1
RFFL|S226	173	1.3285035	0.5
RFFL|S226_S229	0	0.0	0.1
RFFL|S240	208	1.1856937	0.5
RFFL|S39	0	0.0	0.1
RFLNB|S71	0	0.0	0.1
RFTN1|S199	171	0.39252812	0.28458413
RFTN1|S220	186	0.85355663	0.5
RFTN1|S450	182	0.9678807	0.5
RFTN1|S521	0	0.0	0.1
RFTN1|S555	158	1.3153505	0.5
RFTN2|S470	87	0.47261274	0.2733546
RFX3|S664	59	0.32640526	0.18401203
RFX3|S674_S678	0	0.0	0.1
RFX5|S185	186	0.16248153	0.14063485
RFX5|S308	0	0.0	0.1
RFX5|S347	0	0.0	0.1
RFX5|S605	0	0.0	0.1
RFX7|S1166_S1168	0	0.0	0.1
RFX7|S1178	0	0.0	0.1
RFX7|S299	0	0.0	0.1
RFX7|S322	0	0.0	0.1
RFX7|S418	0	0.0	0.1
RFXAP|S132	186	0.81129277	0.5
RGCC|S75	164	0.7896121	0.5
RGCC|S87	178	1.3153692	0.5
RGCC|S89	136	1.2426715	0.5
RGCC|S91	177	0.8907548	0.5
RGCC|S97	71	0.8708491	0.42006013
RGL1|S518	0	0.0	0.1
RGL2|S409	167	0.6560321	0.44778037
RGL3|S569	0	0.0	0.1
RGL3|S569_S573	0	0.0	0.1
RGS10|S16	0	0.0	0.1
RGS10|S41	0	0.0	0.1
RGS12|S172	95	1.0736969	0.5
RGS12|S483	0	0.0	0.1
RGS12|S661	45	0.44071323	0.20573857
RGS12|S671	116	0.90885895	0.5
RGS12|S849	0	0.0	0.1
RGS12|S850	208	1.19237	0.5
RGS12|S879	49	-0.14029975	0.020975254
RGS14|S20	163	1.4183835	0.5
RGS14|S203	233	0.9024944	0.5
RGS14|S218	139	0.35478812	0.2481822
RGS14|S288	183	0.79567105	0.5
RGS14|S478	0	0.0	0.1
RGS3|S564	0	0.0	0.1
RGS3|S696	0	0.0	0.1
RGS3|S833	0	0.0	0.1
RGS3|S833_S836	0	0.0	0.1
RGS3|S897	0	0.0	0.1
RGS3|S934	0	0.0	0.1
RHBDF1|S283	0	0.0	0.1
RHBDF1|S390	206	0.5286327	0.38855666
RHBDF1|T180	0	0.0	0.1
RHBDF2|S100	0	0.0	0.1
RHBDF2|S114	0	0.0	0.1
RHBDF2|S148	0	0.0	0.1
RHBDF2|S227	0	0.0	0.1
RHBDF2|S280	0	0.0	0.1
RHBDF2|S299	0	0.0	0.1
RHBDF2|S356	0	0.0	0.1
RHBDF2|S61	0	0.0	0.1
RHBDF2|S84	0	0.0	0.1
RHEB|S175	148	0.31594044	0.2288677
RHOC|S152	184	1.7259924	0.5
RHPN2|S616	0	0.0	0.1
RHPN2|S639	0	0.0	0.1
RHPN2|S642	111	1.0978794	0.5
RHPN2|S652	82	0.47060204	0.26697454
RHPN2|S654	102	-0.035550453	0.03155373
RHPN2|T606	153	2.0667238	0.5
RIC1|S1000	0	0.0	0.1
RIC1|S1037	144	1.2782894	0.5
RIC8A|S502	168	0.3749666	0.27236712
RICTOR|S1177	0	0.0	0.1
RICTOR|S1284	91	0.2673437	0.1797292
RICTOR|S1302	0	0.0	0.1
RICTOR|S1307	0	0.0	0.1
RICTOR|S1313	125	1.020675	0.5
RICTOR|S1409	0	0.0	0.1
RICTOR|S1412	0	0.0	0.1
RICTOR|S1420	0	0.0	0.1
RICTOR|S1503	0	0.0	0.1
RICTOR|S1615	0	0.0	0.1
RICTOR|S21	191	0.56130993	0.4027842
RIF1|S1422	51	0.7873496	0.3321512
RIF1|S1454	0	0.0	0.1
RIF1|S1542	165	0.6735477	0.4571146
RIF1|S1579	181	1.5834594	0.5
RIF1|S1616	128	0.8499004	0.5
RIF1|S1688	186	0.8133264	0.5
RIF1|S1688_S1693	0	0.0	0.1
RIF1|S1873	158	1.4484102	0.5
RIF1|S2144	75	1.1808519	0.5
RIF1|S2161	186	1.2597762	0.5
RIF1|S2172	52	1.418709	0.5
RIF1|S2172_S2176	0	0.0	0.1
RIF1|S2176	0	0.0	0.1
RIF1|S2205	181	0.7655663	0.5
RIF1|S2367	0	0.0	0.1
RIF1|S782	61	0.6614198	0.31271183
RIN1|S333	186	0.83533514	0.5
RIN1|S351	152	0.8281804	0.5
RIN2|S415	0	0.0	0.1
RIN2|S535	0	0.0	0.1
RING1|S229	191	0.7906355	0.5
RING1|S38	206	0.64623266	0.46772528
RING1|T220	145	0.5995677	0.39566255
RIOK1|S21_S22	0	0.0	0.1
RIOK1|S22	183	0.8732775	0.5
RIOK2|S337	189	1.1802584	0.5
RIOK2|S350	166	0.38262466	0.2763748
RIOK2|S380	155	1.317105	0.5
RIOK2|S380_S382	0	0.0	0.1
RIOK2|S442	63	0.51952386	0.26214728
RIPK1|S157	0	0.0	0.1
RIPK1|S253	0	0.0	0.1
RIPK1|S320	186	1.2464858	0.5
RIPK1|S416	133	0.9139237	0.5
RIPK2|S363	187	0.68844366	0.483411
RIPK2|S393	0	0.0	0.1
RIPK2|S527	68	0.98262423	0.45725268
RIPK2|S531	171	0.8992131	0.5
RIPK3|S227	122	1.1916094	0.5
RIPK3|S316	236	0.71625715	0.5
RIPK3|S339	153	0.88505054	0.5
RIPK3|T224_S227	0	0.0	0.1
RIPK4|S372	0	0.0	0.1
RIPOR1|S351	186	1.5307217	0.5
RIPOR1|S367	0	0.0	0.1
RIPOR1|S417	0	0.0	0.1
RIPOR2|S50	0	0.0	0.1
RIPOR2|S552	0	0.0	0.1
RIPOR2|S62_S66	0	0.0	0.1
RIPOR2|S66	0	0.0	0.1
RLF|S41	145	0.5971277	0.39421844
RLF|S632	178	0.31442884	0.23729616
RLIM|S230	50	-0.115639046	0.02812032
RLIM|S276	0	0.0	0.1
RMDN3|S46	241	1.2099411	0.5
RMI1|S292	0	0.0	0.1
RNF113A|S253	179	1.1222866	0.5
RNF113A|S84_S85	0	0.0	0.1
RNF139|S634_T635	0	0.0	0.1
RNF14|S348	0	0.0	0.1
RNF14|S451	83	0.41573268	0.24320117
RNF168|S134	186	0.85005784	0.5
RNF168|S470	61	1.4258844	0.5
RNF169|S247	158	1.3659074	0.5
RNF169|S339	176	1.0938859	0.5
RNF169|S403	133	1.0750744	0.5
RNF169|S693	178	0.8809271	0.5
RNF20|S136	190	0.42155704	0.3106753
RNF20|S136_S138	0	0.0	0.1
RNF20|S138	234	0.77091545	0.5
RNF213|S1258	175	1.0050436	0.5
RNF213|S217	150	0.20598991	0.16359395
RNF213|S43_S45	0	0.0	0.1
RNF213|S82	182	1.0397311	0.5
RNF213|S88	178	1.740546	0.5
RNF213|T84	0	0.0	0.1
RNF214|S154	0	0.0	0.1
RNF214|S176	174	0.5956914	0.4147821
RNF214|S200	0	0.0	0.1
RNF214|S47	0	0.0	0.1
RNF214|S501	0	0.0	0.1
RNF214|S530	0	0.0	0.1
RNF214|S54	0	0.0	0.1
RNF216|S476	0	0.0	0.1
RNF216|S776	0	0.0	0.1
RNF219|S210	99	1.8052638	0.5
RNF219|S553	0	0.0	0.1
RNF219|S561	0	0.0	0.1
RNF25|S450	173	1.0676459	0.5
RNF2|S41	163	-0.14451797	-0.051545355
RNF31|S232	0	0.0	0.1
RNF31|S315	0	0.0	0.1
RNF31|S689	0	0.0	0.1
RNF34|S169	106	0.93405867	0.5
RNF34|S254	210	0.67259413	0.48788634
RNF4|S94_S95	0	0.0	0.1
RNPC3|S108	186	1.1229352	0.5
RNPC3|S381	0	0.0	0.1
RNPS1|S155_S157	0	0.0	0.1
ROBO1|S940	175	0.09433527	0.09639518
ROBO1|T1240	202	0.94688433	0.5
ROCK1|S1105	201	0.39787817	0.29891533
ROCK1|S1341	192	1.0750333	0.5
ROCK1|T1180	0	0.0	0.1
ROCK2|T1126	0	0.0	0.1
RP2|S15	0	0.0	0.1
RPA1|S371	0	0.0	0.1
RPA1|S384	171	1.9336723	0.5
RPA2|S246	0	0.0	0.1
RPAP1|S519	0	0.0	0.1
RPAP1|S72	0	0.0	0.1
RPAP1|T321	0	0.0	0.1
RPAP2|S414	0	0.0	0.1
RPAP3|S447	0	0.0	0.1
RPGR|S418	180	1.3219079	0.5
RPGR|S756	0	0.0	0.1
RPL11|S29	0	0.0	0.1
RPL11|T47	0	0.0	0.1
RPL12|S38	146	0.91290635	0.5
RPL13|S140	184	1.0294614	0.5
RPL15|S34	186	1.0015594	0.5
RPL15|S97	157	0.42089775	0.2960348
RPL15|T197	44	1.2573901	0.453647
RPL18A|S123	174	1.1403286	0.5
RPL18A|S71	186	1.3512003	0.5
RPL18A|T24	0	0.0	0.1
RPL24|S86	186	1.1818385	0.5
RPL24|T83	181	1.0768238	0.5
RPL27A|S68	179	1.0519679	0.5
RPL30|S10	183	1.0226514	0.5
RPL34|S12	173	1.0733558	0.5
RPL3|S13	44	0.8735384	0.33635893
RPL7A|S209	99	0.45243052	0.27532974
RPLP0|S304_S307	25	0.5476512	0.18953024
RPLP2|S16	0	0.0	0.1
RPLP2|S17	133	1.3117551	0.5
RPLP2|S79	70	0.6831246	0.34011012
RPLP2|S86	60	0.7973276	0.36149785
RPP30|S251	0	0.0	0.1
RPP38|S253	0	0.0	0.1
RPRD1A|S120	0	0.0	0.1
RPRD1A|S156	172	1.4568944	0.5
RPRD1B|S134	118	0.7114001	0.4309413
RPRD2|S1073	0	0.0	0.1
RPRD2|S330_T332	0	0.0	0.1
RPRD2|S348	0	0.0	0.1
RPRD2|S588	0	0.0	0.1
RPRD2|S732	0	0.0	0.1
RPRD2|S740	0	0.0	0.1
RPRD2|S743	0	0.0	0.1
RPRD2|S902	0	0.0	0.1
RPRD2|S914	0	0.0	0.1
RPRD2|S939	0	0.0	0.1
RPRD2|T332	0	0.0	0.1
RPRD2|T697	0	0.0	0.1
RPRD2|T741	0	0.0	0.1
RPS10|S130	75	0.6940602	0.35459724
RPS10|S146	192	0.7653148	0.5
RPS10|Y12	0	0.0	0.1
RPS13|S48	0	0.0	0.1
RPS20|S93	0	0.0	0.1
RPS20|T9	0	0.0	0.1
RPS26|T96	186	0.5638653	0.40167466
RPS27A|S57	186	0.4334748	0.31687525
RPS27|S11	185	0.9618755	0.5
RPS27|S27	165	0.37146297	0.26902413
RPS27|S78	179	1.8951226	0.5
RPS28|S23	111	0.8454662	0.49216467
RPS2|S264	186	0.35172763	0.26371098
RPS2|S281	42	0.45827726	0.20596933
RPS2|T278	0	0.0	0.1
RPS3|T220	171	0.092348315	0.09517181
RPS3|T221	247	0.6478705	0.48998272
RPS5|S142	173	1.5087218	0.5
RPS6KA1|S230	0	0.0	0.1
RPS6KA1|S372	0	0.0	0.1
RPS6KA1|S389	0	0.0	0.1
RPS6KA1|S696	0	0.0	0.1
RPS6KA1|T234	0	0.0	0.1
RPS6KA1|T368_S372	0	0.0	0.1
RPS6KA1|T582	0	0.0	0.1
RPS6KA1|Y585	0	0.0	0.1
RPS6KA3|S227	186	0.9644727	0.5
RPS6KA3|S369	174	0.38401833	0.28036198
RPS6KA3|S386	0	0.0	0.1
RPS6KA3|S415	241	1.2308007	0.5
RPS6KA3|S715	205	0.7799236	0.5
RPS6KA3|T231	64	0.12572794	0.11004017
RPS6KA3|T365_S369	0	0.0	0.1
RPS6KA3|T365_S369_S375	0	0.0	0.1
RPS6KA3|T577	0	0.0	0.1
RPS6KA3|Y580	0	0.0	0.1
RPS6KA4|S347	218	0.45320052	0.34213117
RPS6KA4|S628	0	0.0	0.1
RPS6KA4|S676	0	0.0	0.1
RPS6KA4|S715	0	0.0	0.1
RPS6KA4|S739	0	0.0	0.1
RPS6KA4|T22	68	1.421139	0.5
RPS6KA4|T681	0	0.0	0.1
RPS6KB1|S418_T421_S424	0	0.0	0.1
RPS6KB1|S424	0	0.0	0.1
RPS6KB1|T421_S424	0	0.0	0.1
RPS6KB2|S423	94	1.113279	0.5
RPS6KC1|S411	0	0.0	0.1
RPS6KC1|S411_S415	0	0.0	0.1
RPS6KC1|S415	0	0.0	0.1
RPS6KC1|S437	0	0.0	0.1
RPS6KC1|S516	0	0.0	0.1
RPS6KC1|S584	0	0.0	0.1
RPS6KC1|S593_S596	0	0.0	0.1
RPS6KC1|S596	0	0.0	0.1
RPS6KC1|S632	0	0.0	0.1
RPS6KC1|S655	0	0.0	0.1
RPS6KC1|S860	0	0.0	0.1
RPS6|S235_S236	0	0.0	0.1
RPS8|T130	179	0.48828986	0.34911788
RPSA|S43	85	1.0190583	0.5
RPTOR|S561	0	0.0	0.1
RPTOR|S701	0	0.0	0.1
RPTOR|S701_S705	0	0.0	0.1
RPTOR|S705	0	0.0	0.1
RPTOR|S719	72	-0.4639596	-0.13607611
RPUSD2|S68	71	0.21033832	0.14581299
RRAD|S39	170	0.88375545	0.5
RRAD|T52	0	0.0	0.1
RRAGC|S382	169	0.8574167	0.5
RRAGC|S95	181	1.191707	0.5
RRAGC|T381	142	1.4741737	0.5
RRAGC|T394	174	0.33013245	0.2461425
RRAS2|S109	0	0.0	0.1
RRBP1|S185	0	0.0	0.1
RRBP1|S526	0	0.0	0.1
RRBP1|S843_S844	0	0.0	0.1
RREB1|S1122	170	1.0407212	0.5
RREB1|S1167	208	1.0699922	0.5
RREB1|S1167_S1174_S1175	0	0.0	0.1
RREB1|S1219	39	1.0032876	0.3534404
RREB1|S1238	146	1.1702121	0.5
RREB1|S1320	196	0.4619147	0.33964622
RREB1|S1475	187	0.4740286	0.34370503
RREB1|S1575	144	0.9192691	0.5
RREB1|S161	144	0.6858524	0.44574898
RREB1|S1653	154	0.49231884	0.3378626
RREB1|S175	184	1.0291947	0.5
RREB1|S175_S180	0	0.0	0.1
RREB1|S36	186	0.611869	0.43289384
RREB1|S42	0	0.0	0.1
RRM2|S20	125	1.1015041	0.5
RRN3|S140_S142	0	0.0	0.1
RRN3|S44	157	0.7879985	0.5
RRP12|S1019	0	0.0	0.1
RRP12|T77	61	1.176569	0.5
RRP12|T88	0	0.0	0.1
RRP15|S67	0	0.0	0.1
RRP1B|S245	156	0.902735	0.5
RRP1B|S513	174	0.84213424	0.5
RRP1|S383	186	0.5802313	0.4123183
RRP36|S73	160	0.5535786	0.37912533
RRP8|S104	186	0.651543	0.45869583
RRP8|S104_S106	0	0.0	0.1
RRP8|S106	186	0.7273899	0.5
RRP8|S126	107	1.0892806	0.5
RRP8|S223	182	0.6713531	0.46874565
RRP8|S62_S64	0	0.0	0.1
RRP9|S50_S51_S53	0	0.0	0.1
RSBN1|T236	69	0.66533434	0.33081698
RSF1|S1153	0	0.0	0.1
RSF1|S1258	71	1.1122782	0.5
RSF1|S1282	186	1.1784983	0.5
RSF1|S1310	157	1.0944892	0.5
RSF1|S1325	60	0.98114467	0.43042925
RSF1|S1345	236	0.77050203	0.5
RSF1|S1359_S1375	0	0.0	0.1
RSF1|S1370	0	0.0	0.1
RSF1|S1375	182	0.5699599	0.40330744
RSF1|S392	0	0.0	0.1
RSF1|S397	131	1.5247134	0.5
RSF1|S604	247	0.48648816	0.3751083
RSF1|S622	56	0.7099345	0.31895083
RSF1|S622_T628	0	0.0	0.1
RSF1|S748	67	-0.01919623	0.052178755
RSF1|S874	0	0.0	0.1
RSF1|T1305	184	1.1396134	0.5
RSF1|T1305_S1310	0	0.0	0.1
RSF1|T241	0	0.0	0.1
RSL1D1|S361	241	1.0699693	0.5
RSL1D1|S427	202	0.82192427	0.5
RSL1D1|S443	160	0.5965425	0.4055646
RSPH3|T243	75	1.1580615	0.5
RSPH4A|S86	88	0.6681355	0.36593577
RSPH4A|T69	0	0.0	0.1
RSRC2|S104	186	0.42392144	0.3106622
RSRC2|S104_S105	0	0.0	0.1
RSRC2|S105	186	0.2965132	0.2278023
RSRC2|S32	191	0.9515872	0.5
RSRC2|S376	0	0.0	0.1
RTCB|S300	43	0.3594108	0.17800464
RTEL1|S847	65	0.44060776	0.23417883
RTF1|S650	111	1.3931171	0.5
RTF1|S697	179	0.8349723	0.5
RTKN|S106	186	1.1330336	0.5
RTKN|S106_S115	0	0.0	0.1
RTKN|S232	64	0.9027263	0.41325903
RTKN|S30	61	1.680429	0.5
RTKN|S520	201	0.49022874	0.36058465
RTKN|S529	98	0.49743977	0.2967126
RTKN|S543	87	0.8205873	0.4352465
RTN1|S352	246	1.5219837	0.5
RTN1|S48	42	0.03523095	0.08084296
RTN1|S487	174	1.2248354	0.5
RTN1|T300	53	1.1395462	0.46010423
RTN4|S107	96	1.1515154	0.5
RTN4|S121	56	0.8862032	0.3822268
RTN4|S129	0	0.0	0.1
RTN4|S181	229	0.38884214	0.3010482
RTN4|S991	0	0.0	0.1
RUBCN|S137	0	0.0	0.1
RUBCN|S197	0	0.0	0.1
RUBCN|S350	0	0.0	0.1
RUBCN|S410	172	1.3566402	0.5
RUBCN|S528	0	0.0	0.1
RUFY1|S165	75	0.9611004	0.46904302
RUFY1|S618	177	1.1641594	0.5
RUFY1|S63	139	1.3019117	0.5
RUFY1|S694	0	0.0	0.1
RUFY1|T74	56	0.32635352	0.18125512
RUFY3|S34	0	0.0	0.1
RUNDC1|S71	48	0.08451389	0.09497748
RUNX1T1|S390	0	0.0	0.1
RUNX1|S21	154	0.989898	0.5
RUNX1|S212	155	1.3686801	0.5
RUNX1|T14	141	0.5350856	0.35455218
RUNX1|T14_S17	0	0.0	0.1
RUNX1|T18	0	0.0	0.1
RUNX2|S28	0	0.0	0.1
RUNX2|S340	0	0.0	0.1
RUNX3|T28	0	0.0	0.1
RUNX3|T28_S31	0	0.0	0.1
RUSC2|S519	66	0.5025769	0.2600607
RUSC2|S536	104	0.6796701	0.3955181
RUSC2|S574	85	0.15403503	0.1248269
RWDD2B|S246	0	0.0	0.1
RYBP|S123_S127	0	0.0	0.1
RYBP|S123_S127_S130	0	0.0	0.1
RYBP|S99	185	1.0152924	0.5
S100A13|S32	157	1.2489997	0.5
S100A13|S62	0	0.0	0.1
S100A9|T113	186	1.4160668	0.5
S100PBP|S72_S73	0	0.0	0.1
SAAL1|S6	191	0.47179344	0.34402937
SACS|S4117	0	0.0	0.1
SAE1|S12	171	0.8351865	0.5
SAE1|S185	0	0.0	0.1
SAFB2|S109	186	1.3375582	0.5
SAFB2|S207	94	1.384067	0.5
SAFB2|S226	0	0.0	0.1
SAFB2|S233	124	0.982474	0.5
SAFB2|S234	156	0.6106216	0.41116002
SAFB2|S246	191	0.27687496	0.2160932
SAFB2|S287	173	0.6933547	0.47600868
SAFB2|S513	166	0.41270146	0.29514453
SAFB2|S563_S565	0	0.0	0.1
SAFB2|S787	168	1.0995139	0.5
SAFB2|S818	71	0.26935416	0.17031664
SAFB|S209	49	0.9806861	0.38962162
SAFB|S227	0	0.0	0.1
SAFB|S234	16	0.5013139	0.15535364
SAFB|S235	6	0.13461871	0.10195955
SAFB|S247	5	0.043926448	0.09732983
SAFB|S288	5	0.034536097	0.09688267
SAFB|S383	186	0.9112293	0.5
SAFB|S383_S384	0	0.0	0.1
SAFB|S384	186	0.54359967	0.3884949
SAFB|S507	52	0.13659321	0.11251873
SAFB|S601	216	0.9680806	0.5
SAFB|S601_S604	0	0.0	0.1
SAFB|S604	234	0.8128074	0.5
SAFB|S794	0	0.0	0.1
SAMD1|S161	200	0.5255327	0.38368848
SAMD1|S261	75	0.3383986	0.20217085
SAMD1|T107	136	0.52474755	0.34476978
SAMD4A|S168	107	1.1285989	0.5
SAMD4A|S580	161	1.1462685	0.5
SAMD4A|S651	74	0.5511956	0.2918878
SAMD4A|S665	0	0.0	0.1
SAMD4B|S172	0	0.0	0.1
SAMD4B|S238	6	0.018364076	0.0953791
SAMD4B|S252	64	0.30383033	0.17954354
SAMD4B|S271	175	0.56953996	0.39879814
SAMD4B|S557	139	0.041885026	0.06620091
SAMD4B|S592	58	1.0684681	0.4555136
SAMD4B|S600	53	0.2638292	0.1567513
SAMD4B|S626	0	0.0	0.1
SAMD4B|S628	75	-0.28146884	-0.06348664
SAMD4B|T407	56	0.5594886	0.26494464
SAMD9|S156	104	0.7981378	0.4559134
SAMHD1|S278	102	0.8072848	0.45714384
SAMHD1|S33	207	0.74749416	0.5
SAMHD1|S581	0	0.0	0.1
SAMHD1|T21	192	1.4558729	0.5
SAMHD1|T557	0	0.0	0.1
SAMHD1|T592	0	0.0	0.1
SAMSN1|S22	0	0.0	0.1
SAMSN1|S23	229	1.0592556	0.5
SAMSN1|S347	0	0.0	0.1
SAMSN1|S74	88	1.1364005	0.5
SAMSN1|S90	182	0.9567162	0.5
SAP130|S465	156	1.5089726	0.5
SAP130|S910	0	0.0	0.1
SAP130|T888_S890	0	0.0	0.1
SAP30BP|S147	0	0.0	0.1
SAP30BP|S43	174	1.8651786	0.5
SAP30BP|S52	169	1.6271641	0.5
SAP30|S131	44	0.7832667	0.30877593
SAP30|S131_S138	0	0.0	0.1
SAP30|S138	44	0.4561736	0.2088308
SAR1A|T139	179	1.2074548	0.5
SARM1|S54	75	0.3304026	0.19874397
SARM1|S548	65	0.40252206	0.21917537
SARM1|S572	73	0.48849803	0.2639327
SART1|S348	169	1.249535	0.5
SART1|S448	223	0.78555924	0.5
SART1|S474_S486	11	1.0230927	0.19147766
SART1|S591_S596_S598	0	0.0	0.1
SART3|S769	0	0.0	0.1
SASH1|S203	0	0.0	0.1
SASH1|S342	0	0.0	0.1
SASH1|S362	0	0.0	0.1
SASH1|S397	0	0.0	0.1
SASH1|S45	0	0.0	0.1
SASH1|S462	0	0.0	0.1
SASH1|S569	0	0.0	0.1
SASH1|S676	0	0.0	0.1
SASH1|S698	0	0.0	0.1
SASH1|S768	0	0.0	0.1
SASH1|S776	0	0.0	0.1
SASH1|S878	0	0.0	0.1
SASH1|S92	0	0.0	0.1
SASH1|S968	0	0.0	0.1
SASH1|T344	0	0.0	0.1
SASH3|S243	0	0.0	0.1
SASH3|S27	186	1.4622736	0.5
SASH3|S38	105	1.0154808	0.5
SASH3|S7	48	0.42112023	0.2041471
SASH3|S7_S10	0	0.0	0.1
SASH3|S97	99	0.6129392	0.35518077
SATB2|S39	152	0.5263071	0.35713762
SAV1|S102	72	0.7746863	0.3824268
SAV1|S90	0	0.0	0.1
SAV1|S94	178	0.7377394	0.5
SBF1|S1077	111	0.7482004	0.44099644
SBF1|T1845	0	0.0	0.1
SBF2|S1085_S1087	0	0.0	0.1
SBNO1|S214	169	1.2995689	0.5
SBNO1|S794	184	1.1357632	0.5
SCAF11|S1127	0	0.0	0.1
SCAF11|S338	168	1.1069741	0.5
SCAF11|S405	191	1.1045479	0.5
SCAF11|S413	177	1.0414546	0.5
SCAF11|S608	236	0.9502532	0.5
SCAF11|S687	118	0.763734	0.45926884
SCAF11|S776	179	0.66046965	0.45958447
SCAF11|S796	186	0.3664806	0.27330557
SCAF11|S816_S818	0	0.0	0.1
SCAF1|S498	177	0.5703532	0.40055057
SCAF1|S498_S500	0	0.0	0.1
SCAF1|S548	167	0.28223622	0.21398297
SCAF1|S612_S614	0	0.0	0.1
SCAF1|S614	186	0.55834734	0.39808604
SCAF1|S719	181	0.069179714	0.08014779
SCAF1|S719_S725	7	0.0013600735	0.09354692
SCAF1|S725	197	0.71261495	0.5
SCAF1|S734	207	0.3658006	0.2792206
SCAF1|S734_S738	12	0.17051433	0.10755511
SCAF1|S874	186	0.7918772	0.5
SCAF1|S929	160	0.7824475	0.5
SCAF1|S933_S936	0	0.0	0.1
SCAF1|S936	180	0.98495984	0.5
SCAF1|S963	118	0.0235582	0.058623247
SCAF1|S965	186	0.69333684	0.48587644
SCAF1|T1001	0	0.0	0.1
SCAF1|T976	225	0.4624074	0.35089743
SCAF1|T989	57	0.96745783	0.4149369
SCAF1|T989_S992	0	0.0	0.1
SCAF4|S124	0	0.0	0.1
SCAF4|S139	0	0.0	0.1
SCAF4|T123	0	0.0	0.1
SCAF4|T134	0	0.0	0.1
SCAF8|S695	0	0.0	0.1
SCAMP3|S32	212	0.44047174	0.33134618
SCAMP3|S76	215	0.5003828	0.37327716
SCAPER|S185	59	0.19502376	0.1352604
SCAP|S566	0	0.0	0.1
SCAP|S595	0	0.0	0.1
SCARF1|S589	174	1.4250686	0.5
SCARF1|S714	159	0.5127334	0.35337687
SCARF2|S653	244	1.7005988	0.5
SCARF2|S687	31	1.2363919	0.36891717
SCARF2|S710_S718	0	0.0	0.1
SCARF2|S718	182	1.2409297	0.5
SCARF2|S742	45	0.5493374	0.23944953
SCARF2|S856	69	0.93404394	0.4405268
SCCPDH|S217	0	0.0	0.1
SCEL|S10	72	0.3164758	0.19061777
SCEL|S267	0	0.0	0.1
SCEL|S269	0	0.0	0.1
SCEL|S369	0	0.0	0.1
SCEL|S68	75	0.5481812	0.29207766
SCEL|T112	0	0.0	0.1
SCFD1|S211	0	0.0	0.1
SCFD1|S224	0	0.0	0.1
SCG2|S268	59	2.8746905	0.5
SCG2|S555_S556	0	0.0	0.1
SCHIP1|S117	175	-0.17813654	-0.076995976
SCHIP1|S317	0	0.0	0.1
SCLY|S129	182	0.617883	0.4342366
SCML2|S499	146	0.46727112	0.31797388
SCML2|S499_S511	0	0.0	0.1
SCML2|S511	132	0.93821347	0.5
SCML2|S590	174	0.46112737	0.32932904
SCN7A|S905_S906	0	0.0	0.1
SCNM1|S148	0	0.0	0.1
SCRIB|S1140	187	1.2038047	0.5
SCRIB|S1220	241	0.76605606	0.5
SCRIB|S1232	168	1.3715491	0.5
SCRIB|S1276	159	0.82258433	0.5
SCRIB|S1279	5	0.18962994	0.1042681
SCRIB|S1285	132	0.95568746	0.5
SCRIB|S1306	0	0.0	0.1
SCRIB|S1306_S1309	0	0.0	0.1
SCRIB|S1309	41	0.5326632	0.22580987
SCRIB|S1348	81	0.53181416	0.2932428
SCRIB|S1353	0	0.0	0.1
SCRIB|S1378	228	0.7104952	0.5
SCRIB|S1445	151	-0.119548865	-0.032079197
SCRIB|S1448	230	0.79409295	0.5
SCRIB|S1475	209	1.3552616	0.5
SCRIB|S1486	244	1.2926283	0.5
SCRIB|S1508	183	1.0485239	0.5
SCRIB|S1547	46	0.21147878	0.13512345
SCRIB|S1561	63	0.76163846	0.3557253
SCRIB|S1566	235	0.76681024	0.5
SCRIB|S23	160	0.27245048	0.20612337
SCRIB|S37	188	0.15479939	0.13577183
SCRIB|S502	55	1.3603144	0.5
SCRIB|S504	186	1.2251179	0.5
SCRIB|S668	0	0.0	0.1
SCRIB|S708	111	1.5178796	0.5
SCRIB|S835	241	1.1141942	0.5
SCRIB|S853	231	0.885075	0.5
SCRIB|T1342	22	-0.17666107	0.0501103
SCRIB|T1342_S1348	0	0.0	0.1
SCRIB|T475	0	0.0	0.1
SCRIB|T607	41	1.2378105	0.43085268
SCRN2|T52	182	0.31516176	0.23886327
SCYL2|S622	0	0.0	0.1
SCYL2|S677	242	1.2663665	0.5
SCYL2|T708	0	0.0	0.1
SCYL3|S653	0	0.0	0.1
SDAD1|S548	0	0.0	0.1
SDC2|S187	187	1.1892033	0.5
SDCBP|S60	7	0.5131417	0.12702796
SDCBP|Y46	0	0.0	0.1
SDCBP|Y56	0	0.0	0.1
SDCCAG8|S28	0	0.0	0.1
SDCCAG8|S4	186	-0.1066406	-0.034388643
SDE2|S278	192	0.65692234	0.4661955
SDF4|T193	111	2.325685	0.5
SEC14L1|T234	0	0.0	0.1
SEC16A|S1069	71	0.3079428	0.18633883
SEC16A|S122	0	0.0	0.1
SEC16A|S1305	60	0.9366608	0.41374782
SEC16A|S1327	75	0.8169927	0.4072826
SEC16A|S1347_S1350	0	0.0	0.1
SEC16A|S1350	75	0.049095348	0.078183725
SEC16A|S1356	59	0.22000062	0.14452854
SEC16A|S1356_S1359	0	0.0	0.1
SEC16A|S1359	50	-0.097112976	0.03429568
SEC16A|S1398	0	0.0	0.1
SEC16A|S1436	0	0.0	0.1
SEC16A|S1437	0	0.0	0.1
SEC16A|S1964	72	0.91872895	0.44272372
SEC16A|S2022	0	0.0	0.1
SEC16A|S2037	41	0.43157506	0.19641544
SEC16A|S2037_S2042	0	0.0	0.1
SEC16A|S2042	0	0.0	0.1
SEC16A|S2081	0	0.0	0.1
SEC16A|S2081_S2083	0	0.0	0.1
SEC16A|S2083	75	0.86979824	0.42991352
SEC16A|S2130	0	0.0	0.1
SEC16A|S314	64	0.73703325	0.34859833
SEC16A|S331	0	0.0	0.1
SEC22B|S137	246	0.9040728	0.5
SEC22B|S164	131	0.28472528	0.20475763
SEC22B|S168	224	0.83817875	0.5
SEC23IP|S737	161	1.6407197	0.5
SEC23IP|S926	186	0.16332996	0.14118662
SEC24B|S1189	0	0.0	0.1
SEC24B|T502	0	0.0	0.1
SEC24D|S267	0	0.0	0.1
SEC31A|S1049	0	0.0	0.1
SEC31A|S527	209	1.0490484	0.5
SEC31A|S527_S532	12	0.23578504	0.1145484
SEC31A|S532	195	0.744236	0.5
SEC31A|S799	241	0.5632261	0.42738268
SEC62|S307_S309_S313	0	0.0	0.1
SEC62|S313_S315	0	0.0	0.1
SEC62|S335	191	0.6397623	0.45427698
SEC62|T158	247	0.83061755	0.5
SEC62|T375	146	1.362984	0.5
SEC63|S593_S597	0	0.0	0.1
SEC63|S597	182	0.6486337	0.4540828
SEC63|T537	0	0.0	0.1
SECISBP2L|S344	0	0.0	0.1
SECISBP2|S295	0	0.0	0.1
SEH1L|S179	0	0.0	0.1
SELENBP1|S153	0	0.0	0.1
SELENOP|S266	192	1.6136831	0.5
SELPLG|T409	0	0.0	0.1
SEMA4B|S653	0	0.0	0.1
SEMA4B|S680	0	0.0	0.1
SEMA4C|S760	0	0.0	0.1
SEMA4D|S788	0	0.0	0.1
SEMA4D|S833	0	0.0	0.1
SEMA4D|S857	153	0.43898064	0.3049962
SENP1|S157	52	0.65360963	0.28939277
SENP1|S57	123	1.2229505	0.5
SENP2|S123	0	0.0	0.1
SENP2|S344	0	0.0	0.1
SENP3|S169	136	0.31513438	0.22397573
SENP3|S169_S181	0	0.0	0.1
SENP3|S181	139	0.35390204	0.24766687
SENP3|S188	0	0.0	0.1
SENP3|S212	174	0.16595016	0.14188077
SENP3|S232	163	0.51710266	0.35850847
SENP3|S307	186	0.6018101	0.42635205
SENP5|S465	0	0.0	0.1
SENP6|S328_S329	0	0.0	0.1
SENP6|S35	0	0.0	0.1
SENP6|S42	0	0.0	0.1
SENP6|S912	0	0.0	0.1
SENP7|S11	186	0.9744259	0.5
SENP7|S24	181	1.1372085	0.5
SENP7|S378_S379	0	0.0	0.1
SEPHS2|S109	0	0.0	0.1
SEPT10|S28	111	0.39598307	0.25570673
SEPT10|S432	97	1.5941825	0.5
SEPT10|S434	99	2.0880053	0.5
SEPT1|S253	0	0.0	0.1
SEPT2|S218	111	0.07778066	0.08831115
SEPT2|S253	0	0.0	0.1
SEPT2|T14	0	0.0	0.1
SEPT4|S109	0	0.0	0.1
SEPT4|S109_S110	0	0.0	0.1
SEPT4|S317	0	0.0	0.1
SEPT4|T421	0	0.0	0.1
SEPT5|S225	111	1.8327651	0.5
SEPT5|S327	0	0.0	0.1
SEPT5|T13	0	0.0	0.1
SEPT5|T336	0	0.0	0.1
SEPT6|S388	109	0.7880269	0.45882744
SEPT6|S411	0	0.0	0.1
SEPT6|S416	101	0.469652	0.28574553
SEPT6|T418	0	0.0	0.1
SEPT7|S333	0	0.0	0.1
SEPT7|S423	96	0.6845485	0.38630947
SEPT7|T227	0	0.0	0.1
SEPT7|T425	0	0.0	0.1
SEPT9|S111	0	0.0	0.1
SEPT9|S160	0	0.0	0.1
SEPT9|S22	107	1.8099476	0.5
SEPT9|S30	111	1.7178308	0.5
SEPT9|S327	111	1.3048332	0.5
SEPT9|S332	109	0.31287932	0.21102318
SEPT9|S482	100	-0.07885879	0.010570604
SEPT9|S80	0	0.0	0.1
SEPT9|S82	0	0.0	0.1
SEPT9|S85	0	0.0	0.1
SEPT9|T142	0	0.0	0.1
SEPT9|T49	0	0.0	0.1
SERBP1|S202	111	1.4452211	0.5
SERBP1|S203	108	1.9050171	0.5
SERBP1|S234	191	1.1954896	0.5
SERBP1|S25	69	1.1492304	0.5
SERBP1|S309	0	0.0	0.1
SERBP1|S315	0	0.0	0.1
SERBP1|S330	170	0.6775722	0.46365657
SERBP1|S53	0	0.0	0.1
SERBP1|S63	0	0.0	0.1
SERBP1|T237	0	0.0	0.1
SERINC1|S364	191	0.13366939	0.12209916
SERPINA10|S56	186	1.6364115	0.5
SERPINA10|S56_S61	0	0.0	0.1
SERPINA1|S325	0	0.0	0.1
SERPINB1|S72	139	0.606772	0.3947335
SERPINB6|S155	0	0.0	0.1
SERPINC1|S68	186	0.96212935	0.5
SERPINH1|S141	156	1.9424868	0.5
SETD1A|T1185	0	0.0	0.1
SETD1B|S1616_S1620	0	0.0	0.1
SETD1B|S1659_S1663	0	0.0	0.1
SETD1B|S211	0	0.0	0.1
SETD1B|T1005	0	0.0	0.1
SETD1B|T381	0	0.0	0.1
SETD2|S277	0	0.0	0.1
SETD2|S277_S279	0	0.0	0.1
SETD2|S279	0	0.0	0.1
SETD2|S414_S415_S417	0	0.0	0.1
SETD2|S488	0	0.0	0.1
SETD2|S570	0	0.0	0.1
SETD2|S580	0	0.0	0.1
SETD2|S632	0	0.0	0.1
SETD2|S664	0	0.0	0.1
SETD2|S710	0	0.0	0.1
SETD2|S87	0	0.0	0.1
SETD2|T1809	0	0.0	0.1
SETD3|S12	94	1.1700274	0.5
SETD5|S591	162	1.1228995	0.5
SETD5|S72	186	0.64184785	0.45239058
SETD5|S852_T855	0	0.0	0.1
SETD5|S865	67	0.16324878	0.12537526
SETDB1|S1066	75	0.81653476	0.4070863
SETMAR|S369	0	0.0	0.1
SETX|S1017_S1019	0	0.0	0.1
SETX|S1366	185	1.7803988	0.5
SETX|S1663	0	0.0	0.1
SETX|S1894	0	0.0	0.1
SETX|S2639	165	1.008536	0.5
SETX|S641	0	0.0	0.1
SETX|S642	0	0.0	0.1
SETX|S947	209	0.6066411	0.44267958
SETX|S956	174	0.6027593	0.4192705
SET|S148	0	0.0	0.1
SET|S15	0	0.0	0.1
SET|S161	112	0.26133433	0.18523324
SET|S24	0	0.0	0.1
SET|S50	0	0.0	0.1
SET|S63	191	0.38276884	0.2855974
SET|S7	223	0.98329955	0.5
SF1|S112	0	0.0	0.1
SF1|S145	0	0.0	0.1
SF1|S20	0	0.0	0.1
SF1|S205_S207	0	0.0	0.1
SF1|S207	0	0.0	0.1
SF1|S427	0	0.0	0.1
SF1|S654	0	0.0	0.1
SF1|S80_S82	0	0.0	0.1
SF3A1|S329	228	1.1509455	0.5
SF3A1|S359	191	1.2273359	0.5
SF3A1|T350	18	-0.075116605	0.0732873
SF3A1|T383	0	0.0	0.1
SF3B1|S129	247	1.189702	0.5
SF3B1|S322	161	0.6883124	0.46290535
SF3B1|S349	97	0.63271624	0.36230192
SF3B1|S400	0	0.0	0.1
SF3B1|S488	172	1.1140219	0.5
SF3B1|T142	0	0.0	0.1
SF3B1|T207	173	0.85372126	0.5
SF3B1|T207_T211	0	0.0	0.1
SF3B1|T211	241	1.1266679	0.5
SF3B1|T223	190	0.80573314	0.5
SF3B1|T223_T227	0	0.0	0.1
SF3B1|T227	182	0.95404136	0.5
SF3B1|T235	88	1.2003314	0.5
SF3B1|T244	216	0.9758397	0.5
SF3B1|T244_T248	5	-0.009540625	0.09478378
SF3B1|T248	221	1.3946261	0.5
SF3B1|T261	165	0.636927	0.43431303
SF3B1|T267_T273_T278	0	0.0	0.1
SF3B1|T273_T278	0	0.0	0.1
SF3B1|T278	183	0.7889753	0.5
SF3B1|T296	166	1.0546176	0.5
SF3B1|T303	177	0.6326891	0.44038257
SF3B1|T313	176	0.5481837	0.3857983
SF3B1|T326	221	0.83010596	0.5
SF3B1|T326_T328	12	0.6974966	0.1640175
SF3B1|T328	164	0.71447456	0.48171905
SF3B1|T350	165	0.5856232	0.40236917
SF3B1|T426	75	0.49559358	0.2695401
SF3B1|T436	0	0.0	0.1
SF3B2|S289	166	2.0495765	0.5
SF3B2|S307	216	1.0736005	0.5
SF3B2|S307_S309	7	0.74594355	0.14225799
SF3B2|S309	218	0.9562671	0.5
SF3B2|S343	182	0.13679127	0.123744726
SF3B2|S347	186	0.4151203	0.3049384
SF3B2|S431_S435_S436	0	0.0	0.1
SF3B2|S861	45	0.41524878	0.19783583
SF3B2|T780	183	1.0227724	0.5
SF3B3|T1200	162	1.393421	0.5
SFN|S45	0	0.0	0.1
SFN|S64	0	0.0	0.1
SFN|S74	135	1.9266828	0.5
SFPQ|S273	157	0.74955523	0.49681
SFPQ|S496	138	0.58252984	0.37978622
SFPQ|T687	166	0.8770587	0.5
SFSWAP|S604	180	0.8767529	0.5
SFT2D2|S9	186	0.8297423	0.5
SGIP1|S204	0	0.0	0.1
SGK3|S126	186	1.1877415	0.5
SGK3|S126_S129	0	0.0	0.1
SGK3|S129	186	1.3710004	0.5
SGPP1|S112	247	0.39376384	0.30910563
SGSM2|S444	0	0.0	0.1
SGTA|S77	192	0.8215505	0.5
SGTA|S77_T81	0	0.0	0.1
SGTA|T81	186	0.5146643	0.3696768
SH2B1|S580	103	1.4005861	0.5
SH2B1|S96	0	0.0	0.1
SH2B2|S157	71	0.18456012	0.13510975
SH2B2|S310	0	0.0	0.1
SH2D3A|S123	6	-0.028647078	0.092718095
SH2D3A|S125	174	1.1322178	0.5
SH2D3A|S147	71	0.21291645	0.14688343
SH2D3A|S180	182	1.6111478	0.5
SH2D3A|S201	200	0.6872896	0.4915264
SH2D3A|S218	0	0.0	0.1
SH2D3C|S359	186	1.101502	0.5
SH2D3C|S440	149	0.6735649	0.44321755
SH2D3C|S447	0	0.0	0.1
SH2D3C|S63	0	0.0	0.1
SH2D4A|S261	143	0.8994138	0.5
SH2D4A|S315	224	1.4359894	0.5
SH3BP1|S262	0	0.0	0.1
SH3BP1|S544	23	0.589332	0.19150111
SH3BP1|S550	10	0.13240077	0.10294553
SH3BP1|T626	16	0.44718814	0.14788802
SH3BP2|S225	151	0.36158422	0.25736737
SH3BP2|S278	186	0.30945742	0.23622057
SH3BP2|S416	186	0.28549975	0.2206397
SH3BP2|S444	175	-0.041415803	0.010008128
SH3BP4|S11	46	0.09505838	0.098443046
SH3BP4|S131	151	0.99295634	0.5
SH3BP4|S246	203	1.6945119	0.5
SH3BP4|S271	0	0.0	0.1
SH3BP4|S279	186	0.9546751	0.5
SH3BP4|S296	66	0.790647	0.37459457
SH3BP5L|S142	0	0.0	0.1
SH3BP5L|S30	144	0.8555522	0.5
SH3BP5L|S343	180	0.68673337	0.47718576
SH3BP5L|S350	186	0.7037592	0.4926546
SH3BP5L|S362	207	0.7324893	0.5
SH3D19|S275	0	0.0	0.1
SH3D19|S369	191	1.2864504	0.5
SH3D19|S389	56	1.3761178	0.5
SH3D19|S65	186	1.1749847	0.5
SH3GLB2|S10	105	2.139315	0.5
SH3KBP1|S10	0	0.0	0.1
SH3KBP1|S146	0	0.0	0.1
SH3KBP1|S193	0	0.0	0.1
SH3KBP1|S399	0	0.0	0.1
SH3KBP1|S42	0	0.0	0.1
SH3KBP1|S472	0	0.0	0.1
SH3KBP1|S550	0	0.0	0.1
SH3PXD2A|S1010	0	0.0	0.1
SH3PXD2A|S1028	0	0.0	0.1
SH3PXD2A|S351	0	0.0	0.1
SH3PXD2A|S378	0	0.0	0.1
SH3PXD2A|S519	0	0.0	0.1
SH3PXD2A|S539	0	0.0	0.1
SH3PXD2A|S565	0	0.0	0.1
SH3PXD2A|S974	0	0.0	0.1
SH3PXD2B|S291	0	0.0	0.1
SH3RF1|S304	0	0.0	0.1
SH3RF1|S724	0	0.0	0.1
SH3RF1|S772	0	0.0	0.1
SH3RF3|S797	176	0.80022913	0.5
SHANK2|S1099	0	0.0	0.1
SHANK2|S1256	0	0.0	0.1
SHANK2|S1380	0	0.0	0.1
SHANK2|S1430	0	0.0	0.1
SHANK2|S1613	0	0.0	0.1
SHANK2|S1661	0	0.0	0.1
SHANK2|S1709	0	0.0	0.1
SHANK2|S1709_S1713	0	0.0	0.1
SHANK2|S831	0	0.0	0.1
SHANK2|S960	0	0.0	0.1
SHANK2|T1269	0	0.0	0.1
SHANK2|T1278	0	0.0	0.1
SHANK3|S1133	182	0.56384987	0.3993641
SHANK3|S1158	90	0.83357054	0.4474808
SHANK3|S1165	173	1.1451639	0.5
SHANK3|S1253	4	0.24187355	0.10545668
SHANK3|S1510	172	1.5984762	0.5
SHANK3|S1529	54	1.5983827	0.5
SHANK3|S1577	0	0.0	0.1
SHANK3|S375	176	1.0323372	0.5
SHANK3|S388	176	0.9943122	0.5
SHANK3|S395	180	1.0694387	0.5
SHANK3|S483	162	0.11418775	0.108772576
SHANK3|S782	186	0.7139268	0.4992671
SHANK3|S891	0	0.0	0.1
SHANK3|T1234	73	0.25999975	0.16751435
SHANK3|T1234_S1253	0	0.0	0.1
SHANK3|T913	0	0.0	0.1
SHARPIN|S143	0	0.0	0.1
SHARPIN|S146	0	0.0	0.1
SHARPIN|S165	194	1.2290115	0.5
SHARPIN|S312	0	0.0	0.1
SHB|S190	0	0.0	0.1
SHB|S211	0	0.0	0.1
SHB|S286_S289	0	0.0	0.1
SHB|S310	142	-0.28846502	-0.12794228
SHB|S388	174	0.70381635	0.4834454
SHC1|S139	186	0.69491035	0.48689976
SHC1|S454	0	0.0	0.1
SHC1|T324	0	0.0	0.1
SHC3|S474	57	-0.22152781	-0.016733028
SHCBP1|S42	0	0.0	0.1
SHE|S341	111	1.129717	0.5
SHE|S69	0	0.0	0.1
SHE|S85	192	1.564192	0.5
SHF|S135	0	0.0	0.1
SHKBP1|S144	0	0.0	0.1
SHROOM1|S133	0	0.0	0.1
SHROOM1|S188	88	0.8081716	0.43148455
SHROOM1|S224	111	0.71975577	0.42603266
SHROOM1|T103	0	0.0	0.1
SHROOM2|S1036	187	0.43353432	0.31732026
SHROOM2|S1036_S1039	0	0.0	0.1
SHROOM2|S1039	191	0.2949249	0.22794043
SHROOM2|S1173	156	1.5695145	0.5
SHROOM2|S1219	0	0.0	0.1
SHROOM2|S1425_S1427	0	0.0	0.1
SHROOM2|S313	5	0.08375163	0.099226266
SHROOM2|S422	146	0.79950076	0.5
SHROOM2|S764	172	1.0072439	0.5
SHROOM2|S779	183	0.77993566	0.5
SHROOM2|S851	70	1.0736307	0.5
SHROOM2|S897	56	0.024113381	0.07275865
SHROOM2|S974	186	1.0010942	0.5
SHROOM3|S1021	174	1.799836	0.5
SHROOM3|S1173	87	1.8095814	0.5
SHROOM3|S1221	191	0.3076834	0.23631455
SHROOM3|S1441	229	0.87399143	0.5
SHROOM3|S1497	134	0.7719712	0.48480406
SHROOM3|S242	0	0.0	0.1
SHROOM3|S285	186	0.68908674	0.48311237
SHROOM3|S439	0	0.0	0.1
SHROOM3|S439_S443	0	0.0	0.1
SHROOM3|S676	100	0.7966769	0.44833845
SHROOM3|S676_S677	0	0.0	0.1
SHROOM3|S677	167	1.1149602	0.5
SHROOM3|S910	216	0.6740644	0.49239844
SHROOM3|S910_S913	0	0.0	0.1
SHROOM3|T1205	0	0.0	0.1
SHROOM3|T576	103	0.12421616	0.11228702
SHROOM4|S100	0	0.0	0.1
SHROOM4|S1059	152	1.2632115	0.5
SHROOM4|S282	186	0.9729655	0.5
SHROOM4|S299	68	0.7777229	0.37431642
SHROOM4|S629	0	0.0	0.1
SHROOM4|S686	0	0.0	0.1
SHTN1|S101	0	0.0	0.1
SHTN1|S249	0	0.0	0.1
SHTN1|S467	111	1.0138204	0.5
SHTN1|S473	177	1.719755	0.5
SHTN1|S506	193	0.87821776	0.5
SHTN1|S534	45	0.28859988	0.158531
SHTN1|T537	104	0.92408866	0.5
SIDT2|S389	111	1.232422	0.5
SIGIRR|S383	202	1.2602619	0.5
SIGLEC10|S572	0	0.0	0.1
SIGLEC7|S406	220	1.9642061	0.5
SIGLEC7|S441	56	0.12056027	0.10738061
SIK2|S358	189	1.5946	0.5
SIK2|S379	61	-0.00062887167	0.061873533
SIK2|S576	162	1.7404202	0.5
SIK2|S587	186	1.2250305	0.5
SIK3|S1022	0	0.0	0.1
SIK3|S1026	0	0.0	0.1
SIK3|S551	44	0.47072554	0.21327725
SIK3|S591_S592	0	0.0	0.1
SIK3|S674	0	0.0	0.1
SIK3|S779	0	0.0	0.1
SIK3|S914	0	0.0	0.1
SIK3|S963	0	0.0	0.1
SIK3|T469	71	0.021856533	0.06755447
SIN3A|S10	181	0.5193475	0.3701135
SIN3A|S1112	207	0.4811315	0.35698444
SIN3A|S277	0	0.0	0.1
SIN3A|S277_T284	0	0.0	0.1
SIN3A|S399	0	0.0	0.1
SIN3A|S832	193	1.5355362	0.5
SIN3A|S860	186	0.8299893	0.5
SIN3A|S940	169	0.09228751	0.09515461
SIN3A|T284	0	0.0	0.1
SIN3B|S122	0	0.0	0.1
SIN3B|T262	75	0.70013	0.35719857
SIPA1L1|S1078	0	0.0	0.1
SIPA1L1|S1127	0	0.0	0.1
SIPA1L1|S1170	129	0.9241805	0.5
SIPA1L1|S1181	186	0.4398463	0.32101893
SIPA1L1|S1234	0	0.0	0.1
SIPA1L1|S1249	0	0.0	0.1
SIPA1L1|S1345	0	0.0	0.1
SIPA1L1|S1410_S1412	0	0.0	0.1
SIPA1L1|S1412	0	0.0	0.1
SIPA1L1|S1487	0	0.0	0.1
SIPA1L1|S1507	0	0.0	0.1
SIPA1L1|S1528	103	0.2994721	0.20120999
SIPA1L1|S1547	0	0.0	0.1
SIPA1L1|S1564	0	0.0	0.1
SIPA1L1|S1582	0	0.0	0.1
SIPA1L1|S1611	0	0.0	0.1
SIPA1L1|S162	171	0.83039767	0.5
SIPA1L1|S1626	0	0.0	0.1
SIPA1L1|S255	184	1.1496745	0.5
SIPA1L1|S288	184	0.78294915	0.5
SIPA1L1|S318	158	1.4429591	0.5
SIPA1L2|S1244	0	0.0	0.1
SIPA1L2|S1304	36	0.39132118	0.17711444
SIPA1L2|S1461	197	0.6331227	0.4536201
SIPA1L2|S1478	163	0.28468546	0.21446285
SIPA1L2|S148	164	0.86962366	0.5
SIPA1L2|S1488	186	1.2051985	0.5
SIPA1L2|S1499	146	0.4067267	0.28204104
SIPA1L2|S1549	134	-0.15291853	-0.044833694
SIPA1L2|S1650_S1652	0	0.0	0.1
SIPA1L2|S1652	216	0.9060256	0.5
SIPA1L2|S300	0	0.0	0.1
SIPA1L3|S100	186	1.2151786	0.5
SIPA1L3|S1135	53	1.0344417	0.4236955
SIPA1L3|S1233	0	0.0	0.1
SIPA1L3|S1254	182	0.72929597	0.5
SIPA1L3|S1364	172	0.9659679	0.5
SIPA1L3|S146	176	0.89160705	0.5
SIPA1L3|S1544	165	1.1422714	0.5
SIPA1L3|S158	0	0.0	0.1
SIPA1L3|S1619	0	0.0	0.1
SIPA1L3|S172	145	0.9780194	0.5
SIPA1L3|S317	144	0.17355914	0.14341195
SIPA1L3|S391	0	0.0	0.1
SIPA1|S304	0	0.0	0.1
SIPA1|S55	197	0.68704027	0.48938364
SIPA1|S67	186	0.73415196	0.5
SIPA1|S74	186	0.8050859	0.5
SIPA1|S817	48	0.7156249	0.2996621
SIRT1|S47	186	0.6258093	0.44195992
SIRT1|T719	121	0.74833316	0.45496976
SIRT2|S366	0	0.0	0.1
SIRT2|S368	172	0.60092133	0.41675907
SIRT2|S372	0	0.0	0.1
SIRT6|S276	0	0.0	0.1
SIRT6|S299	0	0.0	0.1
SIRT6|S303	170	1.2031115	0.5
SIRT6|T267	0	0.0	0.1
SIX4|S44	62	0.2747639	0.16688496
SKA3|S155	181	1.4757422	0.5
SKAP2|S283_S286	0	0.0	0.1
SKIV2L|S245	140	1.3862506	0.5
SKIV2L|S256	247	0.58866394	0.4478386
SKI|S383	0	0.0	0.1
SKI|S394	0	0.0	0.1
SKI|S480	0	0.0	0.1
SKP1|T131	206	1.7932701	0.5
SKP2|S64	165	0.48871383	0.34202936
SLAIN1|S261	0	0.0	0.1
SLAIN1|S320	0	0.0	0.1
SLAIN2|S147	99	1.4756764	0.5
SLAIN2|S234	0	0.0	0.1
SLAIN2|S349_S353_S357	0	0.0	0.1
SLAIN2|S377	0	0.0	0.1
SLAIN2|S391	0	0.0	0.1
SLAIN2|S413	186	1.6655233	0.5
SLAIN2|S433	180	1.2248551	0.5
SLAIN2|S48	219	0.9005986	0.5
SLAIN2|S63	202	0.85792816	0.5
SLBP|S147	0	0.0	0.1
SLBP|S20	186	0.7888402	0.5
SLBP|S20_S23	0	0.0	0.1
SLBP|S23	186	0.7780279	0.5
SLC11A2|S85	0	0.0	0.1
SLC12A2|S242	0	0.0	0.1
SLC12A2|S77	179	0.79750764	0.5
SLC12A2|T217	0	0.0	0.1
SLC12A4|S37	110	0.09734312	0.0986083
SLC12A4|S51	192	1.1657995	0.5
SLC12A6|S1013	0	0.0	0.1
SLC12A6|S1055	0	0.0	0.1
SLC12A6|S21	0	0.0	0.1
SLC12A6|S25	0	0.0	0.1
SLC12A6|S45	0	0.0	0.1
SLC12A7|S108	137	0.15164341	0.12985295
SLC12A7|S40	156	1.1565868	0.5
SLC12A7|S50	176	1.1550874	0.5
SLC12A7|S62	119	1.5285311	0.5
SLC12A7|S997	191	1.1677182	0.5
SLC12A7|T30	191	0.9397291	0.5
SLC12A7|T973	145	0.9181497	0.5
SLC12A8|T485	161	1.5265749	0.5
SLC16A1|S461	0	0.0	0.1
SLC16A1|S467	186	0.19493376	0.16174014
SLC16A1|S483	186	1.465041	0.5
SLC16A1|T466_S467	0	0.0	0.1
SLC16A3|S436	59	1.1618184	0.4940081
SLC1A3|S467	0	0.0	0.1
SLC1A5|S503	0	0.0	0.1
SLC20A2|S256	247	0.89410627	0.5
SLC20A2|S268	189	0.38274145	0.28490704
SLC20A2|S316	0	0.0	0.1
SLC20A2|S324	89	0.58871806	0.33013707
SLC25A46|T44_T45	0	0.0	0.1
SLC25A4|S42	0	0.0	0.1
SLC25A5|S42	100	0.6959038	0.3979519
SLC25A5|T84	0	0.0	0.1
SLC25A6|S42	0	0.0	0.1
SLC26A2|S12	168	0.80926514	0.5
SLC26A6|S731	0	0.0	0.1
SLC27A2|T524	0	0.0	0.1
SLC2A13|S6	161	1.0826888	0.5
SLC2A1|T234	60	0.43712905	0.2264234
SLC2A3|S475	0	0.0	0.1
SLC35A5|S394	161	1.7975789	0.5
SLC35B2|S422	0	0.0	0.1
SLC38A10|S802	191	0.7877054	0.5
SLC38A10|S965	155	1.9412237	0.5
SLC38A10|S997	186	0.77977246	0.5
SLC38A10|T772	0	0.0	0.1
SLC38A1|S52	186	0.71281606	0.49854472
SLC39A10|T536	134	1.574319	0.5
SLC39A11|S125	96	0.7849369	0.4354793
SLC39A7|S275_S276	12	-0.00022703318	0.08926139
SLC39A7|S276	186	0.55256474	0.39432535
SLC41A3|S13	41	1.0736444	0.38311645
SLC43A1|S267	186	1.3393958	0.5
SLC43A2|S274	228	0.89910567	0.5
SLC43A2|S297	142	2.2684956	0.5
SLC44A3|S639	169	0.17271313	0.14568223
SLC4A1AP|S312	191	1.4551545	0.5
SLC4A1AP|S466	157	1.4362423	0.5
SLC4A1AP|S712	0	0.0	0.1
SLC4A1AP|S82	155	0.6587468	0.43963042
SLC4A1AP|Y464	5	0.2513499	0.10720714
SLC4A1|S356	166	1.5350245	0.5
SLC4A4|S1026_S1029	0	0.0	0.1
SLC4A4|S1026_S1029_S1034	0	0.0	0.1
SLC4A4|S1029_S1034	0	0.0	0.1
SLC4A4|S1034	107	0.85333854	0.48940688
SLC4A4|S1069	191	0.8861719	0.5
SLC4A4|S12	10	0.47347793	0.13395254
SLC4A4|S223	129	2.1276484	0.5
SLC4A4|S245	186	0.1950992	0.16184774
SLC4A7|S242	161	0.67648107	0.4556071
SLC4A7|S251	0	0.0	0.1
SLC4A7|S267	0	0.0	0.1
SLC4A7|S292	0	0.0	0.1
SLC4A7|S93	0	0.0	0.1
SLC5A3|S559	0	0.0	0.1
SLC7A6OS|S16	180	1.2409178	0.5
SLC7A6OS|S168	0	0.0	0.1
SLC8A1|S392	32	0.3682092	0.16502042
SLC9A1|S599	74	0.98964953	0.47835672
SLC9A1|S599_S605	0	0.0	0.1
SLC9A1|S605	53	0.49697724	0.237515
SLC9A1|S693	238	1.2443683	0.5
SLC9A1|S703	247	1.1437498	0.5
SLC9A1|S726	15	0.07816771	0.09715231
SLC9A1|S785	230	1.2777933	0.5
SLC9A1|S796	61	0.677312	0.31873313
SLC9A3R1|S247	0	0.0	0.1
SLC9A3R1|S269	186	0.9899089	0.5
SLC9A3R1|S280	210	0.6432473	0.46800625
SLC9A3R1|S46	0	0.0	0.1
SLC9A3R2|S158	0	0.0	0.1
SLC9A3R2|S169	0	0.0	0.1
SLC9A3R2|S20	0	0.0	0.1
SLCO2B1|S298	0	0.0	0.1
SLCO2B1|T296	0	0.0	0.1
SLF2|S176	0	0.0	0.1
SLF2|S340	77	1.0269535	0.5
SLF2|S555	0	0.0	0.1
SLF2|S68	0	0.0	0.1
SLF2|S701_S710_T711	0	0.0	0.1
SLF2|S710_T711	0	0.0	0.1
SLIRP|S100	0	0.0	0.1
SLIRP|T99_S100	0	0.0	0.1
SLK|S189	0	0.0	0.1
SLK|S340_S341	0	0.0	0.1
SLK|S347	140	0.3131469	0.22433569
SLK|S347_S348	0	0.0	0.1
SLK|S348	151	1.2499231	0.5
SLK|S354	0	0.0	0.1
SLK|S518	162	1.6183072	0.5
SLK|S565	191	0.7392308	0.5
SLK|S565_S571	0	0.0	0.1
SLK|S571	193	0.5432408	0.39196408
SLK|S655	161	0.903763	0.5
SLK|S777	89	0.88952476	0.4717868
SLK|S779	172	1.4553571	0.5
SLK|S818	58	0.80752176	0.35972318
SLK|T1157	0	0.0	0.1
SLK|T569	152	0.40395483	0.28333786
SLK|T814	6	-0.016127473	0.09342675
SLMAP|S148	46	0.5766146	0.25016624
SLTM|S1002	189	0.54517317	0.39113402
SLTM|S1014	47	0.6079788	0.262415
SLTM|S126	0	0.0	0.1
SLTM|S144	186	0.7813534	0.5
SLTM|S170	0	0.0	0.1
SLTM|S289	247	0.52608824	0.40329623
SLTM|S543	51	0.26301944	0.15505955
SLTM|S553	234	0.46046832	0.35254368
SLTM|S909	183	0.83388877	0.5
SLTM|S93	0	0.0	0.1
SLTM|S93_S97	0	0.0	0.1
SLTM|S944	163	1.7941939	0.5
SLTM|T995	0	0.0	0.1
SLU7|S230	0	0.0	0.1
SLU7|S235	186	1.0942404	0.5
SLU7|S250	0	0.0	0.1
SLX4|S1028	57	0.26825416	0.1610859
SLX4|S1044	128	0.7231837	0.44985753
SLX4|S1469	180	0.91717416	0.5
SLX4|S467	0	0.0	0.1
SMAD1|S132	72	0.5171951	0.2746398
SMAD2|T172	0	0.0	0.1
SMAP2|S189	0	0.0	0.1
SMARCA1|S116	177	0.60716486	0.42407283
SMARCA1|S119	75	1.2258737	0.5
SMARCA2|S1377	224	0.70171803	0.5
SMARCA2|S1512_S1516	7	0.58517957	0.13174072
SMARCA2|S1568	161	0.8990116	0.5
SMARCA2|S1568_S1572	0	0.0	0.1
SMARCA2|S1572	186	1.2232072	0.5
SMARCA2|S172	129	0.8287143	0.5
SMARCA2|S329	53	-0.1232357	0.02266999
SMARCA2|S591	41	0.5097245	0.21913974
SMARCA2|S666	103	0.37765908	0.24088123
SMARCA4|S1387	0	0.0	0.1
SMARCA4|S1417	186	0.60290164	0.42706192
SMARCA4|S1422	47	0.05380078	0.08522882
SMARCA4|S1452	75	0.25535822	0.16658211
SMARCA4|S1597_S1601	0	0.0	0.1
SMARCA4|S1601	0	0.0	0.1
SMARCA4|S1627_S1631	0	0.0	0.1
SMARCA4|S610	37	0.43152708	0.18953651
SMARCA4|S613	5	0.57087517	0.12242263
SMARCA4|S695	174	0.8139024	0.5
SMARCA4|S695_S699	0	0.0	0.1
SMARCA4|S699	164	1.0701017	0.5
SMARCA5|S116	147	0.70162255	0.45805067
SMARCA5|S137	134	1.2247912	0.5
SMARCA5|S66	95	0.77406204	0.4283892
SMARCA5|S825	0	0.0	0.1
SMARCA5|T113	42	0.23495696	0.13991685
SMARCAD1|S124_S127	1	-0.0261392	0.0987511
SMARCAD1|S127	116	0.65305525	0.39701113
SMARCAD1|S127_S132	7	0.20622328	0.10694919
SMARCAD1|S146	0	0.0	0.1
SMARCAD1|S152	49	0.7693182	0.3201114
SMARCAD1|S239_S242	0	0.0	0.1
SMARCAD1|S57	178	1.4173996	0.5
SMARCAD1|S79	55	1.0075752	0.4220428
SMARCAD1|T54	186	1.2065684	0.5
SMARCAD1|T54_S57	0	0.0	0.1
SMARCAD1|T71	70	-0.36787438	-0.09265416
SMARCAL1|S112	41	-0.0704455	0.050437838
SMARCAL1|S129	0	0.0	0.1
SMARCC1|S310	186	0.78463143	0.5
SMARCC1|S328	181	1.2470211	0.5
SMARCC1|S328_S330	0	0.0	0.1
SMARCC1|S328_S330_T335	0	0.0	0.1
SMARCC1|S357	50	0.35615447	0.18538484
SMARCC1|S573	49	0.5123265	0.2355973
SMARCC1|S816	0	0.0	0.1
SMARCC1|S822	0	0.0	0.1
SMARCC1|T828	0	0.0	0.1
SMARCC2|S283	202	0.495411	0.3644802
SMARCC2|S283_S286	0	0.0	0.1
SMARCC2|S286	186	0.38475728	0.2851918
SMARCC2|S302	186	0.30123788	0.230875
SMARCC2|S302_S304	0	0.0	0.1
SMARCC2|S302_S304_S306	0	0.0	0.1
SMARCC2|S304	181	0.3065786	0.23306309
SMARCC2|S347	241	0.6633711	0.49815962
SMARCC2|S367	0	0.0	0.1
SMARCC2|S387	50	0.17714016	0.1257134
SMARCC2|S813	125	0.47739807	0.3096656
SMARCC2|S844	0	0.0	0.1
SMARCD2|T217	182	0.52790105	0.37616313
SMC3|S1065_S1067	0	0.0	0.1
SMC3|S1067	228	0.7042151	0.5
SMC3|S1074	186	1.0726389	0.5
SMC3|S1083	161	1.295662	0.5
SMC4|S22	75	0.20266199	0.143998
SMC4|S41	201	0.8058372	0.5
SMC5|S12	179	1.0278083	0.5
SMC5|S35	64	0.40948707	0.22077544
SMCHD1|S1709	64	1.4025533	0.5
SMCHD1|S1974	60	0.36175695	0.19815886
SMCR8|S417	178	1.2121456	0.5
SMCR8|S489	204	0.784682	0.5
SMCR8|S498	173	0.65417033	0.45117754
SMCR8|S643	164	1.3180557	0.5
SMCR8|S790	0	0.0	0.1
SMG1|S34	0	0.0	0.1
SMG1|S3556	179	0.7263555	0.5
SMG1|T3550	0	0.0	0.1
SMG1|T3550_S3556	0	0.0	0.1
SMG1|T3573	151	0.96826494	0.5
SMG6|S332	158	1.0024834	0.5
SMG6|S484	130	0.09414916	0.096693
SMG6|S831	82	0.3381328	0.20729062
SMG6|T479	0	0.0	0.1
SMG7|S739	0	0.0	0.1
SMG8|S656	0	0.0	0.1
SMG9|S25	0	0.0	0.1
SMG9|S32	186	0.7866988	0.5
SMG9|S53	155	0.96229655	0.5
SMG9|T64	0	0.0	0.1
SMN1|S180	0	0.0	0.1
SMN1|S28	93	0.48164654	0.28390223
SMN1|S28_S31	0	0.0	0.1
SMN1|S31	76	0.690733	0.35508928
SMN1|T25_S28_S31	0	0.0	0.1
SMPD3|S203	60	1.5571235	0.5
SMPD3|S209	147	0.8493878	0.5
SMPD4|S690	0	0.0	0.1
SMPD4|S96	0	0.0	0.1
SMTNL2|S134	70	1.0813442	0.5
SMTNL2|S344	75	0.9776613	0.47614056
SMTN|S355	0	0.0	0.1
SMTN|S411	0	0.0	0.1
SMTN|S568	0	0.0	0.1
SMTN|S661	0	0.0	0.1
SMTN|S819	0	0.0	0.1
SMTN|S864	0	0.0	0.1
SNAP23|S110	186	1.0844383	0.5
SNAP23|S161	182	1.214748	0.5
SNAP23|S20	175	0.12059765	0.1131076
SNAP29|S163	185	0.95826465	0.5
SNAPC4|S599	47	0.6334177	0.27054852
SNAPC4|S68	176	1.2503226	0.5
SNAPIN|S133	200	1.0314685	0.5
SNAPIN|Y129	0	0.0	0.1
SNCG|T44	0	0.0	0.1
SND1|S150	142	0.31723863	0.2274706
SND1|S426	194	0.6195906	0.44285908
SND1|S645	76	1.0512844	0.5
SND1|Y109	139	0.14769988	0.12774177
SNIP1|S128	186	0.4427097	0.32288116
SNIP1|S153	186	0.80570114	0.5
SNIP1|S159	186	0.42543253	0.31164494
SNIP1|S35	236	0.6639985	0.4961418
SNIP1|S52	186	0.5573618	0.39744508
SNIP1|S52_S54	0	0.0	0.1
SNIP1|S74_S76	0	0.0	0.1
SNIP1|S99	126	0.565358	0.35944736
SNRK|S351	200	0.48306945	0.35537964
SNRK|S362	8	0.16434075	0.10476598
SNRK|S390	0	0.0	0.1
SNRK|S482_S495	0	0.0	0.1
SNRK|S518	128	0.8169586	0.5
SNRK|S607	150	0.15707344	0.13424407
SNRK|S639	162	0.6195524	0.42124993
SNRNP200|S225	186	0.7138497	0.49921697
SNRNP70|S226	236	0.8814788	0.5
SNRNP70|S266_S268	0	0.0	0.1
SNRNP70|S320	70	0.68220806	0.33973274
SNRNP70|S410	186	1.2655972	0.5
SNRNP70|Y126	0	0.0	0.1
SNRPA1|S197	152	0.9224432	0.5
SNRPA|S115	146	1.3936535	0.5
SNRPA|T131	0	0.0	0.1
SNRPC|S17	68	1.4738619	0.5
SNRPD2|T12	194	0.42987427	0.31767213
SNTA1|S189	186	0.92847234	0.5
SNTA1|S189_S193	0	0.0	0.1
SNTA1|S200_S201	0	0.0	0.1
SNTB1|S205_S219	0	0.0	0.1
SNTB1|S219	241	0.55611074	0.42235392
SNTB1|S389	214	0.76454073	0.5
SNTB1|S87	203	0.6704171	0.4821606
SNTB1|T214	213	0.758142	0.5
SNTB1|T214_S219	6	0.41845378	0.11802569
SNTB2|S110	247	0.8461341	0.5
SNTB2|S129	148	1.6543075	0.5
SNTB2|S222	37	0.8419392	0.30037776
SNTB2|S222_S233	0	0.0	0.1
SNTB2|S224	0	0.0	0.1
SNTB2|S233	49	-0.025781397	0.058635652
SNTB2|S393	186	0.66985935	0.47060785
SNTB2|S395	129	1.735209	0.5
SNTB2|S95	242	0.6588928	0.49547386
SNTB2|S95_S110	0	0.0	0.1
SNU13|S118	0	0.0	0.1
SNU13|S122	160	0.50702834	0.35047898
SNW1|S224	194	0.34022444	0.25851545
SNW1|S224_S232	0	0.0	0.1
SNW1|S232	181	0.52198887	0.37181488
SNX12|S73	186	1.1972077	0.5
SNX14|S433	0	0.0	0.1
SNX14|S435	0	0.0	0.1
SNX15|S227	195	1.0188767	0.5
SNX15|T148	0	0.0	0.1
SNX17|S389	0	0.0	0.1
SNX17|S395	0	0.0	0.1
SNX17|S401	0	0.0	0.1
SNX18|S199	76	0.63325125	0.3302676
SNX1|S188	174	1.011821	0.5
SNX1|S280	164	1.3951311	0.5
SNX1|S368	0	0.0	0.1
SNX1|S72	0	0.0	0.1
SNX27|S26	156	0.24408157	0.1877997
SNX27|S51	211	1.6426284	0.5
SNX29|S268	157	1.3439927	0.5
SNX29|S291_S292	0	0.0	0.1
SNX29|S344	107	0.5217174	0.3179892
SNX29|S810	175	0.6493005	0.44955486
SNX2|S117	170	0.7756965	0.5
SNX2|S119	239	0.7848329	0.5
SNX2|S185	172	1.2459239	0.5
SNX2|S226	65	0.44205388	0.23474851
SNX2|S277	144	1.3956329	0.5
SNX2|S365	78	0.32153398	0.1970767
SNX2|T104	238	1.9233097	0.5
SNX30|S16	0	0.0	0.1
SNX30|S40	0	0.0	0.1
SNX30|S67	144	0.25691542	0.19260582
SNX33|S169	244	0.90292263	0.5
SNX33|S177	0	0.0	0.1
SNX3|S50	0	0.0	0.1
SNX4|S22	0	0.0	0.1
SNX5|S193	168	0.80037546	0.5
SNX6|S206	0	0.0	0.1
SNX6|S328	0	0.0	0.1
SNX9|S116	175	1.1583264	0.5
SNX9|S183	174	0.6796729	0.46811342
SOAT1|S16	65	1.0450207	0.4722809
SOCS6|S311	0	0.0	0.1
SOD1|S99	72	0.74919736	0.37175703
SOD3|S195	186	0.5882699	0.41754618
SOGA1|S1541	0	0.0	0.1
SOGA1|S1558	0	0.0	0.1
SOGA1|S175	0	0.0	0.1
SOGA1|S35	0	0.0	0.1
SON|S1026	186	0.5914204	0.41959512
SON|S1051	0	0.0	0.1
SON|S1076	180	0.59376806	0.41742232
SON|S142	115	0.6092446	0.37238663
SON|S152	182	0.60295194	0.42460018
SON|S154	103	1.3643124	0.5
SON|S1556	182	1.1170248	0.5
SON|S1697	241	1.2192845	0.5
SON|S1769	217	0.41126537	0.31307438
SON|S2009	186	1.1294937	0.5
SON|S2129	35	0.60824627	0.23176755
SON|S2238	0	0.0	0.1
SON|S2247	0	0.0	0.1
SON|S2357	157	0.29627767	0.21990503
SON|S283	188	0.5690028	0.4061546
SON|S94	177	1.3692833	0.5
SON|T1555	183	1.0205549	0.5
SON|T39	0	0.0	0.1
SON|T959	60	0.37566137	0.20337301
SORBS1|S173	0	0.0	0.1
SORBS1|S205	0	0.0	0.1
SORBS1|S210	0	0.0	0.1
SORBS1|S233	0	0.0	0.1
SORBS1|S242	6	0.053371616	0.097360656
SORBS1|S257	0	0.0	0.1
SORBS1|S326	189	1.3354698	0.5
SORBS1|S350	213	0.26620585	0.21310493
SORBS1|S357	0	0.0	0.1
SORBS1|S380	0	0.0	0.1
SORBS1|S412	0	0.0	0.1
SORBS1|S431	0	0.0	0.1
SORBS1|S437	0	0.0	0.1
SORBS1|S441	0	0.0	0.1
SORBS1|S444	0	0.0	0.1
SORBS1|S451	0	0.0	0.1
SORBS1|S460	0	0.0	0.1
SORBS1|S465	234	1.6024512	0.5
SORBS1|S478	0	0.0	0.1
SORBS1|S481	43	0.17963496	0.123946175
SORBS1|S516	0	0.0	0.1
SORBS1|S526	0	0.0	0.1
SORBS1|S531	0	0.0	0.1
SORBS1|S535	0	0.0	0.1
SORBS1|S57	0	0.0	0.1
SORBS1|S588	0	0.0	0.1
SORBS1|S635	0	0.0	0.1
SORBS1|S665	191	0.58266807	0.41680276
SORBS1|S89	186	0.52412987	0.37583274
SORBS1|T382	0	0.0	0.1
SORBS1|T476	0	0.0	0.1
SORBS1|T713	0	0.0	0.1
SORBS2|S13	0	0.0	0.1
SORBS2|S134	0	0.0	0.1
SORBS2|S163	0	0.0	0.1
SORBS2|S198	0	0.0	0.1
SORBS2|S271	0	0.0	0.1
SORBS2|S27_S28	0	0.0	0.1
SORBS2|S28	0	0.0	0.1
SORBS2|S40	0	0.0	0.1
SORBS2|S417	0	0.0	0.1
SORBS2|S468	0	0.0	0.1
SORBS2|S471	0	0.0	0.1
SORBS2|S572_S574	0	0.0	0.1
SORBS2|S574	0	0.0	0.1
SORBS2|S58	162	0.8297416	0.5
SORBS2|S645	0	0.0	0.1
SORBS2|S680	0	0.0	0.1
SORBS3|S13	0	0.0	0.1
SORBS3|S348	222	0.631948	0.46674675
SORBS3|S368	172	0.2587402	0.20037983
SORBS3|S373	186	0.4773246	0.34539294
SORBS3|S395	156	0.23473907	0.18210661
SORBS3|S530	186	1.1304705	0.5
SORBS3|S544	200	0.17014664	0.14676443
SORBS3|S544_S545	0	0.0	0.1
SORBS3|S563	2	0.8293822	0.114301614
SORBS3|S606	0	0.0	0.1
SORD|S206	111	0.42104208	0.26888943
SORT1|S814	46	-0.25716946	-0.012532838
SOS1|S1078_S1082	0	0.0	0.1
SOS1|S1082	203	0.37417132	0.28368574
SOS1|S1134	191	1.5456101	0.5
SOS1|S1161	170	0.5790825	0.40164453
SOS1|S1178	67	0.038595293	0.075364575
SOS1|S1210	184	0.5929902	0.41940212
SOS1|S1275	0	0.0	0.1
SOS1|S401	174	1.0994817	0.5
SOS2|S1035	0	0.0	0.1
SOS2|S1315	62	0.61061186	0.29541937
SOWAHB|S106	105	-0.3551768	-0.13313934
SOWAHB|S166	102	0.56518704	0.33489645
SOWAHB|S271	178	0.45792332	0.32917392
SOWAHC|S213	187	1.6686012	0.5
SOWAHC|S513	72	1.1870699	0.5
SOX10|S45	0	0.0	0.1
SOX13|S310	154	0.33573744	0.24292742
SOX13|S324	58	0.0059805056	0.06548651
SOX13|S83	169	1.0930678	0.5
SOX5|S11	0	0.0	0.1
SOX5|S128	0	0.0	0.1
SOX5|S360	0	0.0	0.1
SOX5|S429	0	0.0	0.1
SOX5|T121	0	0.0	0.1
SOX6|S126	0	0.0	0.1
SOX6|S139	0	0.0	0.1
SOX6|S479	0	0.0	0.1
SOX9|S199	69	0.58872217	0.29953745
SP100|S157	241	0.6157584	0.4645096
SP100|S171	224	0.95561373	0.5
SP100|S18	173	0.73405904	0.5
SP100|S180	180	0.27832308	0.21463627
SP100|S274	0	0.0	0.1
SP100|S362	186	0.8965301	0.5
SP100|S407_S409_S410	0	0.0	0.1
SP100|S409_S410	12	-0.12129614	0.0762897
SP100|S410	186	0.5494419	0.39229438
SP100|S476	181	0.9390638	0.5
SP110|S244	199	0.51855385	0.3785693
SP110|S250	0	0.0	0.1
SP110|S256	186	1.5084127	0.5
SP110|S262	0	0.0	0.1
SP110|S380	204	0.93795896	0.5
SP110|S386	0	0.0	0.1
SP140L|S155	0	0.0	0.1
SP140|S277	186	2.5705292	0.5
SP140|S291	175	2.408908	0.5
SP1|T42	0	0.0	0.1
SP2|S78	0	0.0	0.1
SP2|T55	0	0.0	0.1
SP3|S563	0	0.0	0.1
SP3|S73	170	0.72339594	0.49250856
SP3|T115	0	0.0	0.1
SP4|S29	0	0.0	0.1
SPAG1|S347	48	1.258723	0.47580206
SPAG1|S418	52	1.0294654	0.417975
SPAG1|S423	0	0.0	0.1
SPAG7|S114	163	0.54132813	0.37352276
SPAG7|S158	0	0.0	0.1
SPAG7|S202	168	0.94214714	0.5
SPAG9|S109	0	0.0	0.1
SPAG9|S1188	125	0.7857699	0.4809833
SPAG9|S1238	52	0.5367252	0.24940601
SPAG9|S1262	0	0.0	0.1
SPAG9|S183	0	0.0	0.1
SPAG9|S203	0	0.0	0.1
SPAG9|S203_T217	0	0.0	0.1
SPAG9|S251	203	1.0690317	0.5
SPAG9|S265	0	0.0	0.1
SPAG9|S265_S268	0	0.0	0.1
SPAG9|S318	0	0.0	0.1
SPAG9|S332	223	1.1414421	0.5
SPAG9|S493	160	0.46970204	0.32750896
SPAG9|S705	177	1.8101206	0.5
SPAG9|S730	210	0.5248423	0.3877964
SPAG9|S733	213	0.905331	0.5
SPAG9|S813	0	0.0	0.1
SPAG9|T217	50	1.3332133	0.5
SPAG9|T226	211	1.4019115	0.5
SPAG9|T292	0	0.0	0.1
SPAG9|T348	0	0.0	0.1
SPAG9|T586	0	0.0	0.1
SPARCL1|S151	0	0.0	0.1
SPARCL1|S198	75	0.76557827	0.38524783
SPARCL1|S272	0	0.0	0.1
SPARCL1|S295	150	1.0254184	0.5
SPARCL1|S414	141	0.22683333	0.1742054
SPARCL1|S59	72	0.13882278	0.116251394
SPARCL1|S76_S80	0	0.0	0.1
SPARCL1|S80	171	1.020412	0.5
SPARCL1|S80_S84	0	0.0	0.1
SPARCL1|S84	182	0.5832416	0.41187936
SPARCL1|S92	186	0.7102438	0.4968719
SPART|S524	0	0.0	0.1
SPATA13|S254	0	0.0	0.1
SPATA13|S739	0	0.0	0.1
SPATA18|S101	73	1.2150766	0.5
SPATA18|S202	156	1.1570394	0.5
SPATA18|S244	0	0.0	0.1
SPATA18|S274	69	1.8256123	0.5
SPATA18|S507	137	1.1550219	0.5
SPATA18|S507_S509	0	0.0	0.1
SPATA2L|S217	146	0.69499713	0.45312834
SPATA2L|S252	0	0.0	0.1
SPATA2L|S317	151	0.9087843	0.5
SPATA2|S253	175	0.7467591	0.5
SPATA6|S219	0	0.0	0.1
SPATA6|S265	42	0.51221395	0.22192243
SPATA6|S343	0	0.0	0.1
SPATA6|S354	67	1.1208255	0.5
SPATS2L|S135	0	0.0	0.1
SPATS2L|S159	164	1.0693752	0.5
SPATS2L|S338	176	1.1389306	0.5
SPATS2L|S455	98	1.3663425	0.5
SPATS2L|S526	0	0.0	0.1
SPATS2L|S531	99	1.2233651	0.5
SPATS2|S47	0	0.0	0.1
SPDL1|S555	186	1.118177	0.5
SPECC1L|S171	186	1.2445126	0.5
SPECC1L|S220	223	0.6121269	0.45357364
SPECC1L|S384	186	1.436273	0.5
SPECC1L|S384_S385	0	0.0	0.1
SPECC1L|S868	108	1.5755854	0.5
SPECC1L|S881	144	0.5212808	0.34862477
SPECC1L|S922	0	0.0	0.1
SPECC1|S120	0	0.0	0.1
SPECC1|S131	0	0.0	0.1
SPECC1|S241	52	0.61863536	0.2774279
SPECC1|S55	171	0.8808019	0.5
SPECC1|S847	77	0.7644385	0.38904953
SPECC1|S863	0	0.0	0.1
SPECC1|S914	59	0.78360474	0.35366467
SPECC1|T78	0	0.0	0.1
SPEG|S1172	50	0.0689367	0.08964557
SPEG|S2037	39	1.3128577	0.44029823
SPEG|S2410	0	0.0	0.1
SPEG|S2458	0	0.0	0.1
SPEG|S313	0	0.0	0.1
SPEG|S390	0	0.0	0.1
SPEG|S419	0	0.0	0.1
SPEG|S453	71	0.39273852	0.2215464
SPEG|S488	45	0.72502077	0.29397196
SPEG|T2844	0	0.0	0.1
SPEG|T449_S453	0	0.0	0.1
SPEN|S1006	192	0.6194804	0.44157612
SPEN|S1062	178	0.8859824	0.5
SPEN|S1222	0	0.0	0.1
SPEN|S1252	171	1.1259843	0.5
SPEN|S1268	186	0.373551	0.2779038
SPEN|S1268_S1278	0	0.0	0.1
SPEN|S1278	186	1.0963855	0.5
SPEN|S1287	0	0.0	0.1
SPEN|S1380	140	0.5772887	0.3784184
SPEN|S1380_S1382	0	0.0	0.1
SPEN|S1918	64	0.7440554	0.35133868
SPEN|S2101	173	0.9400913	0.5
SPEN|S2120	181	0.51417834	0.3667839
SPEN|S2126	61	0.886828	0.39811495
SPEN|S2159	0	0.0	0.1
SPEN|S2493	48	0.5228231	0.2371318
SPEN|S623	192	1.8458368	0.5
SPEN|S725	175	0.35510167	0.26233742
SPEN|S725_S727	0	0.0	0.1
SPEN|S727	214	0.6702924	0.48867065
SPEN|S736	186	0.56467336	0.4022002
SPEN|S736_S740	0	0.0	0.1
SPEN|S749	182	0.5759423	0.40716845
SPEN|S847	186	0.94882816	0.5
SPEN|T1619	162	0.88373065	0.5
SPEN|T1619_S1622	0	0.0	0.1
SPEN|T2460	0	0.0	0.1
SPHK2|S328	0	0.0	0.1
SPHK2|S355	0	0.0	0.1
SPICE1|S477	0	0.0	0.1
SPICE1|S640	186	0.64612687	0.45517343
SPICE1|S760	72	0.403911	0.22721855
SPICE1|S760_S764	0	0.0	0.1
SPICE1|S764	39	-0.18934558	0.01881671
SPICE1|S800	42	0.43134677	0.19800398
SPICE1|T235	192	0.67689955	0.4793312
SPIDR|S15	77	0.40407643	0.23228183
SPIN1|S124	164	0.5621533	0.3870952
SPIN1|S199	179	0.60167646	0.42186412
SPINDOC|S148_S152	0	0.0	0.1
SPINDOC|S248_S251	0	0.0	0.1
SPINDOC|S251	71	0.7504059	0.37005156
SPINDOC|S308	187	0.9108769	0.5
SPINDOC|T49	0	0.0	0.1
SPIRE1|S267	0	0.0	0.1
SPIRE1|S330_S331	0	0.0	0.1
SPIRE1|S330_S331_S333	0	0.0	0.1
SPN|S351	129	0.31183693	0.21933173
SPN|S351_S355	0	0.0	0.1
SPN|S355	247	1.358677	0.5
SPN|S363	64	0.37486666	0.20726503
SPN|S368	183	1.5379151	0.5
SPN|T341	73	0.6781519	0.34396008
SPOCK2|S72	0	0.0	0.1
SPP1|S191	130	2.3448646	0.5
SPP1|S195	158	3.3016934	0.5
SPP1|S215	0	0.0	0.1
SPP1|S215_S219	0	0.0	0.1
SPP1|S219	182	2.438469	0.5
SPP1|S234	186	1.4572223	0.5
SPP1|S254	182	2.2834613	0.5
SPP1|S254_S258	0	0.0	0.1
SPP1|S254_S263	0	0.0	0.1
SPP1|S258	150	3.397354	0.5
SPP1|S263	174	2.665033	0.5
SPP1|S275_S280	0	0.0	0.1
SPP1|S62_S63	0	0.0	0.1
SPP1|S63	157	2.8956974	0.5
SPP1|T190	51	2.0734832	0.5
SPP2|S96	179	1.2607371	0.5
SPRED1|S238	136	-0.0014407998	0.04154259
SPRED2|S203	0	0.0	0.1
SPRR1A|T11	0	0.0	0.1
SPRR1B|T11	0	0.0	0.1
SPRR2D|S38	0	0.0	0.1
SPRR2D|S60	0	0.0	0.1
SPRY4|S125	160	0.12865134	0.1176316
SPRY4|S280	42	1.7696927	0.5
SPR|S103	81	0.41199145	0.23962048
SPR|S145	101	0.30928332	0.20516226
SPTA1|S1284	160	1.0139241	0.5
SPTA1|S2269	128	2.1369343	0.5
SPTA1|S261	39	0.2612726	0.14524916
SPTA1|S510	59	0.37383065	0.20161012
SPTA1|S992	0	0.0	0.1
SPTAN1|S1031	231	1.0700161	0.5
SPTAN1|S1075	0	0.0	0.1
SPTAN1|S1197	0	0.0	0.1
SPTAN1|S1211	0	0.0	0.1
SPTAN1|S1217	247	0.906092	0.5
SPTAN1|S1231	163	0.27605602	0.20911457
SPTAN1|S1271	0	0.0	0.1
SPTAN1|S1282	0	0.0	0.1
SPTAN1|S1286	0	0.0	0.1
SPTAN1|S1291	184	0.895659	0.5
SPTAN1|S1302	68	0.34017822	0.19721499
SPTAN1|S1303	0	0.0	0.1
SPTAN1|S1306	188	1.2799321	0.5
SPTAN1|S1318	0	0.0	0.1
SPTAN1|S1322	186	0.9402349	0.5
SPTAN1|S1323	186	1.1923364	0.5
SPTAN1|S1338	172	0.52550465	0.36906913
SPTAN1|S1413	0	0.0	0.1
SPTAN1|S1456	0	0.0	0.1
SPTAN1|S1459	0	0.0	0.1
SPTAN1|S1476	0	0.0	0.1
SPTAN1|S1479	0	0.0	0.1
SPTAN1|S1530	0	0.0	0.1
SPTAN1|S1550	109	0.40218532	0.25759906
SPTAN1|S1615	164	0.8571451	0.5
SPTAN1|S2046	0	0.0	0.1
SPTAN1|S2051	0	0.0	0.1
SPTAN1|S2066	173	0.65022403	0.44867676
SPTAN1|S2071	0	0.0	0.1
SPTAN1|S572	67	0.3338304	0.19381219
SPTAN1|T2005	0	0.0	0.1
SPTAN1|T2020	0	0.0	0.1
SPTBN1|S1044	0	0.0	0.1
SPTBN1|S1224	0	0.0	0.1
SPTBN1|S1375	0	0.0	0.1
SPTBN1|S1388	174	2.782422	0.5
SPTBN1|S14	0	0.0	0.1
SPTBN1|S1434	0	0.0	0.1
SPTBN1|S2035	0	0.0	0.1
SPTBN1|S2089	0	0.0	0.1
SPTBN1|S2102	247	0.83498317	0.5
SPTBN1|S2115	145	0.41659296	0.28737134
SPTBN1|S2115_S2125	0	0.0	0.1
SPTBN1|S2125	0	0.0	0.1
SPTBN1|S2128	186	0.2578689	0.20266998
SPTBN1|S2128_S2138	0	0.0	0.1
SPTBN1|S2138	186	0.72794306	0.5
SPTBN1|S2156	0	0.0	0.1
SPTBN1|S2171	0	0.0	0.1
SPTBN1|S2328	0	0.0	0.1
SPTBN1|S2341	208	0.9592447	0.5
SPTBN1|S2345	0	0.0	0.1
SPTBN1|S244	0	0.0	0.1
SPTBN1|S257	157	1.0033848	0.5
SPTBN1|S320	0	0.0	0.1
SPTBN1|S433	0	0.0	0.1
SPTBN1|S678	0	0.0	0.1
SPTBN1|S812	0	0.0	0.1
SPTBN1|T1449	0	0.0	0.1
SPTBN1|T2182	0	0.0	0.1
SPTBN1|T2315	0	0.0	0.1
SPTBN1|T2328	173	0.89360327	0.5
SPTBN2|S2171	111	0.4184274	0.26751393
SPTBN2|S2254	164	1.615832	0.5
SPTBN2|S2359	87	0.12038632	0.10948454
SPTBN2|T2354	20	0.23585969	0.122643284
SPTBN4|S2236	38	1.3384942	0.44103464
SPTBN4|S2254	66	3.917096	0.5
SPTBN4|S2272	0	0.0	0.1
SPTB|S1226	145	1.4849993	0.5
SPTB|S2114	210	1.6080831	0.5
SPTB|S2299	0	0.0	0.1
SPTB|S36	183	0.9474421	0.5
SQOR|S343	66	-0.62302345	-0.18746716
SQOR|T342	181	1.3073345	0.5
SQSTM1|S152	111	1.2942474	0.5
SQSTM1|S207	0	0.0	0.1
SQSTM1|S24	185	1.0307145	0.5
SQSTM1|S272	241	0.9860348	0.5
SQSTM1|S28	111	0.9351314	0.5
SQSTM1|S328_S332	0	0.0	0.1
SQSTM1|S332	150	1.6888561	0.5
SQSTM1|S361_S365	0	0.0	0.1
SQSTM1|S365_S366	0	0.0	0.1
SQSTM1|T269	242	0.82653534	0.5
SQSTM1|T269_S272	18	0.32888874	0.13491523
SRCAP|S1859	186	0.58996797	0.4186505
SRCAP|S1862	0	0.0	0.1
SRCAP|S1882	0	0.0	0.1
SRCAP|S2430	150	0.7132605	0.4679563
SRCAP|S258	59	0.78100026	0.35269824
SRCAP|S2725	146	1.2456963	0.5
SRCAP|S274	158	0.79854167	0.5
SRCAP|S2869	186	0.76451015	0.5
SRCAP|S3016	75	0.47218457	0.2595077
SRCAP|S3126	0	0.0	0.1
SRCAP|S3148	127	0.61022407	0.38545576
SRCAP|S562_S568	0	0.0	0.1
SRCAP|S562_S568_T572	0	0.0	0.1
SRCAP|T572	6	-0.09048208	0.089218
SRCIN1|S1003	0	0.0	0.1
SRCIN1|S45	0	0.0	0.1
SRCIN1|S513	0	0.0	0.1
SRCIN1|S844	54	0.2956702	0.16861165
SRCIN1|S866	0	0.0	0.1
SRCIN1|S987	75	0.7674192	0.3860368
SRC|S17	186	0.21699987	0.17609084
SRC|S75	129	0.70874584	0.44291797
SRC|Y419	18	1.3348681	0.28836972
SREBF2|S469	0	0.0	0.1
SRFBP1|S203	69	0.37664568	0.21295002
SRFBP1|S264	156	0.48580196	0.33509806
SRF|S224	186	0.6794629	0.47685352
SRGAP1|S906	192	0.6105427	0.4356993
SRGAP1|S917	164	0.7560145	0.5
SRGAP1|S932	61	0.90990734	0.4068593
SRGAP2|S1012	0	0.0	0.1
SRGAP2|S206	89	0.8720409	0.46355367
SRGAP2|S993	0	0.0	0.1
SRGAP3|S413	0	0.0	0.1
SRGAP3|S834	0	0.0	0.1
SRGAP3|S850	0	0.0	0.1
SRGAP3|S924	0	0.0	0.1
SRGAP3|S930	0	0.0	0.1
SRI|S172	183	1.347117	0.5
SRP54|S451	111	1.1214058	0.5
SRP68|S16	130	0.020428436	0.05502477
SRP68|S27	91	0.42642215	0.25552052
SRP72|T510	0	0.0	0.1
SRP9|S34	155	2.4513054	0.5
SRPK1|S309_S311	0	0.0	0.1
SRPK1|S311	197	0.3550077	0.26914653
SRPK1|S51	176	1.6860318	0.5
SRPK2|S380	40	0.7697461	0.29135606
SRPK2|S494	195	1.0720905	0.5
SRPRA|S268_S269_S270	0	0.0	0.1
SRRM1|S207_S209	0	0.0	0.1
SRRM1|S207_S209_S211	0	0.0	0.1
SRRM1|S209_S211	0	0.0	0.1
SRRM1|S234	6	0.18935834	0.10505802
SRRM1|S260	187	0.61857665	0.4378879
SRRM1|S292	186	0.9792492	0.5
SRRM1|S389	186	0.73563176	0.5
SRRM1|S389_S391	0	0.0	0.1
SRRM1|S389_S391_S393	5	0.11796661	0.10085555
SRRM1|S389_S393	35	-0.20791715	0.020169627
SRRM1|S402	169	0.46616542	0.33004448
SRRM1|S402_T406	0	0.0	0.1
SRRM1|S414	186	0.51773715	0.37167522
SRRM1|S414_T416	0	0.0	0.1
SRRM1|S429	186	0.44697988	0.32565826
SRRM1|S429_S431	7	0.134697	0.102269895
SRRM1|S448	0	0.0	0.1
SRRM1|S448_S450	0	0.0	0.1
SRRM1|S450	186	0.6403465	0.4514142
SRRM1|S450_S452	0	0.0	0.1
SRRM1|S461	0	0.0	0.1
SRRM1|S461_S463	0	0.0	0.1
SRRM1|S463	200	0.6782054	0.48547027
SRRM1|S463_S465	0	0.0	0.1
SRRM1|S465	186	0.5468558	0.39061254
SRRM1|S476	0	0.0	0.1
SRRM1|S478	158	0.65436345	0.4394939
SRRM1|S550	0	0.0	0.1
SRRM1|S561	0	0.0	0.1
SRRM1|S561_S563	0	0.0	0.1
SRRM1|S563	0	0.0	0.1
SRRM1|S563_S565	0	0.0	0.1
SRRM1|S572	0	0.0	0.1
SRRM1|S572_S574	0	0.0	0.1
SRRM1|S574	0	0.0	0.1
SRRM1|S574_S576	0	0.0	0.1
SRRM1|S609	0	0.0	0.1
SRRM1|S611	0	0.0	0.1
SRRM1|S628	186	0.9093971	0.5
SRRM1|S630	0	0.0	0.1
SRRM1|S638	186	0.90010035	0.5
SRRM1|S638_S640	0	0.0	0.1
SRRM1|S640	0	0.0	0.1
SRRM1|S640_S642	0	0.0	0.1
SRRM1|S648_S650	0	0.0	0.1
SRRM1|S650	0	0.0	0.1
SRRM1|S650_S652	0	0.0	0.1
SRRM1|S652	0	0.0	0.1
SRRM1|S665	186	0.15731435	0.13727437
SRRM1|S665_S667	0	0.0	0.1
SRRM1|S667	0	0.0	0.1
SRRM1|S667_S669	0	0.0	0.1
SRRM1|S687	0	0.0	0.1
SRRM1|S689	0	0.0	0.1
SRRM1|S695	159	0.36046183	0.2598974
SRRM1|S695_S697	0	0.0	0.1
SRRM1|S697_S699	0	0.0	0.1
SRRM1|S708	0	0.0	0.1
SRRM1|S710	0	0.0	0.1
SRRM1|S725	80	0.70739365	0.36995274
SRRM1|S725_S727	0	0.0	0.1
SRRM1|S727	0	0.0	0.1
SRRM1|S737_T739	0	0.0	0.1
SRRM1|S739_T741	0	0.0	0.1
SRRM1|S750	0	0.0	0.1
SRRM1|S750_S752	0	0.0	0.1
SRRM1|S750_S752_S755	0	0.0	0.1
SRRM1|S750_S755	0	0.0	0.1
SRRM1|S752	186	1.0227859	0.5
SRRM1|S752_S754	0	0.0	0.1
SRRM1|S752_S754_S757	0	0.0	0.1
SRRM1|S752_S757	0	0.0	0.1
SRRM1|S754	181	1.4678674	0.5
SRRM1|S764	0	0.0	0.1
SRRM1|S764_S766_S768	0	0.0	0.1
SRRM1|S766	0	0.0	0.1
SRRM1|S766_S768_S770	0	0.0	0.1
SRRM1|S768	0	0.0	0.1
SRRM1|S770	0	0.0	0.1
SRRM1|S803_T805_S809	0	0.0	0.1
SRRM1|S805_T807_S811	0	0.0	0.1
SRRM1|S886	0	0.0	0.1
SRRM1|S888	0	0.0	0.1
SRRM1|T220	247	0.66336733	0.5
SRRM1|T584_T586	0	0.0	0.1
SRRM1|T586	0	0.0	0.1
SRRM1|T586_T588	0	0.0	0.1
SRRM1|T593	0	0.0	0.1
SRRM1|T593_S595	0	0.0	0.1
SRRM1|T595	0	0.0	0.1
SRRM1|T595_S597	0	0.0	0.1
SRRM1|T626	0	0.0	0.1
SRRM1|T626_S628	0	0.0	0.1
SRRM1|T628_S630	0	0.0	0.1
SRRM1|T884_S886	0	0.0	0.1
SRRM1|T886_S888	0	0.0	0.1
SRRM2|S1012	0	0.0	0.1
SRRM2|S1014	183	1.0815959	0.5
SRRM2|S1064	203	0.45760193	0.3395815
SRRM2|S1083	246	1.2343783	0.5
SRRM2|S1103	241	0.7561861	0.5
SRRM2|S1112	186	0.6647156	0.4672626
SRRM2|S1122	165	0.7542625	0.5
SRRM2|S1124	247	1.1883159	0.5
SRRM2|S1132	192	0.8811477	0.5
SRRM2|S1152	170	0.92231417	0.5
SRRM2|S1179	247	0.65577644	0.4956103
SRRM2|S1188	0	0.0	0.1
SRRM2|S1219	247	0.7461822	0.5
SRRM2|S1318_S1320	0	0.0	0.1
SRRM2|S1320	247	0.47779682	0.36892164
SRRM2|S1320_S1326	0	0.0	0.1
SRRM2|S1326	158	0.28144956	0.21112028
SRRM2|S1329	241	0.8537681	0.5
SRRM2|S1368	0	0.0	0.1
SRRM2|S1387	209	0.58390486	0.42730135
SRRM2|S1401_S1404	0	0.0	0.1
SRRM2|S1404	241	0.67290777	0.5
SRRM2|S1419	186	0.52812785	0.3784328
SRRM2|S1419_S1421	0	0.0	0.1
SRRM2|S1421	203	0.44255248	0.32949886
SRRM2|S1424	186	1.0179623	0.5
SRRM2|S1441	186	0.71344835	0.49895594
SRRM2|S1463	193	1.1476408	0.5
SRRM2|S1478	186	1.2077335	0.5
SRRM2|S1497_S1499	0	0.0	0.1
SRRM2|S1499	186	1.0094488	0.5
SRRM2|S1517	186	0.9788619	0.5
SRRM2|S1517_S1519	0	0.0	0.1
SRRM2|S1519	183	1.1472354	0.5
SRRM2|S1579_S1581_S1582	0	0.0	0.1
SRRM2|S1596_S1598	0	0.0	0.1
SRRM2|S1600_S1601	5	0.33005142	0.110954836
SRRM2|S1601	223	0.9892586	0.5
SRRM2|S1616_S1618	0	0.0	0.1
SRRM2|S1694	186	0.5410477	0.38683522
SRRM2|S1727_S1729	0	0.0	0.1
SRRM2|S1762_S1764	0	0.0	0.1
SRRM2|S1818	186	1.0483676	0.5
SRRM2|S1822_S1824	0	0.0	0.1
SRRM2|S1842_T1844	0	0.0	0.1
SRRM2|S1854_S1857	0	0.0	0.1
SRRM2|S1854_T1856_S1857	0	0.0	0.1
SRRM2|S1857	229	0.7208208	0.5
SRRM2|S1864_S1866_S1869	0	0.0	0.1
SRRM2|S1866_S1869	0	0.0	0.1
SRRM2|S1869	186	0.94600534	0.5
SRRM2|S1876_S1878	0	0.0	0.1
SRRM2|S1878_T1880	0	0.0	0.1
SRRM2|S1923_S1925	0	0.0	0.1
SRRM2|S1925	179	0.7079558	0.4900505
SRRM2|S1925_T1927	0	0.0	0.1
SRRM2|S1946_S1948	0	0.0	0.1
SRRM2|S1948	0	0.0	0.1
SRRM2|S1948_T1950	0	0.0	0.1
SRRM2|S1958_S1960	0	0.0	0.1
SRRM2|S1960	0	0.0	0.1
SRRM2|S1960_T1962	0	0.0	0.1
SRRM2|S1984_T1986_S1987	0	0.0	0.1
SRRM2|S1996_T1998_S1999	0	0.0	0.1
SRRM2|S2008_T2010_S2011	0	0.0	0.1
SRRM2|S2018_S2020_T2022	0	0.0	0.1
SRRM2|S2020_T2022	0	0.0	0.1
SRRM2|S2030_S2032	0	0.0	0.1
SRRM2|S2032	186	0.8682148	0.5
SRRM2|S2032_T2034	0	0.0	0.1
SRRM2|S2044_S2046	0	0.0	0.1
SRRM2|S2067_T2069_S2071	0	0.0	0.1
SRRM2|S2090_T2092	0	0.0	0.1
SRRM2|S2100_S2102_T2104	0	0.0	0.1
SRRM2|S2132	217	1.0242198	0.5
SRRM2|S2272	247	0.81765574	0.5
SRRM2|S2314	0	0.0	0.1
SRRM2|S2343	0	0.0	0.1
SRRM2|S2382	234	0.63851917	0.47728586
SRRM2|S2398	196	0.7512382	0.5
SRRM2|S2407_T2409	0	0.0	0.1
SRRM2|S2426	199	0.8574315	0.5
SRRM2|S2449	241	0.75094175	0.5
SRRM2|S250	186	1.1474408	0.5
SRRM2|S2581	247	0.7534915	0.5
SRRM2|S2675_S2677	0	0.0	0.1
SRRM2|S2690	196	-0.038615074	0.008214343
SRRM2|S2692	217	0.6341309	0.46563533
SRRM2|S2694	241	1.5159628	0.5
SRRM2|S2702	186	0.26349515	0.20632902
SRRM2|S2702_S2706	0	0.0	0.1
SRRM2|S2727_S2729	12	0.6287748	0.15665445
SRRM2|S295_S297	0	0.0	0.1
SRRM2|S295_S300	0	0.0	0.1
SRRM2|S297	186	0.7585898	0.5
SRRM2|S333	234	0.86123383	0.5
SRRM2|S351	191	0.83104384	0.5
SRRM2|S353	192	0.7040767	0.4972011
SRRM2|S404	170	0.381221	0.27706507
SRRM2|S404_S408	0	0.0	0.1
SRRM2|S424	169	0.3278634	0.2431558
SRRM2|S435_S436_S437	0	0.0	0.1
SRRM2|S436_S437_S440	0	0.0	0.1
SRRM2|S440	58	0.69443417	0.31821
SRRM2|S472_S474	0	0.0	0.1
SRRM2|S484_S486	12	0.23509948	0.114474945
SRRM2|S508_S510	0	0.0	0.1
SRRM2|S534_S536	0	0.0	0.1
SRRM2|S536	186	0.6411954	0.45196626
SRRM2|S743_S745_S746	0	0.0	0.1
SRRM2|S778	186	0.8714756	0.5
SRRM2|S778_S780	0	0.0	0.1
SRRM2|S778_S780_S782	0	0.0	0.1
SRRM2|S780	186	1.2295604	0.5
SRRM2|S783	186	1.1974549	0.5
SRRM2|S857	192	0.62081075	0.44245088
SRRM2|S864	174	0.5157634	0.3640249
SRRM2|S871_S875_S876	0	0.0	0.1
SRRM2|S875_S876	0	0.0	0.1
SRRM2|S876	186	1.5893941	0.5
SRRM2|S950_S952_S954	0	0.0	0.1
SRRM2|S952_S954	0	0.0	0.1
SRRM2|S954	186	0.85337263	0.5
SRRM2|S974	205	1.0741237	0.5
SRRM2|S994	224	1.3742782	0.5
SRRM2|T1003	247	0.7511916	0.5
SRRM2|T1003_S1012	0	0.0	0.1
SRRM2|T1003_S1014	0	0.0	0.1
SRRM2|T1177	87	-0.037722893	0.035925712
SRRM2|T1208	247	0.80588603	0.5
SRRM2|T1413	200	0.62860686	0.4524046
SRRM2|T1413_S1415	0	0.0	0.1
SRRM2|T1434	247	0.59409624	0.4517054
SRRM2|T1472	240	0.9915578	0.5
SRRM2|T1492	242	0.87260485	0.5
SRRM2|T1511	0	0.0	0.1
SRRM2|T1531	247	0.8823176	0.5
SRRM2|T1880	108	1.2786156	0.5
SRRM2|T1927	147	1.1231071	0.5
SRRM2|T1950	0	0.0	0.1
SRRM2|T1962	0	0.0	0.1
SRRM2|T2034	164	0.89860857	0.5
SRRM2|T2104	203	0.9685214	0.5
SRRM2|T2289	226	0.73230946	0.5
SRRM2|T2316	68	1.0083898	0.46768162
SRRM2|T2397	198	0.9407621	0.5
SRRM2|T2409	247	0.7708456	0.5
SRRM2|T2738_S2740	0	0.0	0.1
SRRM2|T367	125	0.6912499	0.4284722
SRRM2|T848	41	0.24577469	0.14238837
SRRM2|T866	241	0.70087254	0.5
SRRM2|T983	243	0.6214463	0.46942112
SRRT|S136	48	0.76107556	0.31440288
SRRT|S26	186	0.82392204	0.5
SRRT|S492	0	0.0	0.1
SRRT|S67	191	0.5650117	0.40521386
SRRT|S67_S74	0	0.0	0.1
SRRT|S74	247	0.8249712	0.5
SRRT|T543	0	0.0	0.1
SRSF10|S129_S131_S133	7	-0.034412473	0.09120666
SRSF10|S131_S133	30	0.33251947	0.15365835
SRSF10|S133	216	0.6686216	0.48867804
SRSF10|S147	37	-0.21815602	0.014074653
SRSF10|S155_S157_S159	0	0.0	0.1
SRSF10|S156_S158	0	0.0	0.1
SRSF10|S156_S158_S160	0	0.0	0.1
SRSF10|S158	186	0.61783785	0.43677568
SRSF10|S158_S160	0	0.0	0.1
SRSF10|S160	186	1.2883257	0.5
SRSF10|S23	182	0.2748497	0.21284628
SRSF10|S249_S251_S253	0	0.0	0.1
SRSF11|S207	167	0.5805461	0.40056628
SRSF11|S463	0	0.0	0.1
SRSF11|S471	0	0.0	0.1
SRSF12|S223	67	0.7785916	0.3722493
SRSF1|S199	247	0.7081847	0.5
SRSF1|S234_S238	0	0.0	0.1
SRSF2|S187_S189_S191	0	0.0	0.1
SRSF2|S189_S191	0	0.0	0.1
SRSF2|S191	216	1.0504346	0.5
SRSF2|S98	0	0.0	0.1
SRSF3|S108	186	0.5271268	0.37778178
SRSF3|S5	180	1.081113	0.5
SRSF3|S95	71	0.2971016	0.1818375
SRSF4|S116	182	2.1817663	0.5
SRSF4|S179	186	0.48180965	0.3483098
SRSF4|S269	181	0.8763464	0.5
SRSF4|S431	186	0.8519117	0.5
SRSF4|S78	186	0.46515328	0.33747733
SRSF5|S120	155	1.2005807	0.5
SRSF5|S227_S229_S231	0	0.0	0.1
SRSF5|S229_S231_S233	0	0.0	0.1
SRSF5|S248_S250	0	0.0	0.1
SRSF5|S250	186	0.8723187	0.5
SRSF5|S250_S253	0	0.0	0.1
SRSF5|S86	0	0.0	0.1
SRSF6|S122	0	0.0	0.1
SRSF6|S265	186	1.3128611	0.5
SRSF6|S303	247	0.92294306	0.5
SRSF6|S314	191	0.6723656	0.4756764
SRSF6|S314_S316	0	0.0	0.1
SRSF6|S316	240	0.9663514	0.5
SRSF6|S45	182	1.0817933	0.5
SRSF9|S195_S197_S199	0	0.0	0.1
SRSF9|S197_S199	0	0.0	0.1
SRSF9|S204	209	0.6663607	0.48307243
SRSF9|S211	213	0.4654382	0.3486848
SRSF9|S211_S216	0	0.0	0.1
SRSF9|S211_Y214	0	0.0	0.1
SRSF9|S216	186	0.81967974	0.5
SSBP3|S320	0	0.0	0.1
SSBP3|T333	0	0.0	0.1
SSB|S366	211	0.9021626	0.5
SSB|S94	0	0.0	0.1
SSB|T389	0	0.0	0.1
SSH1|S1042	0	0.0	0.1
SSH1|S515	135	0.35080627	0.24408019
SSH1|S583	196	1.3554183	0.5
SSH1|S834	0	0.0	0.1
SSH1|S889	95	1.0815051	0.5
SSH1|S897	118	1.2567326	0.5
SSH2|S487	126	0.6940548	0.43119866
SSH2|S784	53	0.17933728	0.12748286
SSH2|T870	0	0.0	0.1
SSH3|S37	206	0.5851104	0.42657763
SSH3|S484	24	0.18195777	0.1158628
SSH3|S602	98	0.6798456	0.38699427
SSH3|S649	182	-0.52874064	-0.30578297
SSH3|S9	239	0.33650318	0.26673824
SSH3|T17	0	0.0	0.1
SSH3|T79	50	0.28878918	0.16292974
SSR1|S254	61	1.0507659	0.46022806
SSR1|S268	174	1.1593387	0.5
SSR1|T260	74	0.93631345	0.45567355
SSR3|S105	228	0.8855508	0.5
SSR3|S11	217	0.5327223	0.39621684
SSRP1|S444	80	0.87808883	0.44581726
SSRP1|S657	211	1.0475144	0.5
SSRP1|S659	204	1.4506778	0.5
SSRP1|Y441	11	-0.12268284	0.07793233
SSSCA1|S41	0	0.0	0.1
SSX2IP|S312	194	1.0249567	0.5
SSX2IP|S540	145	1.1951457	0.5
ST13|S156	145	1.9204361	0.5
ST13|S75_S76	0	0.0	0.1
ST13|S75_S76_S79	0	0.0	0.1
ST13|S76_S79	0	0.0	0.1
ST13|S79	186	1.1238792	0.5
ST5|S105	86	2.295189	0.5
ST5|S182	0	0.0	0.1
ST5|S357	0	0.0	0.1
ST5|S48	111	0.11415189	0.10744483
ST5|S515	0	0.0	0.1
ST5|S622	111	0.64831	0.38844743
ST5|S673	0	0.0	0.1
ST5|Y501	0	0.0	0.1
STAC2|S48	0	0.0	0.1
STAC2|S78	0	0.0	0.1
STAG1|S1062	186	0.5148597	0.36980388
STAG1|S1065	186	0.4434634	0.32337132
STAG1|S1093	154	0.9458787	0.5
STAG1|T1108	0	0.0	0.1
STAG2|S1061	193	0.7308612	0.5
STAG2|S1198	0	0.0	0.1
STAG2|T1056	0	0.0	0.1
STAG2|T1112	218	1.1696496	0.5
STAM|S124	0	0.0	0.1
STARD13|S125	0	0.0	0.1
STARD13|S146	0	0.0	0.1
STARD13|S163	0	0.0	0.1
STARD13|S306	0	0.0	0.1
STARD13|S403	0	0.0	0.1
STARD13|S441	0	0.0	0.1
STARD13|S564	0	0.0	0.1
STARD3NL|S193	226	0.45026475	0.34282157
STARD3NL|S214	39	0.4661202	0.20272438
STARD3NL|S214_S218	0	0.0	0.1
STARD3NL|S218	131	1.6125889	0.5
STARD3NL|S27	0	0.0	0.1
STAT1|S162	0	0.0	0.1
STAT1|S532	183	0.4961318	0.3561559
STAT1|S640	0	0.0	0.1
STAT1|S727	241	0.7902653	0.5
STAT2|T800	0	0.0	0.1
STAT3|S726	0	0.0	0.1
STAT3|S727	172	0.69029224	0.47327304
STAT3|T714	0	0.0	0.1
STAT3|T714_S727	0	0.0	0.1
STAT3|T716	0	0.0	0.1
STAT3|Y705	171	1.2501881	0.5
STAT5A|S193	154	0.44290525	0.3079032
STAT5A|S780	186	1.3122121	0.5
STAT5A|Y694	0	0.0	0.1
STAT5B|S193	167	0.8492727	0.5
STAT5B|Y699	0	0.0	0.1
STAU1|S315	0	0.0	0.1
STAU1|S95	0	0.0	0.1
STAU2|S188	53	0.34968466	0.18649209
STAU2|S416	69	0.5911434	0.30052602
STAU2|S440	176	1.6082686	0.5
STAU2|S455	134	0.6112486	0.39276633
STAU2|S492	109	0.75694585	0.44261768
STBD1|S145	156	1.2168734	0.5
STBD1|S175	181	1.2765781	0.5
STBD1|S188	111	1.4315329	0.5
STEAP3|T477	0	0.0	0.1
STIM1|S257	247	0.76360714	0.5
STIM1|S512	206	1.8323089	0.5
STIM1|S673	0	0.0	0.1
STIM1|S681	0	0.0	0.1
STIM1|S714	0	0.0	0.1
STIM1|S766	0	0.0	0.1
STIM2|S261	122	1.2428063	0.5
STIM2|S346	168	1.830289	0.5
STIM2|S526	0	0.0	0.1
STIM2|S531	0	0.0	0.1
STIM2|S547	0	0.0	0.1
STIM2|S611	0	0.0	0.1
STIM2|S617	0	0.0	0.1
STIM2|S629	0	0.0	0.1
STIM2|S634	0	0.0	0.1
STIM2|S669	0	0.0	0.1
STIM2|S727	0	0.0	0.1
STIP1|S481	183	1.714249	0.5
STIP1|S528	0	0.0	0.1
STIP1|S63	0	0.0	0.1
STK10|S13	57	1.9000199	0.5
STK10|S20	186	0.9069616	0.5
STK10|S417	178	0.91223544	0.5
STK10|S438	227	0.6312189	0.46876663
STK10|S444	0	0.0	0.1
STK10|S454	149	1.0291127	0.5
STK10|S514	183	1.0410901	0.5
STK10|S951	0	0.0	0.1
STK10|T952	174	1.1197065	0.5
STK11IP|S387	75	0.10929392	0.10398312
STK11IP|S482	75	0.7667637	0.38575587
STK11IP|S599	49	0.13432641	0.11128856
STK11IP|S761	71	0.41353664	0.23018187
STK11IP|S773	37	0.17172256	0.11937033
STK17A|S28	0	0.0	0.1
STK25|S278	0	0.0	0.1
STK32C|S10	75	-0.69195634	-0.23940986
STK32C|S10_S18	0	0.0	0.1
STK32C|S18	155	1.0974568	0.5
STK33|S441	61	1.1463169	0.4964306
STK38L|S454	57	0.99638766	0.4254401
STK39|S370_S371	0	0.0	0.1
STK39|S385	183	1.0991396	0.5
STK39|T354	180	0.6913836	0.48017517
STK3|S344	0	0.0	0.1
STK3|S43	0	0.0	0.1
STK3|S434	0	0.0	0.1
STK4|S320	67	0.86019176	0.4049871
STK4|S410	0	0.0	0.1
STK4|S414	5	-0.5558951	0.0687669
STK4|S438	58	1.553378	0.5
STMN1|S16	186	0.52016556	0.37325454
STMN1|S16_S25	0	0.0	0.1
STMN1|S25	201	1.627166	0.5
STMN1|S31	0	0.0	0.1
STMN1|S38	236	1.0311966	0.5
STMN1|S46	186	1.5347211	0.5
STMN1|S63	186	0.84511733	0.5
STOML2|T282	0	0.0	0.1
STOML2|T327	241	0.71350557	0.5
STOM|S10	186	0.66608065	0.46815038
STOM|T7_S10	0	0.0	0.1
STON2|S302	0	0.0	0.1
STON2|S342	97	0.06055135	0.08057605
STON2|S746	0	0.0	0.1
STON2|S762	72	0.7730571	0.38174483
STRAP|S312	0	0.0	0.1
STRIP1|S335	247	0.49639437	0.38215965
STRIP1|S390	61	-0.39802223	-0.08869166
STRIP1|S788	0	0.0	0.1
STRIP2|S354	181	1.1340525	0.5
STRN3|S202	182	0.6313859	0.4429512
STRN3|S214	0	0.0	0.1
STRN3|S229	186	0.97669464	0.5
STRN4|S206	186	0.7762425	0.5
STRN4|S276	0	0.0	0.1
STRN4|S342	43	0.72246736	0.2871755
STRN|S245	189	1.0584526	0.5
STRN|S259	58	0.20015037	0.13676406
STRN|T143	0	0.0	0.1
STT3B|S21	90	0.41064212	0.24714628
STT3B|S29	184	1.0617132	0.5
STT3B|S498	186	0.92225355	0.5
STT3B|S498_S499	0	0.0	0.1
STUB1|S19	247	0.65816677	0.49731177
STUB1|S19_S23	0	0.0	0.1
STUB1|S23	151	0.28226066	0.20964685
STUB1|S25	7	0.05075071	0.09677809
STUB1|S273	55	-0.3670415	-0.0657244
STX10|S108	0	0.0	0.1
STX12|S142	198	1.2626404	0.5
STX16|S41	240	1.2838309	0.5
STX17|S289	183	1.1775731	0.5
STX1A|S14	160	4.2504807	0.5
STX4|S117	186	0.8326885	0.5
STX4|S14_S15	0	0.0	0.1
STX4|S36	77	0.6994613	0.3607826
STX4|Y115	0	0.0	0.1
STX6|S51	0	0.0	0.1
STX7|S129	245	1.2755177	0.5
STX7|S131	199	1.244485	0.5
STX7|S205	0	0.0	0.1
STX7|S45	117	0.88674426	0.5
STX7|T41	0	0.0	0.1
STX7|T79	217	0.6064982	0.44671956
STXBP4|S10	0	0.0	0.1
STXBP5|S1058	0	0.0	0.1
STXBP5|S1131	148	0.9582883	0.5
STXBP5|S692	174	0.9501476	0.5
STXBP5|S759	0	0.0	0.1
STXBP5|S782	212	0.7809789	0.5
STXBP5|S785	186	0.6171468	0.43632627
SUB1|S104	0	0.0	0.1
SUB1|S118	186	0.39458883	0.29158574
SUB1|S15	167	1.615478	0.5
SUB1|S15_S17	0	0.0	0.1
SUB1|S17	182	1.1833284	0.5
SUB1|S17_S19	0	0.0	0.1
SUB1|S19	186	1.4769887	0.5
SUCLA2|S279	122	0.16258927	0.1343959
SUCO|S710	0	0.0	0.1
SUCO|S732	0	0.0	0.1
SUDS3|S45	186	0.8959581	0.5
SUDS3|S45_T49	0	0.0	0.1
SUDS3|S45_T49_S53	0	0.0	0.1
SUFU|S346	148	0.6889203	0.45145246
SUGP1|S409	199	1.4364597	0.5
SUGP1|S409_S411	0	0.0	0.1
SUGP1|S411	194	0.72048193	0.5
SUGP2|S224	0	0.0	0.1
SUGP2|S277	147	0.7102444	0.4631819
SUGP2|S315	173	0.7564303	0.5
SUGP2|S887	71	0.71424764	0.35503846
SUGT1|T265	221	1.3736334	0.5
SUN1|S138	156	1.153647	0.5
SUN1|S48	177	1.3623447	0.5
SUN2|S30	46	0.086544536	0.095760606
SUPT16H|S1023	191	1.0042747	0.5
SUPT16H|S650	182	0.49463317	0.35469234
SUPT16H|S979_S982	0	0.0	0.1
SUPT16H|S979_S982_S986	0	0.0	0.1
SUPT16H|S982	181	1.4912586	0.5
SUPT16H|S982_S986	0	0.0	0.1
SUPT20H|S296	0	0.0	0.1
SUPT20H|S492	60	-0.4695951	-0.11359817
SUPT20H|T494	57	0.44381264	0.2248237
SUPT5H|S32_S36	0	0.0	0.1
SUPT5H|S666	225	0.8192599	0.5
SUPT5H|T791	0	0.0	0.1
SUPT5H|T806	0	0.0	0.1
SUPT6H|S125	186	1.193413	0.5
SUPT6H|S73_S75_S78	0	0.0	0.1
SUPT6H|T1523	139	0.6541803	0.42230567
SUPT7L|S108	53	1.1366171	0.45908958
SUPT7L|S334	0	0.0	0.1
SURF2|T190	131	1.1906971	0.5
SURF2|T195	35	0.517273	0.20818189
SURF6|S138	247	0.5653102	0.431215
SUSD5|S105	165	0.8385199	0.5
SUZ12|S523	0	0.0	0.1
SUZ12|S560	0	0.0	0.1
SVIL|S1322	191	1.3023542	0.5
SVIL|S221	235	0.10257386	0.10180554
SVIL|S245	247	0.43177795	0.3361647
SVIL|S261_S270	0	0.0	0.1
SVIL|S263_S270	0	0.0	0.1
SVIL|S270	186	0.40333238	0.29727212
SVIL|S313	0	0.0	0.1
SVIL|S479	0	0.0	0.1
SVIL|S494	0	0.0	0.1
SVIL|S50	190	0.95167994	0.5
SVIL|S535	0	0.0	0.1
SVIL|S644	166	1.1668081	0.5
SVIL|S707	211	1.4261609	0.5
SVIL|S888	0	0.0	0.1
SVIL|S896	0	0.0	0.1
SVIL|S961	137	0.96491355	0.5
SVIL|T657	72	0.7913334	0.38939536
SYAP1|S313	160	1.1528112	0.5
SYAP1|T248	136	0.64016277	0.41128024
SYDE1|S614_S616	0	0.0	0.1
SYDE2|S104	152	0.45982817	0.31703922
SYDE2|S1082	171	0.89116913	0.5
SYDE2|S622	74	0.76775825	0.38398916
SYMPK|S1243	218	1.1121641	0.5
SYMPK|S1259	198	1.0239747	0.5
SYMPK|S494	123	0.44612888	0.29091412
SYMPK|T1257_S1259	0	0.0	0.1
SYN1|S427	0	0.0	0.1
SYN1|S605	39	0.1603659	0.1169372
SYN1|S67	0	0.0	0.1
SYN2|S425	0	0.0	0.1
SYNCRIP|S159	0	0.0	0.1
SYNCRIP|S249	0	0.0	0.1
SYNC|S26	47	1.6763608	0.5
SYNC|S325	191	1.134445	0.5
SYNE1|S5872	0	0.0	0.1
SYNE1|S6104	0	0.0	0.1
SYNE1|S6263	0	0.0	0.1
SYNE1|S6305	0	0.0	0.1
SYNE1|S8152	0	0.0	0.1
SYNE1|S8234	0	0.0	0.1
SYNE1|S8261	0	0.0	0.1
SYNE1|T8312	0	0.0	0.1
SYNE2|S166	67	1.0552956	0.4832623
SYNE2|S2030	0	0.0	0.1
SYNE2|S2420	141	1.4542115	0.5
SYNE2|S2781	241	0.45857945	0.3534242
SYNE2|S2781_S2784	0	0.0	0.1
SYNE2|S3145	61	-0.3270796	-0.061812766
SYNE2|S4108	206	1.3947676	0.5
SYNE2|S4136	129	-0.07716465	0.00019982457
SYNE2|S4139	75	0.12720062	0.11165741
SYNE2|S6349	121	1.7844346	0.5
SYNE2|S6361	186	1.4001169	0.5
SYNE2|S841	68	-0.66056526	-0.20784785
SYNJ1|S1374	0	0.0	0.1
SYNJ1|S1518	0	0.0	0.1
SYNJ1|S825	0	0.0	0.1
SYNJ1|T1173	0	0.0	0.1
SYNJ2|S954	0	0.0	0.1
SYNM|S1038	41	0.34546554	0.1713765
SYNM|S1044	176	0.5222998	0.36929265
SYNM|S1044_S1049	0	0.0	0.1
SYNM|S1049	192	0.5241465	0.37889084
SYNM|S1107	55	0.14154822	0.11474291
SYNM|S1132	48	0.49676332	0.22868
SYNM|S1181	0	0.0	0.1
SYNM|S1217	0	0.0	0.1
SYNM|S1241	0	0.0	0.1
SYNM|S1312	0	0.0	0.1
SYNM|S1504	0	0.0	0.1
SYNM|S1540	0	0.0	0.1
SYNM|S384	177	0.92098534	0.5
SYNM|S584	63	0.90270114	0.41024646
SYNM|S653	189	1.1032068	0.5
SYNM|S777	78	0.6218023	0.32865492
SYNM|S913	59	0.7017748	0.3233001
SYNM|T598	79	1.4676274	0.5
SYNPO2|S1030	0	0.0	0.1
SYNPO2|S1048	0	0.0	0.1
SYNPO2|S1061	0	0.0	0.1
SYNPO2|S1079	0	0.0	0.1
SYNPO2|S1107	0	0.0	0.1
SYNPO2|S1195	0	0.0	0.1
SYNPO2|S1195_S1199	0	0.0	0.1
SYNPO2|S1199	0	0.0	0.1
SYNPO2|S1208	0	0.0	0.1
SYNPO2|S124	0	0.0	0.1
SYNPO2|S181	0	0.0	0.1
SYNPO2|S195	0	0.0	0.1
SYNPO2|S212	0	0.0	0.1
SYNPO2|S226	203	1.8212484	0.5
SYNPO2|S243	0	0.0	0.1
SYNPO2|S274	63	0.79118	0.36714318
SYNPO2|S488	0	0.0	0.1
SYNPO2|S519	0	0.0	0.1
SYNPO2|S573	0	0.0	0.1
SYNPO2|S592	0	0.0	0.1
SYNPO2|S623	46	1.064307	0.40382275
SYNPO2|S644	0	0.0	0.1
SYNPO2|S674	0	0.0	0.1
SYNPO2|S675	53	0.96181595	0.39853755
SYNPO2|S681	0	0.0	0.1
SYNPO2|S698	0	0.0	0.1
SYNPO2|S705	75	0.9617868	0.4693372
SYNPO2|S712	0	0.0	0.1
SYNPO2|S729	183	2.2074068	0.5
SYNPO2|S871	0	0.0	0.1
SYNPO2|S871_S875	0	0.0	0.1
SYNPO2|S875	0	0.0	0.1
SYNPO2|S899	0	0.0	0.1
SYNPO2|S902	216	1.5267364	0.5
SYNPO2|S902_S906	0	0.0	0.1
SYNPO2|S906	161	1.5149374	0.5
SYNPO2|S930	44	0.8664513	0.33419347
SYNPO2|S967	0	0.0	0.1
SYNPO2|S998	0	0.0	0.1
SYNPO2|T595	0	0.0	0.1
SYNPO2|T626	81	0.99196005	0.49916446
SYNPO2|T724	0	0.0	0.1
SYNPO2|T755	0	0.0	0.1
SYNPO2|T790	0	0.0	0.1
SYNPO2|Y591	0	0.0	0.1
SYNPO2|Y622	0	0.0	0.1
SYNPO|S1028	0	0.0	0.1
SYNPO|S1048	0	0.0	0.1
SYNPO|S1048_S1056	0	0.0	0.1
SYNPO|S1056	0	0.0	0.1
SYNPO|S1070	0	0.0	0.1
SYNPO|S1070_S1084	0	0.0	0.1
SYNPO|S1084	0	0.0	0.1
SYNPO|S1105	0	0.0	0.1
SYNPO|S1115	0	0.0	0.1
SYNPO|S263	231	0.9164669	0.5
SYNPO|S289	186	1.2430851	0.5
SYNPO|S501	0	0.0	0.1
SYNPO|S525	186	0.7219373	0.5
SYNPO|S580	192	0.9771189	0.5
SYNPO|S685	186	1.1122924	0.5
SYNPO|S754	186	1.266825	0.5
SYNPO|S754_S758	0	0.0	0.1
SYNPO|S779_T783	0	0.0	0.1
SYNPO|S814	0	0.0	0.1
SYNPO|S819	0	0.0	0.1
SYNPO|S833	73	1.1525505	0.5
SYNPO|S854	183	0.4893143	0.3517474
SYNPO|S882	75	0.02075893	0.06603955
SYNPO|S909	182	1.277761	0.5
SYNPO|T461	240	1.2586555	0.5
SYNPO|T879	0	0.0	0.1
SYNPO|Y885	6	0.0038226293	0.094556
SYNRG|S1009	0	0.0	0.1
SYNRG|S1075	235	1.1070474	0.5
SYNRG|S1087	171	1.3877159	0.5
SYNRG|S674	0	0.0	0.1
SYNRG|S720	5	0.0024337585	0.09535399
SYNRG|S734	0	0.0	0.1
SYNRG|S752	226	0.9737262	0.5
SYNRG|S752_S756	0	0.0	0.1
SYNRG|S812	178	0.4870622	0.3478312
SYNRG|S812_S817	0	0.0	0.1
SYNRG|S841	0	0.0	0.1
SYNRG|S919	0	0.0	0.1
SYNRG|T1022	0	0.0	0.1
SYT7|S52	119	0.31240478	0.21541631
SYTL1|S216	44	0.11920668	0.105868705
SYTL1|S301	0	0.0	0.1
SYTL1|S392	68	0.36153728	0.20586033
SYTL2|S301	0	0.0	0.1
SYTL2|S344	4	-0.003869974	0.096005
SYTL2|S488	0	0.0	0.1
SYTL2|S511	156	0.5610119	0.38092914
SYTL2|S562	53	0.36535874	0.19192165
SYTL2|S571	0	0.0	0.1
SYTL3|S185	0	0.0	0.1
SYTL3|S203	126	0.8973069	0.5
SYTL3|S231	160	1.6435312	0.5
SYTL3|S243	0	0.0	0.1
SYTL3|T157	0	0.0	0.1
SYTL4|S201_S204	0	0.0	0.1
SYTL4|S221	0	0.0	0.1
SYTL4|S274	76	0.71172905	0.36415574
SYTL4|S296	52	0.6652047	0.29335952
SYTL4|S55	168	0.43338975	0.3089906
SYTL5|S147	149	0.32532874	0.23483527
SZRD1|S107	186	0.16080183	0.13954245
SZRD1|S37_S39	0	0.0	0.1
SZRD1|S39	0	0.0	0.1
SZT2|S1152	0	0.0	0.1
SZT2|S1594	0	0.0	0.1
SZT2|S1660	0	0.0	0.1
SZT2|S1768	0	0.0	0.1
SZT2|S2079	0	0.0	0.1
SZT2|S2902	0	0.0	0.1
SZT2|T2377	0	0.0	0.1
TAB1|S378	6	-0.021811944	0.09310499
TAB2|S372	0	0.0	0.1
TAB2|S524	0	0.0	0.1
TAB3|S126	0	0.0	0.1
TAB3|S385	0	0.0	0.1
TACC1|S119	0	0.0	0.1
TACC1|S147	0	0.0	0.1
TACC1|S163	0	0.0	0.1
TACC1|S169	0	0.0	0.1
TACC1|S190	0	0.0	0.1
TACC1|S234	0	0.0	0.1
TACC1|S60	0	0.0	0.1
TACC1|S682	0	0.0	0.1
TACC2|S1287	0	0.0	0.1
TACC2|S1562	178	1.4842259	0.5
TACC2|S2181	0	0.0	0.1
TACC2|S2226	235	0.7701854	0.5
TACC2|S2246	0	0.0	0.1
TACC2|S2276	0	0.0	0.1
TACC2|S2317	234	0.8727446	0.5
TACC2|S473	156	2.5531075	0.5
TACC2|S493	0	0.0	0.1
TACC2|S712	7	0.37263933	0.11783622
TACC2|S749	66	0.38555396	0.2135335
TACC2|S769	0	0.0	0.1
TACC2|S962	168	1.4253602	0.5
TACC3|S317	183	0.9489128	0.5
TACC3|S434	186	0.7254199	0.5
TACC3|S71	62	1.3959135	0.5
TACC3|T228	0	0.0	0.1
TADA3|S280	0	0.0	0.1
TADA3|S338	0	0.0	0.1
TAF12|S51	186	0.5377034	0.38466027
TAF12|T43_S51	0	0.0	0.1
TAF15|S177	0	0.0	0.1
TAF15|S94	0	0.0	0.1
TAF1|T1703	0	0.0	0.1
TAF3|S183	230	0.38166294	0.2963105
TAF3|S243	0	0.0	0.1
TAF3|S297	186	0.82854193	0.5
TAF3|S667	0	0.0	0.1
TAF3|S755	73	0.85865384	0.42012563
TAF3|T339	141	0.29533273	0.21428181
TAF3|T364	133	0.4499045	0.29973087
TAF4|S543	0	0.0	0.1
TAF6L|S501	152	0.3202459	0.23284674
TAF6|S569	0	0.0	0.1
TAF6|S690	0	0.0	0.1
TAF6|S690_T697	0	0.0	0.1
TAF7|S159	56	-0.036236964	0.051094428
TAF7|S171	158	1.2475749	0.5
TAF7|S200	129	0.27068686	0.19615112
TAF7|S201	185	0.39708966	0.2928477
TAF7|S213	152	0.8237582	0.5
TAF7|S264	182	0.7594703	0.5
TAGAP|S400	115	1.3576581	0.5
TAGAP|S490	0	0.0	0.1
TAGAP|S59	0	0.0	0.1
TAGAP|S68	66	0.23372118	0.15316625
TAGAP|S714	0	0.0	0.1
TAGLN2|S163	247	0.95353097	0.5
TAGLN2|S185	213	0.79518557	0.5
TAGLN|S166	211	1.516123	0.5
TAGLN|S181	187	0.8310101	0.5
TAGLN|S186	147	1.0089161	0.5
TAGLN|S85	0	0.0	0.1
TAGLN|Y193	0	0.0	0.1
TALDO1|S237	241	1.2504649	0.5
TANC1|S1496	0	0.0	0.1
TANC1|S207	0	0.0	0.1
TANC1|S214	0	0.0	0.1
TANC1|S270	176	0.5889363	0.41178548
TANC1|S313	61	0.66257346	0.31314895
TANC1|S67	122	1.0851038	0.5
TANC1|S85	0	0.0	0.1
TANC1|T680	0	0.0	0.1
TANC2|S1530	174	0.2652418	0.20493457
TANC2|S1530_S1534	0	0.0	0.1
TANC2|S1545	188	0.5701678	0.40691507
TANC2|S1579	0	0.0	0.1
TANC2|S1827	154	0.6411328	0.4280884
TANC2|S238	58	0.46781665	0.2350213
TANK|S126	0	0.0	0.1
TANK|S129	172	0.97174585	0.5
TANK|S178	54	-0.2708362	-0.030033477
TANK|S208	87	0.36142322	0.2216247
TANK|S225	179	1.0658383	0.5
TANK|S354	0	0.0	0.1
TAOK1|S417	54	0.2958465	0.16867346
TAOK1|S421	163	0.79441994	0.5
TAOK1|S9	0	0.0	0.1
TAOK1|S965	196	0.8230265	0.5
TAOK2|S1002	0	0.0	0.1
TAOK2|S1011	0	0.0	0.1
TAOK2|S486	171	1.0625496	0.5
TAOK2|S656	63	1.0855168	0.48090526
TAOK2|S9	0	0.0	0.1
TAOK3|S324	111	0.8580546	0.49878702
TAOK3|S324_S331	0	0.0	0.1
TAOK3|S331	109	1.2287542	0.5
TAP1|S439	84	0.2846907	0.18431532
TARDBP|S292	174	0.78391457	0.5
TARS|S39	101	0.641824	0.37225983
TATDN2|S299	0	0.0	0.1
TATDN2|S70	76	0.34194466	0.20447612
TAX1BP1|S624	0	0.0	0.1
TAX1BP1|S641	0	0.0	0.1
TAX1BP3|S61	141	0.48625606	0.32598385
TBC1D10A|S390	0	0.0	0.1
TBC1D10A|S414	0	0.0	0.1
TBC1D10B|S132	240	0.5753223	0.4355216
TBC1D10B|S22	167	0.6198811	0.42516908
TBC1D10B|S658	59	1.2573361	0.5
TBC1D10B|S661	0	0.0	0.1
TBC1D10B|S678	222	0.79803246	0.5
TBC1D10B|S687	0	0.0	0.1
TBC1D10B|S799	0	0.0	0.1
TBC1D14|S103	0	0.0	0.1
TBC1D14|S91	182	1.0646659	0.5
TBC1D15|S70	142	1.1679258	0.5
TBC1D16|S155	5	0.16533594	0.10311124
TBC1D16|S260	169	0.19890697	0.16213858
TBC1D17|S602	0	0.0	0.1
TBC1D1|S235	0	0.0	0.1
TBC1D1|S237	211	0.56651825	0.4165124
TBC1D1|S503	174	1.1625135	0.5
TBC1D1|S507	75	1.078941	0.5
TBC1D1|S527	0	0.0	0.1
TBC1D1|S585	0	0.0	0.1
TBC1D1|S614	154	1.4329077	0.5
TBC1D1|S627	178	0.5471783	0.3863228
TBC1D1|S743	0	0.0	0.1
TBC1D1|T596	0	0.0	0.1
TBC1D22A|T21	0	0.0	0.1
TBC1D22B|S132	109	0.33136865	0.22066596
TBC1D22B|S141	186	0.47976032	0.346977
TBC1D22B|S154	61	0.5888285	0.2852083
TBC1D22B|S58	159	0.68631613	0.45993924
TBC1D23|S469	172	0.302903	0.22830631
TBC1D23|S474	181	1.2851474	0.5
TBC1D23|S507	193	1.2371017	0.5
TBC1D23|S520	181	1.5777754	0.5
TBC1D23|T514	0	0.0	0.1
TBC1D24|S28	130	2.524185	0.5
TBC1D24|S480	177	0.21133614	0.1711426
TBC1D25|S522	0	0.0	0.1
TBC1D2B|S155	31	0.8279372	0.27225995
TBC1D2B|S338	0	0.0	0.1
TBC1D2B|S473	131	-0.057678044	0.010580853
TBC1D2B|T277	0	0.0	0.1
TBC1D2|S436	0	0.0	0.1
TBC1D2|T186	0	0.0	0.1
TBC1D2|T290	74	0.7423317	0.37317556
TBC1D4|S341	170	0.58213466	0.40356627
TBC1D4|S566	172	1.8679874	0.5
TBC1D4|S570	146	0.7462022	0.48351833
TBC1D4|S588	237	0.6308512	0.4733286
TBC1D4|S588_S591	12	0.017389707	0.0911489
TBC1D4|S597	81	0.6738137	0.35678956
TBC1D4|S666	192	0.99037886	0.5
TBC1D4|S691	0	0.0	0.1
TBC1D4|S719	0	0.0	0.1
TBC1D4|T642	0	0.0	0.1
TBC1D5|S43	237	0.8184401	0.5
TBC1D5|S460	88	2.085233	0.5
TBC1D5|S522	235	0.8380099	0.5
TBC1D5|S563	0	0.0	0.1
TBC1D5|S563_S566	0	0.0	0.1
TBC1D5|S566	0	0.0	0.1
TBC1D5|S576	0	0.0	0.1
TBC1D5|S586	0	0.0	0.1
TBC1D5|S752	0	0.0	0.1
TBC1D5|S796	0	0.0	0.1
TBC1D9B|S1121	0	0.0	0.1
TBC1D9B|S411	184	1.0606915	0.5
TBC1D9B|S432	51	0.49586266	0.23370194
TBC1D9B|S432_S435	0	0.0	0.1
TBC1D9B|S435	172	0.9986991	0.5
TBC1D9B|S442	178	1.1262562	0.5
TBC1D9B|S463	74	0.6585601	0.33754855
TBC1D9B|S796	95	1.8004212	0.5
TBC1D9|S471	186	0.43978977	0.3209822
TBCB|S123	0	0.0	0.1
TBCB|S31	135	0.5833634	0.37767684
TBCC|S168	0	0.0	0.1
TBCC|S199	114	0.49205548	0.30885196
TBCC|S80	0	0.0	0.1
TBCEL|S41	0	0.0	0.1
TBKBP1|S335	136	0.45457214	0.3043297
TBKBP1|S365	0	0.0	0.1
TBKBP1|S385	0	0.0	0.1
TBKBP1|S504	172	0.30243883	0.2280128
TBKBP1|S97	126	1.3052652	0.5
TBX2|S360	186	2.115562	0.5
TBX2|S379	179	0.12974171	0.1190816
TBX2|S653	153	1.153608	0.5
TBX2|S653_S657	0	0.0	0.1
TBX2|S657	197	0.79159564	0.5
TBX2|S676	224	0.84514165	0.5
TBX2|S705_S710	0	0.0	0.1
TBX2|S94	0	0.0	0.1
TBX3|S351_S355	0	0.0	0.1
TBX3|S418	0	0.0	0.1
TBX3|S436	0	0.0	0.1
TBX3|S660	0	0.0	0.1
TC2N|S156	176	0.8198094	0.5
TC2N|S168	58	0.71677494	0.32641104
TC2N|S174	67	1.1021188	0.5
TC2N|S191	0	0.0	0.1
TC2N|S218	179	0.84363514	0.5
TCEA1|S100	247	0.6423348	0.48604232
TCEA1|S81	156	1.7622919	0.5
TCEA1|S97	63	1.1186779	0.4937221
TCEA1|T96	5	-0.15961169	0.08763754
TCEA3|S115	186	1.0019149	0.5
TCEAL1|S123	0	0.0	0.1
TCEAL1|S28	0	0.0	0.1
TCEAL3|S121	0	0.0	0.1
TCEAL3|S121_S125	0	0.0	0.1
TCEAL3|S125	0	0.0	0.1
TCEAL3|S135	0	0.0	0.1
TCEAL3|S30	0	0.0	0.1
TCEAL3|S65	186	0.6552706	0.46112004
TCEAL4|S102	140	0.47708964	0.31996894
TCEAL4|S13	60	0.3578645	0.19669919
TCEAL4|S67	114	0.366289	0.24185488
TCEAL5|S127	186	1.4194006	0.5
TCEAL5|S127_S131	0	0.0	0.1
TCEAL5|S131	186	1.3302222	0.5
TCEAL5|S36	0	0.0	0.1
TCEAL6|S121	0	0.0	0.1
TCEAL6|S125	0	0.0	0.1
TCEAL6|S30	0	0.0	0.1
TCF12|S67	219	0.10252063	0.101730466
TCF12|S98	0	0.0	0.1
TCF12|T313	167	0.46625227	0.32907915
TCF20|S1005	179	0.94939435	0.5
TCF20|S1122	0	0.0	0.1
TCF20|S1259	0	0.0	0.1
TCF20|S1322	174	0.9100574	0.5
TCF20|S1335	41	1.2964281	0.44789752
TCF20|S1522	197	0.34014753	0.25928977
TCF20|S1792	186	1.1946594	0.5
TCF20|S538	180	0.55309665	0.39127642
TCF20|S559	186	0.81613714	0.5
TCF20|S574	247	0.30307204	0.24454983
TCF20|S640	182	0.65979415	0.4612856
TCF20|S871	139	1.6063323	0.5
TCF20|T1671	243	0.6799742	0.5
TCF20|T635	0	0.0	0.1
TCF25|S602	39	-0.04553309	0.059166975
TCF3|S139	0	0.0	0.1
TCF3|S379	71	1.3700235	0.5
TCF3|S514	0	0.0	0.1
TCF4|S318	113	1.6061817	0.5
TCF4|S355	0	0.0	0.1
TCF4|S515	60	0.1643213	0.12412049
TCF4|S92	69	0.083658434	0.093328
TCF7L2|S177_S179	0	0.0	0.1
TCF7L2|S179	0	0.0	0.1
TCOF1|S1036	0	0.0	0.1
TCOF1|S1073	0	0.0	0.1
TCOF1|S1111	191	1.0601321	0.5
TCOF1|S1191	0	0.0	0.1
TCOF1|S1228	223	0.95524997	0.5
TCOF1|S1313	0	0.0	0.1
TCOF1|S1339	0	0.0	0.1
TCOF1|S1341	0	0.0	0.1
TCOF1|S1350	247	0.7699856	0.5
TCOF1|S1373	0	0.0	0.1
TCOF1|S1376	140	1.3996052	0.5
TCOF1|S1378	247	1.5569144	0.5
TCOF1|S1410	132	1.5388029	0.5
TCOF1|S156	182	0.7932821	0.5
TCOF1|S233	247	0.77870095	0.5
TCOF1|S381	247	0.884588	0.5
TCOF1|S446	0	0.0	0.1
TCOF1|S583	41	0.71072966	0.27758807
TCOF1|S906	240	0.71431726	0.5
TCOF1|T249	74	1.0634815	0.5
TCOF1|T316	0	0.0	0.1
TCOF1|T533	191	0.9315208	0.5
TCOF1|T914	0	0.0	0.1
TDRD3|S349	0	0.0	0.1
TDRD3|S438	0	0.0	0.1
TDRD3|S538	0	0.0	0.1
TDRD3|S628	0	0.0	0.1
TDRD7|S245	0	0.0	0.1
TDRKH|T252	7	0.59153605	0.13215657
TEAD1|S102	90	1.765741	0.5
TEAD3|S148	156	0.74882567	0.49537814
TECR|S58	0	0.0	0.1
TENT2|S62	0	0.0	0.1
TEP1|S397	186	0.46940547	0.34024274
TERF2IP|S154	59	0.48513427	0.24291146
TERF2IP|S203	223	0.92331344	0.5
TERF2IP|S36	57	0.75998646	0.3396129
TERF2IP|T230	39	-0.071508504	0.05187891
TERF2|S365	147	0.8293237	0.5
TESK2|S286	0	0.0	0.1
TES|S168	178	1.1199583	0.5
TEX10|T32	0	0.0	0.1
TEX2|S295	0	0.0	0.1
TEX2|S353	95	0.9101344	0.49468085
TEX2|S538	0	0.0	0.1
TEX2|S794	180	0.5025206	0.35876328
TFAM|S161	0	0.0	0.1
TFAP2C|S252	0	0.0	0.1
TFAP2C|S434	75	1.0968044	0.5
TFAP4|S124	191	0.9409845	0.5
TFAP4|S139	49	0.6080805	0.26708686
TFAP4|T37	61	0.13366388	0.11275464
TFCP2|S353	70	1.8225036	0.5
TFE3|S229	0	0.0	0.1
TFE3|S443	0	0.0	0.1
TFE3|S443_S451	0	0.0	0.1
TFE3|S451	0	0.0	0.1
TFEB|S123_S128_S136	0	0.0	0.1
TFEB|S136	0	0.0	0.1
TFEB|S437	0	0.0	0.1
TFEB|S469	85	0.25107625	0.16941342
TFG|S164	44	1.1168516	0.41070464
TFG|S166	0	0.0	0.1
TFG|S193	120	0.5663332	0.35436356
TFG|S193_S197	0	0.0	0.1
TFG|S197	236	0.771265	0.5
TFIP11|S210	202	1.0463868	0.5
TFIP11|S392	182	0.30853692	0.23458767
TFIP11|S59	193	0.7484488	0.5
TFIP11|S98	185	0.9979879	0.5
TFPT|S171	0	0.0	0.1
TFPT|T198	0	0.0	0.1
TFRC|S34	182	0.9050564	0.5
TGFB1I1|S137	139	0.35103977	0.2460022
TGFB1I1|S137_S141	0	0.0	0.1
TGFB1I1|S137_S143	0	0.0	0.1
TGFB1I1|S143	67	0.27637947	0.17076302
TGFB1I1|S164	190	1.3776455	0.5
TGFB1I1|S186	0	0.0	0.1
TGFB1I1|S192	46	0.081344455	0.09412222
TGFB1I1|S192_S194	0	0.0	0.1
TGFB1I1|S194	55	0.29152453	0.16796032
TGFB1I1|S216	0	0.0	0.1
TGFB1I1|S403	186	0.75762105	0.5
TGFB1I1|S418	104	1.9390373	0.5
TGFB1I1|S68	64	0.624055	0.30450928
TGFB1I1|T33	0	0.0	0.1
TGFBI|S649	154	3.049494	0.5
TGFBR2|S573	0	0.0	0.1
TGFBRAP1|S855	158	0.94074345	0.5
TGM2|S216	170	0.55691355	0.3876863
TGOLN2|S224	111	1.2593389	0.5
TGOLN2|S71	208	1.0791476	0.5
TGS1|S154	124	0.777213	0.47488573
TGS1|S405_T407_S412	0	0.0	0.1
TGS1|S85_S89	0	0.0	0.1
TGS1|S89	143	0.9085089	0.5
THBS2|S238	0	0.0	0.1
THEMIS2|T593	0	0.0	0.1
THOC1|S560	186	1.2542142	0.5
THOC2|S1364	184	0.2231426	0.17978252
THOC2|S1393	136	1.1477762	0.5
THOC2|S1417	143	0.7613359	0.48918122
THOC2|S1486	184	0.2941827	0.2258085
THOC2|S1514_S1516	0	0.0	0.1
THOC2|S1516	181	1.5582991	0.5
THOC2|S1520	143	0.75025266	0.48265898
THOC2|T1285	152	0.62371063	0.41588897
THOC2|T1385	0	0.0	0.1
THOC2|T1443	72	0.2813643	0.17591994
THOC5|S28	186	0.6157288	0.43540406
THOC5|S307_S312_S314	0	0.0	0.1
THOC5|S312_S314	0	0.0	0.1
THOC5|T328	75	0.83113456	0.41334337
THOP1|S16	0	0.0	0.1
THRAP3|S240	64	0.24897256	0.15813562
THRAP3|S243	247	0.6361567	0.48164463
THRAP3|S248	192	0.3195219	0.24434318
THRAP3|S248_S253	0	0.0	0.1
THRAP3|S253	186	0.661763	0.4653424
THRAP3|S315_S320	0	0.0	0.1
THRAP3|S320	235	0.6582653	0.49161896
THRAP3|S339	112	-0.1307976	-0.021930806
THRAP3|S377	186	0.7392649	0.5
THRAP3|S379	229	0.63531685	0.47260657
THRAP3|S53_S55	0	0.0	0.1
THRAP3|S55	195	0.90175515	0.5
THRAP3|S575	186	0.7635336	0.5
THRAP3|S672	186	0.41278818	0.3034217
THRAP3|S682	247	0.6539264	0.4942934
THRAP3|S698	184	0.5745343	0.40744478
THRAP3|S891	85	0.9857035	0.5
THRAP3|S928	186	0.45987862	0.33404696
THRAP3|S928_S939	0	0.0	0.1
THRAP3|S939	198	0.9000044	0.5
THRAP3|S939_T941	0	0.0	0.1
THRAP3|T487	54	0.37336245	0.19585437
THRAP3|T874	210	1.3935596	0.5
THRAP3|Y873	0	0.0	0.1
THRA|S12	107	1.3496063	0.5
THSD1|S453	42	0.03871803	0.08187435
THSD1|S655	51	1.1355275	0.4497477
THSD4|S197	0	0.0	0.1
THUMPD1|S119	171	0.75960004	0.5
THUMPD1|S270	0	0.0	0.1
THUMPD1|S86	186	0.7373299	0.5
THUMPD1|S86_S88	7	-0.01566594	0.09243307
THUMPD1|S88	204	0.6614073	0.47673383
TIA1|T83	48	0.1287246	0.109316096
TIAL1|T102	0	0.0	0.1
TIAM1|S1412	0	0.0	0.1
TIAM1|S231	191	0.2974156	0.22957522
TIAM1|S52	0	0.0	0.1
TIAM1|T1431	0	0.0	0.1
TIAM1|T1456	0	0.0	0.1
TIMELESS|S1120	0	0.0	0.1
TIMELESS|S1148	0	0.0	0.1
TIMELESS|S1172	0	0.0	0.1
TINF2|S295	0	0.0	0.1
TJAP1|S300	247	0.3517354	0.27918917
TJAP1|S320	0	0.0	0.1
TJAP1|S345	0	0.0	0.1
TJAP1|T422	223	1.2786982	0.5
TJP1|S1035	0	0.0	0.1
TJP1|S1055	0	0.0	0.1
TJP1|S1115	0	0.0	0.1
TJP1|S1178	0	0.0	0.1
TJP1|S1202	0	0.0	0.1
TJP1|S1282	0	0.0	0.1
TJP1|S129	0	0.0	0.1
TJP1|S1337	0	0.0	0.1
TJP1|S1417	0	0.0	0.1
TJP1|S179	39	0.3862193	0.18030614
TJP1|S179_S182_S183	0	0.0	0.1
TJP1|S182_S183	0	0.0	0.1
TJP1|S216	0	0.0	0.1
TJP1|S245	0	0.0	0.1
TJP1|S333	0	0.0	0.1
TJP1|S341	0	0.0	0.1
TJP1|S621	0	0.0	0.1
TJP1|S684	0	0.0	0.1
TJP1|S916	0	0.0	0.1
TJP1|S975	0	0.0	0.1
TJP1|S979	0	0.0	0.1
TJP1|T1726	0	0.0	0.1
TJP2|S1017	0	0.0	0.1
TJP2|S1159	192	0.74419624	0.5
TJP2|S1190	0	0.0	0.1
TJP2|S130	190	0.65645254	0.46457234
TJP2|S150	11	0.30050275	0.11986964
TJP2|S161	0	0.0	0.1
TJP2|S163	186	1.1873667	0.5
TJP2|S170	186	0.52467614	0.376188
TJP2|S174	203	0.10559292	0.10374707
TJP2|S181	0	0.0	0.1
TJP2|S194	0	0.0	0.1
TJP2|S201	0	0.0	0.1
TJP2|S205	0	0.0	0.1
TJP2|S244	197	0.9941783	0.5
TJP2|S275	0	0.0	0.1
TJP2|S325	153	1.7219564	0.5
TJP2|S356	0	0.0	0.1
TJP2|S492	0	0.0	0.1
TJP2|S530	0	0.0	0.1
TJP2|S702	170	0.7546357	0.5
TJP2|S733	0	0.0	0.1
TJP2|S944	0	0.0	0.1
TJP2|S986	79	-0.9035419	-0.34290397
TJP2|S997	0	0.0	0.1
TJP2|T1027	13	1.5978956	0.2723243
TJP2|T1058	0	0.0	0.1
TJP2|T486	0	0.0	0.1
TJP3|S112	186	0.4618876	0.3353535
TJP3|S164	186	1.0789007	0.5
TJP3|S164_S169	0	0.0	0.1
TJP3|S203	202	0.9134087	0.5
TJP3|S212	0	0.0	0.1
TJP3|S319	186	0.65403914	0.4603192
TJP3|S319_S323	0	0.0	0.1
TJP3|S319_S327	0	0.0	0.1
TJP3|S327	186	0.4746596	0.34365976
TJP3|S346	171	0.9660324	0.5
TJP3|S489	0	0.0	0.1
TJP3|S591	191	0.91863114	0.5
TJP3|S854	0	0.0	0.1
TJP3|S856	186	0.959445	0.5
TJP3|S884	0	0.0	0.1
TKT|S295	210	1.1302902	0.5
TKT|T287	190	0.6799363	0.47995824
TLE1|S249	0	0.0	0.1
TLE1|S273_S277	0	0.0	0.1
TLE1|S277	0	0.0	0.1
TLE2|S295	0	0.0	0.1
TLE3|S203	197	0.2876251	0.22445168
TLE3|S217	186	0.53406787	0.3822959
TLE3|S240	172	1.4080524	0.5
TLE3|S245	136	2.1989517	0.5
TLE3|S263	183	0.87861836	0.5
TLE3|S263_S267	0	0.0	0.1
TLE3|S267	186	0.5526787	0.39439946
TLE3|S286	224	1.2370352	0.5
TLE3|T259	0	0.0	0.1
TLE4|S222	186	0.7532145	0.5
TLE4|S292	184	1.4824442	0.5
TLK1|S159	186	0.51707447	0.37124425
TLK1|S33_T38	0	0.0	0.1
TLK1|T38	181	0.13222517	0.12075713
TLK2|S134	72	0.15972716	0.12500206
TLK2|S94	150	0.9646682	0.5
TLK2|S99	173	0.2465512	0.19286944
TLN1|S1021	186	0.9262854	0.5
TLN1|S1164	217	1.1860908	0.5
TLN1|S1201	178	0.6026706	0.42185384
TLN1|S1225	230	0.9839787	0.5
TLN1|S1260	0	0.0	0.1
TLN1|S1333	0	0.0	0.1
TLN1|S1503	119	0.59364724	0.36823756
TLN1|S1508	0	0.0	0.1
TLN1|S1589	0	0.0	0.1
TLN1|S1641	198	0.9808322	0.5
TLN1|S1940	0	0.0	0.1
TLN1|S2040	191	0.8186125	0.5
TLN1|S2162	178	1.3098857	0.5
TLN1|S2338	212	1.4203302	0.5
TLN1|S425	162	1.0429343	0.5
TLN1|S446	148	0.5692613	0.38004306
TLN1|S45	0	0.0	0.1
TLN1|S620	156	1.1536078	0.5
TLN1|S729	179	0.9042223	0.5
TLN1|S883	172	0.9563968	0.5
TLN1|S945	0	0.0	0.1
TLN1|S979	168	1.1655347	0.5
TLN1|S981	49	0.7647449	0.3186074
TLN1|T1263	198	0.8289689	0.5
TLN1|T150	0	0.0	0.1
TLN1|T2270	50	0.57253134	0.25751045
TLN1|T78	50	0.5338819	0.2446273
TLN1|Y26	108	0.35199326	0.23084266
TLN1|Y436	0	0.0	0.1
TLN1|Y70	177	0.517498	0.3667767
TLN2|S1023	55	1.0726223	0.44512403
TLN2|S646	64	0.8884946	0.4077052
TLN2|T1843	247	0.635559	0.48121923
TMBIM1|S83	196	0.9427561	0.5
TMC4|S103	0	0.0	0.1
TMC4|T42	0	0.0	0.1
TMC5|S184	63	1.2466949	0.5
TMC5|S79	107	1.2950643	0.5
TMC5|S998	50	1.1927053	0.4642351
TMCC1|S134	145	0.97835606	0.5
TMCC1|S382	186	0.36187214	0.27030846
TMCC1|S382_S392	0	0.0	0.1
TMCC1|S414	178	0.4712988	0.3377381
TMCC3|S216	178	0.38547778	0.28278792
TMCC3|S226	0	0.0	0.1
TMCC3|S46	77	1.7685297	0.5
TMED8|S158	0	0.0	0.1
TMEM100|S121	196	0.25079218	0.19984889
TMEM102|S246	51	-0.18724795	0.0029824823
TMEM115|S320	222	1.0499413	0.5
TMEM115|T329	24	0.54832	0.18677162
TMEM131|S1155	182	0.9999506	0.5
TMEM131|S1604	0	0.0	0.1
TMEM131|S1649	92	0.9557923	0.5
TMEM131|S1669	0	0.0	0.1
TMEM131|S1863	88	0.9262058	0.48673463
TMEM132A|S530	0	0.0	0.1
TMEM132A|S914	0	0.0	0.1
TMEM134|S53	142	2.0321603	0.5
TMEM134|S70	0	0.0	0.1
TMEM134|S93	184	0.7793285	0.5
TMEM163|S12	75	0.06718447	0.0859362
TMEM163|S57	86	-0.8433832	-0.33618793
TMEM179B|S192	0	0.0	0.1
TMEM184B|S388	180	0.36316663	0.26917854
TMEM201|S454	156	0.5527797	0.3759126
TMEM209|S201	0	0.0	0.1
TMEM209|S98	68	0.9270263	0.43474874
TMEM214|T97	0	0.0	0.1
TMEM237|S25	50	0.8088315	0.3362772
TMEM237|S49	147	0.6371234	0.41966453
TMEM237|S62	163	0.47220898	0.33068463
TMEM238|S154	111	0.48737988	0.3037875
TMEM245|S327	70	0.43373865	0.23742181
TMEM245|T36	37	-0.049786564	0.059546698
TMEM40|S153	0	0.0	0.1
TMEM51|S115	150	0.74981636	0.48988983
TMEM51|S182	46	0.5663709	0.24693877
TMEM51|S192	0	0.0	0.1
TMEM51|T234	56	1.617295	0.5
TMEM87A|S414	0	0.0	0.1
TMEM87A|S430	0	0.0	0.1
TMEM87A|S479	0	0.0	0.1
TMEM87B|S534	0	0.0	0.1
TMEM94|S225	0	0.0	0.1
TMEM94|S231_S235	0	0.0	0.1
TMEM94|S235	0	0.0	0.1
TMEM94|S444_S445	0	0.0	0.1
TMEM94|S454_S455	0	0.0	0.1
TMEM94|S455	0	0.0	0.1
TMEM94|S467	0	0.0	0.1
TMEM9B|S68	0	0.0	0.1
TMF1|S112	0	0.0	0.1
TMF1|S199	75	1.0967927	0.5
TMF1|S328	109	1.4053596	0.5
TMF1|S330	126	1.3703748	0.5
TMF1|S344	224	0.5440269	0.4069816
TMF1|S72	9	0.23521768	0.11116476
TMF1|S77	12	0.40450245	0.13262527
TMF1|T364	0	0.0	0.1
TMOD3|S25	186	0.8935091	0.5
TMPO|S159	209	0.9195111	0.5
TMPO|S159_T160	18	0.42363346	0.14936781
TMPO|S168	179	0.51803744	0.36820325
TMPO|S184	75	0.49320257	0.26851538
TMPO|S272	0	0.0	0.1
TMPO|S306	179	0.97918326	0.5
TMPO|S351	163	1.1961851	0.5
TMPO|S385	225	2.0250006	0.5
TMPO|S66_S67	0	0.0	0.1
TMPO|S66_S67_T74	0	0.0	0.1
TMPO|S67	195	1.3592429	0.5
TMPO|T160	241	0.9548894	0.5
TMPO|T208	60	0.37391275	0.20271727
TMPO|T74	247	0.76688284	0.5
TMPRSS13|S70	0	0.0	0.1
TMSB4X|S31	0	0.0	0.1
TMSB4X|T34	0	0.0	0.1
TMX1|S226	0	0.0	0.1
TMX1|S228	0	0.0	0.1
TMX1|S247	241	0.8508026	0.5
TMX1|S270	241	0.945127	0.5
TMX2|S250	0	0.0	0.1
TMX2|T247	0	0.0	0.1
TMX4|S251	178	1.5225945	0.5
TMX4|S251_S259	0	0.0	0.1
TMX4|S259	0	0.0	0.1
TNC|S65	154	1.5532662	0.5
TNC|S65_S72	0	0.0	0.1
TNC|S70	120	2.0806937	0.5
TNC|S70_S72	0	0.0	0.1
TNC|S72	186	1.680117	0.5
TNC|S903	168	1.3788505	0.5
TNFAIP2|S632	177	0.3272077	0.24518327
TNFAIP2|S68	179	0.5789808	0.4073031
TNFAIP3|S381	0	0.0	0.1
TNFAIP3|S573_S575	0	0.0	0.1
TNFAIP3|S645	145	0.43466398	0.29806647
TNFRSF19|S241	69	-0.68646264	-0.22110014
TNFRSF21|S541	5	-0.15886115	0.08767328
TNIK|S611	0	0.0	0.1
TNIK|S659	0	0.0	0.1
TNIK|S678	25	0.50113004	0.18022601
TNIK|S992	0	0.0	0.1
TNIK|T181	0	0.0	0.1
TNIP1|S403	162	1.0446537	0.5
TNIP1|S627	64	0.5193063	0.2636317
TNIP2|S261	0	0.0	0.1
TNIP2|S7	173	1.5046477	0.5
TNK1|S468	0	0.0	0.1
TNK1|S502	185	1.2121409	0.5
TNK2|Y347	0	0.0	0.1
TNKS1BP1|S1004	132	0.52483165	0.34171456
TNKS1BP1|S1008	157	1.8869668	0.5
TNKS1BP1|S1024	207	0.78483325	0.5
TNKS1BP1|S1029	158	0.6471529	0.4350781
TNKS1BP1|S1073	170	0.6347978	0.43672454
TNKS1BP1|S1103	186	0.57379615	0.40813318
TNKS1BP1|S1138	235	1.1070961	0.5
TNKS1BP1|S1158	202	1.0521814	0.5
TNKS1BP1|S1297	186	0.8893604	0.5
TNKS1BP1|S1328	111	0.018921148	0.05734714
TNKS1BP1|S1383	150	-0.062207796	0.0026753247
TNKS1BP1|S1383_S1385	0	0.0	0.1
TNKS1BP1|S1385	186	0.47597393	0.34451452
TNKS1BP1|S14	66	0.5647846	0.28479388
TNKS1BP1|S1473_S1476	0	0.0	0.1
TNKS1BP1|S1533	191	1.2255434	0.5
TNKS1BP1|S1545	216	0.78865147	0.5
TNKS1BP1|S1554	85	0.83229417	0.43645948
TNKS1BP1|S1620	186	0.7125408	0.49836573
TNKS1BP1|S1620_S1621	0	0.0	0.1
TNKS1BP1|S1621	186	0.665457	0.4677448
TNKS1BP1|S1652	43	0.9352199	0.35115004
TNKS1BP1|S1666	197	0.9564182	0.5
TNKS1BP1|S178	191	0.44113755	0.32390815
TNKS1BP1|S221	231	0.77138597	0.5
TNKS1BP1|S221_S228	0	0.0	0.1
TNKS1BP1|S228	181	1.1077843	0.5
TNKS1BP1|S244	180	2.0971832	0.5
TNKS1BP1|S429	247	0.95804155	0.5
TNKS1BP1|S429_S435	0	0.0	0.1
TNKS1BP1|S435	217	0.7861973	0.5
TNKS1BP1|S437	162	1.1354687	0.5
TNKS1BP1|S494	231	0.56796545	0.42658618
TNKS1BP1|S494_S498	0	0.0	0.1
TNKS1BP1|S498	175	0.3014652	0.22820514
TNKS1BP1|S498_T501	0	0.0	0.1
TNKS1BP1|S601	241	0.40576848	0.3161003
TNKS1BP1|S672	190	0.5045258	0.3650341
TNKS1BP1|S691	201	1.0356052	0.5
TNKS1BP1|S691_S695	0	0.0	0.1
TNKS1BP1|S717	58	1.2636001	0.5
TNKS1BP1|S724	166	1.6567551	0.5
TNKS1BP1|S746	0	0.0	0.1
TNKS1BP1|S753	0	0.0	0.1
TNKS1BP1|S836	247	0.9502209	0.5
TNKS1BP1|S851	186	0.8442926	0.5
TNKS1BP1|S872	247	0.88125193	0.5
TNKS1BP1|S882	159	2.220008	0.5
TNKS1BP1|S893	247	0.90191436	0.5
TNKS1BP1|S920	229	1.9202948	0.5
TNKS1BP1|S936	189	1.791561	0.5
TNKS1BP1|T1282	96	1.2678243	0.5
TNKS1BP1|T131	188	0.6199305	0.43939906
TNKS1BP1|T239	186	0.57997316	0.41215038
TNPO2|S355	41	0.40507114	0.18870863
TNRC18|S1127	142	0.38796353	0.26897034
TNRC18|S1127_S1136	0	0.0	0.1
TNRC18|S1510	0	0.0	0.1
TNRC18|S1540	124	0.16237234	0.13452753
TNRC18|S1857	175	0.50250643	0.35614043
TNRC18|S1925	0	0.0	0.1
TNRC18|S1989	151	0.24558249	0.1875815
TNRC18|S2543	0	0.0	0.1
TNRC18|S263	182	0.40612307	0.2975688
TNRC18|S2771	49	1.1312815	0.43914628
TNRC18|S333	0	0.0	0.1
TNRC18|S416	0	0.0	0.1
TNRC18|S611	0	0.0	0.1
TNRC18|S991_S995_S999	0	0.0	0.1
TNRC18|S999	175	0.5587887	0.39195645
TNRC18|T2146	200	0.46341205	0.3422747
TNRC6A|S1536	0	0.0	0.1
TNRC6A|S1820	0	0.0	0.1
TNRC6A|S991	186	0.2577153	0.20257011
TNRC6B|S1432	0	0.0	0.1
TNRC6B|S1816	127	0.58640903	0.37213194
TNRC6B|S1832	43	0.28273207	0.1549474
TNRC6B|S803	147	0.68993104	0.45109257
TNRC6B|S879	191	0.15930843	0.13892753
TNRC6C|S1033	0	0.0	0.1
TNRC6C|S1355	0	0.0	0.1
TNRC6C|S465	173	0.027154507	0.05383784
TNRC6C|S568	0	0.0	0.1
TNRC6C|S714	186	0.1752957	0.14896853
TNS1|S1035	0	0.0	0.1
TNS1|S1106	0	0.0	0.1
TNS1|S1111	0	0.0	0.1
TNS1|S1113	114	0.80481905	0.4754643
TNS1|S1164	0	0.0	0.1
TNS1|S1177	225	0.56933266	0.42492262
TNS1|S1179	0	0.0	0.1
TNS1|S1192	217	1.4052588	0.5
TNS1|S1256	0	0.0	0.1
TNS1|S1269	241	1.2670646	0.5
TNS1|S1284	0	0.0	0.1
TNS1|S1294	0	0.0	0.1
TNS1|S1301	0	0.0	0.1
TNS1|S1307	186	0.996875	0.5
TNS1|S1314	186	0.7886226	0.5
TNS1|S1368	0	0.0	0.1
TNS1|S1380	0	0.0	0.1
TNS1|S1381	247	1.4210151	0.5
TNS1|S1387	0	0.0	0.1
TNS1|S1393	186	1.309911	0.5
TNS1|S1400	186	0.9662184	0.5
TNS1|S1410	0	0.0	0.1
TNS1|S1433	0	0.0	0.1
TNS1|S170	0	0.0	0.1
TNS1|S338	242	1.3105578	0.5
TNS1|S433	165	0.7200269	0.48605448
TNS1|S445	190	1.2722756	0.5
TNS1|S465	0	0.0	0.1
TNS1|S471	0	0.0	0.1
TNS1|S583	147	0.98588943	0.5
TNS1|S621	241	0.66259784	0.49761313
TNS1|S681	0	0.0	0.1
TNS1|S681_T688	0	0.0	0.1
TNS1|S692	65	0.55104893	0.27768594
TNS1|S701	0	0.0	0.1
TNS1|S701_S708	0	0.0	0.1
TNS1|S733	210	1.082191	0.5
TNS1|S742	165	0.5634793	0.38858145
TNS1|S756	186	0.7834613	0.5
TNS1|S764	190	0.44351006	0.3250583
TNS1|S772	184	0.87632096	0.5
TNS1|S783	191	0.6106435	0.43516463
TNS1|S899	197	0.49239933	0.36027837
TNS1|S899_S907	0	0.0	0.1
TNS1|S907	186	0.5568744	0.39712813
TNS1|S907_S915	0	0.0	0.1
TNS1|S915	186	0.22729045	0.1827833
TNS1|S915_S920	0	0.0	0.1
TNS1|S926	0	0.0	0.1
TNS1|S948	0	0.0	0.1
TNS1|S962	172	0.757833	0.5
TNS1|S963	197	0.85845834	0.5
TNS1|S971	56	1.8750612	0.5
TNS1|T1176_S1179	0	0.0	0.1
TNS1|T1189_S1192	0	0.0	0.1
TNS1|T1315	0	0.0	0.1
TNS1|T688	68	0.5297668	0.27395323
TNS1|T775	38	0.1602435	0.11658879
TNS1|T860	241	1.231977	0.5
TNS1|T959	0	0.0	0.1
TNS1|Y339	0	0.0	0.1
TNS1|Y903	55	0.77525	0.33960482
TNS2|S1001	0	0.0	0.1
TNS2|S1013	0	0.0	0.1
TNS2|S128	0	0.0	0.1
TNS2|S130	0	0.0	0.1
TNS2|S43	0	0.0	0.1
TNS2|S491	0	0.0	0.1
TNS2|S821	0	0.0	0.1
TNS2|S830	177	0.30997667	0.23417282
TNS2|S830_S835	0	0.0	0.1
TNS2|S835	193	0.40310484	0.2996561
TNS2|S840	0	0.0	0.1
TNS2|S842	0	0.0	0.1
TNS2|S845	211	1.2536846	0.5
TNS2|S941	209	0.52781874	0.38936606
TNS2|S951	0	0.0	0.1
TNS2|T101	0	0.0	0.1
TNS2|T1192	0	0.0	0.1
TNS2|Y493	0	0.0	0.1
TNS3|S1149	197	1.0149226	0.5
TNS3|S1154	160	0.7159026	0.47901702
TNS3|S1441	186	1.2580144	0.5
TNS3|S332	226	1.306648	0.5
TNS3|S418	150	0.89597315	0.5
TNS3|S440	0	0.0	0.1
TNS3|S660	171	0.3523549	0.259235
TNS3|S690	155	0.73165613	0.48394787
TNS3|S732	0	0.0	0.1
TNS3|S776	5	0.42409995	0.115433335
TNS3|S811	0	0.0	0.1
TNS3|S850	141	0.79502094	0.5
TNS3|S901	59	0.9254515	0.40629965
TNS3|T1214	0	0.0	0.1
TNS3|T656	0	0.0	0.1
TNS4|S350	5	-0.17028189	0.08712944
TNXB|S3649	151	0.9444202	0.5
TNXB|T3648	0	0.0	0.1
TOB2|S222	178	1.0880995	0.5
TOE1|S428	128	0.631187	0.39821026
TOM1L1|S323	208	1.4959993	0.5
TOM1L2|S110	0	0.0	0.1
TOM1L2|S160	60	0.062321864	0.0858707
TOM1L2|S344	0	0.0	0.1
TOM1L2|S429	0	0.0	0.1
TOM1L2|T114	0	0.0	0.1
TOM1|S127	0	0.0	0.1
TOM1|S160	136	0.7026194	0.44727218
TOM1|S160_T164	0	0.0	0.1
TOM1|S322	0	0.0	0.1
TOM1|S355	226	1.2443324	0.5
TOM1|S359	141	1.6418436	0.5
TOM1|T154	0	0.0	0.1
TOM1|T164	69	0.22456884	0.15085948
TOMM34|S186	191	0.8657506	0.5
TOMM70|S91	231	0.42923397	0.32976753
TOMM70|S96	102	0.6993434	0.40263873
TOMM70|T85_S91	0	0.0	0.1
TONSL|S719	183	1.6578746	0.5
TOP1|S394	36	0.28806427	0.14978173
TOP2A|S1106	210	0.86837506	0.5
TOP2A|S1213	196	1.2529106	0.5
TOP2A|S1247	204	0.76079774	0.5
TOP2A|S1351_S1354	0	0.0	0.1
TOP2A|S1354	182	1.5241046	0.5
TOP2A|S1374	221	1.273466	0.5
TOP2A|S1374_S1377	0	0.0	0.1
TOP2A|S1377	222	1.1483061	0.5
TOP2B|S1331	0	0.0	0.1
TOP2B|S1337	0	0.0	0.1
TOP2B|S1337_S1339	0	0.0	0.1
TOP2B|S1339	0	0.0	0.1
TOP2B|S1370	0	0.0	0.1
TOP2B|S1395	0	0.0	0.1
TOP2B|S1395_S1408	0	0.0	0.1
TOP2B|S1395_T1398	0	0.0	0.1
TOP2B|S1408	0	0.0	0.1
TOP2B|S1436	0	0.0	0.1
TOP2B|S1444	0	0.0	0.1
TOP2B|S1447	0	0.0	0.1
TOP2B|S1449	48	1.3334175	0.5
TOP2B|S1461	131	-0.7007652	-0.35411358
TOP2B|S1466	224	1.7467583	0.5
TOP2B|S1468	0	0.0	0.1
TOP2B|S1471	129	0.0650129	0.08029111
TOP2B|S1517	0	0.0	0.1
TOP2B|S1517_S1519	0	0.0	0.1
TOP2B|S1517_S1519_S1521	0	0.0	0.1
TOP2B|S1519	0	0.0	0.1
TOP2B|S1519_S1521	0	0.0	0.1
TOP2B|S1545	0	0.0	0.1
TOP2B|S1545_S1547	0	0.0	0.1
TOP2B|S1547	0	0.0	0.1
TOP2B|S1576	36	0.028367933	0.08103857
TOP2B|T1287	0	0.0	0.1
TOP2B|T1312	0	0.0	0.1
TOP2B|T1398	0	0.0	0.1
TOPORS|S45	0	0.0	0.1
TOPORS|S585	186	0.4280818	0.3133679
TOPORS|S98	189	0.43760383	0.3207859
TOR1AIP1|S135	9	-0.02666111	0.08954174
TOR1AIP1|S135_S143	0	0.0	0.1
TOR1AIP1|S143	209	0.6901976	0.49919513
TOR1AIP1|S154_S156_S157	0	0.0	0.1
TOR1AIP1|S156_S157	19	1.2057571	0.27654946
TOR1AIP1|S316	0	0.0	0.1
TOR1AIP1|S79	216	1.4023288	0.5
TOR1AIP2|S120	165	0.53576404	0.37132478
TOR4A|S63	0	0.0	0.1
TOR4A|S97	99	0.6303702	0.3638525
TP53BP1|S1030	0	0.0	0.1
TP53BP1|S1033	0	0.0	0.1
TP53BP1|S1072	0	0.0	0.1
TP53BP1|S1073	0	0.0	0.1
TP53BP1|S1099	0	0.0	0.1
TP53BP1|S1099_S1106	0	0.0	0.1
TP53BP1|S1106	0	0.0	0.1
TP53BP1|S1119	0	0.0	0.1
TP53BP1|S1431	0	0.0	0.1
TP53BP1|S1431_S1435	0	0.0	0.1
TP53BP1|S1435	0	0.0	0.1
TP53BP1|S1467	0	0.0	0.1
TP53BP1|S1623	0	0.0	0.1
TP53BP1|S1678	186	1.5222453	0.5
TP53BP1|S1683	0	0.0	0.1
TP53BP1|S227	0	0.0	0.1
TP53BP1|S270	0	0.0	0.1
TP53BP1|S285	0	0.0	0.1
TP53BP1|S299	0	0.0	0.1
TP53BP1|S371	0	0.0	0.1
TP53BP1|S384	0	0.0	0.1
TP53BP1|S385	0	0.0	0.1
TP53BP1|S403	0	0.0	0.1
TP53BP1|S505	0	0.0	0.1
TP53BP1|S505_S512	0	0.0	0.1
TP53BP1|S512	0	0.0	0.1
TP53BP1|S530	42	0.02871252	0.07891497
TP53BP1|S557	0	0.0	0.1
TP53BP1|S571	0	0.0	0.1
TP53BP1|S585	0	0.0	0.1
TP53BP1|S664_S665_S667	0	0.0	0.1
TP53BP1|S68	0	0.0	0.1
TP53BP1|S729	0	0.0	0.1
TP53BP1|S732	0	0.0	0.1
TP53BP1|S776	0	0.0	0.1
TP53BP1|S814	0	0.0	0.1
TP53BP1|S836	0	0.0	0.1
TP53BP1|S867	0	0.0	0.1
TP53BP1|T1614	0	0.0	0.1
TP53BP1|T1643	0	0.0	0.1
TP53BP1|T553	0	0.0	0.1
TP53BP1|T927	0	0.0	0.1
TP53BP1|Y527	0	0.0	0.1
TP53BP2|S302	0	0.0	0.1
TP53BP2|S486	0	0.0	0.1
TP53BP2|S575	0	0.0	0.1
TP53BP2|S582	0	0.0	0.1
TP53BP2|S704	0	0.0	0.1
TP53BP2|S720	0	0.0	0.1
TP53BP2|S789	0	0.0	0.1
TP53I11|S14	228	0.4788601	0.36335397
TPD52L1|S108	0	0.0	0.1
TPD52L1|S120	0	0.0	0.1
TPD52L1|S142	0	0.0	0.1
TPD52L1|S154	0	0.0	0.1
TPD52L1|S57	0	0.0	0.1
TPD52L1|S86	111	1.1644517	0.5
TPD52L2|S129	0	0.0	0.1
TPD52L2|S146	0	0.0	0.1
TPD52L2|S149	166	0.70503116	0.47757584
TPD52L2|S157	0	0.0	0.1
TPD52L2|S166	247	0.9367542	0.5
TPD52L2|S169	0	0.0	0.1
TPD52L2|S177	0	0.0	0.1
TPD52L2|S189	0	0.0	0.1
TPD52L2|S21	224	0.7870752	0.5
TPD52L2|S96	178	0.6094914	0.4262211
TPD52L2|T23	169	1.1876678	0.5
TPD52|S176	221	2.0266376	0.5
TPD52|S36_S40	0	0.0	0.1
TPI1|S195	0	0.0	0.1
TPI1|S21	0	0.0	0.1
TPI1|S212	0	0.0	0.1
TPI1|S80	0	0.0	0.1
TPI1|T173	0	0.0	0.1
TPM1|S129	0	0.0	0.1
TPM1|S138	0	0.0	0.1
TPM1|S174	172	0.8519441	0.5
TPM1|S216	0	0.0	0.1
TPM1|S252	0	0.0	0.1
TPM1|S51	0	0.0	0.1
TPM1|S87	0	0.0	0.1
TPM2|S210	0	0.0	0.1
TPM2|S87	111	0.993293	0.5
TPM3|S51	0	0.0	0.1
TPM4|S170	42	0.6621932	0.2662825
TPM4|S206	0	0.0	0.1
TPMT|S14	230	0.3097641	0.2461992
TPMT|S229	93	1.2232147	0.5
TPMT|Y13	3	0.013391259	0.09747741
TPPP3|S158	0	0.0	0.1
TPPP|S18	113	0.28948832	0.20052667
TPPP|S32	219	0.55184495	0.41020077
TPPP|S32_S35	0	0.0	0.1
TPPP|S45	52	-0.31779382	-0.042929463
TPPP|T14	75	0.022206396	0.06665989
TPPP|T14_S18	0	0.0	0.1
TPRN|S222	0	0.0	0.1
TPRN|S241	0	0.0	0.1
TPR|S1185	154	1.0877194	0.5
TPR|S2155	247	1.0544033	0.5
TPR|S379	226	0.86027473	0.5
TPR|T1677	6	0.22619519	0.10714313
TPR|T2116	108	0.9066049	0.5
TPR|T2137	198	0.4936905	0.3615796
TPX2|S486	0	0.0	0.1
TPX2|S738	173	1.1670296	0.5
TPX2|T369	0	0.0	0.1
TPX2|T72	0	0.0	0.1
TRA2A|S100	186	0.74333227	0.5
TRA2A|S173	0	0.0	0.1
TRA2A|S197	0	0.0	0.1
TRA2A|S197_S199	0	0.0	0.1
TRA2A|S20	186	1.1873099	0.5
TRA2A|S236	196	1.3981341	0.5
TRA2A|S260	29	0.81354374	0.26040906
TRA2A|S260_S262	42	0.32488567	0.16651547
TRA2A|S262	43	1.8396883	0.5
TRA2A|S96_S98	0	0.0	0.1
TRA2A|S96_S98_S100	0	0.0	0.1
TRA2A|S98_S100	0	0.0	0.1
TRA2A|T139	0	0.0	0.1
TRA2A|T202	186	0.70242774	0.4917887
TRA2B|S20_S22	0	0.0	0.1
TRA2B|S20_S22_S26	0	0.0	0.1
TRA2B|S264	215	0.40611163	0.30893335
TRA2B|S264_S266	42	0.42054972	0.19481048
TRA2B|S266	229	0.9467313	0.5
TRA2B|S29_T33	0	0.0	0.1
TRA2B|S95_S97	0	0.0	0.1
TRA2B|S95_S97_S99	0	0.0	0.1
TRA2B|S97_S99	0	0.0	0.1
TRA2B|S99	186	1.0275686	0.5
TRA2B|T201	186	0.5211554	0.3738983
TRAF2|S102	0	0.0	0.1
TRAF3IP1|S410	0	0.0	0.1
TRAF3IP1|S491	0	0.0	0.1
TRAF3|S9	0	0.0	0.1
TRAF4|S426	186	0.11457479	0.10947871
TRAF7|S86	101	0.033770915	0.06672071
TRAF7|S88	170	0.68785995	0.47013405
TRAF7|S94	0	0.0	0.1
TRAFD1|S209	0	0.0	0.1
TRAFD1|S278	0	0.0	0.1
TRAFD1|S327	233	0.84283596	0.5
TRAFD1|S415	241	0.42585763	0.33029822
TRAFD1|S491	40	1.9434038	0.5
TRAK1|S719	48	0.7197789	0.30100936
TRAK1|S919	61	0.05442047	0.08273074
TRAK2|S387	0	0.0	0.1
TRAK2|S420	122	0.19508971	0.1522565
TRAK2|S889	0	0.0	0.1
TRAM1|S334	0	0.0	0.1
TRAM1|T326	0	0.0	0.1
TRANK1|S660	0	0.0	0.1
TRAP1|S401	0	0.0	0.1
TRAPPC10|S736	0	0.0	0.1
TRAPPC12|S182	179	0.43413985	0.31437647
TRAPPC12|S184	208	1.0610421	0.5
TRAPPC8|S1090	179	0.75047904	0.5
TRAPPC8|S273	175	0.20741172	0.1683529
TRAPPC8|S279	0	0.0	0.1
TRAPPC8|S971	0	0.0	0.1
TRAPPC9|S953	182	0.31082222	0.23606257
TRERF1|S491	191	1.1904634	0.5
TRERF1|S709	0	0.0	0.1
TRERF1|S735	0	0.0	0.1
TRIM11|S85	58	0.035050534	0.07615779
TRIM16|S60	153	1.7430464	0.5
TRIM16|S62	0	0.0	0.1
TRIM22|S379	0	0.0	0.1
TRIM22|S87	186	0.3759851	0.2794868
TRIM24|S110	0	0.0	0.1
TRIM24|S209	144	0.6613329	0.43127847
TRIM24|S710	0	0.0	0.1
TRIM24|S777	0	0.0	0.1
TRIM24|S991	0	0.0	0.1
TRIM24|S991_S994	0	0.0	0.1
TRIM24|S994	0	0.0	0.1
TRIM25|S100	186	0.9785354	0.5
TRIM25|T91	125	0.34315684	0.23508714
TRIM28|S473	240	0.98103064	0.5
TRIM28|S489	4	-0.021994272	0.09530792
TRIM28|S50	186	1.2007021	0.5
TRIM28|S501	66	0.80348176	0.37969756
TRIM28|S683	169	1.1640667	0.5
TRIM28|S697	181	0.86339664	0.5
TRIM28|S752	151	0.5713906	0.3835856
TRIM28|S757	122	1.0068634	0.5
TRIM28|S823	0	0.0	0.1
TRIM28|S824	0	0.0	0.1
TRIM28|T541	62	1.2802476	0.5
TRIM28|T620	0	0.0	0.1
TRIM29|S104	0	0.0	0.1
TRIM29|S21	47	0.5667115	0.24922068
TRIM29|S489	60	2.1403177	0.5
TRIM2|S424	154	0.73347545	0.4840757
TRIM2|S424_S428	0	0.0	0.1
TRIM2|S428	215	0.33807382	0.26249483
TRIM2|S440	173	0.27456272	0.21062033
TRIM2|S440_S443	0	0.0	0.1
TRIM2|S456	0	0.0	0.1
TRIM2|T371	41	0.17686583	0.12235106
TRIM2|T371_S375	0	0.0	0.1
TRIM33|S1105	56	0.48617747	0.23862782
TRIM33|S1119	123	1.3549168	0.5
TRIM33|S862	176	-0.08790747	-0.019825052
TRIM33|T1102_S1105	0	0.0	0.1
TRIM3|S427	0	0.0	0.1
TRIM3|S437	178	0.34940547	0.25969127
TRIM3|S454	0	0.0	0.1
TRIM3|S454_S455	0	0.0	0.1
TRIM3|S455	0	0.0	0.1
TRIM3|S7	191	0.40536296	0.30042723
TRIM41|S447	0	0.0	0.1
TRIM47|S588	233	0.78245044	0.5
TRIM47|T72	0	0.0	0.1
TRIM56|S475	186	0.44518566	0.32449138
TRIM56|T418	40	0.23659915	0.13902834
TRIM56|T442	186	0.45255706	0.32928538
TRIOBP|S1796	46	0.9237943	0.35955164
TRIOBP|S1925	0	0.0	0.1
TRIOBP|S1949	59	0.35893542	0.19608295
TRIOBP|S1955	182	1.3441296	0.5
TRIOBP|T1965	68	1.0974604	0.5
TRIO|S1724	186	1.2064993	0.5
TRIO|S1785_S1786	0	0.0	0.1
TRIO|S1818	45	0.16319568	0.119612455
TRIO|S2282	0	0.0	0.1
TRIO|S2455	131	0.9047316	0.5
TRIO|S2455_S2459	0	0.0	0.1
TRIO|S2476	0	0.0	0.1
TRIO|S2477	13	0.3524573	0.12904376
TRIO|S2662	0	0.0	0.1
TRIP10|S296	215	0.14432094	0.1302508
TRIP10|S351	0	0.0	0.1
TRIP10|S354	67	0.9175169	0.42798582
TRIP11|S1000	0	0.0	0.1
TRIP11|S1890	0	0.0	0.1
TRIP12|S1045	0	0.0	0.1
TRIP12|S1078	186	0.66785806	0.46930632
TRIP12|S1161	0	0.0	0.1
TRIP12|S117_S119	0	0.0	0.1
TRIP12|S119	0	0.0	0.1
TRIP12|S1296	0	0.0	0.1
TRIP12|S1365_S1370	0	0.0	0.1
TRIP12|S142	0	0.0	0.1
TRIP12|S1424_T1425	0	0.0	0.1
TRIP12|S352_S354	0	0.0	0.1
TRIP12|S354	0	0.0	0.1
TRIP12|S382	0	0.0	0.1
TRIP12|S472	0	0.0	0.1
TRIP6|S215	0	0.0	0.1
TRIP6|S424	0	0.0	0.1
TRIP6|S92	0	0.0	0.1
TRIR|S114	0	0.0	0.1
TRIT1|S429	0	0.0	0.1
TRMT13|S379	0	0.0	0.1
TRMT13|S397	186	0.8791908	0.5
TRMT1L|S612	96	1.4835287	0.5
TRMT1|S625	182	1.0842507	0.5
TRMT1|Y622	0	0.0	0.1
TROVE2|S19	111	0.90920615	0.5
TRPM4|S988	0	0.0	0.1
TRPM7|S1477	174	0.96128523	0.5
TRPM7|S1503	0	0.0	0.1
TRPM7|S1568	0	0.0	0.1
TRPS1|S131	0	0.0	0.1
TRPS1|S182	0	0.0	0.1
TRPS1|S220	0	0.0	0.1
TRPS1|S896	0	0.0	0.1
TRPS1|S982	0	0.0	0.1
TRPS1|T755	0	0.0	0.1
TRRAP|S2051	240	1.303482	0.5
TRRAP|S2530	148	0.57072043	0.38091382
TSC1|S1080	55	0.3108602	0.17482135
TSC1|S1100_S1102	0	0.0	0.1
TSC1|S427	0	0.0	0.1
TSC1|S487	111	1.2677834	0.5
TSC1|S505	234	1.0113906	0.5
TSC1|S673	0	0.0	0.1
TSC22D2|S171	109	-0.5970059	-0.26351026
TSC22D3|S10	0	0.0	0.1
TSC22D3|S188	0	0.0	0.1
TSC22D3|S42	0	0.0	0.1
TSC22D3|S73	0	0.0	0.1
TSC22D4|S104	0	0.0	0.1
TSC22D4|S123	0	0.0	0.1
TSC22D4|S165	164	1.6920422	0.5
TSC22D4|S215	0	0.0	0.1
TSC22D4|S279	173	1.0268192	0.5
TSC22D4|S370	0	0.0	0.1
TSC22D4|S49	0	0.0	0.1
TSC22D4|S62	186	0.75497323	0.5
TSC22D4|T211	131	0.9771877	0.5
TSC22D4|T229	228	0.81164145	0.5
TSC2|S1130	131	0.5761204	0.37000766
TSC2|S1132	175	0.693334	0.47757617
TSC2|S1155	0	0.0	0.1
TSC2|S1254	0	0.0	0.1
TSC2|S1346	0	0.0	0.1
TSC2|S1371	43	0.80030876	0.31058234
TSC2|S1411	247	0.77898026	0.5
TSC2|S1420	185	0.9046367	0.5
TSC2|S1452	184	1.0107945	0.5
TSC2|S923	0	0.0	0.1
TSC2|S981	0	0.0	0.1
TSEN2|S215	0	0.0	0.1
TSEN54|S267	0	0.0	0.1
TSEN54|S76	0	0.0	0.1
TSG101|T220	0	0.0	0.1
TSHZ1|S489	146	0.7106869	0.46244016
TSHZ3|S463	0	0.0	0.1
TSHZ3|S682	54	0.40904108	0.20836505
TSNAX|S7	145	-1.0166816	-0.5
TSNAX|T165	0	0.0	0.1
TSSC4|S93	0	0.0	0.1
TTC14|S629	177	0.7988704	0.5
TTC25|S542	0	0.0	0.1
TTC25|S616	75	0.13160254	0.11354395
TTC28|S2079	0	0.0	0.1
TTC28|S2108	181	0.8843544	0.5
TTC28|S2120	0	0.0	0.1
TTC28|S28	199	0.18527727	0.15675645
TTC28|S47	163	0.9172862	0.5
TTC31|S278	118	0.3793212	0.2511922
TTC31|S434	0	0.0	0.1
TTC33|S197	202	0.5211828	0.38171828
TTC33|T194	172	0.95406747	0.5
TTC33|T251	0	0.0	0.1
TTC3|S1009	0	0.0	0.1
TTC4|S51	51	1.4102833	0.5
TTC7A|S182	208	0.67046875	0.48525164
TTC7A|S51	192	-0.55388844	-0.32995406
TTC7A|S671	0	0.0	0.1
TTC7A|S721	0	0.0	0.1
TTC7B|S160	182	0.86012614	0.5
TTC7B|S202	0	0.0	0.1
TTC7B|S677_S678	0	0.0	0.1
TTC9|S105	0	0.0	0.1
TTC9|S15	0	0.0	0.1
TTF1|S487	132	0.8391646	0.5
TTF1|S872	61	0.18799785	0.1333408
TTF2|S396	0	0.0	0.1
TTK|S281	0	0.0	0.1
TTK|S435	0	0.0	0.1
TTK|S820	0	0.0	0.1
TTYH3|S437	177	1.4557618	0.5
TTYH3|S496	186	0.49732625	0.358401
TUBA1A|S158	0	0.0	0.1
TUBA1C|S158	30	1.5359621	0.43137586
TUBA1C|S228	0	0.0	0.1
TUBA4A|S143	0	0.0	0.1
TUBA4A|S158	30	1.6203787	0.45085663
TUBA4A|S325	0	0.0	0.1
TUBA4A|S340	0	0.0	0.1
TUBB2A|S75	4	0.057238277	0.09835532
TUBB2A|S95	0	0.0	0.1
TUBB3|S75	4	0.06736622	0.098744854
TUBB4A|S146	0	0.0	0.1
TUBB|S172	0	0.0	0.1
TUBB|S75	144	1.66377	0.5
TUBB|S95	0	0.0	0.1
TUT1|S682	0	0.0	0.1
TUT4|S156	176	1.4354299	0.5
TUT4|S209	182	1.6103714	0.5
TUT4|S831	0	0.0	0.1
TUT7|S132	189	1.3026793	0.5
TWF1|S143	196	0.8819674	0.5
TWF2|S167	60	1.5248798	0.5
TWISTNB|S316	66	0.21954708	0.14753076
TWISTNB|S328	0	0.0	0.1
TXLNA|S495	173	1.7262937	0.5
TXLNA|S515	240	0.2178552	0.18319191
TXLNG|S105	185	1.1679827	0.5
TXLNG|S97	171	0.671581	0.46066546
TXNL1|S113	186	0.6571352	0.4623327
TXNRD3|S32	69	1.5648705	0.5
TXNRD3|S4	177	0.7919408	0.5
TYK2|S884	0	0.0	0.1
TYK2|Y292	107	1.3734998	0.5
TYMP|S50	186	0.31744105	0.24141271
TYMP|T151	0	0.0	0.1
TYMP|T154	0	0.0	0.1
U2AF1|S145	0	0.0	0.1
U2AF1|S19	0	0.0	0.1
U2AF2|S79	186	0.7108073	0.49723834
U2AF2|T124	0	0.0	0.1
U2AF2|T126	0	0.0	0.1
U2AF2|T133	49	0.32791013	0.17495032
U2SURP|S202	0	0.0	0.1
U2SURP|S244	75	1.3286893	0.5
U2SURP|S485	186	1.6268157	0.5
U2SURP|S67	186	0.6883212	0.4826145
U2SURP|S731	0	0.0	0.1
U2SURP|S788_S800	0	0.0	0.1
U2SURP|S811	0	0.0	0.1
U2SURP|S946_S948_S951	0	0.0	0.1
U2SURP|S974	186	0.83642066	0.5
U2SURP|T919	186	1.319155	0.5
UACA|S1340	0	0.0	0.1
UBA1|S1044	0	0.0	0.1
UBA1|S13	186	1.2494347	0.5
UBA1|S46	186	0.2883889	0.22251867
UBA1|S628	0	0.0	0.1
UBA1|S810	191	0.3955415	0.29398084
UBA1|S816	58	0.09612729	0.09857837
UBA1|S816_S820	0	0.0	0.1
UBA1|S820	0	0.0	0.1
UBA1|S835	0	0.0	0.1
UBA2|S207	154	1.4733366	0.5
UBA2|S229	40	0.39730564	0.18494448
UBA3|S336	0	0.0	0.1
UBA5|S358	0	0.0	0.1
UBA6|S36	153	0.2029798	0.16227631
UBA7|S24	105	0.7487031	0.43226257
UBAC1|S332	0	0.0	0.1
UBAC1|S98	189	1.0086511	0.5
UBAP1|S210	0	0.0	0.1
UBAP1|S269	0	0.0	0.1
UBAP1|S317	0	0.0	0.1
UBAP2L|S116	186	-0.013991518	0.025865655
UBAP2L|S416	186	1.4356334	0.5
UBAP2L|S464	0	0.0	0.1
UBAP2L|S467	182	0.5066565	0.3624521
UBAP2L|S859	223	1.5121498	0.5
UBAP2L|S870	0	0.0	0.1
UBAP2L|S992	192	1.5735781	0.5
UBAP2L|T843	0	0.0	0.1
UBAP2|S473	104	1.1557392	0.5
UBASH3B|S342	0	0.0	0.1
UBE2E2|S19	186	0.7112832	0.49754784
UBE2E3|S8	186	0.2701289	0.21064329
UBE2J1|S184	0	0.0	0.1
UBE2J1|S266	195	0.4508034	0.33188698
UBE2M|S28	192	0.90253294	0.5
UBE2O|S115	179	0.8046348	0.5
UBE2O|S399	61	0.37740088	0.2051022
UBE2O|S411	63	0.21681981	0.14515123
UBE2O|S836	45	-0.028284552	0.060187552
UBE2O|S839	120	0.8417808	0.5
UBE2O|S87_S89	4	0.013751755	0.096682765
UBE2O|S896	120	0.77029806	0.46561712
UBE2O|T838	0	0.0	0.1
UBE3C|S15	0	0.0	0.1
UBE3C|S672	0	0.0	0.1
UBE4B|S105	186	1.3838634	0.5
UBE4B|S124	138	0.81879246	0.5
UBE4B|S1265	77	0.29222167	0.18362185
UBE4B|S238	0	0.0	0.1
UBE4B|S31	181	0.95188826	0.5
UBE4B|S803	151	1.9009049	0.5
UBE4B|S88	177	0.56929106	0.3998719
UBE4B|S90	0	0.0	0.1
UBL7|S230	181	1.0441439	0.5
UBN1|S173	178	1.0994912	0.5
UBN1|S173_S175	0	0.0	0.1
UBN1|S175	182	0.019757781	0.04821247
UBN1|S493	186	0.8068715	0.5
UBN1|S660	158	0.60214	0.4075121
UBN1|S821	0	0.0	0.1
UBN2|S11	0	0.0	0.1
UBN2|S1123	172	0.1856856	0.15418355
UBN2|S13	178	1.3529954	0.5
UBN2|S250_T252	0	0.0	0.1
UBN2|S584	162	0.52312034	0.361624
UBR1|S1593	73	1.0651969	0.5
UBR1|T21	234	0.288311	0.23193045
UBR3|S1055	65	1.6207225	0.5
UBR4|S178	209	0.804876	0.5
UBR4|S181	223	1.1243908	0.5
UBR4|S3860	0	0.0	0.1
UBR4|T2724	186	1.3392653	0.5
UBR5|S1549	234	0.55726737	0.42036095
UBR5|S1990	48	0.64800954	0.27773282
UBR5|S2011	108	0.39728674	0.25436044
UBR5|S2241	212	1.261842	0.5
UBR5|S327	186	0.8572291	0.5
UBR5|S636	82	0.4720782	0.26763964
UBR5|S636_T637	0	0.0	0.1
UBTF|S352	0	0.0	0.1
UBTF|S509	0	0.0	0.1
UBXN1|S199	0	0.0	0.1
UBXN1|S200	0	0.0	0.1
UBXN2B|S216	108	1.1056546	0.5
UBXN2B|S234_S235	0	0.0	0.1
UBXN2B|S235	181	0.519563	0.3702523
UBXN6|S43	0	0.0	0.1
UBXN7|S106	69	1.7394142	0.5
UBXN7|S280	238	1.5046681	0.5
UBXN7|S288	219	1.715881	0.5
UBXN7|S350	60	0.40207776	0.21327916
UCHL3|S94	0	0.0	0.1
UCK1|S244	0	0.0	0.1
UCKL1|S56	133	0.98640627	0.5
UFD1|S224	0	0.0	0.1
UFD1|S242	0	0.0	0.1
UFD1|S247	0	0.0	0.1
UFD1|S294	81	0.2847568	0.18268123
UFD1|S299	234	1.2366691	0.5
UFL1|S458	219	0.62308013	0.4591052
UGDH|S476	225	1.1109344	0.5
UGDH|T91	141	2.5427864	0.5
UGP2|S13	192	0.95627314	0.5
UGP2|S448	0	0.0	0.1
UHRF1BP1L|S891	60	0.28558338	0.16959377
UHRF1BP1L|S953	199	1.712393	0.5
UHRF1BP1L|S989	192	0.42938694	0.3165832
UHRF1BP1|S918_S921_S922	0	0.0	0.1
UHRF1|S287	179	0.7803054	0.5
UHRF2|S667	186	1.222752	0.5
UIMC1|S101	186	1.5181822	0.5
UIMC1|S350	49	0.3835112	0.19323523
UIMC1|S44_S46	0	0.0	0.1
UIMC1|S627	0	0.0	0.1
UIMC1|S653	186	0.72764397	0.5
UIMC1|S677	241	0.84145874	0.5
ULK1|S450	161	0.89941907	0.5
ULK1|S477_S479	0	0.0	0.1
ULK1|S556	0	0.0	0.1
ULK1|S623	72	0.3750901	0.21515399
ULK1|S638	0	0.0	0.1
ULK1|T660	0	0.0	0.1
UMPS|S214	106	1.2774452	0.5
UNC13B|S176	173	1.4988539	0.5
UNC13B|S254	192	1.3286747	0.5
UNC13B|S359	134	0.7971386	0.4992161
UNC45A|S472	0	0.0	0.1
UNC5B|S517	0	0.0	0.1
UNC93B1|S547_S550	0	0.0	0.1
UNG|S23	75	0.82752997	0.41179857
UNG|T60	162	0.5624496	0.3859421
UNKL|S15	0	0.0	0.1
UNKL|S347	0	0.0	0.1
UNK|S240	175	1.303901	0.5
UNK|S380	0	0.0	0.1
UNK|S385	186	0.44011816	0.32119575
UNK|Y236	0	0.0	0.1
UPF1|S1107	228	1.2118338	0.5
UPF2|T1088	178	0.4950421	0.35294062
UPF3A|S200	0	0.0	0.1
UPF3B|S297	0	0.0	0.1
UQCRC1|S107	155	0.07405429	0.08422908
URI1|S372	88	0.95062023	0.49816266
URI1|S418	78	0.92175895	0.46009663
USE1|S154	0	0.0	0.1
USF2|Y154	0	0.0	0.1
USH1C|S201	98	-1.2109317	-0.5
USO1|S862	0	0.0	0.1
USO1|S942	191	1.5413066	0.5
USO1|S953	0	0.0	0.1
USO1|S953_S963	0	0.0	0.1
USP10|S374	0	0.0	0.1
USP10|S551	0	0.0	0.1
USP10|S567_S580	0	0.0	0.1
USP10|S580	0	0.0	0.1
USP11|S648	0	0.0	0.1
USP13|S630	0	0.0	0.1
USP14|S108	0	0.0	0.1
USP14|S143	247	1.0566427	0.5
USP14|T52	0	0.0	0.1
USP15|S229	192	0.83479255	0.5
USP15|S961_S965	0	0.0	0.1
USP16|S414	0	0.0	0.1
USP16|S415	205	0.602994	0.43807793
USP16|S551	24	0.43656552	0.16514172
USP19|S225	0	0.0	0.1
USP19|S345	0	0.0	0.1
USP1|S292	0	0.0	0.1
USP1|S327	61	1.3938141	0.5
USP1|S67	64	0.6712573	0.32292968
USP20|S112	0	0.0	0.1
USP20|S132	143	0.9770457	0.5
USP20|S132_S134	0	0.0	0.1
USP20|S333	186	1.2686765	0.5
USP20|S413	0	0.0	0.1
USP24|S1141	241	0.65360963	0.49126077
USP24|S1285	90	1.1435658	0.5
USP24|S1943	200	0.66511524	0.4767435
USP24|S2047	247	0.62712663	0.47521693
USP24|S2604	186	0.07709853	0.085106045
USP24|S63	0	0.0	0.1
USP25|T149	8	0.45193157	0.12606901
USP28|S1115	0	0.0	0.1
USP32|S1372	0	0.0	0.1
USP32|T1326	0	0.0	0.1
USP33|S132	0	0.0	0.1
USP33|S377	186	0.61212444	0.43305996
USP34|S2488	11	-0.15934433	0.07429921
USP34|S3358_S3359	0	0.0	0.1
USP34|S3406	197	0.88127756	0.5
USP34|T3381	184	0.47497872	0.34294397
USP35|S613	0	0.0	0.1
USP36|S18	136	1.1900893	0.5
USP36|S464	0	0.0	0.1
USP36|S546	0	0.0	0.1
USP36|S713	0	0.0	0.1
USP36|S742	204	0.7182665	0.5
USP36|S807	0	0.0	0.1
USP36|S952	58	0.24653398	0.15379095
USP39|S46	0	0.0	0.1
USP39|S82	186	0.5362446	0.38371152
USP40|S1211	0	0.0	0.1
USP40|S448	0	0.0	0.1
USP42|S1007	81	0.8774579	0.44792315
USP42|S1133	0	0.0	0.1
USP42|S1166	167	0.6169484	0.4233348
USP42|S1219_S1222_S1226	0	0.0	0.1
USP42|S856	211	0.4425577	0.33241054
USP42|S936	163	0.46664897	0.3272387
USP43|S813	0	0.0	0.1
USP47|S1005	0	0.0	0.1
USP47|S812	0	0.0	0.1
USP47|S848	0	0.0	0.1
USP47|S890	0	0.0	0.1
USP47|S913	0	0.0	0.1
USP47|S993	0	0.0	0.1
USP47|S993_T995	0	0.0	0.1
USP4|S655	72	1.4099382	0.5
USP54|S1036	58	-0.2585487	-0.031619146
USP54|S1531	44	0.31020397	0.16422898
USP54|S481	0	0.0	0.1
USP54|S603	0	0.0	0.1
USP54|S979	0	0.0	0.1
USP5|S783	209	2.1168413	0.5
USP5|T623	91	0.8420532	0.4535437
USP6NL|S408	0	0.0	0.1
USP6NL|S413	0	0.0	0.1
USP6NL|S422	0	0.0	0.1
USP6NL|S432	0	0.0	0.1
USP6NL|S452	0	0.0	0.1
USP6NL|S602	0	0.0	0.1
USP6NL|S659	0	0.0	0.1
USP6NL|S733	0	0.0	0.1
USP6NL|Y655	0	0.0	0.1
USP7|S18	186	0.97416925	0.5
USP7|S963	0	0.0	0.1
USP7|T54	0	0.0	0.1
USP8|S153	168	0.9091295	0.5
USP8|S392	37	1.0204033	0.34857607
USP8|S452	0	0.0	0.1
USP8|S641	186	0.7358314	0.5
USP8|S718	234	0.55604476	0.4195044
USP8|S719	124	0.4477668	0.29251376
USP8|T379	0	0.0	0.1
USP8|T577	182	0.7954472	0.5
USP9X|S1593	0	0.0	0.1
USP9X|S1600	171	1.0111144	0.5
USP9X|S1609	171	0.7277374	0.49609998
USP9X|S2443	185	0.8806	0.5
USP9X|S2563	186	0.8856809	0.5
USP9X|S588	165	1.1326697	0.5
UTP14A|S29_S31	0	0.0	0.1
UTP14A|S31	198	0.84982896	0.5
UTP14A|S353_S355	0	0.0	0.1
UTP14A|S382_S385	0	0.0	0.1
UTP14A|S385	0	0.0	0.1
UTP14A|S393	0	0.0	0.1
UTP14A|S401	0	0.0	0.1
UTP18|S121	186	0.617812	0.43675885
UTP18|S121_S124	5	-0.048220843	0.092941865
UTP20|S2601	174	0.9110273	0.5
UTP20|T1741	186	0.53990346	0.38609108
UTP3|S365	134	1.14692	0.5
UTP3|S365_S368	0	0.0	0.1
UTP3|S368	157	2.2890933	0.5
UTP3|S37	40	0.25401258	0.1440036
UTRN|S10	174	0.3631242	0.26709345
UTRN|S1795_S1796	0	0.0	0.1
UTRN|S1866	68	1.8252708	0.5
UTRN|S2213	0	0.0	0.1
UTRN|S2223	208	2.0593445	0.5
UTRN|S295	186	1.3126935	0.5
UTRN|S784	178	0.64277786	0.44753402
UVSSA|S281_S287	0	0.0	0.1
VAC14|T11	0	0.0	0.1
VAMP2|S63	0	0.0	0.1
VAMP2|S77	0	0.0	0.1
VAMP3|S44	0	0.0	0.1
VAMP3|S58	0	0.0	0.1
VAMP3|S63	0	0.0	0.1
VAMP4|S30	216	0.7116665	0.5
VAMP5|S41	159	1.1899292	0.5
VAMP8|S18	0	0.0	0.1
VAMP8|T48	0	0.0	0.1
VAMP8|T54	71	0.2911355	0.17936035
VAPA|S209	0	0.0	0.1
VAPB|S156	192	0.9924042	0.5
VAPB|S158	189	1.3045346	0.5
VAPB|S160	195	0.44122595	0.32555613
VASP|S239	5	0.684822	0.12784867
VASP|T284	0	0.0	0.1
VASP|T335	143	0.51098853	0.34185746
VAV2|S771	0	0.0	0.1
VCAN|S1349	0	0.0	0.1
VCAN|S1349_S1351	0	0.0	0.1
VCAN|S1954	0	0.0	0.1
VCAN|S2116	196	1.4057791	0.5
VCAN|S2941	239	1.3973881	0.5
VCAN|T2115_S2116	0	0.0	0.1
VCL|S260	0	0.0	0.1
VCL|S272	218	1.5791172	0.5
VCL|S275	174	1.3974377	0.5
VCL|S288	186	0.5556767	0.3963492
VCL|S288_S290	0	0.0	0.1
VCL|S290	223	0.6081501	0.45082808
VCL|S345	200	1.4194906	0.5
VCL|S346	241	1.1612794	0.5
VCL|S357	169	0.7717909	0.5
VCL|S434	186	0.71321964	0.4988072
VCL|S52	0	0.0	0.1
VCL|S566	186	0.7155819	0.5
VCL|S574	50	1.0075542	0.40251806
VCL|S579	191	1.0324122	0.5
VCL|S600	0	0.0	0.1
VCL|S721	240	0.96422803	0.5
VCL|S726	5	0.17532474	0.1035869
VCL|S787	184	2.3716445	0.5
VCL|S795	224	1.0941558	0.5
VCL|S809	180	1.1102062	0.5
VCL|S816	109	0.916725	0.5
VCL|S97	0	0.0	0.1
VCL|T602	0	0.0	0.1
VCL|T603	0	0.0	0.1
VCL|T604	213	1.4888707	0.5
VCL|Y692	133	0.41893715	0.28205425
VCL|Y822	189	0.7133985	0.5
VCPIP1|S1198	75	1.0003562	0.48586693
VCPIP1|S768	208	1.5464066	0.5
VCP|S197	166	1.2722908	0.5
VDAC1|S102	107	-0.11885392	-0.013127387
VDAC1|S104	223	0.714956	0.5
VDAC2|S130	0	0.0	0.1
VDAC2|T128	0	0.0	0.1
VDAC2|T83	0	0.0	0.1
VEPH1|S353	71	0.5863259	0.30192477
VGF|S420	183	0.8056198	0.5
VGLL4|S13	0	0.0	0.1
VGLL4|S52	172	0.7203099	0.4922548
VGLL4|S59	0	0.0	0.1
VILL|S773	6	-0.01280661	0.09361472
VIM|S144	0	0.0	0.1
VIM|S205	178	0.7784863	0.5
VIM|S214	180	0.8148989	0.5
VIM|S22	208	0.6801778	0.4918084
VIM|S226	0	0.0	0.1
VIM|S25	211	0.6250112	0.45619732
VIM|S278	156	1.5933045	0.5
VIM|S29	233	1.4832572	0.5
VIM|S299	166	1.1653861	0.5
VIM|S325	181	1.1720778	0.5
VIM|S39	237	1.0362036	0.5
VIM|S412	73	0.5124128	0.2740239
VIM|S419	186	0.9044828	0.5
VIM|S42	199	0.948463	0.5
VIM|S420	186	0.8914857	0.5
VIM|S430	247	1.0164405	0.5
VIM|S438	178	0.8708714	0.5
VIM|S459	191	0.7438291	0.5
VIM|S5	216	0.9907143	0.5
VIM|S51	247	0.7067114	0.5
VIM|S56	241	1.0546075	0.5
VIM|S7	168	0.8067131	0.5
VIM|S72	239	1.0673807	0.5
VIM|S73	247	1.0614027	0.5
VIM|S83	77	0.40906802	0.23445332
VIM|S87	0	0.0	0.1
VIM|T20	150	1.6407979	0.5
VIM|T336	0	0.0	0.1
VIM|T436	184	0.8287641	0.5
VIM|Y117	56	0.6933615	0.31300157
VIM|Y61	7	-0.17840993	0.08178627
VIPAS39|S121	186	0.96190315	0.5
VIPAS39|S121_S124	0	0.0	0.1
VIPAS39|T21	12	0.12831755	0.10303403
VIRMA|S1579	241	0.82384807	0.5
VIRMA|S173	186	0.6928843	0.48558214
VIRMA|T184	44	0.8284677	0.32258737
VPS13B|S1033	0	0.0	0.1
VPS13B|S999_S1002	0	0.0	0.1
VPS13C|S1851	0	0.0	0.1
VPS13C|S3441	0	0.0	0.1
VPS13C|S3598	0	0.0	0.1
VPS13C|S3659	0	0.0	0.1
VPS13C|S694	0	0.0	0.1
VPS13D|S1038	128	0.59260505	0.37655023
VPS13D|S1042	161	-0.065444276	-0.0020556673
VPS13D|S1138	168	0.46481478	0.32868987
VPS13D|S1573	58	-0.24339673	-0.026057027
VPS13D|S1598	91	-0.0013598589	0.051708132
VPS13D|S1724	183	-0.04209641	0.008114336
VPS13D|S1765	89	0.48900124	0.28318048
VPS13D|S2079	177	0.32598737	0.24440348
VPS13D|S2455	175	1.13081	0.5
VPS13D|S2671	183	1.1719567	0.5
VPS13D|S2983	0	0.0	0.1
VPS13D|S663	111	1.09059	0.5
VPS13D|T1761_S1765	0	0.0	0.1
VPS26B|S302	186	0.6685484	0.4697553
VPS26B|S304	191	0.77393925	0.5
VPS26B|S330	186	0.8006909	0.5
VPS45|S202	0	0.0	0.1
VPS4A|S351	0	0.0	0.1
VPS4A|S95	186	1.1368997	0.5
VPS4A|S97	186	0.6877572	0.4822477
VPS4A|S97_S99	0	0.0	0.1
VPS4A|S99	186	0.91199183	0.5
VPS4B|S102	191	0.5474596	0.39369342
VPS4B|S102_S108	0	0.0	0.1
VPS4B|S358	0	0.0	0.1
VPS4B|S93	180	0.7280668	0.5
VPS50|S15	186	0.79823387	0.5
VPS50|S19	147	1.6864983	0.5
VPS50|S494	209	0.93017375	0.5
VPS50|S496	133	-0.73882854	-0.3788163
VPS50|S546	154	0.9340156	0.5
VPS50|S559	189	0.81753904	0.5
VPS50|S559_S561	5	0.08063943	0.09907807
VPS50|S595	63	1.2087097	0.5
VPS54|S35	0	0.0	0.1
VPS72|S127	131	0.39766276	0.26880443
VPS72|T103	0	0.0	0.1
VPS8|S26	0	0.0	0.1
VPS9D1|S116	205	0.17860746	0.15283452
VRK1|S376	154	0.59030294	0.3972703
VRK3|S136	186	0.88617384	0.5
VSIR|S235	105	0.38431868	0.24562663
VSIR|S235_S248	0	0.0	0.1
VSIR|S248	0	0.0	0.1
VSIR|S264	61	0.68598187	0.32201797
VSIR|S272	111	1.3549321	0.5
VTI1B|S179	0	0.0	0.1
VTN|S364	65	1.0416836	0.47096625
VWA5A|S202	0	0.0	0.1
VWA5A|S634	0	0.0	0.1
VWA5A|S92	0	0.0	0.1
WAC|S12	65	0.9465029	0.43347088
WAC|S511	191	0.31079084	0.23835413
WAC|S53	182	0.50240856	0.3597105
WAC|S64	192	0.8412968	0.5
WAC|T293	23	0.26055753	0.13002296
WAPL|S221	247	0.36689678	0.28998125
WAPL|S221_S226	0	0.0	0.1
WAPL|S459_S461	0	0.0	0.1
WAPL|S77	156	0.8394988	0.5
WASF2|S284	153	1.2254369	0.5
WASF2|S90	119	0.5502192	0.34463966
WASF2|T129	41	0.1906195	0.12635034
WASHC1|S217	0	0.0	0.1
WASHC2A|S1053_S1054	0	0.0	0.1
WASHC2A|S1075	182	0.67833644	0.4732526
WASHC2A|S1087	182	1.1560773	0.5
WASHC2A|S1114	43	0.4784118	0.21378815
WASHC2A|S1144	82	0.47714403	0.26992205
WASHC2A|S158	186	1.3432819	0.5
WASHC2A|S158_S160	0	0.0	0.1
WASHC2A|S230_S238	0	0.0	0.1
WASHC2A|S238	137	2.568312	0.5
WASHC2A|S284	186	1.0723047	0.5
WASHC2A|S288	190	0.8642071	0.5
WASHC2A|S333	240	0.60840005	0.45887062
WASHC2A|S352	164	1.1572163	0.5
WASHC2A|S356	162	1.4566649	0.5
WASHC2A|S375	4	-0.040937033	0.09457935
WASHC2A|S498	177	0.36978683	0.27239084
WASHC2A|S539	175	1.2476504	0.5
WASHC2A|S550	103	1.25947	0.5
WASHC2A|S619_S620	0	0.0	0.1
WASHC2A|S728	147	0.9541611	0.5
WASHC2A|S802	20	0.7678041	0.2113007
WASHC2A|S909	0	0.0	0.1
WASHC2A|S912	0	0.0	0.1
WASHC2A|T331_S333	8	0.060264982	0.097056665
WASHC2A|T799_S802	0	0.0	0.1
WASHC2A|T935	0	0.0	0.1
WASHC2C|S1053_S1054	0	0.0	0.1
WASHC2C|S1075	0	0.0	0.1
WASHC2C|S158	0	0.0	0.1
WASHC2C|S158_S160	0	0.0	0.1
WASHC2C|S284	0	0.0	0.1
WASHC2C|S288	18	0.63222945	0.18118754
WASHC2C|S333	54	0.22475725	0.14374605
WASHC2C|S352	0	0.0	0.1
WASHC2C|S356	0	0.0	0.1
WASHC2C|S375	0	0.0	0.1
WASHC2C|S498	5	-0.10227632	0.090367794
WASHC2C|S539	172	1.9421402	0.5
WASHC2C|S544	0	0.0	0.1
WASHC2C|S619_S620	0	0.0	0.1
WASHC2C|S663	0	0.0	0.1
WASHC2C|S728	0	0.0	0.1
WASHC2C|S802	0	0.0	0.1
WASHC2C|S909	0	0.0	0.1
WASHC2C|S912	0	0.0	0.1
WASHC2C|S996	0	0.0	0.1
WASHC2C|T331_S333	8	0.08156431	0.09863439
WASHC2C|T799_S802	0	0.0	0.1
WASHC2C|T935	0	0.0	0.1
WASL|S426	0	0.0	0.1
WASL|S430	186	0.9228508	0.5
WASL|Y256	170	1.6977651	0.5
WAS|Y291	0	0.0	0.1
WBP11|S181	0	0.0	0.1
WBP11|S237	167	1.5735359	0.5
WBP11|S279_S283	0	0.0	0.1
WBP11|S353_S361	0	0.0	0.1
WBP11|S600	171	0.96596843	0.5
WBP4|S258_S262	0	0.0	0.1
WBP4|S262	186	0.29889315	0.2293501
WBP4|S277	186	0.9184334	0.5
WDCP|S690	108	1.1339277	0.5
WDFY1|S408	0	0.0	0.1
WDFY3|S1942	130	1.0532619	0.5
WDFY3|S2278	182	0.6967284	0.48512262
WDFY3|S2492	158	0.7211928	0.48042038
WDFY3|S3335	163	0.60793513	0.4148039
WDFY3|S3335_S3339	0	0.0	0.1
WDFY3|S3339	182	0.82580376	0.5
WDFY4|S3123	69	0.38133332	0.21486391
WDHD1|S260	0	0.0	0.1
WDHD1|S284	0	0.0	0.1
WDHD1|S383	79	0.76490545	0.39344987
WDHD1|S407	149	0.29903886	0.21910356
WDHD1|S745	0	0.0	0.1
WDR13|S70	219	0.3103153	0.24438575
WDR1|S11	0	0.0	0.1
WDR1|S322	0	0.0	0.1
WDR20|S373	0	0.0	0.1
WDR20|S404	0	0.0	0.1
WDR20|S422	0	0.0	0.1
WDR24|S470	53	1.1358869	0.45883664
WDR24|S484	63	2.101641	0.5
WDR24|S496	60	0.51962906	0.2573609
WDR24|T464	0	0.0	0.1
WDR24|T581	0	0.0	0.1
WDR26|S121	224	1.4200357	0.5
WDR33|S1210	178	0.6372465	0.44399235
WDR33|S1219	186	1.1611422	0.5
WDR33|S1279	186	0.5497778	0.39251286
WDR33|T1166	0	0.0	0.1
WDR37|S114	0	0.0	0.1
WDR43|S431	99	1.2487588	0.5
WDR43|S77	186	0.6107708	0.43217963
WDR43|T394	0	0.0	0.1
WDR44|S262	186	0.6913472	0.48458245
WDR44|S344	168	0.599502	0.4131207
WDR44|S403	207	0.36157447	0.27637106
WDR44|S470_S471_S472	0	0.0	0.1
WDR44|S50	247	0.48924235	0.37706876
WDR44|S561	240	0.5976485	0.4512813
WDR44|S565	179	0.2695247	0.20876317
WDR44|S81	123	1.3052278	0.5
WDR44|S96	227	0.6738629	0.49836963
WDR44|T219	65	0.3670018	0.20518254
WDR44|T271	0	0.0	0.1
WDR44|T94	0	0.0	0.1
WDR46|S41	156	0.18781175	0.15351027
WDR47|S319	0	0.0	0.1
WDR48|S529	0	0.0	0.1
WDR4|S390	0	0.0	0.1
WDR55|S14	177	0.92769486	0.5
WDR60|S247	103	-0.03912128	0.02941137
WDR62|S1410	0	0.0	0.1
WDR70|S637	0	0.0	0.1
WDR75|S715_S718	0	0.0	0.1
WDR75|T629	0	0.0	0.1
WDR77|T5	128	0.72277987	0.44963083
WDR7|S1456	0	0.0	0.1
WDR7|S935	194	0.9212781	0.5
WDR90|S349	106	0.20547608	0.15427409
WDR91|S252	59	0.79914564	0.35943142
WDR91|S293	0	0.0	0.1
WDTC1|S353	186	-0.2021976	-0.0965341
WDTC1|S511	199	1.1309272	0.5
WEE1|S127	0	0.0	0.1
WEE1|S139	181	1.5773442	0.5
WEE1|S150	183	1.7345588	0.5
WEE1|S165	104	0.42898387	0.26771727
WEE1|S165_T173	0	0.0	0.1
WEE1|T190	35	1.1842479	0.3811013
WIPF1|S214	0	0.0	0.1
WIPF1|S276	0	0.0	0.1
WIPF1|S340	81	0.8352272	0.42902434
WIPF1|S350	0	0.0	0.1
WIPF1|S444	89	1.0997049	0.5
WIPF1|T398	0	0.0	0.1
WIPF2|S155	163	0.6512485	0.4416483
WIPF2|S235	0	0.0	0.1
WIPF2|S267	139	0.48465905	0.32371384
WIPF2|S385	186	1.0219705	0.5
WIPF2|S391	111	3.0864587	0.5
WIPF3|S149	86	1.0134013	0.5
WIPF3|S281	0	0.0	0.1
WIPF3|S412	66	0.5598528	0.28283304
WIPF3|T233	0	0.0	0.1
WIZ|S1087	0	0.0	0.1
WIZ|S1101	0	0.0	0.1
WIZ|S1122	0	0.0	0.1
WIZ|S1372	0	0.0	0.1
WIZ|S1384	0	0.0	0.1
WIZ|S1718	0	0.0	0.1
WIZ|S1755	0	0.0	0.1
WNK1|S1521	0	0.0	0.1
WNK1|S167	178	0.8662611	0.5
WNK1|S170	46	1.4657303	0.5
WNK1|S174	127	0.1709345	0.13968582
WNK1|S185	224	-0.047818605	-0.002195578
WNK1|S2238	0	0.0	0.1
WNK1|S2271_S2272	0	0.0	0.1
WNK1|S2272	0	0.0	0.1
WNK1|S2287_S2289	0	0.0	0.1
WNK1|S2287_S2289_S2292	0	0.0	0.1
WNK1|S2292	0	0.0	0.1
WNK1|S2630	0	0.0	0.1
WNK1|S2632	0	0.0	0.1
WNK1|S382	0	0.0	0.1
WNK1|S950	0	0.0	0.1
WNK1|T2505	0	0.0	0.1
WNK2|S1150	125	1.0661324	0.5
WNK2|S1818	42	-0.09556066	0.04215812
WNK2|S1862	148	0.33710122	0.2414959
WNK2|S1889	0	0.0	0.1
WNK2|S560	166	0.44191036	0.31337264
WNK2|T2157	0	0.0	0.1
WNK3|S62	103	-0.3878979	-0.14755413
WNK3|S734	72	-0.021466723	0.049153462
WRAP53|S26	0	0.0	0.1
WRAP53|S26_S30	0	0.0	0.1
WRAP53|S491	186	1.4377323	0.5
WRAP53|S54	230	0.3230753	0.2554767
WRAP53|S85_S90	0	0.0	0.1
WRAP53|S90	220	0.7696346	0.5
WRNIP1|S153	186	0.2390178	0.19041018
WRNIP1|S65	209	0.8943912	0.5
WRNIP1|S75	247	0.94558793	0.5
WRNIP1|S91_S92	0	0.0	0.1
WRNIP1|T116	211	1.0142957	0.5
WRN|S1133	128	1.5201033	0.5
WTAP|S290	0	0.0	0.1
WTAP|S305	73	0.50766355	0.2720199
WTAP|S306	186	1.414056	0.5
WTIP|S88	155	0.22055732	0.17327994
WTIP|S96	79	0.28150114	0.18010385
WWC1|S651	135	-0.40233552	-0.18857571
WWC1|S876	84	1.1961843	0.5
WWC1|S899	0	0.0	0.1
WWC1|S947	175	-0.17709291	-0.07633185
WWC2|S1022	168	0.75664073	0.5
WWC2|S269	0	0.0	0.1
WWC3|S442	111	0.45572546	0.28713518
WWC3|S927	56	0.6935884	0.31308302
XAB2|S851	145	2.8282673	0.5
XAF1|S268	0	0.0	0.1
XIAP|S406	0	0.0	0.1
XIRP1|S1121	0	0.0	0.1
XIRP1|S205	43	2.0031476	0.5
XIRP1|S208	0	0.0	0.1
XIRP1|S295	173	1.5981048	0.5
XPC|S397_S398_S399	0	0.0	0.1
XPC|S515	168	0.9955429	0.5
XPC|S61	0	0.0	0.1
XPC|S881_S882	0	0.0	0.1
XPC|S883_S884	0	0.0	0.1
XPC|S901	0	0.0	0.1
XPC|S94	191	0.5485973	0.39444014
XPO1|S395	53	0.2951702	0.16760798
XPO4|S521	176	1.1683079	0.5
XRCC1|S241	143	0.7812887	0.5
XRCC1|S266	0	0.0	0.1
XRCC1|S447	0	0.0	0.1
XRCC1|S461	75	0.32747164	0.19748786
XRCC1|T453	0	0.0	0.1
XRCC4|S256	159	0.41974393	0.29629067
XRCC4|S260	166	1.5197115	0.5
XRCC4|S299	0	0.0	0.1
XRCC5|S145	0	0.0	0.1
XRCC6|S27	186	0.9854423	0.5
XRCC6|S477	161	0.37272516	0.26823276
XRCC6|S520	176	0.3810659	0.27923045
XRCC6|T455	82	0.8903824	0.45610636
XRN1|S396	0	0.0	0.1
XRN2|S526	0	0.0	0.1
XRN2|S557	0	0.0	0.1
XRN2|S577	0	0.0	0.1
XRN2|S577_S579	0	0.0	0.1
XRN2|S579	0	0.0	0.1
XRN2|S756	0	0.0	0.1
XRN2|T517	0	0.0	0.1
YAP1|S109	234	0.6793767	0.5
YAP1|S164	213	1.4852144	0.5
YAP1|S238	0	0.0	0.1
YAP1|S251	0	0.0	0.1
YAP1|S329	0	0.0	0.1
YAP1|S333	0	0.0	0.1
YAP1|S367	187	0.36474752	0.272501
YAP1|S382	187	0.75177896	0.5
YAP1|S61	211	0.6308608	0.46016604
YAP1|T119	167	0.390539	0.2817229
YAP1|T63	177	0.6735193	0.4664726
YBX1|S102	30	1.7011544	0.46949714
YBX1|S165	222	0.62043715	0.4588107
YBX1|S174	205	0.3959859	0.2989413
YBX1|S174_S176	0	0.0	0.1
YBX1|S176	190	0.21439596	0.17494908
YBX1|S314	186	0.31140578	0.23748769
YBX3|S134	171	2.1215215	0.5
YBX3|S201_S203_S204	0	0.0	0.1
YBX3|S324	0	0.0	0.1
YBX3|S346	0	0.0	0.1
YEATS2|S157	0	0.0	0.1
YEATS2|S447	82	0.4799983	0.27120802
YEATS2|S465	168	0.91246736	0.5
YEATS2|S473	102	-0.05628031	0.021086179
YEATS2|S519	129	0.84313697	0.5
YEATS2|S536	141	2.0639632	0.5
YEATS2|S575	0	0.0	0.1
YEATS2|S627	52	0.4986638	0.23638499
YEATS2|T478	63	0.34565175	0.19494516
YLPM1|S756	61	0.6665139	0.31464192
YLPM1|S829	75	-0.32939923	-0.08402824
YRDC|S37	137	0.48181564	0.320712
YRDC|S60	186	0.93965125	0.5
YTHDC1|S146_T148	23	0.11023756	0.101914346
YTHDC1|S308	241	0.57185286	0.43347958
YTHDC1|S424	0	0.0	0.1
YTHDC1|T148	192	0.8576001	0.5
YTHDC2|S1105_S1107	0	0.0	0.1
YTHDC2|S1107	0	0.0	0.1
YTHDC2|S1221	0	0.0	0.1
YTHDC2|S1267_S1269	0	0.0	0.1
YTHDC2|S1269	0	0.0	0.1
YTHDF1|S22	0	0.0	0.1
YTHDF1|S398	0	0.0	0.1
YTHDF2|S22	0	0.0	0.1
YTHDF2|S394	114	1.6824828	0.5
YTHDF2|S419	0	0.0	0.1
YTHDF2|S569	0	0.0	0.1
YTHDF3|S23	0	0.0	0.1
YTHDF3|S385	0	0.0	0.1
YTHDF3|S425	97	-0.04727951	0.027481662
YWHAB|S47	0	0.0	0.1
YWHAB|S66	0	0.0	0.1
YWHAE|S210	177	0.8939335	0.5
YWHAE|S46	0	0.0	0.1
YWHAE|T208	0	0.0	0.1
YWHAG|S46	0	0.0	0.1
YWHAG|S65	0	0.0	0.1
YWHAH|S145	0	0.0	0.1
YWHAH|S46	0	0.0	0.1
YWHAH|S65	0	0.0	0.1
YWHAQ|S45	186	0.8385595	0.5
YWHAQ|S64	0	0.0	0.1
YWHAZ|S110	0	0.0	0.1
YWHAZ|S207	189	1.0914152	0.5
YWHAZ|S45	0	0.0	0.1
YWHAZ|S64	162	0.6818202	0.45975143
YWHAZ|T205	0	0.0	0.1
YWHAZ|Y128	0	0.0	0.1
YY1AP1|S654	0	0.0	0.1
YY1AP1|S667	0	0.0	0.1
YY1|S118	186	1.0515244	0.5
YY1|S247	164	0.5774362	0.39658916
ZBED6|S381	189	0.65133494	0.4605616
ZBP1|S308	0	0.0	0.1
ZBTB14|S190	0	0.0	0.1
ZBTB1|S179	0	0.0	0.1
ZBTB1|S355_T356	0	0.0	0.1
ZBTB1|S393	0	0.0	0.1
ZBTB20|S432	141	1.0424908	0.5
ZBTB20|T211	181	1.1280384	0.5
ZBTB20|T305	186	-0.13601455	-0.053491984
ZBTB20|T690	117	0.095874384	0.09777559
ZBTB21|S409	109	1.2773781	0.5
ZBTB21|S411	93	0.42451587	0.25637293
ZBTB21|S422	154	0.41108313	0.28860947
ZBTB21|S434_S435	0	0.0	0.1
ZBTB21|S435	226	0.49094108	0.3710205
ZBTB21|S714	145	0.4709614	0.3195486
ZBTB38|S1166	0	0.0	0.1
ZBTB38|S130	159	0.6809267	0.45663065
ZBTB3|S312	0	0.0	0.1
ZBTB40|S214	72	0.5090849	0.27124482
ZBTB44|S161	163	1.0797187	0.5
ZBTB44|S194	149	0.8473429	0.5
ZBTB47|T390	186	0.72978556	0.5
ZBTB4|S391	0	0.0	0.1
ZBTB7A|S337	186	0.55046225	0.392958
ZBTB7A|S337_S341	0	0.0	0.1
ZBTB7A|S526	186	0.76567316	0.5
ZBTB7A|S549	187	0.83257574	0.5
ZBTB7B|S214	0	0.0	0.1
ZBTB7B|S521	0	0.0	0.1
ZC2HC1A|S179	163	2.498337	0.5
ZC2HC1A|S223	68	1.4306839	0.5
ZC2HC1A|S292	117	1.773462	0.5
ZC2HC1A|S331	0	0.0	0.1
ZC3H11A|S108	219	0.5751595	0.42620668
ZC3H11A|S132	173	0.011584179	0.043970928
ZC3H11A|S171	0	0.0	0.1
ZC3H11A|S290	123	0.73919636	0.45256123
ZC3H11A|S758	154	1.4825252	0.5
ZC3H11A|S758_S759	0	0.0	0.1
ZC3H12C|S123	0	0.0	0.1
ZC3H12C|S469	169	0.95604783	0.5
ZC3H12C|S612	172	0.6408168	0.4419871
ZC3H13|S1010_S1014_S1017	0	0.0	0.1
ZC3H13|S1014_S1017	0	0.0	0.1
ZC3H13|S1017	186	0.907441	0.5
ZC3H13|S1208	186	0.7611727	0.5
ZC3H13|S1208_S1210	0	0.0	0.1
ZC3H13|S1230_S1232	0	0.0	0.1
ZC3H13|S1240	144	0.38833326	0.2701639
ZC3H13|S1364	152	1.8359869	0.5
ZC3H13|S1366	190	1.4651008	0.5
ZC3H13|S1423	0	0.0	0.1
ZC3H13|S1438	186	0.8310432	0.5
ZC3H13|S1501	0	0.0	0.1
ZC3H13|S1502	0	0.0	0.1
ZC3H13|S198	240	0.8110992	0.5
ZC3H13|S207	178	0.7410879	0.5
ZC3H13|S207_S209	0	0.0	0.1
ZC3H13|S238	62	1.2489614	0.5
ZC3H13|S242	229	1.1187923	0.5
ZC3H13|S25	12	0.8762192	0.18316635
ZC3H13|S265	67	0.20748314	0.14312197
ZC3H13|S318_S325	0	0.0	0.1
ZC3H13|S356	186	0.93826103	0.5
ZC3H13|S370_S372	0	0.0	0.1
ZC3H13|S430	169	0.2051784	0.16607863
ZC3H13|S64	180	0.5713296	0.4029976
ZC3H13|S77	186	0.7603829	0.5
ZC3H13|S831_S833_S837	0	0.0	0.1
ZC3H13|S845_S848_S853	0	0.0	0.1
ZC3H13|S845_S848_Y851	0	0.0	0.1
ZC3H13|S875_S877	0	0.0	0.1
ZC3H13|S877	236	1.2044567	0.5
ZC3H13|S943	180	0.22741717	0.18191104
ZC3H13|S986	209	0.8205839	0.5
ZC3H13|S986_S993	0	0.0	0.1
ZC3H13|S993	222	0.80495554	0.5
ZC3H13|T1033	208	1.0740048	0.5
ZC3H13|T134_S137	0	0.0	0.1
ZC3H13|T263_S265	0	0.0	0.1
ZC3H13|T354_S356	0	0.0	0.1
ZC3H13|T364	236	0.89723974	0.5
ZC3H14|S309	0	0.0	0.1
ZC3H14|S343	140	0.89841676	0.5
ZC3H14|S375	0	0.0	0.1
ZC3H14|S409	111	1.0934253	0.5
ZC3H14|S481	0	0.0	0.1
ZC3H14|S515	207	0.46074247	0.34323677
ZC3H14|S586	0	0.0	0.1
ZC3H14|S620	157	0.87253386	0.5
ZC3H14|S665	0	0.0	0.1
ZC3H15|S231	0	0.0	0.1
ZC3H15|S351	182	1.8193532	0.5
ZC3H15|S360	77	0.18870589	0.13858958
ZC3H15|S381	186	0.4074449	0.2999467
ZC3H18|S173	182	0.31220958	0.23695797
ZC3H18|S34	186	1.1305225	0.5
ZC3H18|S46	186	0.5670185	0.40372536
ZC3H18|S59_S67	0	0.0	0.1
ZC3H18|S67	186	1.030433	0.5
ZC3H18|S67_S74	0	0.0	0.1
ZC3H18|S74	186	1.494809	0.5
ZC3H18|S78	186	1.1169356	0.5
ZC3H18|S78_S83	0	0.0	0.1
ZC3H18|S83	182	0.81429523	0.5
ZC3H18|S866	0	0.0	0.1
ZC3H18|S892	0	0.0	0.1
ZC3H18|S917	0	0.0	0.1
ZC3H18|T162	186	0.67243433	0.4722825
ZC3H18|T701	0	0.0	0.1
ZC3H4|S1114	67	0.3309419	0.19265334
ZC3H4|S1269	192	0.69523466	0.49138716
ZC3H4|S1269_S1275	12	0.11545578	0.101655975
ZC3H4|S1275	218	0.5087658	0.38022313
ZC3H4|S807_S808	0	0.0	0.1
ZC3H6|S1158	176	1.7620513	0.5
ZC3H7A|S738	0	0.0	0.1
ZC3H7A|T210	72	0.2202251	0.15032679
ZC3H7B|S536	0	0.0	0.1
ZC3H8|S59	75	0.82945734	0.41262457
ZC3HAV1|S257	181	0.51661116	0.36835095
ZC3HAV1|S275	186	0.5887071	0.4178305
ZC3HAV1|S280	0	0.0	0.1
ZC3HAV1|S284	240	0.9265688	0.5
ZC3HAV1|S302	173	2.0328584	0.5
ZC3HAV1|S335	158	0.8441491	0.5
ZC3HAV1|S346	0	0.0	0.1
ZC3HAV1|S361	101	1.6810169	0.5
ZC3HAV1|S378	215	1.1357285	0.5
ZC3HAV1|S387	180	0.95691544	0.5
ZC3HAV1|S469	95	1.7628925	0.5
ZC3HAV1|S492	117	1.9533151	0.5
ZC3HAV1|S494	86	0.54173553	0.30424333
ZC3HAV1|S631	97	1.9192024	0.5
ZC3HAV1|T273	186	1.0469903	0.5
ZC3HAV1|T375	0	0.0	0.1
ZC3HAV1|T393	0	0.0	0.1
ZC3HAV1|T403	0	0.0	0.1
ZC3HC1|S24	144	0.7379462	0.47649285
ZC3HC1|S278	0	0.0	0.1
ZC3HC1|S301	0	0.0	0.1
ZC3HC1|S311	0	0.0	0.1
ZC3HC1|S321	247	0.77608013	0.5
ZC3HC1|S335	188	1.1499356	0.5
ZC3HC1|S344	236	0.8282999	0.5
ZC3HC1|S354	196	0.9667832	0.5
ZC3HC1|S395	233	0.77272916	0.5
ZC3HC1|S62	186	0.7127035	0.49847156
ZCCHC17|S136	0	0.0	0.1
ZCCHC17|S192	0	0.0	0.1
ZCCHC24|S65	0	0.0	0.1
ZCCHC2|S236	107	1.2797061	0.5
ZCCHC8|S350	0	0.0	0.1
ZCCHC8|S521	0	0.0	0.1
ZCCHC8|S581	0	0.0	0.1
ZCCHC8|T402	0	0.0	0.1
ZCCHC8|T415	0	0.0	0.1
ZCRB1|S155	0	0.0	0.1
ZDHHC18|S19	84	0.0798289	0.09079146
ZDHHC20|S242	0	0.0	0.1
ZDHHC5|S274	0	0.0	0.1
ZDHHC5|S345	0	0.0	0.1
ZDHHC5|S345_T348	0	0.0	0.1
ZDHHC5|S380	237	0.88531834	0.5
ZDHHC5|S398	182	1.0504553	0.5
ZDHHC5|S415	105	1.3195904	0.5
ZDHHC5|S432	128	1.207161	0.5
ZDHHC5|S458	0	0.0	0.1
ZDHHC5|S529	28	1.3711005	0.37805325
ZDHHC5|S543	0	0.0	0.1
ZDHHC5|S554	186	0.27126122	0.21137968
ZDHHC5|S621	167	1.0655363	0.5
ZDHHC5|S636	90	1.3876008	0.5
ZDHHC5|T348	127	1.1685307	0.5
ZDHHC5|T659	0	0.0	0.1
ZEB1|S31_S33	0	0.0	0.1
ZEB1|S626	0	0.0	0.1
ZEB1|S659	0	0.0	0.1
ZEB1|T29_S31	0	0.0	0.1
ZEB2|S1098	0	0.0	0.1
ZEB2|S336	0	0.0	0.1
ZEB2|T34_S36_T38	0	0.0	0.1
ZFAND3|S129	147	1.2697793	0.5
ZFAND5|S48	186	0.46995562	0.34060052
ZFAND5|S58	109	0.30864462	0.20881465
ZFC3H1|S1046	167	0.93127185	0.5
ZFC3H1|S1303_S1304	0	0.0	0.1
ZFC3H1|S28	148	0.8251922	0.5
ZFC3H1|S352	182	0.8663431	0.5
ZFC3H1|S655	0	0.0	0.1
ZFC3H1|T766	138	0.7793807	0.4939266
ZFHX3|S1189	164	1.150255	0.5
ZFHX3|S2226_S2230	0	0.0	0.1
ZFHX3|S2230	72	0.6113447	0.31405127
ZFHX3|S2625	168	0.7664672	0.5
ZFHX3|S2896	60	0.99563164	0.43586186
ZFHX3|S3409	0	0.0	0.1
ZFHX3|S3432	158	1.247822	0.5
ZFHX3|S3677	44	0.8224594	0.3207515
ZFHX3|S426	64	-0.2753179	-0.046465516
ZFHX3|S571	0	0.0	0.1
ZFP36L1|S192	148	1.3147442	0.5
ZFP36L1|S54	175	0.66625667	0.46034515
ZFP36L1|S90	164	1.1140081	0.5
ZFP36L1|S92	197	1.2713754	0.5
ZFP36L2|S123	102	0.5840167	0.34440446
ZFP36L2|S125	186	0.6416466	0.45225972
ZFP36L2|T38	0	0.0	0.1
ZFP36|S99	0	0.0	0.1
ZFP3|S63	152	0.32968175	0.2385382
ZFP64|S547	66	0.57783	0.28998062
ZFP90|S511	131	0.87137306	0.5
ZFP91|S101	187	0.26943633	0.21039928
ZFP91|S103	203	0.6654673	0.47884443
ZFP91|S83	161	1.0679568	0.5
ZFPL1|T223	0	0.0	0.1
ZFPM1|S786	181	0.10964795	0.10621451
ZFPM1|S901	158	0.03784251	0.06193456
ZFPM1|S901_S909	0	0.0	0.1
ZFR|S1054	202	0.53369623	0.3900882
ZFX|S274	10	0.32847962	0.12077088
ZFYVE16|S635	0	0.0	0.1
ZFYVE16|S939	133	0.8114951	0.5
ZFYVE16|S946	181	0.76128185	0.5
ZFYVE19|S144	186	0.21829565	0.17693354
ZFYVE19|S286	0	0.0	0.1
ZFYVE19|S354	186	0.75929767	0.5
ZFYVE26|S1742	57	0.385537	0.2036663
ZFYVE26|S297	197	0.8412623	0.5
ZFYVE28|S304	0	0.0	0.1
ZGPAT|S353	0	0.0	0.1
ZHX1|S202	165	1.5280802	0.5
ZHX1|S648	172	0.24496354	0.19166812
ZHX2|S628	0	0.0	0.1
ZHX2|T37	189	0.7455894	0.5
ZHX3|S680	171	1.5381346	0.5
ZHX3|S946	202	0.49065903	0.36130172
ZKSCAN1|S13	247	0.97076464	0.5
ZKSCAN1|S208	169	0.50252324	0.35288638
ZKSCAN1|S330	60	0.77491754	0.35309407
ZKSCAN4|S44	0	0.0	0.1
ZKSCAN4|S501	0	0.0	0.1
ZKSCAN8|S12	0	0.0	0.1
ZKSCAN8|S177	182	0.56652635	0.40109152
ZMIZ2|T522	0	0.0	0.1
ZMYM2|S305	130	0.78422815	0.48673764
ZMYM2|S838	75	0.44828972	0.24926704
ZMYM2|S958	0	0.0	0.1
ZMYM3|S263_S267	0	0.0	0.1
ZMYM3|S287_S291	0	0.0	0.1
ZMYM3|S464	175	0.9154048	0.5
ZMYM3|S51	0	0.0	0.1
ZMYM3|T795	55	0.58189976	0.2709967
ZMYM3|T817	0	0.0	0.1
ZMYM3|T826	0	0.0	0.1
ZMYM4|S1149	0	0.0	0.1
ZMYM4|S210	0	0.0	0.1
ZMYM4|S90	0	0.0	0.1
ZMYM4|S998	0	0.0	0.1
ZMYM4|T185	0	0.0	0.1
ZMYND11|S349	0	0.0	0.1
ZMYND11|S390	0	0.0	0.1
ZMYND8|S425	229	0.6684347	0.4956582
ZMYND8|S444	90	0.21509868	0.15452044
ZMYND8|S460	153	0.28720024	0.21320803
ZMYND8|S475	234	0.5507761	0.4158132
ZMYND8|S523	83	1.2040176	0.5
ZMYND8|S547	194	0.9213477	0.5
ZMYND8|S610	0	0.0	0.1
ZMYND8|S668	154	0.54336786	0.3688136
ZMYND8|S737	50	0.7663393	0.3221131
ZMYND8|S756	198	0.2068855	0.17101789
ZMYND8|T746_S756	0	0.0	0.1
ZNF106|S1025_S1026	0	0.0	0.1
ZNF106|S1205	0	0.0	0.1
ZNF106|S1279	173	0.5980502	0.41561422
ZNF106|S1302	81	0.5974463	0.3226141
ZNF106|S1328	184	0.5071877	0.36381176
ZNF106|S1370	169	0.35323694	0.25909683
ZNF106|S452	0	0.0	0.1
ZNF106|S859	157	0.8808223	0.5
ZNF106|S861	141	0.10980579	0.105737
ZNF148|S301	0	0.0	0.1
ZNF148|S306	153	0.19453754	0.15717092
ZNF148|S412	200	0.5906782	0.4271188
ZNF185|S178	0	0.0	0.1
ZNF185|S194	0	0.0	0.1
ZNF185|S379	0	0.0	0.1
ZNF185|S466	0	0.0	0.1
ZNF185|T180	0	0.0	0.1
ZNF217|S441_S445	0	0.0	0.1
ZNF217|S795	0	0.0	0.1
ZNF217|S848	83	1.1401625	0.5
ZNF217|T648	0	0.0	0.1
ZNF219|S10_S16	0	0.0	0.1
ZNF219|S114	141	0.6764634	0.437267
ZNF219|S16	65	0.23965506	0.15501563
ZNF219|S684	180	0.04710951	0.06599897
ZNF219|S698	181	0.67181176	0.46832
ZNF22|S49	186	1.3583221	0.5
ZNF263|S178	0	0.0	0.1
ZNF264|S150_S155	0	0.0	0.1
ZNF276|S160	159	0.34147647	0.2482423
ZNF276|S357_S360_S366	0	0.0	0.1
ZNF276|S378_S379	0	0.0	0.1
ZNF276|S378_S379_S382	0	0.0	0.1
ZNF280C|S80	174	0.689017	0.47404727
ZNF281|T888	42	0.32160568	0.16554534
ZNF282|S319	175	0.52828085	0.37254235
ZNF316|S112	227	0.41279066	0.31713602
ZNF316|S22	0	0.0	0.1
ZNF318|S1037	43	0.46355328	0.20932022
ZNF318|S1037_S1043	0	0.0	0.1
ZNF318|S1243	186	0.45952114	0.33381447
ZNF318|S1267	44	0.5093583	0.22508168
ZNF318|S136	186	1.3409184	0.5
ZNF318|S1558	0	0.0	0.1
ZNF318|S168_S173	0	0.0	0.1
ZNF318|S173	202	1.220545	0.5
ZNF318|S1856	0	0.0	0.1
ZNF318|S1896	154	0.37551588	0.26704508
ZNF318|S2030_S2035	0	0.0	0.1
ZNF318|S2035	184	1.0864044	0.5
ZNF318|S2075	0	0.0	0.1
ZNF318|S2091	170	1.1058824	0.5
ZNF318|S2101	185	0.8375465	0.5
ZNF318|S214	159	0.6328005	0.42708603
ZNF318|S2189	169	0.42097348	0.3016525
ZNF318|S2189_S2192	0	0.0	0.1
ZNF318|S2243	0	0.0	0.1
ZNF318|S464	179	1.0955343	0.5
ZNF318|S501	142	0.7941668	0.5
ZNF318|S527	230	0.63152987	0.4704602
ZNF318|S69_S71	0	0.0	0.1
ZNF318|S709	72	1.0808322	0.5
ZNF318|S79	182	0.44880518	0.32511544
ZNF318|S79_S81	0	0.0	0.1
ZNF318|S89_S91	0	0.0	0.1
ZNF318|T2085	0	0.0	0.1
ZNF326|S478	52	1.790089	0.5
ZNF326|S56	104	0.62712127	0.36872852
ZNF335|S1007	0	0.0	0.1
ZNF335|S976	0	0.0	0.1
ZNF358|S146	0	0.0	0.1
ZNF358|S487	184	0.9900274	0.5
ZNF362|S404	0	0.0	0.1
ZNF384|S179	0	0.0	0.1
ZNF385B|S320	0	0.0	0.1
ZNF397|S142	137	0.7658544	0.4849032
ZNF397|S182_S185	0	0.0	0.1
ZNF407|S1262	52	0.26570192	0.1566875
ZNF408|T314	0	0.0	0.1
ZNF428|S99	67	0.36958808	0.20815809
ZNF428|T108	126	0.116709664	0.10931601
ZNF446|S137	185	0.6645403	0.466456
ZNF451|S1027	186	1.5597066	0.5
ZNF462|S1090	0	0.0	0.1
ZNF462|S1166	44	-0.030485999	0.060129274
ZNF462|S1356	0	0.0	0.1
ZNF462|S1747	61	0.96147305	0.4263966
ZNF462|S2169_S2172	0	0.0	0.1
ZNF462|S2172	112	1.38905	0.5
ZNF462|S350	56	0.12517488	0.109037146
ZNF462|S688	68	0.91010666	0.42790034
ZNF503|S102	0	0.0	0.1
ZNF503|S111	0	0.0	0.1
ZNF503|S285	0	0.0	0.1
ZNF507|S195	128	1.4275532	0.5
ZNF507|S404	147	1.2536808	0.5
ZNF511|S185	185	0.9585988	0.5
ZNF512B|S409	186	0.84630245	0.5
ZNF512B|S63	0	0.0	0.1
ZNF512B|T852	172	0.39543802	0.2868211
ZNF516|S116	71	0.96573234	0.4594561
ZNF518A|S655	158	0.34060535	0.24734746
ZNF521|S1185	47	2.8971496	0.5
ZNF521|S273	75	0.98003304	0.47715703
ZNF521|S53	0	0.0	0.1
ZNF521|S546	68	0.4783933	0.2531592
ZNF521|S605_S608	0	0.0	0.1
ZNF532|S307_S314	0	0.0	0.1
ZNF532|S314	173	0.61094576	0.42378616
ZNF532|S434	38	0.35674885	0.17069897
ZNF574|S254	0	0.0	0.1
ZNF574|S388	0	0.0	0.1
ZNF592|S1089	0	0.0	0.1
ZNF592|S1227	0	0.0	0.1
ZNF592|S142	0	0.0	0.1
ZNF592|S328_S331_S334	0	0.0	0.1
ZNF592|S331_S334	0	0.0	0.1
ZNF592|S334	174	0.4385425	0.31498682
ZNF592|S354	0	0.0	0.1
ZNF592|S573	126	1.0409125	0.5
ZNF592|S78	137	1.1513146	0.5
ZNF598|S437	0	0.0	0.1
ZNF608|S1430	6	0.33611202	0.11336483
ZNF608|S1453	137	0.48500708	0.32255685
ZNF608|S421	114	0.8127331	0.47968024
ZNF608|S440	51	1.4452567	0.5
ZNF608|S473	179	0.67275304	0.46746522
ZNF608|S627	87	0.34224674	0.21270302
ZNF608|S627_T636	0	0.0	0.1
ZNF608|S895	147	0.38056952	0.26697862
ZNF608|T481	146	0.69019735	0.4502797
ZNF609|S1055	186	0.9260055	0.5
ZNF609|S1285	141	1.0166987	0.5
ZNF609|S1313	111	0.733561	0.4332951
ZNF609|S358	171	1.6169288	0.5
ZNF609|S413	94	0.62297255	0.35339907
ZNF609|S467	179	1.2995882	0.5
ZNF609|S491	75	0.9249748	0.45356062
ZNF609|S576	199	0.6039317	0.4353927
ZNF609|S576_S578	0	0.0	0.1
ZNF609|S743	69	0.54873633	0.2832119
ZNF609|S758	183	1.2374616	0.5
ZNF609|S804	175	1.38274	0.5
ZNF609|T746	75	1.041508	0.5
ZNF618|S184	0	0.0	0.1
ZNF618|S216	54	0.8397041	0.35937676
ZNF618|S396	0	0.0	0.1
ZNF618|S429	202	0.51494193	0.37754393
ZNF622|S143	187	0.96576595	0.5
ZNF622|S174	0	0.0	0.1
ZNF638|S1100	0	0.0	0.1
ZNF638|S128	194	0.74155045	0.5
ZNF638|S1656	0	0.0	0.1
ZNF638|S1882	0	0.0	0.1
ZNF638|S299	0	0.0	0.1
ZNF638|S383	129	0.6500663	0.4098627
ZNF638|S508_S510	0	0.0	0.1
ZNF638|S510	173	0.47374472	0.3368419
ZNF638|S605	182	0.17874147	0.15081897
ZNF639|S60	170	0.79445255	0.5
ZNF639|S88	183	0.1329764	0.12132396
ZNF641|S412	0	0.0	0.1
ZNF644|S1000	68	0.62477297	0.31240812
ZNF644|S1189	75	0.6795864	0.3483942
ZNF652|S100	186	0.84847075	0.5
ZNF652|S100_T103	0	0.0	0.1
ZNF652|S197	40	0.9182392	0.33378264
ZNF652|S204	193	1.1023479	0.5
ZNF652|S88	0	0.0	0.1
ZNF652|T103	185	0.7369938	0.5
ZNF655|S80	0	0.0	0.1
ZNF687|S1057	210	0.43496063	0.32690883
ZNF687|S1106	57	0.678837	0.310151
ZNF687|S1146	51	0.620529	0.2758078
ZNF687|S1191	123	0.46949074	0.30379984
ZNF687|S1211	40	0.5463773	0.22753638
ZNF687|S140	0	0.0	0.1
ZNF687|S253	83	0.7253769	0.38364092
ZNF687|S266_S271	0	0.0	0.1
ZNF687|S266_S271_S275	0	0.0	0.1
ZNF687|S271	166	0.7178201	0.48555693
ZNF687|S374	147	1.2658259	0.5
ZNF687|S374_T377	0	0.0	0.1
ZNF687|S433	72	1.064277	0.5
ZNF687|S519	63	0.51099414	0.2588505
ZNF687|T137_S140	0	0.0	0.1
ZNF687|T377	214	0.9689164	0.5
ZNF691|S39	60	0.048492778	0.080684796
ZNF703|S146	0	0.0	0.1
ZNF703|S180	0	0.0	0.1
ZNF703|S252	40	0.7385755	0.28245017
ZNF740|S44	226	0.5953154	0.44337818
ZNF740|S72	43	0.7560125	0.2972625
ZNF746|S360	0	0.0	0.1
ZNF768|S125	226	0.9425783	0.5
ZNF768|S132	0	0.0	0.1
ZNF768|S139	183	0.90493035	0.5
ZNF768|S160	203	1.4763601	0.5
ZNF768|S83	237	1.3291087	0.5
ZNF768|S90_S97	0	0.0	0.1
ZNF768|S97	205	0.48271292	0.35723326
ZNF777|S604	135	0.22783928	0.17343959
ZNF787|S46	53	0.41253787	0.20826477
ZNF800|S647	186	1.2418813	0.5
ZNF827|S518	49	0.10391243	0.10128664
ZNF830|S223	0	0.0	0.1
ZNF830|S225	38	0.7796393	0.28714705
ZNF830|S351	166	1.5197052	0.5
ZNHIT2|S115	0	0.0	0.1
ZNHIT2|T161	7	0.3693951	0.11762398
ZNHIT3|S80	150	1.6214533	0.5
ZNHIT6|S25	186	0.67174834	0.47183636
ZNRF1|S123	66	1.0572703	0.48060143
ZNRF2|S135	196	0.81850576	0.5
ZNRF2|S145	0	0.0	0.1
ZNRF2|S145_S151	0	0.0	0.1
ZNRF2|S151	0	0.0	0.1
ZNRF2|S19	142	0.79743403	0.5
ZNRF2|S82	212	0.8725992	0.5
ZRANB2|S120	217	0.7716997	0.5
ZRANB2|S143	0	0.0	0.1
ZRANB2|S153	197	1.1635411	0.5
ZRANB2|S188	247	0.6485445	0.49046248
ZRANB2|S305_S307	0	0.0	0.1
ZRANB2|S307	0	0.0	0.1
ZRANB2|S83	58	1.1632216	0.49029654
ZRANB2|T303_S305_S307	0	0.0	0.1
ZRSR2|S349	238	0.8290806	0.5
ZRSR2|S384	186	1.0663136	0.5
ZRSR2|Y347	0	0.0	0.1
ZSCAN18|S196	0	0.0	0.1
ZSCAN21|S208	0	0.0	0.1
ZSWIM8|S1130	164	1.5450172	0.5
ZSWIM8|S1135	0	0.0	0.1
ZSWIM8|S48	185	1.0840743	0.5
ZSWIM8|S48_S53	0	0.0	0.1
ZSWIM8|S53	186	0.38022664	0.2822453
ZSWIM8|S567	211	0.5501583	0.4054129
ZYX|S267	228	1.4869817	0.5
ZYX|S267_T270	0	0.0	0.1
ZYX|S281	225	0.9819345	0.5
ZYX|S303	68	-0.34353477	-0.07952598
ZYX|S308	147	0.45880046	0.31353712
ZYX|S313	0	0.0	0.1
ZYX|S344	240	1.1441295	0.5
ZYX|S505	69	1.0166384	0.47424883
ZYX|T270	49	2.2802317	0.5
ZZEF1|S1518	212	0.3420045	0.26443896
ZZEF1|S1537_S1540	0	0.0	0.1
ZZEF1|S1801	0	0.0	0.1
ZZEF1|S2526	0	0.0	0.1
ZZZ3|S113	189	1.0068814	0.5
ZZZ3|S606	0	0.0	0.1
