all_cosine	all_spearman	all_direction	responsive20_cosine	responsive20_spearman	responsive20_direction	topk_recall	topk_direction	response_auroc_abs_pred	pred_abs	real_abs	responsive20_pred_abs	bottom50_pred_abs	mode	perturbation	target_genes	n_shared_sites	graph_abs	latent_abs	residual_abs	attention_mean
0.7295292019844055	0.7483238066850088	0.7884615384615384	0.8217834234237671	0.7443873683187767	1.0	0.6363636363636364	1.0	0.7804878048780488	0.058012910187244415	0.8934188485145569	0.10636364668607712	0.03627559915184975	true	vorinostat	HDAC1;HDAC2;HDAC3;HDAC6	52	0.0014452214818447828	0.02291729673743248	0.03407210484147072	0.0033258353359997272
0.5391467213630676	0.7519112510270668	0.7884615384615384	0.5518496632575989	0.7443873683187767	1.0	0.6363636363636364	1.0	0.835920177383592	0.0008903583511710167	0.8934188485145569	0.0023317867890000343	0.00033203914063051343	zero	vorinostat		52	0.0008903583511710167	0.0	0.0	0.0019823366310447454
0.5391467213630676	0.7519112510270668	0.7884615384615384	0.5518496632575989	0.7443873683187767	1.0	0.6363636363636364	1.0	0.835920177383592	0.0008903583511710167	0.8934188485145569	0.0023317867890000343	0.00033203914063051343	shuffled	vorinostat	PSMB5	52	0.0008903583511710167	0.0	0.0	0.0019823366310447454
0.7697385549545288	0.7103139797274892	0.6923076923076923	0.8948712348937988	0.9041190146549017	1.0	0.6363636363636364	1.0	0.8203991130820399	0.061107929795980453	0.805117666721344	0.11483443528413773	0.03383256122469902	true	vorinostat	HDAC1;HDAC2;HDAC3;HDAC6	52	0.0015767463482916355	0.02459733560681343	0.035566456615924835	0.003421852132305503
0.5530721545219421	0.6815717173202862	0.6730769230769231	0.6020601987838745	0.9041190146549017	0.9090909090909091	0.6363636363636364	1.0	0.8070953436807096	0.0009950899984687567	0.805117666721344	0.003122956259176135	0.00022479369363281876	zero	vorinostat		52	0.0009950899984687567	0.0	0.0	0.0020407771226018667
0.5530721545219421	0.6815717173202862	0.6730769230769231	0.6020601987838745	0.9041190146549017	0.9090909090909091	0.6363636363636364	1.0	0.8070953436807096	0.0009950899984687567	0.805117666721344	0.003122956259176135	0.00022479369363281876	shuffled	vorinostat	PSMB5	52	0.0009950899984687567	0.0	0.0	0.0020407771226018667
0.5961286425590515	0.621312148394906	0.723404255319149	0.6371979713439941	0.5349568784384567	0.8	0.6	1.0	0.6702702702702703	0.04568331316113472	0.5543498396873474	0.09006140381097794	0.022958992049098015	true	vorinostat	HDAC1;HDAC2;HDAC3;HDAC6	47	0.0010723220184445381	0.0189388208091259	0.026488663628697395	0.002628581365570426
0.4651293456554413	0.5850400145919632	0.723404255319149	0.5364707112312317	0.5167197121280549	0.9	0.5	1.0	0.7891891891891892	0.000697480805683881	0.5543498396873474	0.0019447968807071447	0.0001746810448821634	zero	vorinostat		47	0.000697480805683881	0.0	0.0	0.0015600745100528002
0.4651293456554413	0.5850400145919632	0.723404255319149	0.5364707112312317	0.5167197121280549	0.9	0.5	1.0	0.7891891891891892	0.000697480805683881	0.5543498396873474	0.0019447968807071447	0.0001746810448821634	shuffled	vorinostat	PSMB5	47	0.000697480805683881	0.0	0.0	0.0015600745100528002
0.5875282287597656	0.582280845435314	0.5882352941176471	0.8571508526802063	0.7836011218345129	0.9090909090909091	0.2727272727272727	1.0	0.7204545454545455	0.04055943340063095	1.0364155769348145	0.057544805109500885	0.03534955903887749	true	vorinostat	HDAC1;HDAC2;HDAC3;HDAC6	51	0.00046620628563687205	0.015314694494009018	0.024975374341011047	0.0016734361415728927
0.4145162105560303	0.5134683057788315	0.6470588235294118	0.5118148326873779	0.7152638146977822	0.9090909090909091	0.2727272727272727	1.0	0.615909090909091	0.00030887796310707927	1.0364155769348145	0.0004051464784424752	0.00021551561076194048	zero	vorinostat		51	0.00030887796310707927	0.0	0.0	0.001003455719910562
0.4145162105560303	0.5134683057788315	0.6470588235294118	0.5118148326873779	0.7152638146977822	0.9090909090909091	0.2727272727272727	1.0	0.615909090909091	0.00030887796310707927	1.0364155769348145	0.0004051464784424752	0.00021551561076194048	shuffled	vorinostat	PSMB5	51	0.00030887796310707927	0.0	0.0	0.001003455719910562
0.4930110573768616	0.5670582503957903	0.6976744186046512	0.672829270362854	0.6166666666666666	0.8888888888888888	0.4444444444444444	1.0	0.7679738562091504	0.00027490995125845075	0.5184997916221619	0.0004792980616912246	0.00016550124564673752	true	curcumin		43	0.00027490995125845075	0.0	0.0	0.0009888416389003396
0.4930110573768616	0.5670582503957903	0.6976744186046512	0.672829270362854	0.6166666666666666	0.8888888888888888	0.4444444444444444	1.0	0.7679738562091504	0.00027490995125845075	0.5184997916221619	0.0004792980616912246	0.00016550124564673752	zero	curcumin		43	0.00027490995125845075	0.0	0.0	0.0009888416389003396
0.5289450287818909	0.5264192016795339	0.6511627906976745	0.7102056741714478	0.5833333333333334	0.7777777777777778	0.3333333333333333	1.0	0.6797385620915033	0.04043382406234741	0.5184997916221619	0.05611623078584671	0.028683295473456383	shuffled	curcumin	EGFR	43	6.384266453096643e-05	0.023327231407165527	0.017719797790050507	0.0002847211726475507
0.6606648564338684	0.6317181494684952	0.6744186046511628	0.7966777086257935	0.7119666788018509	0.7777777777777778	0.3333333333333333	1.0	0.5980392156862745	0.03687078133225441	0.5846125483512878	0.04695676267147064	0.02412990666925907	true	vorinostat	HDAC1;HDAC2;HDAC3;HDAC6	43	0.0004455306916497648	0.01448206976056099	0.022604620084166527	0.0016175317578017712
0.5211489200592041	0.6073951500509589	0.6744186046511628	0.6157311201095581	0.5933055656682091	0.8888888888888888	0.3333333333333333	1.0	0.7124183006535948	0.00027490995125845075	0.5846125483512878	0.0004365248023532331	8.282358612632379e-05	zero	vorinostat		43	0.00027490995125845075	0.0	0.0	0.0009888416389003396
0.5211489200592041	0.6073951500509589	0.6744186046511628	0.6157311201095581	0.5933055656682091	0.8888888888888888	0.3333333333333333	1.0	0.7124183006535948	0.00027490995125845075	0.5846125483512878	0.0004365248023532331	8.282358612632379e-05	shuffled	vorinostat	PSMB5	43	0.00027490995125845075	0.0	0.0	0.0009888416389003396
0.8134462833404541	0.9149073569726669	0.8604651162790697	0.9129828214645386	0.7	1.0	0.7777777777777778	1.0	0.9117647058823529	0.0005707133677788079	0.8092688918113708	0.0014960464322939515	0.00028877740260213614	true	curcumin		43	0.0005707133677788079	0.0	0.0	0.0015232012374326587
0.8134462833404541	0.9149073569726669	0.8604651162790697	0.9129828214645386	0.7	1.0	0.7777777777777778	1.0	0.9117647058823529	0.0005707133677788079	0.8092688918113708	0.0014960464322939515	0.00028877740260213614	zero	curcumin		43	0.0005707133677788079	0.0	0.0	0.0015232012374326587
0.9060748815536499	0.9161914904822884	0.8837209302325582	0.9813907742500305	0.7	1.0	0.5555555555555556	1.0	0.9084967320261438	0.05594663321971893	0.8092688918113708	0.09781575202941895	0.03248770534992218	shuffled	curcumin	HDAC1;HDAC2;HDAC3;HDAC6	43	0.000929349975194782	0.02172044850885868	0.034075818955898285	0.0025602406822144985
0.757151186466217	0.7281036999553778	0.813953488372093	0.745538592338562	0.8333333333333333	0.7777777777777778	0.4444444444444444	1.0	0.7581699346405228	0.05594663321971893	0.6595858335494995	0.08198034763336182	0.039248090237379074	true	vorinostat	HDAC1;HDAC2;HDAC3;HDAC6	43	0.000929349975194782	0.02172044850885868	0.034075818955898285	0.0025602406822144985
0.612410306930542	0.6830079525880824	0.7906976744186046	0.615202784538269	0.75	0.7777777777777778	0.5555555555555556	0.8	0.8137254901960784	0.0005707133677788079	0.6595858335494995	0.0011510052718222141	0.00032241566805168986	zero	vorinostat		43	0.0005707133677788079	0.0	0.0	0.0015232012374326587
0.612410306930542	0.6830079525880824	0.7906976744186046	0.615202784538269	0.75	0.7777777777777778	0.5555555555555556	0.8	0.8137254901960784	0.0005707133677788079	0.6595858335494995	0.0011510052718222141	0.00032241566805168986	shuffled	vorinostat	PSMB5	43	0.0005707133677788079	0.0	0.0	0.0015232012374326587
0.4239409863948822	0.6565358733912887	0.8055555555555556	0.7603954076766968	0.8783100656536799	0.75	0.5	1.0	0.6785714285714286	0.0004994255723431706	0.5160632729530334	0.00046573157305829227	0.00024287529231514782	true	curcumin		36	0.0004994255723431706	0.0	0.0	0.0013885210501030087
0.4239409863948822	0.6565358733912887	0.8055555555555556	0.7603954076766968	0.8783100656536799	0.75	0.5	1.0	0.6785714285714286	0.0004994255723431706	0.5160632729530334	0.00046573157305829227	0.00024287529231514782	zero	curcumin		36	0.0004994255723431706	0.0	0.0	0.0013885210501030087
0.6679219603538513	0.7276241044842647	0.6944444444444444	0.9233600497245789	0.8783100656536799	0.875	0.375	1.0	0.6339285714285714	0.05989156663417816	0.5160632729530334	0.06837324053049088	0.043820399791002274	shuffled	curcumin	PIK3CA;PIK3CB;MTOR	36	0.0008069039322435856	0.027896156534552574	0.031769782304763794	0.0023240738082677126
0.7429915070533752	0.777553757869742	0.75	0.8092070817947388	0.6182840223353118	1.0	0.42857142857142855	1.0	0.7942857142857143	0.04561382532119751	0.8347915410995483	0.08689609915018082	0.030589276924729347	true	vorinostat	HDAC1;HDAC2;HDAC3;HDAC6	32	0.000789875746704638	0.01855689287185669	0.026628732681274414	0.0024073035456240177
0.5411092638969421	0.6730241253259324	0.75	0.5704161524772644	0.7455777916396408	0.8571428571428571	0.42857142857142855	1.0	0.76	0.0005273622809909284	0.8347915410995483	0.0014748123940080404	0.0002647458459250629	zero	vorinostat		32	0.0005273622809909284	0.0	0.0	0.0014509398024529219
0.5411092638969421	0.6730241253259324	0.75	0.5704161524772644	0.7455777916396408	0.8571428571428571	0.42857142857142855	1.0	0.76	0.0005273622809909284	0.8347915410995483	0.0014748123940080404	0.0002647458459250629	shuffled	vorinostat	PSMB5	32	0.0005273622809909284	0.0	0.0	0.0014509398024529219
0.5939112305641174	0.5308698150604607	0.7777777777777778	0.6523158550262451	0.6107893935757621	1.0	0.625	1.0	0.8348214285714286	0.00045170102384872735	0.4760721027851105	0.0011927285231649876	0.0002283680805703625	true	curcumin		36	0.00045170102384872735	0.0	0.0	0.0011678894516080618
0.5939112305641174	0.5308698150604607	0.7777777777777778	0.6523158550262451	0.6107893935757621	1.0	0.625	1.0	0.8348214285714286	0.00045170102384872735	0.4760721027851105	0.0011927285231649876	0.0002283680805703625	zero	curcumin		36	0.00045170102384872735	0.0	0.0	0.0011678894516080618
0.6961193680763245	0.5348613174293363	0.7777777777777778	0.8725813627243042	0.7545045450053531	1.0	0.5	1.0	0.71875	0.035885799676179886	0.4760721027851105	0.05954040586948395	0.026979345828294754	shuffled	curcumin	ABL1;KIT	36	0.0008465712307952344	0.015467684715986252	0.020051540806889534	0.002900277264416218
0.5240532159805298	0.46919466555428546	0.6944444444444444	0.634431779384613	0.19047619047619052	0.875	0.5	1.0	0.7098214285714286	0.036933962255716324	0.5851035118103027	0.06428439170122147	0.026990527287125587	true	vorinostat	HDAC1;HDAC2;HDAC3;HDAC6	36	0.0006812864448875189	0.01409829966723919	0.023315802216529846	0.0019455309957265854
0.4258137047290802	0.3915535065726076	0.7222222222222222	0.4757132828235626	0.19047619047619052	0.875	0.5	1.0	0.65625	0.00045170102384872735	0.5851035118103027	0.0010592718608677387	0.0002666492073331028	zero	vorinostat		36	0.00045170102384872735	0.0	0.0	0.0011678894516080618
0.4258137047290802	0.3915535065726076	0.7222222222222222	0.4757132828235626	0.19047619047619052	0.875	0.5	1.0	0.65625	0.00045170102384872735	0.5851035118103027	0.0010592718608677387	0.0002666492073331028	shuffled	vorinostat	PSMB5	36	0.00045170102384872735	0.0	0.0	0.0011678894516080618
0.292987585067749	0.37803047724854544	0.7575757575757576	0.6614330410957336	0.2594372608313854	0.8571428571428571	0.2857142857142857	1.0	0.6428571428571429	0.039152853190898895	1.1704109907150269	0.04584486410021782	0.03848978504538536	true	Selumetinib	MAP2K1;MAP2K2	33	0.000284153560642153	0.01659526489675045	0.023797743022441864	0.0006774751818738878
0.1494765728712082	0.39057018790473336	0.7575757575757576	0.007001662626862526	0.22237479499833038	0.7142857142857143	0.2857142857142857	0.5	0.5274725274725275	0.00025623157853260636	1.1704109907150269	0.0003015125112142414	0.00019373238319531083	zero	Selumetinib		33	0.00025623157853260636	0.0	0.0	0.000972796930000186
0.4506187438964844	0.46413649042103594	0.7575757575757576	0.6200764775276184	0.037062465833055065	0.8571428571428571	0.2857142857142857	1.0	0.6648351648351648	0.03750348463654518	1.1704109907150269	0.048169489949941635	0.028606247156858444	shuffled	Selumetinib	ABL1;KIT	33	0.0005078781978227198	0.0165812186896801	0.020913027226924896	0.0024190188851207495
0.6499104499816895	0.672797275740003	0.8484848484848485	0.5018205046653748	0.07412493166611013	0.8571428571428571	0.2857142857142857	1.0	0.5824175824175825	0.03672019764780998	0.5682671666145325	0.04306821897625923	0.030324142426252365	true	Nilotinib	ABL1;KIT;PDGFRB	33	0.0004842644848395139	0.01606084406375885	0.020621001720428467	0.002297446131706238
0.3283728063106537	0.524995886139068	0.7272727272727273	-0.24940195679664612	-0.14824986333222026	0.5714285714285714	0.14285714285714285	0.0	0.4230769230769231	0.00025623157853260636	0.5682671666145325	0.00019582350796554238	0.00021998255397193134	zero	Nilotinib		33	0.00025623157853260636	0.0	0.0	0.000972796930000186
0.48937326669692993	0.5646213718126218	0.7575757575757576	0.3865695893764496	0.07412493166611013	0.7142857142857143	0.2857142857142857	1.0	0.5054945054945055	0.042377717792987823	0.5682671666145325	0.04406553506851196	0.04233203083276749	shuffled	Nilotinib	EGFR	33	5.531624628929421e-05	0.024284305050969124	0.019217446446418762	0.0002831820456776768
0.6223225593566895	0.7247952759276624	0.7878787878787878	0.627781867980957	0.34235623582431246	0.8571428571428571	0.42857142857142855	1.0	0.7362637362637363	0.048743803054094315	0.7999143600463867	0.0696294978260994	0.039737991988658905	true	dactolisib	PIK3CA;PIK3CB;MTOR	33	0.0004179439856670797	0.021031400188803673	0.027450772002339363	0.0016346912598237395
0.438757061958313	0.6768099831499832	0.7272727272727273	0.4635748863220215	0.12613124477737828	0.8571428571428571	0.5714285714285714	0.75	0.7637362637362637	0.00025623157853260636	0.7999143600463867	0.0004334441036917269	0.0002420791715849191	zero	dactolisib		33	0.00025623157853260636	0.0	0.0	0.000972796930000186
0.6362977623939514	0.7065708964406692	0.7272727272727273	0.7184647917747498	0.4504687313477795	0.8571428571428571	0.42857142857142855	1.0	0.7637362637362637	0.03672019764780998	0.7999143600463867	0.052782732993364334	0.027203699573874474	shuffled	dactolisib	ABL1;KIT;PDGFRB	33	0.0004842644848395139	0.01606084406375885	0.020621001720428467	0.002297446131706238
0.5307825803756714	0.4609597637214683	0.6666666666666666	0.8921244740486145	0.9549937104572925	1.0	0.42857142857142855	1.0	0.5989010989010989	0.037262123078107834	0.4869900941848755	0.044620953500270844	0.03438829630613327	true	vorinostat	HDAC1;HDAC2;HDAC3;HDAC6	33	0.0003740399261005223	0.01397626381367445	0.023475827649235725	0.0016064370283856988
0.395408570766449	0.4022739178505088	0.6363636363636364	0.6374098062515259	0.7567874686642696	0.8571428571428571	0.2857142857142857	1.0	0.5384615384615384	0.00025623157853260636	0.4869900941848755	0.0003221302467864007	0.00021241387003101408	zero	vorinostat		33	0.00025623157853260636	0.0	0.0	0.000972796930000186
0.395408570766449	0.4022739178505088	0.6363636363636364	0.6374098062515259	0.7567874686642696	0.8571428571428571	0.2857142857142857	1.0	0.5384615384615384	0.00025623157853260636	0.4869900941848755	0.0003221302467864007	0.00021241387003101408	shuffled	vorinostat	PSMB5	33	0.00025623157853260636	0.0	0.0	0.000972796930000186
0.6564164161682129	0.731581459373166	0.8205128205128205	0.7331624031066895	0.9047619047619048	1.0	0.5	1.0	0.6814516129032258	0.036616113036870956	0.5786794424057007	0.058793582022190094	0.030081771314144135	true	vorinostat	HDAC1;HDAC2;HDAC3;HDAC6	39	0.00044629842159338295	0.013789089396595955	0.02316424623131752	0.0016538194613531232
0.5060220956802368	0.6817561440337974	0.7692307692307693	0.5025492906570435	0.9047619047619048	0.75	0.625	1.0	0.7862903225806451	0.0003105169744230807	0.5786794424057007	0.0008012101170606911	0.00016602141840849072	zero	vorinostat		39	0.0003105169744230807	0.0	0.0	0.0010011919075623155
0.5060220956802368	0.6817561440337974	0.7692307692307693	0.5025492906570435	0.9047619047619048	0.75	0.625	1.0	0.7862903225806451	0.0003105169744230807	0.5786794424057007	0.0008012101170606911	0.00016602141840849072	shuffled	vorinostat	PSMB5	39	0.0003105169744230807	0.0	0.0	0.0010011919075623155
0.21848636865615845	0.4029408531977316	0.6486486486486487	0.8238860368728638	0.880952380952381	1.0	0.125	1.0	0.5	0.04846694692969322	0.6050338745117188	0.038741499185562134	0.05624648556113243	true	Selumetinib	MAP2K1;MAP2K2	37	0.0005246999207884073	0.022146791219711304	0.02647937647998333	0.0009119613096117973
0.3114232122898102	0.42606429827529413	0.5135135135135135	0.8799002766609192	0.9047619047619048	0.875	0.125	1.0	0.5948275862068966	0.0004056650213897228	0.6050338745117188	0.00032553102937527	0.0004454032750800252	zero	Selumetinib		37	0.0004056650213897228	0.0	0.0	0.0012008138000965118
0.36674198508262634	0.39416580224522063	0.5675675675675675	0.8605711460113525	0.8333333333333335	0.875	0.125	1.0	0.6336206896551724	0.04022868350148201	0.6050338745117188	0.044031109660863876	0.03615546226501465	shuffled	Selumetinib	ABL1;KIT	37	0.0008058917592279613	0.017368296161293983	0.02243853360414505	0.0029532015323638916
0.7933989763259888	0.6986837866512756	0.7027027027027027	0.9555651545524597	0.9700772721497397	1.0	0.625	1.0	0.853448275862069	0.039609313011169434	0.4752514958381653	0.07363079488277435	0.027483128011226654	true	Nilotinib	ABL1;KIT;PDGFRB	37	0.0007730209617875516	0.01698898896574974	0.02219408191740513	0.0028103026561439037
0.7893118262290955	0.6952449153320484	0.8108108108108109	0.8369402885437012	0.9101959590540767	0.75	0.5	1.0	0.7068965517241379	0.0004056650213897228	0.4752514958381653	0.0008885604911483824	0.0002135120885213837	zero	Nilotinib		37	0.0004056650213897228	0.0	0.0	0.0012008138000965118
0.725269079208374	0.7399502424820026	0.7567567567567568	0.945566713809967	0.9700772721497397	1.0	0.5	1.0	0.75	0.04908081516623497	0.4752514958381653	0.07321275770664215	0.03962986543774605	shuffled	Nilotinib	EGFR	37	8.395938493777066e-05	0.027583815157413483	0.02210157737135887	0.0003395049716345966
0.5995153784751892	0.6686825989352585	0.7027027027027027	0.7183040976524353	0.5389318178609664	0.875	0.25	1.0	0.5991379310344828	0.060075175017118454	0.8670492172241211	0.07073169946670532	0.04401138052344322	true	dactolisib	PIK3CA;PIK3CB;MTOR	37	0.0006616051541641355	0.027813885360956192	0.031635720282793045	0.0020124325528740883
0.5328319668769836	0.6546899501190925	0.7837837837837838	0.5835031867027283	0.5389318178609664	0.875	0.375	1.0	0.6077586206896551	0.0004056650213897228	0.8670492172241211	0.0005335850873962045	0.00027199796750210226	zero	dactolisib		37	0.0004056650213897228	0.0	0.0	0.0012008138000965118
0.6682643294334412	0.7119649448496705	0.6756756756756757	0.747135579586029	0.5149792926227014	0.875	0.375	1.0	0.6982758620689655	0.039609313011169434	0.8670492172241211	0.055819787085056305	0.023690439760684967	shuffled	dactolisib	ABL1;KIT;PDGFRB	37	0.0007730209617875516	0.01698898896574974	0.02219408191740513	0.0028103026561439037
0.40436169505119324	0.3001304589297995	0.6756756756756757	0.8522133231163025	0.9523809523809524	1.0	0.375	1.0	0.5948275862068966	0.04198057949542999	0.489061564207077	0.049844078719615936	0.04458286613225937	true	vorinostat	HDAC1;HDAC2;HDAC3;HDAC6	37	0.0006030935328453779	0.015928536653518677	0.02605007216334343	0.001981529174372554
0.3374282419681549	0.3034507484793982	0.5945945945945946	0.6253271698951721	0.9047619047619048	0.75	0.375	1.0	0.5646551724137931	0.0004056650213897228	0.489061564207077	0.0005514692747965455	0.00042304181260988116	zero	vorinostat		37	0.0004056650213897228	0.0	0.0	0.0012008138000965118
0.3374282419681549	0.3034507484793982	0.5945945945945946	0.6253271698951721	0.9047619047619048	0.75	0.375	1.0	0.5646551724137931	0.0004056650213897228	0.489061564207077	0.0005514692747965455	0.00042304181260988116	shuffled	vorinostat	PSMB5	37	0.0004056650213897228	0.0	0.0	0.0012008138000965118
0.4750652313232422	0.5186118578637235	0.631578947368421	0.8259701132774353	0.8571428571428572	0.75	0.5	1.0	0.8208333333333333	0.03995627164840698	0.483893483877182	0.060644861310720444	0.033341798931360245	true	Selumetinib	MAP2K1;MAP2K2	38	0.00034279070678167045	0.018458323553204536	0.022541234269738197	0.0007109956932254136
0.6267415881156921	0.5431356189279993	0.6578947368421053	0.7047353982925415	0.8571428571428572	0.875	0.375	1.0	0.6666666666666666	0.00032747467048466206	0.483893483877182	0.0008069254108704627	0.00019145548867527395	zero	Selumetinib		38	0.00032747467048466206	0.0	0.0	0.0010449658147990704
0.6131858229637146	0.5252902035106914	0.631578947368421	0.7999295592308044	0.8333333333333335	0.75	0.5	1.0	0.7791666666666667	0.033868201076984406	0.483893483877182	0.05247661471366882	0.021981099620461464	shuffled	Selumetinib	ABL1;KIT	38	0.000696625909768045	0.014639150351285934	0.019420893862843513	0.0025469150859862566
0.5386756062507629	0.5474053808990115	0.7105263157894737	0.5743424892425537	0.8539125638299666	0.5	0.25	1.0	0.375	0.033300381153821945	0.7516258358955383	0.03273932635784149	0.02985409088432789	true	Nilotinib	ABL1;KIT;PDGFRB	38	0.000666045059915632	0.014266395010054111	0.019262859597802162	0.002419430064037442
0.4878495931625366	0.6583097110691511	0.7631578947368421	0.5801628828048706	0.8783100656536799	0.875	0.375	1.0	0.45	0.00032747467048466206	0.7516258358955383	0.0005831684684380889	0.00027686101384460926	zero	Nilotinib		38	0.00032747467048466206	0.0	0.0	0.0010449658147990704
0.5535074472427368	0.5980951191702599	0.7368421052631579	0.5429478287696838	0.8539125638299666	0.625	0.25	1.0	0.48333333333333334	0.04441134259104729	0.7516258358955383	0.047278620302677155	0.03634911775588989	shuffled	Nilotinib	EGFR	38	7.24516503396444e-05	0.02645440399646759	0.01891738921403885	0.00030083878664299846
0.6381463408470154	0.6455004251561143	0.8157894736842105	0.9669371247291565	0.880952380952381	1.0	0.25	1.0	0.6333333333333333	0.049286287277936935	0.521217405796051	0.06063486263155937	0.055121421813964844	true	dactolisib	PIK3CA;PIK3CB;MTOR	38	0.0005376895423978567	0.022487761452794075	0.026348503306508064	0.0017461753450334072
0.6814824342727661	0.6171448264255456	0.7631578947368421	0.8188164234161377	0.9047619047619048	0.75	0.375	1.0	0.6291666666666667	0.00032747467048466206	0.521217405796051	0.0005659914459101856	0.00033707733382470906	zero	dactolisib		38	0.00032747467048466206	0.0	0.0	0.0010449658147990704
0.7888473868370056	0.7203854812630991	0.868421052631579	0.9697681069374084	0.9047619047619048	1.0	0.5	1.0	0.7	0.033300381153821945	0.521217405796051	0.04821884632110596	0.028754619881510735	shuffled	dactolisib	ABL1;KIT;PDGFRB	38	0.000666045059915632	0.014266395010054111	0.019262859597802162	0.002419430064037442
0.5727855563163757	0.45347061753674117	0.631578947368421	0.8563827276229858	0.8095238095238096	0.875	0.375	1.0	0.6375	0.03524862974882126	0.5934772491455078	0.04618924856185913	0.028773602098226547	true	vorinostat	HDAC1;HDAC2;HDAC3;HDAC6	38	0.0005090815830044448	0.013393305242061615	0.02232375741004944	0.0017180287977680564
0.5122997760772705	0.4213926622160591	0.6578947368421053	0.6397767663002014	0.7619047619047621	0.875	0.25	1.0	0.39166666666666666	0.00032747467048466206	0.5934772491455078	0.0004890809068456292	0.00027502825832925737	zero	vorinostat		38	0.00032747467048466206	0.0	0.0	0.0010449658147990704
0.5122997760772705	0.4213926622160591	0.6578947368421053	0.6397767663002014	0.7619047619047621	0.875	0.25	1.0	0.39166666666666666	0.00032747467048466206	0.5934772491455078	0.0004890809068456292	0.00027502825832925737	shuffled	vorinostat	PSMB5	38	0.00032747467048466206	0.0	0.0	0.0010449658147990704
0.5693931579589844	0.3905588772548256	0.5483870967741935	0.8670147657394409	0.8288624656799143	1.0	0.7142857142857143	1.0	0.8035714285714286	0.031447798013687134	0.5167538523674011	0.052673958241939545	0.020254725590348244	true	Ponatinib	ABL1;KIT	31	0.0007899585762061179	0.01454898715019226	0.016535062342882156	0.0029761050827801228
0.48677054047584534	0.5051443329783488	0.5483870967741935	0.5268673896789551	0.9189562119494703	0.8571428571428571	0.2857142857142857	1.0	0.5654761904761905	0.0003405830357223749	0.5167538523674011	0.0007419948233291507	0.0001164025379694067	zero	Ponatinib		31	0.0003405830357223749	0.0	0.0	0.0012610689736902714
0.5623559355735779	0.3820860090499172	0.5483870967741935	0.8635757565498352	0.8288624656799143	1.0	0.7142857142857143	1.0	0.8035714285714286	0.03217986971139908	0.5167538523674011	0.05327390879392624	0.020626090466976166	shuffled	Ponatinib	ABL1;SRC;LYN;LCK;HCK;KIT;PDGFRB;YES1	31	0.0007850300753489137	0.01493831630796194	0.01677103340625763	0.0029488278087228537
0.6355347037315369	0.6503935022053501	0.7096774193548387	0.6442831158638	0.8571428571428573	0.7142857142857143	0.2857142857142857	1.0	0.5952380952380952	0.03217986971139908	0.5215031504631042	0.04979913681745529	0.022934671491384506	true	Dasatinib	ABL1;SRC;LYN;LCK;HCK;KIT;PDGFRB;YES1	31	0.0007850300753489137	0.01493831630796194	0.01677103340625763	0.0029488278087228537
0.42850261926651	0.45471059366341776	0.6451612903225806	0.5203738212585449	0.6071428571428572	0.8571428571428571	0.42857142857142855	0.6666666666666666	0.5654761904761905	0.0003405830357223749	0.5215031504631042	0.0009472268866375089	0.00016196897195186466	zero	Dasatinib		31	0.0003405830357223749	0.0	0.0	0.0012610689736902714
0.623569667339325	0.6031875222065747	0.6774193548387096	0.6068772077560425	0.7142857142857144	0.7142857142857143	0.2857142857142857	1.0	0.6488095238095238	0.030049767345190048	0.5215031504631042	0.04799209162592888	0.019601410254836082	shuffled	Dasatinib	HDAC1;HDAC2;HDAC3;HDAC6	31	0.0005575889372266829	0.012233687564730644	0.017927853390574455	0.0020632436498999596
0.6688242554664612	0.5824088216088231	0.6774193548387096	0.7970942854881287	0.39295262399668796	0.8571428571428571	0.5714285714285714	1.0	0.7380952380952381	0.03694424405694008	0.5552261471748352	0.058575134724378586	0.029350105673074722	true	Gefitinib	EGFR	31	7.763999747112393e-05	0.022594941779971123	0.014921833761036396	0.0003467851784080267
0.5394165515899658	0.5939077141726273	0.5161290322580645	0.6274233460426331	0.39295262399668796	0.5714285714285714	0.42857142857142855	0.6666666666666666	0.6964285714285714	0.0003405830357223749	0.5552261471748352	0.0010049287229776382	0.00016881246119737625	zero	Gefitinib		31	0.0003405830357223749	0.0	0.0	0.0012610689736902714
0.5709680914878845	0.6915474334863337	0.7419354838709677	0.8720041513442993	0.39295262399668796	1.0	0.5714285714285714	1.0	0.7261904761904762	0.035185012966394424	0.5552261471748352	0.05392862483859062	0.03267879784107208	shuffled	Gefitinib	MAP2K1;MAP2K2	31	0.0003582293284125626	0.01738562248647213	0.019049879163503647	0.0008270986727438867
0.7439855337142944	0.6181159090437942	0.8064516129032258	0.9381693005561829	0.900937462695559	1.0	0.7142857142857143	1.0	0.8869047619047619	0.030822034925222397	0.46858248114585876	0.061440687626600266	0.019709086045622826	true	Imatinib	ABL1;KIT;PDGFRB	31	0.000757357629481703	0.014175591990351677	0.016241976991295815	0.0028340104036033154
0.6218029260635376	0.6350616454536111	0.7096774193548387	0.7027747631072998	0.9549937104572925	1.0	0.42857142857142855	1.0	0.8214285714285714	0.0003405830357223749	0.46858248114585876	0.0010149332229048014	0.00013803939509671181	zero	Imatinib		31	0.0003405830357223749	0.0	0.0	0.0012610689736902714
0.6632653474807739	0.6142829448558594	0.7419354838709677	0.9519438147544861	0.9549937104572925	1.0	0.7142857142857143	1.0	0.8452380952380952	0.03694424405694008	0.46858248114585876	0.06560362875461578	0.03151820972561836	shuffled	Imatinib	EGFR	31	7.763999747112393e-05	0.022594941779971123	0.014921833761036396	0.0003467851784080267
0.7027134895324707	0.4861812469959347	0.6774193548387096	0.9034526944160461	0.9642857142857145	0.8571428571428571	0.42857142857142855	1.0	0.7321428571428571	0.03383735939860344	0.4225625991821289	0.058403968811035156	0.025803986936807632	true	Bosutinib	ABL1;SRC;LYN;HCK	31	0.0008063681307248771	0.01573706977069378	0.017602670937776566	0.0029753302223980427
0.7750482559204102	0.414363602211473	0.45161290322580644	0.8720381259918213	0.9642857142857145	0.5714285714285714	0.5714285714285714	1.0	0.75	0.0003405830357223749	0.4225625991821289	0.0010289568454027176	0.00015374086797237396	zero	Bosutinib		31	0.0003405830357223749	0.0	0.0	0.0012610689736902714
0.5501031875610352	0.4516845693045219	0.6774193548387096	0.7547028064727783	0.9642857142857145	0.8571428571428571	0.5714285714285714	1.0	0.7559523809523809	0.05163274705410004	0.4225625991821289	0.08130086213350296	0.03751750662922859	shuffled	Bosutinib	EGFR;ERBB2	31	0.0003114058927167207	0.02760404907166958	0.02438320405781269	0.0011956735979765654
0.4417196214199066	0.4561227383642359	0.6774193548387096	0.32689571380615234	0.24325638628366394	0.7142857142857143	0.5714285714285714	0.5	0.7738095238095238	0.05163274705410004	0.48844027519226074	0.07344043999910355	0.03153124824166298	true	Lapatinib	EGFR;ERBB2	31	0.0003114058927167207	0.02760404907166958	0.02438320405781269	0.0011956735979765654
-0.1720483899116516	0.39943521537425347	0.5161290322580645	-0.34749671816825867	0.05613608914238399	0.2857142857142857	0.2857142857142857	0.0	0.5416666666666666	0.0003405830357223749	0.48844027519226074	0.0007875722949393094	0.00013458389730658382	zero	Lapatinib		31	0.0003405830357223749	0.0	0.0	0.0012610689736902714
0.42674121260643005	0.44724640024480805	0.7419354838709677	0.31017830967903137	-0.09356014857063998	0.7142857142857143	0.42857142857142855	0.6666666666666666	0.7559523809523809	0.03988067805767059	0.48844027519226074	0.05725587159395218	0.023365568369627	shuffled	Lapatinib	PIK3CA;PIK3CB;MTOR	31	0.0005673831910826266	0.018300393596291542	0.021406253799796104	0.002086561406031251
0.31926289200782776	0.3796651895628005	0.6451612903225806	0.7424007058143616	0.594618725379069	0.8571428571428571	0.42857142857142855	1.0	0.7678571428571429	0.035185012966394424	0.591749370098114	0.04439957067370415	0.04196678102016449	true	Trametinib	MAP2K1;MAP2K2	31	0.0003582293284125626	0.01738562248647213	0.019049879163503647	0.0008270986727438867
0.14909236133098602	0.5406496854560602	0.6774193548387096	0.3002183735370636	0.4504687313477795	0.5714285714285714	0.2857142857142857	1.0	0.6011904761904762	0.0003405830357223749	0.591749370098114	0.0003602607757784426	0.0004390014219097793	zero	Trametinib		31	0.0003405830357223749	0.0	0.0	0.0012610689736902714
0.34126895666122437	0.3070406049492999	0.6129032258064516	0.6515629887580872	0.594618725379069	0.8571428571428571	0.5714285714285714	1.0	0.7916666666666666	0.031447798013687134	0.591749370098114	0.04857390373945236	0.029876643791794777	shuffled	Trametinib	ABL1;KIT	31	0.0007899585762061179	0.01454898715019226	0.016535062342882156	0.0029761050827801228
0.44819074869155884	0.3937866365709812	0.5806451612903226	0.5593023896217346	0.9285714285714288	0.7142857142857143	0.42857142857142855	1.0	0.5297619047619048	0.0003405830357223749	0.999932587146759	0.0009281283128075302	0.00015726588026154786	true	Carfilzomib	PSMB5	31	0.0003405830357223749	0.0	0.0	0.0012610689736902714
0.44819074869155884	0.3937866365709812	0.5806451612903226	0.5593023896217346	0.9285714285714288	0.7142857142857143	0.42857142857142855	1.0	0.5297619047619048	0.0003405830357223749	0.999932587146759	0.0009281283128075302	0.00015726588026154786	zero	Carfilzomib		31	0.0003405830357223749	0.0	0.0	0.0012610689736902714
0.44041678309440613	0.3138995934961305	0.5483870967741935	0.7424855828285217	0.8571428571428573	0.7142857142857143	0.42857142857142855	1.0	0.6904761904761905	0.03383735939860344	0.999932587146759	0.05567406862974167	0.027632789686322212	shuffled	Carfilzomib	ABL1;SRC;LYN;HCK	31	0.0008063681307248771	0.01573706977069378	0.017602670937776566	0.0029753302223980427
0.6853694915771484	0.5545693975069811	0.7419354838709677	0.8913447856903076	0.981980506061966	0.8571428571428571	0.5714285714285714	1.0	0.7619047619047619	0.03694424405694008	0.5779380798339844	0.06012343615293503	0.028699088841676712	true	Erlotinib	EGFR	31	7.763999747112393e-05	0.022594941779971123	0.014921833761036396	0.0003467851784080267
0.7354499697685242	0.5003026940041154	0.5161290322580645	0.8428449034690857	0.9274260335029679	0.7142857142857143	0.5714285714285714	0.75	0.8214285714285714	0.0003405830357223749	0.5779380798339844	0.0010695846285670996	0.00013375221169553697	zero	Erlotinib		31	0.0003405830357223749	0.0	0.0	0.0012610689736902714
0.5173330307006836	0.6641114792990113	0.7419354838709677	0.9690601825714111	0.981980506061966	1.0	0.5714285714285714	1.0	0.7321428571428571	0.035185012966394424	0.5779380798339844	0.05399153381586075	0.03297170251607895	shuffled	Erlotinib	MAP2K1;MAP2K2	31	0.0003582293284125626	0.01738562248647213	0.019049879163503647	0.0008270986727438867
0.6046252846717834	0.6221506081889886	0.7096774193548387	0.8563981056213379	0.8928571428571429	1.0	0.42857142857142855	1.0	0.6607142857142857	0.030049767345190048	0.5888195633888245	0.040268801152706146	0.018084963783621788	true	Vorinostat	HDAC1;HDAC2;HDAC3;HDAC6	31	0.0005575889372266829	0.012233687564730644	0.017927853390574455	0.0020632436498999596
0.6027204394340515	0.596328533659744	0.6129032258064516	0.639792799949646	0.8928571428571429	0.7142857142857143	0.42857142857142855	1.0	0.7321428571428571	0.0003405830357223749	0.5888195633888245	0.0008194270194508135	9.369298641104251e-05	zero	Vorinostat		31	0.0003405830357223749	0.0	0.0	0.0012610689736902714
0.6027204394340515	0.596328533659744	0.6129032258064516	0.639792799949646	0.8928571428571429	0.7142857142857143	0.42857142857142855	1.0	0.7321428571428571	0.0003405830357223749	0.5888195633888245	0.0008194270194508135	9.369298641104251e-05	shuffled	Vorinostat	PSMB5	31	0.0003405830357223749	0.0	0.0	0.0012610689736902714
0.6329795718193054	0.5850313760531994	0.6451612903225806	0.7398800253868103	0.8829187134416479	0.7142857142857143	0.2857142857142857	1.0	0.6190476190476191	0.0003405830357223749	0.8706541657447815	0.0009260193328373134	0.00016448950918857008	true	Bortezomib	PSMB5	31	0.0003405830357223749	0.0	0.0	0.0012610689736902714
0.6329795718193054	0.5850313760531994	0.6451612903225806	0.7398800253868103	0.8829187134416479	0.7142857142857143	0.2857142857142857	1.0	0.6190476190476191	0.0003405830357223749	0.8706541657447815	0.0009260193328373134	0.00016448950918857008	zero	Bortezomib		31	0.0003405830357223749	0.0	0.0	0.0012610689736902714
0.5568957924842834	0.40871502340820076	0.5483870967741935	0.8965032696723938	0.9369749612033814	0.8571428571428571	0.7142857142857143	1.0	0.8571428571428571	0.03383735939860344	0.8706541657447815	0.06468283385038376	0.025444410741329193	shuffled	Bortezomib	ABL1;SRC;LYN;HCK	31	0.0008063681307248771	0.01573706977069378	0.017602670937776566	0.0029753302223980427
0.07975991070270538	0.019622229266995847	0.5	0.2093018889427185	0.07142857142857144	0.42857142857142855	0.14285714285714285	1.0	0.4114285714285714	0.03704482316970825	0.3502555787563324	0.030427411198616028	0.03524131327867508	true	Ponatinib	ABL1;KIT	32	0.0004676611570175737	0.016252409666776657	0.020732473582029343	0.002237299457192421
0.11983742564916611	-0.017421605423968273	0.4375	0.4401114284992218	0.07142857142857144	0.5714285714285714	0.2857142857142857	1.0	0.5542857142857143	0.00023680654703639448	0.3502555787563324	0.00024408566241618246	0.00017730168474372476	zero	Ponatinib		32	0.00023680654703639448	0.0	0.0	0.0008842579554766417
0.07670503109693527	0.018888687985986655	0.5	0.20915140211582184	0.07142857142857144	0.42857142857142855	0.14285714285714285	1.0	0.41714285714285715	0.037562161684036255	0.3502555787563324	0.030838359147310257	0.035630133002996445	shuffled	Ponatinib	ABL1;SRC;LYN;LCK;HCK;KIT;PDGFRB;YES1	32	0.00046076218131929636	0.016555525362491608	0.02091267891228199	0.0022280702833086252
0.718296229839325	0.7482349564763162	0.8387096774193549	0.8940139412879944	0.8153742483272114	1.0	0.42857142857142855	1.0	0.7261904761904762	0.038599900901317596	0.6869378089904785	0.05635794624686241	0.03293116018176079	true	Dasatinib	ABL1;SRC;LYN;LCK;HCK;KIT;PDGFRB;YES1	31	0.0004730728396680206	0.016962921246886253	0.021542541682720184	0.0022584116086363792
0.4183042645454407	0.6183176440010539	0.7096774193548387	0.46025732159614563	0.8153742483272114	0.7142857142857143	0.42857142857142855	0.6666666666666666	0.6785714285714286	0.00024167526862584054	0.6869378089904785	0.00042064214358106256	0.00016408259398303926	zero	Dasatinib		31	0.00024167526862584054	0.0	0.0	0.0008963774889707565
0.7366745471954346	0.7284649306648632	0.8387096774193549	0.8988772630691528	0.7412493166611013	1.0	0.42857142857142855	1.0	0.7559523809523809	0.03770746290683746	0.6869378089904785	0.05602935701608658	0.029688261449337006	shuffled	Dasatinib	HDAC1;HDAC2;HDAC3;HDAC6	31	0.00036950723733752966	0.014150850474834442	0.02357637695968151	0.001505476888269186
0.6384206414222717	0.727859725793084	0.7096774193548387	0.892845630645752	0.7748062179181807	1.0	0.5714285714285714	1.0	0.8035714285714286	0.04275514930486679	0.43553975224494934	0.06472354382276535	0.03879254311323166	true	Gefitinib	EGFR	31	5.3187974117463455e-05	0.024375557899475098	0.019008900970220566	0.0002694338036235422
0.6281432509422302	0.6655236239998293	0.7419354838709677	0.6884172558784485	0.8288624656799143	0.8571428571428571	0.5714285714285714	1.0	0.8214285714285714	0.00024167526862584054	0.43553975224494934	0.0005218851147219539	0.0001314015971729532	zero	Gefitinib		31	0.00024167526862584054	0.0	0.0	0.0008963774889707565
0.6824648380279541	0.6980029521186449	0.7741935483870968	0.8880676627159119	0.7748062179181807	1.0	0.7142857142857143	1.0	0.875	0.034592848271131516	0.43553975224494934	0.05981316789984703	0.027668984606862068	shuffled	Gefitinib	MAP2K1;MAP2K2	31	0.00010655182268237695	0.01501109916716814	0.02105117030441761	0.0004807033983524889
0.7076811790466309	0.7337246663294429	0.8125	0.8062916994094849	0.9549937104572925	0.8571428571428571	0.2857142857142857	1.0	0.49142857142857144	0.03630619868636131	0.4220000207424164	0.038939204066991806	0.03180191293358803	true	Imatinib	ABL1;KIT;PDGFRB	32	0.0004450671258382499	0.015803275629878044	0.020437199622392654	0.0021217158064246178
0.5160049796104431	0.6317624282691653	0.6875	0.6350261569023132	0.9189562119494703	0.8571428571428571	0.2857142857142857	1.0	0.5371428571428571	0.00023680654703639448	0.4220000207424164	0.0003123977512586862	0.00013281728024594486	zero	Imatinib		32	0.00023680654703639448	0.0	0.0	0.0008842579554766417
0.6499848961830139	0.6578031437449916	0.8125	0.7840002179145813	0.7748062179181807	0.7142857142857143	0.14285714285714285	1.0	0.4685714285714286	0.04161370173096657	0.4220000207424164	0.03947746753692627	0.0371314212679863	shuffled	Imatinib	EGFR	32	5.194378172745928e-05	0.023861609399318695	0.01846759207546711	0.00026615557726472616
0.6215481758117676	0.6508345015754043	0.71875	0.9037393927574158	0.8524367141602663	1.0	0.14285714285714285	1.0	0.6342857142857142	0.03895867243409157	0.47162485122680664	0.04589298740029335	0.02583710104227066	true	Bosutinib	ABL1;SRC;LYN;HCK	32	0.00046611076686531305	0.017237162217497826	0.021639253944158554	0.0022622798569500446
0.37054702639579773	0.5397029975025119	0.71875	0.3149189352989197	0.555936987495826	0.8571428571428571	0.2857142857142857	0.5	0.5085714285714286	0.00023680654703639448	0.47162485122680664	0.00021354433556552976	0.00018120266031473875	zero	Bosutinib		32	0.00023680654703639448	0.0	0.0	0.0008842579554766417
0.4986536204814911	0.5340180525746907	0.625	0.7177555561065674	0.4076871241636057	0.8571428571428571	0.14285714285714285	1.0	0.6228571428571429	0.06259992718696594	0.47162485122680664	0.07322517782449722	0.04239867255091667	shuffled	Bosutinib	EGFR;ERBB2	32	0.00023151110508479178	0.031803593039512634	0.030964110046625137	0.0008553651859983802
0.7383185625076294	0.7234215567333702	0.8064516129032258	0.8964680433273315	0.6847124716486249	0.8571428571428571	0.5714285714285714	1.0	0.7440476190476191	0.06441892683506012	0.6062911152839661	0.09608984738588333	0.05520420894026756	true	Lapatinib	EGFR;ERBB2	31	0.00023602636065334082	0.03255939483642578	0.03189609572291374	0.0008669745875522494
0.6292402148246765	0.7026428561356185	0.7419354838709677	0.8326665759086609	0.6847124716486249	1.0	0.5714285714285714	1.0	0.7380952380952381	0.00024167526862584054	0.6062911152839661	0.0005085220909677446	0.00019064439402427524	zero	Lapatinib		31	0.00024167526862584054	0.0	0.0	0.0008963774889707565
0.7740970253944397	0.7534800653650691	0.8387096774193549	0.9054353833198547	0.6847124716486249	0.8571428571428571	0.5714285714285714	1.0	0.7380952380952381	0.04875878617167473	0.6062911152839661	0.07671896368265152	0.040748048573732376	shuffled	Lapatinib	PIK3CA;PIK3CB;MTOR	31	0.000395081500755623	0.021583054214715958	0.0268124770373106	0.0015074035618454218
0.5644156336784363	0.7322575837674246	0.75	0.7616133689880371	0.6923450994227358	0.8571428571428571	0.2857142857142857	1.0	0.7085714285714285	0.03354424238204956	0.8005243539810181	0.044552356004714966	0.02409677952528	true	Trametinib	MAP2K1;MAP2K2	32	0.00010391545947641134	0.014682572335004807	0.02050086483359337	0.00047422965872101486
0.2808764576911926	0.5264992544443465	0.625	0.20553719997406006	0.43037668342494384	0.8571428571428571	0.42857142857142855	0.6666666666666666	0.5542857142857143	0.00023680654703639448	0.8005243539810181	0.0003120759502053261	0.000144424062455073	zero	Trametinib		32	0.00023680654703639448	0.0	0.0	0.0008842579554766417
0.6054481863975525	0.7546305928382048	0.8125	0.7879495024681091	0.6923450994227358	1.0	0.2857142857142857	1.0	0.6514285714285715	0.03704482316970825	0.8005243539810181	0.04779769107699394	0.028284847736358643	shuffled	Trametinib	ABL1;KIT	32	0.0004676611570175737	0.016252409666776657	0.020732473582029343	0.002237299457192421
0.5026084780693054	0.5617092359327877	0.6875	0.6720799207687378	0.8108437164260032	0.8571428571428571	0.42857142857142855	1.0	0.5771428571428572	0.00023680654703639448	1.0020873546600342	0.0004013483412563801	0.00017584410670679063	true	Carfilzomib	PSMB5	32	0.00023680654703639448	0.0	0.0	0.0008842579554766417
0.5026084780693054	0.5617092359327877	0.6875	0.6720799207687378	0.8108437164260032	0.8571428571428571	0.42857142857142855	1.0	0.5771428571428572	0.00023680654703639448	1.0020873546600342	0.0004013483412563801	0.00017584410670679063	zero	Carfilzomib		32	0.00023680654703639448	0.0	0.0	0.0008842579554766417
0.6099903583526611	0.5800477679580175	0.75	0.7410644888877869	0.8829187134416479	0.8571428571428571	0.42857142857142855	1.0	0.6857142857142857	0.03895867243409157	1.0020873546600342	0.05440093204379082	0.030852781608700752	shuffled	Carfilzomib	ABL1;SRC;LYN;HCK	32	0.00046611076686531305	0.017237162217497826	0.021639253944158554	0.0022622798569500446
0.4969478249549866	0.6163580613679723	0.71875	0.6483148336410522	0.642857142857143	0.8571428571428571	0.2857142857142857	1.0	0.6	0.04161370173096657	0.5216655731201172	0.0501001700758934	0.03839477151632309	true	Erlotinib	EGFR	32	5.194378172745928e-05	0.023861609399318695	0.01846759207546711	0.00026615557726472616
0.40862125158309937	0.6567028318234779	0.65625	0.5403141379356384	0.642857142857143	0.7142857142857143	0.2857142857142857	1.0	0.6457142857142857	0.00023680654703639448	0.5216655731201172	0.0003344180586282164	0.00020687104552052915	zero	Erlotinib		32	0.00023680654703639448	0.0	0.0	0.0008842579554766417
0.5259369611740112	0.655602519901964	0.71875	0.6319986581802368	0.7500000000000002	0.8571428571428571	0.42857142857142855	1.0	0.6628571428571428	0.03354424238204956	0.5216655731201172	0.04592791944742203	0.030225954949855804	shuffled	Erlotinib	MAP2K1;MAP2K2	32	0.00010391545947641134	0.014682572335004807	0.02050086483359337	0.00047422965872101486
0.10305481404066086	0.0038510917252982503	0.53125	0.10624296963214874	0.41443123283995714	0.42857142857142855	0.5714285714285714	0.5	0.8457142857142858	0.03662195801734924	0.6394988298416138	0.06241634115576744	0.028343724086880684	true	Vorinostat	HDAC1;HDAC2;HDAC3;HDAC6	32	0.00036116730188950896	0.01380336843430996	0.02284088358283043	0.0014845083933323622
0.11768385767936707	0.11901707284374116	0.625	0.03288394212722778	0.41443123283995714	0.42857142857142855	0.42857142857142855	0.3333333333333333	0.6	0.00023680654703639448	0.6394988298416138	0.0004129121662117541	0.00022252430790103972	zero	Vorinostat		32	0.00023680654703639448	0.0	0.0	0.0008842579554766417
0.11768385767936707	0.11901707284374116	0.625	0.03288394212722778	0.41443123283995714	0.42857142857142855	0.42857142857142855	0.3333333333333333	0.6	0.00023680654703639448	0.6394988298416138	0.0004129121662117541	0.00022252430790103972	shuffled	Vorinostat	PSMB5	32	0.00023680654703639448	0.0	0.0	0.0008842579554766417
0.5180182456970215	0.5892170339706323	0.84375	0.614746630191803	0.39285714285714296	0.7142857142857143	0.14285714285714285	1.0	0.5085714285714286	0.00023680654703639448	0.915640115737915	0.0002571487275417894	0.00018216225726064295	true	Bortezomib	PSMB5	32	0.00023680654703639448	0.0	0.0	0.0008842579554766417
0.5180182456970215	0.5892170339706323	0.84375	0.614746630191803	0.39285714285714296	0.7142857142857143	0.14285714285714285	1.0	0.5085714285714286	0.00023680654703639448	0.915640115737915	0.0002571487275417894	0.00018216225726064295	zero	Bortezomib		32	0.00023680654703639448	0.0	0.0	0.0008842579554766417
0.6025461554527283	0.5675775661808612	0.78125	0.6351927518844604	0.3214285714285715	0.7142857142857143	0.2857142857142857	1.0	0.6171428571428571	0.03895867243409157	0.915640115737915	0.04958122596144676	0.03122815676033497	shuffled	Bortezomib	ABL1;SRC;LYN;HCK	32	0.00046611076686531305	0.017237162217497826	0.021639253944158554	0.0022622798569500446
0.5128043293952942	0.37845477981924214	0.6129032258064516	0.6575820446014404	0.9265616458263766	0.7142857142857143	0.5714285714285714	1.0	0.7202380952380952	0.029318377375602722	0.5965325236320496	0.04175185784697533	0.021195700392127037	true	Ponatinib	ABL1;KIT	31	0.0004279596614651382	0.013748973608016968	0.01610047183930874	0.0021691513247787952
0.4387024939060211	0.4948558501581029	0.6451612903225806	0.7744995951652527	0.7783117824941563	1.0	0.42857142857142855	1.0	0.625	0.00023471498570870608	0.5965325236320496	0.00029773236019536853	0.00022758323757443577	zero	Ponatinib		31	0.00023471498570870608	0.0	0.0	0.0008932033088058233
0.515613853931427	0.37784957494746296	0.6451612903225806	0.6662688851356506	0.8894991799933215	0.7142857142857143	0.5714285714285714	1.0	0.7321428571428571	0.029617557302117348	0.5965325236320496	0.04253504052758217	0.02127891778945923	shuffled	Ponatinib	ABL1;SRC;LYN;LCK;HCK;KIT;PDGFRB;YES1	31	0.000412308843806386	0.013915358111262321	0.016244901344180107	0.0021439180709421635
0.6603642702102661	0.6949769277597491	0.6129032258064516	0.8385891914367676	0.8829187134416479	0.8571428571428571	0.42857142857142855	1.0	0.6964285714285714	0.029617557302117348	0.35127609968185425	0.04368450120091438	0.023031270131468773	true	Dasatinib	ABL1;SRC;LYN;LCK;HCK;KIT;PDGFRB;YES1	31	0.000412308843806386	0.013915358111262321	0.016244901344180107	0.0021439180709421635
0.23131760954856873	0.5347993716955282	0.4838709677419355	0.3252325654029846	0.7387687194103585	0.5714285714285714	0.42857142857142855	0.6666666666666666	0.5595238095238095	0.00023471498570870608	0.35127609968185425	0.0003488873189780861	0.0002402170212008059	zero	Dasatinib		31	0.00023471498570870608	0.0	0.0	0.0008932033088058233
0.6640447974205017	0.6578576956239599	0.6774193548387096	0.7801591157913208	0.8288624656799143	0.7142857142857143	0.42857142857142855	1.0	0.7202380952380952	0.027282198891043663	0.35127609968185425	0.043706007301807404	0.02128433622419834	shuffled	Dasatinib	HDAC1;HDAC2;HDAC3;HDAC6	31	0.00031554384622722864	0.010332327336072922	0.017535937950015068	0.0014376939507201314
0.5854329466819763	0.4928385005855056	0.6774193548387096	0.8405132293701172	0.6785714285714287	0.8571428571428571	0.42857142857142855	1.0	0.8154761904761905	0.03360059857368469	0.5437568426132202	0.057604383677244186	0.030561091378331184	true	Gefitinib	EGFR	31	4.409032771945931e-05	0.020165301859378815	0.014750156551599503	0.00025717561948113143
0.33436694741249084	0.5319750822938921	0.5161290322580645	0.7861471772193909	0.7500000000000002	0.8571428571428571	0.5714285714285714	1.0	0.6726190476190477	0.00023471498570870608	0.5437568426132202	0.00034954221337102354	0.00022795629047323018	zero	Gefitinib		31	0.00023471498570870608	0.0	0.0	0.0008932033088058233
0.2847880423069	0.6560420810086223	0.6774193548387096	0.866328239440918	0.7857142857142859	0.8571428571428571	0.5714285714285714	1.0	0.7916666666666666	0.03743163123726845	0.5437568426132202	0.04930298775434494	0.04284808784723282	shuffled	Gefitinib	MAP2K1;MAP2K2	31	0.0005093137733638287	0.018866432830691338	0.020354315638542175	0.0008026617579162121
0.45140498876571655	0.20899741572107403	0.5806451612903226	0.7009882926940918	0.7412493166611013	0.7142857142857143	0.5714285714285714	1.0	0.7678571428571429	0.028862707316875458	0.5916189551353455	0.04858916625380516	0.023963164538145065	true	Imatinib	ABL1;KIT;PDGFRB	31	0.0004121143138036132	0.013405630365014076	0.015981340780854225	0.002061574487015605
0.4799071252346039	0.43352842315114676	0.6774193548387096	0.8438191413879395	0.8153742483272114	1.0	0.5714285714285714	1.0	0.6845238095238095	0.00023471498570870608	0.5916189551353455	0.0003861458972096443	0.00021528592333197594	zero	Imatinib		31	0.00023471498570870608	0.0	0.0	0.0008932033088058233
0.4601052701473236	0.3225741966582986	0.5806451612903226	0.774996817111969	0.7412493166611013	0.7142857142857143	0.42857142857142855	1.0	0.7083333333333334	0.03360059857368469	0.5916189551353455	0.05286089703440666	0.029875636100769043	shuffled	Imatinib	EGFR	31	4.409032771945931e-05	0.020165301859378815	0.014750156551599503	0.00025717561948113143
0.7744556665420532	0.7006255065630212	0.8064516129032258	0.8714556097984314	0.6666937223947137	0.8571428571428571	0.5714285714285714	1.0	0.7202380952380952	0.030223550274968147	0.4081907868385315	0.049583155661821365	0.022460365667939186	true	Bosutinib	ABL1;SRC;LYN;HCK	31	0.00039659932372160256	0.01466818992048502	0.016523370519280434	0.0021494836546480656
0.4618310034275055	0.6300182715221179	0.6774193548387096	0.7937011122703552	0.6666937223947137	1.0	0.42857142857142855	1.0	0.6785714285714286	0.00023471498570870608	0.4081907868385315	0.000316527031827718	0.00027699649217538536	zero	Bosutinib		31	0.00023471498570870608	0.0	0.0	0.0008932033088058233
0.6485559344291687	0.6338512357100526	0.8064516129032258	0.8071482181549072	0.7387687194103585	0.8571428571428571	0.42857142857142855	1.0	0.6130952380952381	0.048241544514894485	0.4081907868385315	0.06784676760435104	0.04658668860793114	shuffled	Bosutinib	EGFR;ERBB2	31	0.0002022837579715997	0.025248482823371887	0.02429499663412571	0.0008329850388690829
0.584904670715332	0.5604197112675131	0.6451612903225806	0.7127941250801086	0.8648999641877367	0.8571428571428571	0.7142857142857143	0.8	0.9226190476190477	0.048241544514894485	0.5378544926643372	0.09971662610769272	0.03631561994552612	true	Lapatinib	EGFR;ERBB2	31	0.0002022837579715997	0.025248482823371887	0.02429499663412571	0.0008329850388690829
0.46876731514930725	0.5884608703266148	0.5806451612903226	0.5385374426841736	0.8288624656799143	0.7142857142857143	0.7142857142857143	0.8	0.8333333333333334	0.00023471498570870608	0.5378544926643372	0.0005954980733804405	0.0001362504408461973	zero	Lapatinib		31	0.00023471498570870608	0.0	0.0	0.0008932033088058233
0.6523064970970154	0.6191245838300928	0.7096774193548387	0.7562046051025391	0.9549937104572925	0.8571428571428571	0.8571428571428571	0.8333333333333334	0.9464285714285714	0.03926458582282066	0.5378544926643372	0.08493451029062271	0.026790466159582138	shuffled	Lapatinib	PIK3CA;PIK3CB;MTOR	31	0.0003842002188321203	0.017821844667196274	0.021128620952367783	0.0014956898521631956
0.4144825339317322	0.27355260204418574	0.5483870967741935	0.4621306359767914	0.7041868508280462	0.7142857142857143	0.5714285714285714	1.0	0.7380952380952381	0.03743163123726845	0.5142998099327087	0.09662623703479767	0.016754722222685814	true	Trametinib	MAP2K1;MAP2K2	31	0.0005093137733638287	0.018866432830691338	0.020354315638542175	0.0008026617579162121
0.5333313941955566	0.4117410477670966	0.6451612903225806	0.6661675572395325	0.7041868508280462	1.0	0.5714285714285714	1.0	0.7083333333333334	0.00023471498570870608	0.5142998099327087	0.0005367679405026138	0.00018158652528654784	zero	Trametinib		31	0.00023471498570870608	0.0	0.0	0.0008932033088058233
0.4234776496887207	0.27072831264254954	0.5483870967741935	0.5818158388137817	0.7041868508280462	0.7142857142857143	0.42857142857142855	1.0	0.7321428571428571	0.029318377375602722	0.5142998099327087	0.045761797577142715	0.02160782739520073	shuffled	Trametinib	ABL1;KIT	31	0.0004279596614651382	0.013748973608016968	0.01610047183930874	0.0021691513247787952
0.35146886110305786	0.3298366551196487	0.6451612903225806	0.6395080089569092	0.8928571428571429	0.5714285714285714	0.42857142857142855	1.0	0.7440476190476191	0.00023471498570870608	0.656278669834137	0.00032940524397417903	0.00021165098587516695	true	Carfilzomib	PSMB5	31	0.00023471498570870608	0.0	0.0	0.0008932033088058233
0.35146886110305786	0.3298366551196487	0.6451612903225806	0.6395080089569092	0.8928571428571429	0.5714285714285714	0.42857142857142855	1.0	0.7440476190476191	0.00023471498570870608	0.656278669834137	0.00032940524397417903	0.00021165098587516695	zero	Carfilzomib		31	0.00023471498570870608	0.0	0.0	0.0008932033088058233
0.354564905166626	0.1551341821327277	0.6451612903225806	0.4249503016471863	0.6785714285714287	0.5714285714285714	0.5714285714285714	0.75	0.8214285714285714	0.030223550274968147	0.656278669834137	0.05416470021009445	0.02099626138806343	shuffled	Carfilzomib	ABL1;SRC;LYN;HCK	31	0.00039659932372160256	0.01466818992048502	0.016523370519280434	0.0021494836546480656
0.6318308711051941	0.45814008793683314	0.6129032258064516	0.8627001047134399	0.7142857142857144	0.8571428571428571	0.5714285714285714	1.0	0.875	0.03360059857368469	0.4588317275047302	0.0659157782793045	0.023385150358080864	true	Erlotinib	EGFR	31	4.409032771945931e-05	0.020165301859378815	0.014750156551599503	0.00025717561948113143
0.526860773563385	0.45007068964644414	0.5161290322580645	0.7410616278648376	0.7857142857142859	0.8571428571428571	0.42857142857142855	1.0	0.6607142857142857	0.00023471498570870608	0.4588317275047302	0.0004676562384702265	0.00016623869305476546	zero	Erlotinib		31	0.00023471498570870608	0.0	0.0	0.0008932033088058233
0.5690264701843262	0.5543676625497214	0.6129032258064516	0.6335203647613525	0.7500000000000002	1.0	0.7142857142857143	1.0	0.8273809523809523	0.03743163123726845	0.4588317275047302	0.09898441284894943	0.01863587275147438	shuffled	Erlotinib	MAP2K1;MAP2K2	31	0.0005093137733638287	0.018866432830691338	0.020354315638542175	0.0008026617579162121
0.2674144208431244	0.4186000363139272	0.6774193548387096	0.20733414590358734	0.07142857142857144	0.8571428571428571	0.7142857142857143	0.8	0.75	0.027282198891043663	0.33252331614494324	0.043913740664720535	0.02284567430615425	true	Vorinostat	HDAC1;HDAC2;HDAC3;HDAC6	31	0.00031554384622722864	0.010332327336072922	0.017535937950015068	0.0014376939507201314
0.29848501086235046	0.41214451768161603	0.5483870967741935	0.3534490764141083	0.21428571428571433	0.7142857142857143	0.42857142857142855	1.0	0.7380952380952381	0.00023471498570870608	0.33252331614494324	0.0004057650803588331	0.0001932106097228825	zero	Vorinostat		31	0.00023471498570870608	0.0	0.0	0.0008932033088058233
0.29848501086235046	0.41214451768161603	0.5483870967741935	0.3534490764141083	0.21428571428571433	0.7142857142857143	0.42857142857142855	1.0	0.7380952380952381	0.00023471498570870608	0.33252331614494324	0.0004057650803588331	0.0001932106097228825	shuffled	Vorinostat	PSMB5	31	0.00023471498570870608	0.0	0.0	0.0008932033088058233
0.21090412139892578	0.23824898452373403	0.5483870967741935	0.4429208040237427	0.4684874806016907	0.5714285714285714	0.14285714285714285	1.0	0.5476190476190477	0.00023471498570870608	0.651250958442688	0.0002447338483761996	0.00028756874962709844	true	Bortezomib	PSMB5	31	0.00023471498570870608	0.0	0.0	0.0008932033088058233
0.21090412139892578	0.23824898452373403	0.5483870967741935	0.4429208040237427	0.4684874806016907	0.5714285714285714	0.14285714285714285	1.0	0.5476190476190477	0.00023471498570870608	0.651250958442688	0.0002447338483761996	0.00028756874962709844	zero	Bortezomib		31	0.00023471498570870608	0.0	0.0	0.0008932033088058233
0.3272392153739929	0.2491426722157591	0.5483870967741935	0.32529768347740173	0.5765999761251578	0.5714285714285714	0.5714285714285714	0.5	0.7083333333333334	0.030223550274968147	0.651250958442688	0.048755016177892685	0.022172842174768448	shuffled	Bortezomib	ABL1;SRC;LYN;HCK	31	0.00039659932372160256	0.01466818992048502	0.016523370519280434	0.0021494836546480656
0.6678677797317505	0.6069963327509681	0.7631578947368421	0.9508054852485657	0.5663061639364588	1.0	0.25	1.0	0.6708333333333333	0.029352949932217598	0.4957408308982849	0.03843393176794052	0.02464100904762745	true	Ponatinib	ABL1;KIT	38	0.0005368255078792572	0.01149625051766634	0.017644023522734642	0.002248075557872653
0.3963453471660614	0.4849182463481309	0.7368421052631579	0.9092262387275696	0.6506496351610379	1.0	0.375	1.0	0.6958333333333333	0.0003076168068218976	0.4957408308982849	0.000278985477052629	0.00022030524269212037	zero	Ponatinib		38	0.0003076168068218976	0.0	0.0	0.0009200174827128649
0.6770802736282349	0.6207917039498538	0.7631578947368421	0.9530981779098511	0.5663061639364588	1.0	0.375	1.0	0.6916666666666667	0.029742002487182617	0.4957408308982849	0.03944467753171921	0.02472022734582424	shuffled	Ponatinib	ABL1;SRC;LYN;LCK;HCK;KIT;PDGFRB;YES1	38	0.0005176293780095875	0.011610789224505424	0.017873432487249374	0.0022259089164435863
0.7087692022323608	0.7368480013373043	0.7894736842105263	0.8345432281494141	0.6260614855788014	0.875	0.375	1.0	0.6875	0.029742002487182617	0.4292999505996704	0.040611665695905685	0.018614187836647034	true	Dasatinib	ABL1;SRC;LYN;LCK;HCK;KIT;PDGFRB;YES1	38	0.0005176293780095875	0.011610789224505424	0.017873432487249374	0.0022259089164435863
0.5796470046043396	0.682213951906797	0.8157894736842105	0.684387743473053	0.5646829085612719	0.875	0.375	1.0	0.8125	0.0003076168068218976	0.4292999505996704	0.0006151431589387357	9.824298467719927e-05	zero	Dasatinib		38	0.0003076168068218976	0.0	0.0	0.0009200174827128649
0.7283014059066772	0.7456069671778668	0.8157894736842105	0.8261575698852539	0.7119914934033427	0.875	0.375	1.0	0.6541666666666667	0.03161636367440224	0.4292999505996704	0.04806135222315788	0.017620982602238655	shuffled	Dasatinib	HDAC1;HDAC2;HDAC3;HDAC6	38	0.00041500499355606735	0.010941595770418644	0.02100728265941143	0.0014849375002086163
0.6589030623435974	0.6939290687185492	0.7631578947368421	0.9512644410133362	0.9206786552629432	1.0	0.375	1.0	0.7125	0.042390480637550354	0.5045205950737	0.058967169374227524	0.03563465178012848	true	Gefitinib	EGFR	38	5.642599717248231e-05	0.024565912783145905	0.018920140340924263	0.00026171625358983874
0.5221636891365051	0.7209723757512854	0.6842105263157895	0.7723648548126221	0.8470243628419077	1.0	0.5	1.0	0.7	0.0003076168068218976	0.5045205950737	0.0005877409130334854	0.0002084869920508936	zero	Gefitinib		38	0.0003076168068218976	0.0	0.0	0.0009200174827128649
0.30472683906555176	0.7242569879414961	0.7368421052631579	0.9483720660209656	0.8715757936489197	1.0	0.25	1.0	0.6583333333333333	0.04012838006019592	0.5045205950737	0.03965773433446884	0.04394718259572983	shuffled	Gefitinib	MAP2K1;MAP2K2	38	0.0006061551393941045	0.018056560307741165	0.022870425134897232	0.000862601853441447
0.5823891758918762	0.5964855737422934	0.6578947368421053	0.7426984906196594	0.6190476190476191	0.875	0.375	1.0	0.7166666666666667	0.028855180367827415	0.4031391441822052	0.043898917734622955	0.024960502982139587	true	Imatinib	ABL1;KIT;PDGFRB	38	0.0005189733346924186	0.011100910604000092	0.017530731856822968	0.002140596741810441
0.32937347888946533	0.6022883886116659	0.6842105263157895	0.5795731544494629	0.4761904761904762	0.875	0.375	0.6666666666666666	0.6208333333333333	0.0003076168068218976	0.4031391441822052	0.0003538612509146333	0.00022135721519589424	zero	Imatinib		38	0.0003076168068218976	0.0	0.0	0.0009200174827128649
0.5017538666725159	0.5494061323492709	0.7105263157894737	0.6616156697273254	0.5000000000000001	0.875	0.375	1.0	0.6375	0.042390480637550354	0.4031391441822052	0.056679513305425644	0.03317984938621521	shuffled	Imatinib	EGFR	38	5.642599717248231e-05	0.024565912783145905	0.018920140340924263	0.00026171625358983874
0.6543436646461487	0.6729075507011996	0.7368421052631579	0.7977082133293152	0.5952380952380953	0.875	0.375	1.0	0.8125	0.030577797442674637	0.41901642084121704	0.051787830889225006	0.026105443015694618	true	Bosutinib	ABL1;SRC;LYN;HCK	38	0.000498613400850445	0.012015245854854584	0.018339406698942184	0.0022288027685135603
0.5674803256988525	0.6835277967828813	0.6578947368421053	0.6840680837631226	0.7380952380952381	0.875	0.625	0.8	0.7625	0.0003076168068218976	0.41901642084121704	0.0006335736252367496	0.0001965641276910901	zero	Bosutinib		38	0.0003076168068218976	0.0	0.0	0.0009200174827128649
0.6849212646484375	0.7071770045523996	0.8421052631578947	0.8506432175636292	0.7142857142857144	0.875	0.625	1.0	0.8875	0.06345825642347336	0.41901642084121704	0.11559722572565079	0.046699367463588715	shuffled	Bosutinib	EGFR;ERBB2	38	0.0002660950704012066	0.03268110752105713	0.031561478972435	0.0008540616254322231
0.6216601729393005	0.6235288807750295	0.8421052631578947	0.9071484208106995	0.9047619047619048	1.0	0.5	1.0	0.8	0.06345825642347336	0.41153979301452637	0.10350978374481201	0.050738148391246796	true	Lapatinib	EGFR;ERBB2	38	0.0002660950704012066	0.03268110752105713	0.031561478972435	0.0008540616254322231
0.49202555418014526	0.5762304652359931	0.6578947368421053	0.638631284236908	0.8095238095238096	1.0	0.5	1.0	0.6916666666666667	0.0003076168068218976	0.41153979301452637	0.0005982278962619603	0.00021546322386711836	zero	Lapatinib		38	0.0003076168068218976	0.0	0.0	0.0009200174827128649
0.6320909261703491	0.6305360534474793	0.8421052631578947	0.8376140594482422	0.8571428571428572	1.0	0.5	1.0	0.8125	0.048388607800006866	0.41153979301452637	0.0860549733042717	0.036514248698949814	shuffled	Lapatinib	PIK3CA;PIK3CB;MTOR	38	0.0004991660243831575	0.02217283844947815	0.026150662451982498	0.001542118494398892
0.5821493268013	0.7827230849272495	0.8157894736842105	0.5923012495040894	0.6904761904761906	1.0	0.625	1.0	0.8333333333333334	0.04012838006019592	0.45921385288238525	0.10478653013706207	0.020534701645374298	true	Trametinib	MAP2K1;MAP2K2	38	0.0006061551393941045	0.018056560307741165	0.022870425134897232	0.000862601853441447
0.5900121331214905	0.754037471799408	0.6578947368421053	0.6737962365150452	0.7142857142857144	1.0	0.5	1.0	0.8041666666666667	0.0003076168068218976	0.45921385288238525	0.0007950509898364544	0.0001222113787662238	zero	Trametinib		38	0.0003076168068218976	0.0	0.0	0.0009200174827128649
0.7197712063789368	0.7502054242441619	0.7368421052631579	0.8743358850479126	0.7142857142857144	1.0	0.625	1.0	0.825	0.029352949932217598	0.45921385288238525	0.051171086728572845	0.02154221013188362	shuffled	Trametinib	ABL1;KIT	38	0.0005368255078792572	0.01149625051766634	0.017644023522734642	0.002248075557872653
-0.054923735558986664	0.11966937079668259	0.4473684210526316	-0.09606548398733139	0.26837252006084666	0.375	0.375	0.6666666666666666	0.6583333333333333	0.0003076168068218976	0.7893635034561157	0.0004824421484954655	0.0003359543043188751	true	Carfilzomib	PSMB5	38	0.0003076168068218976	0.0	0.0	0.0009200174827128649
-0.054923735558986664	0.11966937079668259	0.4473684210526316	-0.09606548398733139	0.26837252006084666	0.375	0.375	0.6666666666666666	0.6583333333333333	0.0003076168068218976	0.7893635034561157	0.0004824421484954655	0.0003359543043188751	zero	Carfilzomib		38	0.0003076168068218976	0.0	0.0	0.0009200174827128649
0.042694881558418274	0.08977939986576369	0.42105263157894735	0.05313539505004883	0.5611425419454066	0.375	0.25	0.5	0.5416666666666666	0.030577797442674637	0.7893635034561157	0.03465702012181282	0.029925787821412086	shuffled	Carfilzomib	ABL1;SRC;LYN;HCK	38	0.000498613400850445	0.012015245854854584	0.018339406698942184	0.0022288027685135603
0.7569615244865417	0.7037829052891816	0.8157894736842105	0.9361247420310974	0.9221722216732094	1.0	0.375	1.0	0.75	0.042390480637550354	0.5017316341400146	0.06698881089687347	0.028450388461351395	true	Erlotinib	EGFR	38	5.642599717248231e-05	0.024565912783145905	0.018920140340924263	0.00026171625358983874
0.6408235430717468	0.7207534016052711	0.631578947368421	0.7962960600852966	0.9221722216732094	1.0	0.5	1.0	0.725	0.0003076168068218976	0.5017316341400146	0.0006308454321697354	0.00011409027501940727	zero	Erlotinib		38	0.0003076168068218976	0.0	0.0	0.0009200174827128649
0.6964053511619568	0.7157169962469478	0.7894736842105263	0.7547512054443359	0.8982196964349441	1.0	0.5	1.0	0.825	0.04012838006019592	0.5017316341400146	0.10097341239452362	0.019841346889734268	shuffled	Erlotinib	MAP2K1;MAP2K2	38	0.0006061551393941045	0.018056560307741165	0.022870425134897232	0.000862601853441447
0.4962063431739807	0.43159804179370787	0.6842105263157895	0.7654425501823425	0.7857142857142858	0.875	0.5	1.0	0.7541666666666667	0.03161636367440224	0.4318050146102905	0.05084972083568573	0.02951090969145298	true	Vorinostat	HDAC1;HDAC2;HDAC3;HDAC6	38	0.00041500499355606735	0.010941595770418644	0.02100728265941143	0.0014849375002086163
0.3665946125984192	0.4849182463481309	0.5789473684210527	0.5097242593765259	0.6904761904761906	0.875	0.625	0.8	0.7666666666666667	0.0003076168068218976	0.4318050146102905	0.0006581406923942268	0.00025680987164378166	zero	Vorinostat		38	0.0003076168068218976	0.0	0.0	0.0009200174827128649
0.3665946125984192	0.4849182463481309	0.5789473684210527	0.5097242593765259	0.6904761904761906	0.875	0.625	0.8	0.7666666666666667	0.0003076168068218976	0.4318050146102905	0.0006581406923942268	0.00025680987164378166	shuffled	Vorinostat	PSMB5	38	0.0003076168068218976	0.0	0.0	0.0009200174827128649
0.25428611040115356	0.3469645343592746	0.6842105263157895	0.49625900387763977	0.7619047619047621	0.75	0.375	1.0	0.49583333333333335	0.0003076168068218976	0.7104600071907043	0.0004257631371729076	0.0002533596707507968	true	Bortezomib	PSMB5	38	0.0003076168068218976	0.0	0.0	0.0009200174827128649
0.25428611040115356	0.3469645343592746	0.6842105263157895	0.49625900387763977	0.7619047619047621	0.75	0.375	1.0	0.49583333333333335	0.0003076168068218976	0.7104600071907043	0.0004257631371729076	0.0002533596707507968	zero	Bortezomib		38	0.0003076168068218976	0.0	0.0	0.0009200174827128649
0.29725930094718933	0.31838840830444	0.6578947368421053	0.5101897120475769	0.4047619047619048	0.625	0.25	1.0	0.525	0.030577797442674637	0.7104600071907043	0.0307685025036335	0.03144076466560364	shuffled	Bortezomib	ABL1;SRC;LYN;HCK	38	0.000498613400850445	0.012015245854854584	0.018339406698942184	0.0022288027685135603
0.001276486786082387	-0.15540106734072157	0.4166666666666667	0.2724616229534149	0.2142857142857143	0.5	0.25	0.5	0.5044642857142857	0.051274143159389496	0.5029228925704956	0.04526248946785927	0.0613386444747448	true	Ponatinib	ABL1;KIT	36	0.0015278691425919533	0.0222164373844862	0.028417455032467842	0.004232177045196295
0.035326164215803146	-0.12887859851537883	0.3611111111111111	0.020651867613196373	0.14285714285714288	0.25	0.25	0.5	0.5044642857142857	0.0006989550311118364	0.5029228925704956	0.000789469457231462	0.0007808019872754812	zero	Ponatinib		36	0.0006989550311118364	0.0	0.0	0.00174676813185215
0.003681398695334792	-0.1514098220320535	0.4444444444444444	0.2738373875617981	0.2142857142857143	0.5	0.25	0.5	0.5044642857142857	0.05179910734295845	0.5029228925704956	0.04549871385097504	0.06235341727733612	shuffled	Ponatinib	ABL1;SRC;LYN;LCK;HCK;KIT;PDGFRB;YES1	36	0.00151540944352746	0.022693147882819176	0.0285638440400362	0.004207868129014969
0.8703166246414185	0.8561864936336357	0.7777777777777778	0.9270337820053101	0.8503146459584139	0.875	0.625	1.0	0.8660714285714286	0.05179910734295845	0.8682247996330261	0.10337142646312714	0.02724291756749153	true	Dasatinib	ABL1;SRC;LYN;LCK;HCK;KIT;PDGFRB;YES1	36	0.00151540944352746	0.022693147882819176	0.0285638440400362	0.004207868129014969
0.7078718543052673	0.7659328497182705	0.75	0.7888596057891846	0.934148484292342	0.875	0.625	1.0	0.71875	0.0006989550311118364	0.8682247996330261	0.001638901187106967	0.00029775669099763036	zero	Dasatinib		36	0.0006989550311118364	0.0	0.0	0.00174676813185215
0.8670599460601807	0.8581177413636364	0.8611111111111112	0.9243670105934143	0.9221722216732094	0.875	0.625	1.0	0.8660714285714286	0.05592101067304611	0.8682247996330261	0.1097881868481636	0.030275722965598106	shuffled	Dasatinib	HDAC1;HDAC2;HDAC3;HDAC6	36	0.0011136383982375264	0.023075362667441368	0.032739512622356415	0.002915726974606514
0.8014965057373047	0.7963178140036147	0.75	0.8390974402427673	0.7075275528876865	0.875	0.5	1.0	0.7946428571428571	0.06805139780044556	0.9159952998161316	0.12278026342391968	0.04063253104686737	true	Gefitinib	EGFR	36	0.00016221201804000884	0.03978034481406212	0.028546789661049843	0.00048822283861227334
0.6164938807487488	0.7381228824062606	0.8055555555555556	0.6312467455863953	0.6831300510639733	0.875	0.5	1.0	0.6607142857142857	0.0006989550311118364	0.9159952998161316	0.0015254018362611532	0.00027193420100957155	zero	Gefitinib		36	0.0006989550311118364	0.0	0.0	0.00174676813185215
0.6905080676078796	0.7937428170302804	0.7777777777777778	0.858542263507843	0.7075275528876865	0.875	0.5	1.0	0.7991071428571429	0.06356854736804962	0.9159952998161316	0.1095421090722084	0.04231613501906395	shuffled	Gefitinib	MAP2K1;MAP2K2	36	0.0005622587632387877	0.030956797301769257	0.03295993432402611	0.0011142257135361433
0.8278002738952637	0.7623278539556027	0.7777777777777778	0.9576847553253174	0.8333333333333335	1.0	0.75	1.0	0.9464285714285714	0.05057351291179657	0.7609487175941467	0.11040233075618744	0.036234691739082336	true	Imatinib	ABL1;KIT;PDGFRB	36	0.0014620890142396092	0.021804433315992355	0.028093043714761734	0.004033220000565052
0.751876175403595	0.7780353354929413	0.8333333333333334	0.8304311633110046	0.9523809523809524	1.0	0.875	1.0	0.9598214285714286	0.0006989550311118364	0.7609487175941467	0.0021613333374261856	0.0002896173682529479	zero	Imatinib		36	0.0006989550311118364	0.0	0.0	0.00174676813185215
0.8313026428222656	0.7600103566796016	0.7222222222222222	0.9775825142860413	0.8571428571428572	1.0	0.75	1.0	0.9598214285714286	0.06805139780044556	0.7609487175941467	0.14309053122997284	0.04643021523952484	shuffled	Imatinib	EGFR	36	0.00016221201804000884	0.03978034481406212	0.028546789661049843	0.00048822283861227334
0.8766684532165527	0.8430540090696311	0.7777777777777778	0.935270369052887	0.880952380952381	0.875	0.875	1.0	0.8839285714285714	0.054077669978141785	0.9978623986244202	0.11207151412963867	0.029468728229403496	true	Bosutinib	ABL1;SRC;LYN;HCK	36	0.001532764988951385	0.023740950971841812	0.02935137040913105	0.0042584617622196674
0.7590058445930481	0.83056527374896	0.8611111111111112	0.8173219561576843	0.9047619047619048	0.875	0.875	1.0	0.8883928571428571	0.0006989550311118364	0.9978623986244202	0.0021326313726603985	0.0002645334170665592	zero	Bosutinib		36	0.0006989550311118364	0.0	0.0	0.00174676813185215
0.8700584173202515	0.816274040546955	0.7222222222222222	0.9323315620422363	0.8333333333333335	0.875	0.75	1.0	0.8883928571428571	0.09547881782054901	0.9978623986244202	0.19447991251945496	0.05911958962678909	shuffled	Bosutinib	EGFR;ERBB2	36	0.0006510403472930193	0.050117164850234985	0.04553110897541046	0.0016634190687909722
0.7797238826751709	0.8064890520482849	0.7777777777777778	0.8102025389671326	0.9027075674773933	0.75	0.375	1.0	0.6875	0.09547881782054901	1.0816137790679932	0.1434001624584198	0.0534977987408638	true	Lapatinib	EGFR;ERBB2	36	0.0006510403472930193	0.050117164850234985	0.04553110897541046	0.0016634190687909722
0.6381314396858215	0.786790325202278	0.75	0.649126410484314	0.8539125638299666	0.875	0.5	1.0	0.6651785714285714	0.0006989550311118364	1.0816137790679932	0.001544352388009429	0.00025138683849945664	zero	Lapatinib		36	0.0006989550311118364	0.0	0.0	0.00174676813185215
0.7766271829605103	0.7843440780776103	0.8055555555555556	0.8255659341812134	0.9027075674773933	0.875	0.375	1.0	0.71875	0.07426484674215317	1.0816137790679932	0.11357102543115616	0.04089275375008583	shuffled	Lapatinib	PIK3CA;PIK3CB;MTOR	36	0.0011408235877752304	0.035191722214221954	0.03824643790721893	0.002916947240009904
0.6406643986701965	0.8290202755649594	0.8333333333333334	0.7803979516029358	0.2439750182371333	1.0	0.5	1.0	0.7991071428571429	0.06356854736804962	1.1643047332763672	0.10660611838102341	0.038073353469371796	true	Trametinib	MAP2K1;MAP2K2	36	0.0005622587632387877	0.030956797301769257	0.03295993432402611	0.0011142257135361433
0.5218326449394226	0.7316853899729251	0.8611111111111112	0.5713782906532288	0.09759000729485333	0.875	0.5	1.0	0.6473214285714286	0.0006989550311118364	1.1643047332763672	0.0009783064015209675	0.00022282374266069382	zero	Trametinib		36	0.0006989550311118364	0.0	0.0	0.00174676813185215
0.75633305311203	0.8480752531676328	0.8611111111111112	0.7746978998184204	0.21957751641341997	1.0	0.5	1.0	0.7723214285714286	0.051274143159389496	1.1643047332763672	0.08777394890785217	0.019281145185232162	shuffled	Trametinib	ABL1;KIT	36	0.0015278691425919533	0.0222164373844862	0.028417455032467842	0.004232177045196295
0.6812540292739868	0.7190679048035872	0.7777777777777778	0.7557528018951416	0.7380952380952381	0.875	0.625	1.0	0.7232142857142857	0.0006989550311118364	1.0921950340270996	0.001915247761644423	0.0002796449407469481	true	Carfilzomib	PSMB5	36	0.0006989550311118364	0.0	0.0	0.00174676813185215
0.6812540292739868	0.7190679048035872	0.7777777777777778	0.7557528018951416	0.7380952380952381	0.875	0.625	1.0	0.7232142857142857	0.0006989550311118364	1.0921950340270996	0.001915247761644423	0.0002796449407469481	zero	Carfilzomib		36	0.0006989550311118364	0.0	0.0	0.00174676813185215
0.7293248772621155	0.7233166498095888	0.8055555555555556	0.827919065952301	0.7857142857142858	1.0	0.625	1.0	0.7946428571428571	0.054077669978141785	1.0921950340270996	0.09521118551492691	0.03750181570649147	shuffled	Carfilzomib	ABL1;SRC;LYN;HCK	36	0.001532764988951385	0.023740950971841812	0.02935137040913105	0.0042584617622196674
0.8734769821166992	0.8655852325863058	0.8888888888888888	0.903138279914856	0.7857142857142858	1.0	0.875	1.0	0.8794642857142857	0.06805139780044556	0.78371262550354	0.13625375926494598	0.036886557936668396	true	Erlotinib	EGFR	36	0.00016221201804000884	0.03978034481406212	0.028546789661049843	0.00048822283861227334
0.7567600011825562	0.8344277692089614	0.7222222222222222	0.8144459128379822	0.8095238095238096	0.875	0.875	1.0	0.9330357142857143	0.0006989550311118364	0.78371262550354	0.002151518827304244	0.0002213183615822345	zero	Erlotinib		36	0.0006989550311118364	0.0	0.0	0.00174676813185215
0.737946629524231	0.8846402101889792	0.8611111111111112	0.9055647850036621	0.7857142857142858	1.0	0.75	1.0	0.8928571428571429	0.06356854736804962	0.78371262550354	0.1224026083946228	0.03939823433756828	shuffled	Erlotinib	MAP2K1;MAP2K2	36	0.0005622587632387877	0.030956797301769257	0.03295993432402611	0.0011142257135361433
0.720249593257904	0.7234453996582555	0.6944444444444444	0.7907765507698059	0.8095238095238096	0.875	0.75	1.0	0.875	0.05592101067304611	0.6480373740196228	0.11777867376804352	0.031134340912103653	true	Vorinostat	HDAC1;HDAC2;HDAC3;HDAC6	36	0.0011136383982375264	0.023075362667441368	0.032739512622356415	0.002915726974606514
0.7479342818260193	0.7229304002635886	0.75	0.7776823043823242	0.880952380952381	0.875	0.875	0.8571428571428571	0.9732142857142857	0.0006989550311118364	0.6480373740196228	0.002214916981756687	0.00017782478244043887	zero	Vorinostat		36	0.0006989550311118364	0.0	0.0	0.00174676813185215
0.7479342818260193	0.7229304002635886	0.75	0.7776823043823242	0.880952380952381	0.875	0.875	0.8571428571428571	0.9732142857142857	0.0006989550311118364	0.6480373740196228	0.002214916981756687	0.00017782478244043887	shuffled	Vorinostat	PSMB5	36	0.0006989550311118364	0.0	0.0	0.00174676813185215
0.7219635844230652	0.8666152313756394	0.7777777777777778	0.7751559615135193	0.7619047619047621	0.875	0.75	1.0	0.8125	0.0006989550311118364	1.0432136058807373	0.001985883340239525	0.000296961166895926	true	Bortezomib	PSMB5	36	0.0006989550311118364	0.0	0.0	0.00174676813185215
0.7219635844230652	0.8666152313756394	0.7777777777777778	0.7751559615135193	0.7619047619047621	0.875	0.75	1.0	0.8125	0.0006989550311118364	1.0432136058807373	0.001985883340239525	0.000296961166895926	zero	Bortezomib		36	0.0006989550311118364	0.0	0.0	0.00174676813185215
0.8340266942977905	0.8973864452069836	0.9166666666666666	0.8523309230804443	0.6190476190476191	1.0	0.75	1.0	0.84375	0.054077669978141785	1.0432136058807373	0.10490366816520691	0.031525738537311554	shuffled	Bortezomib	ABL1;SRC;LYN;HCK	36	0.001532764988951385	0.023740950971841812	0.02935137040913105	0.0042584617622196674
0.6191678047180176	0.6418078011912057	0.8333333333333334	0.9008674025535583	0.8406680016960503	1.0	0.3333333333333333	1.0	0.6944444444444444	0.04799329861998558	1.0296953916549683	0.06435547024011612	0.04182024300098419	true	Ponatinib	ABL1;KIT	30	0.0008457984076812863	0.021723570302128792	0.025630740448832512	0.0029951930046081543
0.53676837682724	0.5910508887140656	0.7666666666666667	0.5933781862258911	0.7826908981308054	0.8333333333333334	0.3333333333333333	1.0	0.6388888888888888	0.00034996678004972637	1.0296953916549683	0.0006867447518743575	0.00023746679653413594	zero	Ponatinib		30	0.00034996678004972637	0.0	0.0	0.0012403500732034445
0.6104825735092163	0.6386911486706797	0.8333333333333334	0.8969434499740601	0.8406680016960503	1.0	0.3333333333333333	1.0	0.6875	0.04880504682660103	1.0296953916549683	0.06473305076360703	0.04287775978446007	shuffled	Ponatinib	ABL1;SRC;LYN;LCK;HCK;KIT;PDGFRB;YES1	30	0.0008382191881537437	0.022183815017342567	0.02593858353793621	0.0029598453547805548
0.19993183016777039	0.2446572228613025	0.5666666666666667	0.6060390472412109	0.6	0.6666666666666666	0.16666666666666666	1.0	0.5069444444444444	0.04880504682660103	1.4010215997695923	0.05003838241100311	0.05300223082304001	true	Dasatinib	ABL1;SRC;LYN;LCK;HCK;KIT;PDGFRB;YES1	30	0.0008382191881537437	0.022183815017342567	0.02593858353793621	0.0029598453547805548
0.21890220046043396	0.22951919633303267	0.5	0.45523226261138916	0.7714285714285715	0.6666666666666666	0.3333333333333333	1.0	0.5763888888888888	0.00034996678004972637	1.4010215997695923	0.0005889939493499696	0.0003498604928608984	zero	Dasatinib		30	0.00034996678004972637	0.0	0.0	0.0012403500732034445
0.21485115587711334	0.2284061061471305	0.6	0.6664538979530334	0.8285714285714287	0.6666666666666666	0.16666666666666666	1.0	0.4513888888888889	0.046483177691698074	1.4010215997695923	0.043915629386901855	0.05177564173936844	shuffled	Dasatinib	HDAC1;HDAC2;HDAC3;HDAC6	30	0.0005972943617962301	0.018598537892103195	0.027926160022616386	0.0020256293937563896
0.7807694673538208	0.6967944563747742	0.7333333333333333	0.8841021656990051	0.8857142857142858	1.0	0.6666666666666666	1.0	0.8611111111111112	0.04985330253839493	0.6043837666511536	0.10099003463983536	0.03345188871026039	true	Gefitinib	EGFR	30	8.810478902887553e-05	0.028738712891936302	0.0222109816968441	0.0003472949902061373
0.8021755814552307	0.7308550160633814	0.7	0.937126636505127	1.0	1.0	0.6666666666666666	1.0	0.8472222222222222	0.00034996678004972637	0.6043837666511536	0.0009150335681624711	0.00014611444203183055	zero	Gefitinib		30	0.00034996678004972637	0.0	0.0	0.0012403500732034445
0.7634261846542358	0.7030277614158266	0.7	0.9116885662078857	0.8857142857142858	1.0	0.6666666666666666	1.0	0.8263888888888888	0.044416654855012894	0.6043837666511536	0.08866704255342484	0.023713795468211174	shuffled	Gefitinib	MAP2K1;MAP2K2	30	0.0004052387666888535	0.019855840131640434	0.025138814002275467	0.0010151398601010442
0.7931148409843445	0.8167855784150309	0.8	0.9342770576477051	0.7714285714285715	1.0	0.5	1.0	0.8333333333333334	0.04704711213707924	0.5916513204574585	0.08075081557035446	0.03479515761137009	true	Imatinib	ABL1;KIT;PDGFRB	30	0.0008037852239795029	0.021180881187319756	0.025242099538445473	0.002848983509466052
0.7249472141265869	0.7424311539967643	0.7333333333333333	0.8415413498878479	0.8857142857142858	1.0	0.5	1.0	0.8055555555555556	0.00034996678004972637	0.5916513204574585	0.0008144322200678289	0.0001988508738577366	zero	Imatinib		30	0.00034996678004972637	0.0	0.0	0.0012403500732034445
0.7256715893745422	0.6847730823670306	0.7666666666666667	0.882805585861206	0.7714285714285715	1.0	0.6666666666666666	1.0	0.8611111111111112	0.04985330253839493	0.5916513204574585	0.09340885281562805	0.033710088580846786	shuffled	Imatinib	EGFR	30	8.810478902887553e-05	0.028738712891936302	0.0222109816968441	0.0003472949902061373
0.7571060061454773	0.7174979338325551	0.7	0.9527710676193237	0.7714285714285715	1.0	0.6666666666666666	1.0	0.8819444444444444	0.050935421139001846	0.6264751553535461	0.09487210959196091	0.02953680232167244	true	Bosutinib	ABL1;SRC;LYN;HCK	30	0.0008517373353242874	0.023240825161337852	0.02700858563184738	0.0029745413921773434
0.6595533490180969	0.6159841088782748	0.7	0.8121554255485535	0.8857142857142858	1.0	0.3333333333333333	1.0	0.7708333333333334	0.00034996678004972637	0.6264751553535461	0.000782872608397156	0.00011835642362711951	zero	Bosutinib		30	0.00034996678004972637	0.0	0.0	0.0012403500732034445
0.6209348440170288	0.641362565116845	0.7	0.8794690370559692	0.7714285714285715	1.0	0.5	1.0	0.8333333333333334	0.0745760053396225	0.6264751553535461	0.12222031503915787	0.046488817781209946	shuffled	Bosutinib	EGFR;ERBB2	30	0.0003365199954714626	0.03783660754561424	0.03691406175494194	0.001161249354481697
0.7173182368278503	0.7370883211044337	0.7333333333333333	0.8698046803474426	0.7714285714285715	1.0	0.5	1.0	0.8819444444444444	0.0745760053396225	0.7418263554573059	0.12633116543293	0.05059248208999634	true	Lapatinib	EGFR;ERBB2	30	0.0003365199954714626	0.03783660754561424	0.03691406175494194	0.001161249354481697
0.7295756340026855	0.7268478913941335	0.8	0.8599768280982971	0.8857142857142858	1.0	0.5	1.0	0.8888888888888888	0.00034996678004972637	0.7418263554573059	0.0008893047925084829	0.00017873717297334224	zero	Lapatinib		30	0.00034996678004972637	0.0	0.0	0.0012403500732034445
0.7562355995178223	0.7655834298635299	0.7666666666666667	0.8800428509712219	0.6571428571428573	1.0	0.5	1.0	0.8888888888888888	0.056763552129268646	0.7418263554573059	0.10270831733942032	0.03768715634942055	shuffled	Lapatinib	PIK3CA;PIK3CB;MTOR	30	0.0005815996555611491	0.0258503220975399	0.030463526025414467	0.002071790862828493
0.24302799999713898	0.19634910879314724	0.5333333333333333	0.4147805869579315	0.8804062740424288	0.6666666666666666	0.16666666666666666	1.0	0.6388888888888888	0.044416654855012894	1.047258973121643	0.05229342356324196	0.04162926971912384	true	Trametinib	MAP2K1;MAP2K2	30	0.0004052387666888535	0.019855840131640434	0.025138814002275467	0.0010151398601010442
0.22934786975383759	0.22818348810995004	0.4666666666666667	-0.09508674591779709	0.8196885999705371	0.5	0.3333333333333333	0.5	0.6041666666666666	0.00034996678004972637	1.047258973121643	0.000387277192203328	0.00025566620752215385	zero	Trametinib		30	0.00034996678004972637	0.0	0.0	0.0012403500732034445
0.33897659182548523	0.3252449523206215	0.5333333333333333	0.40242472290992737	0.8804062740424288	0.6666666666666666	0.16666666666666666	1.0	0.6319444444444444	0.04799329861998558	1.047258973121643	0.053572069853544235	0.04506002739071846	shuffled	Trametinib	ABL1;KIT	30	0.0008457984076812863	0.021723570302128792	0.025630740448832512	0.0029951930046081543
0.48273253440856934	0.4761799815289592	0.7	0.5800772309303284	0.08571428571428573	1.0	0.3333333333333333	1.0	0.7569444444444444	0.00034996678004972637	0.7832355499267578	0.0007662032730877399	0.0003100475005339831	true	Carfilzomib	PSMB5	30	0.00034996678004972637	0.0	0.0	0.0012403500732034445
0.48273253440856934	0.4761799815289592	0.7	0.5800772309303284	0.08571428571428573	1.0	0.3333333333333333	1.0	0.7569444444444444	0.00034996678004972637	0.7832355499267578	0.0007662032730877399	0.0003100475005339831	zero	Carfilzomib		30	0.00034996678004972637	0.0	0.0	0.0012403500732034445
0.5580602288246155	0.4463491645467803	0.6333333333333333	0.8578973412513733	0.14285714285714288	1.0	0.6666666666666666	1.0	0.8888888888888888	0.050935421139001846	0.7832355499267578	0.09510976821184158	0.04472387954592705	shuffled	Carfilzomib	ABL1;SRC;LYN;HCK	30	0.0008517373353242874	0.023240825161337852	0.02700858563184738	0.0029745413921773434
0.7906316518783569	0.8317009869061203	0.8666666666666667	0.8515847325325012	0.2	1.0	0.6666666666666666	1.0	0.875	0.04985330253839493	0.7875151038169861	0.09368979930877686	0.035978417843580246	true	Erlotinib	EGFR	30	8.810478902887553e-05	0.028738712891936302	0.0222109816968441	0.0003472949902061373
0.7122414708137512	0.805654676556009	0.7666666666666667	0.7525630593299866	0.48571428571428577	1.0	0.3333333333333333	1.0	0.6527777777777778	0.00034996678004972637	0.7875151038169861	0.0007214579381980002	0.00021575209393631667	zero	Erlotinib		30	0.00034996678004972637	0.0	0.0	0.0012403500732034445
0.7147926092147827	0.7181657879440964	0.8333333333333334	0.8570957779884338	0.2571428571428572	1.0	0.6666666666666666	1.0	0.8194444444444444	0.044416654855012894	0.7875151038169861	0.08413169533014297	0.03022133931517601	shuffled	Erlotinib	MAP2K1;MAP2K2	30	0.0004052387666888535	0.019855840131640434	0.025138814002275467	0.0010151398601010442
0.7504132986068726	0.7622441593058233	0.8333333333333334	0.8756456971168518	0.48571428571428577	1.0	0.5	1.0	0.8541666666666666	0.046483177691698074	0.6464537978172302	0.08410158008337021	0.03310788422822952	true	Vorinostat	HDAC1;HDAC2;HDAC3;HDAC6	30	0.0005972943617962301	0.018598537892103195	0.027926160022616386	0.0020256293937563896
0.6172715425491333	0.6947908940401503	0.8	0.6819644570350647	0.6	1.0	0.3333333333333333	1.0	0.6458333333333334	0.00034996678004972637	0.6464537978172302	0.0007209510658867657	0.00026703032199293375	zero	Vorinostat		30	0.00034996678004972637	0.0	0.0	0.0012403500732034445
0.6172715425491333	0.6947908940401503	0.8	0.6819644570350647	0.6	1.0	0.3333333333333333	1.0	0.6458333333333334	0.00034996678004972637	0.6464537978172302	0.0007209510658867657	0.00026703032199293375	shuffled	Vorinostat	PSMB5	30	0.00034996678004972637	0.0	0.0	0.0012403500732034445
0.12771129608154297	0.3688780876079875	0.7	0.04515208303928375	0.5428571428571429	0.5	0.16666666666666666	1.0	0.6666666666666666	0.00034996678004972637	0.5346221923828125	0.00035825639497488737	0.00022827174689155072	true	Bortezomib	PSMB5	30	0.00034996678004972637	0.0	0.0	0.0012403500732034445
0.12771129608154297	0.3688780876079875	0.7	0.04515208303928375	0.5428571428571429	0.5	0.16666666666666666	1.0	0.6666666666666666	0.00034996678004972637	0.5346221923828125	0.00035825639497488737	0.00022827174689155072	zero	Bortezomib		30	0.00034996678004972637	0.0	0.0	0.0012403500732034445
-0.005179833620786667	0.3261354244693432	0.7	-0.22153009474277496	0.08571428571428573	0.5	0.3333333333333333	0.5	0.7013888888888888	0.050935421139001846	0.5346221923828125	0.07211309671401978	0.03906669095158577	shuffled	Bortezomib	ABL1;SRC;LYN;HCK	30	0.0008517373353242874	0.023240825161337852	0.02700858563184738	0.0029745413921773434
0.5579093098640442	0.4927418809432217	0.7857142857142857	0.6675235033035278	0.2571428571428572	0.8333333333333334	0.16666666666666666	1.0	0.5757575757575758	0.04652876779437065	1.8868178129196167	0.04665093496441841	0.04265188053250313	true	vorinostat	HDAC1;HDAC2;HDAC3;HDAC6	28	0.0009377482929266989	0.017762167379260063	0.027851073071360588	0.0026275773998349905
0.49613726139068604	0.5099974331941516	0.6071428571428571	0.6869322061538696	0.2571428571428572	0.8333333333333334	0.3333333333333333	1.0	0.5909090909090909	0.0005951237981207669	1.8868178129196167	0.0006879004649817944	0.0004322374297771603	zero	vorinostat		28	0.0005951237981207669	0.0	0.0	0.0015974525595083833
0.49613726139068604	0.5099974331941516	0.6071428571428571	0.6869322061538696	0.2571428571428572	0.8333333333333334	0.3333333333333333	1.0	0.5909090909090909	0.0005951237981207669	1.8868178129196167	0.0006879004649817944	0.0004322374297771603	shuffled	vorinostat	PSMB5	28	0.0005951237981207669	0.0	0.0	0.0015974525595083833
0.10723154991865158	0.345571554096628	0.6410256410256411	0.12686787545681	0.023809523809523815	0.75	0.5	0.75	0.75	0.0008259530295617878	0.6938185691833496	0.00144807284232229	0.0005886020953767002	true	curcumin		39	0.0008259530295617878	0.0	0.0	0.001937246066518128
0.10723154991865158	0.345571554096628	0.6410256410256411	0.12686787545681	0.023809523809523815	0.75	0.5	0.75	0.75	0.0008259530295617878	0.6938185691833496	0.00144807284232229	0.0005886020953767002	zero	curcumin		39	0.0008259530295617878	0.0	0.0	0.001937246066518128
0.21239855885505676	0.3061731559302774	0.6153846153846154	0.2665538489818573	0.19047619047619052	0.75	0.5	0.75	0.717741935483871	0.061404936015605927	0.6938185691833496	0.08225880563259125	0.050670772790908813	shuffled	curcumin	ABL1;SRC;LYN;HCK	39	0.0018484588945284486	0.02660827711224556	0.03299560025334358	0.0046951379626989365
0.6297910809516907	0.6184231856137195	0.6666666666666666	0.9805862903594971	0.8571428571428572	1.0	0.625	1.0	0.9032258064516129	0.06310708820819855	0.853227972984314	0.10790426284074783	0.049398016184568405	true	vorinostat	HDAC1;HDAC2;HDAC3;HDAC6	39	0.001364415162242949	0.02538846619427204	0.03637978807091713	0.003255554474890232
0.47732219099998474	0.5827721929284869	0.6410256410256411	0.9240732789039612	0.9285714285714287	1.0	0.75	1.0	0.8346774193548387	0.0008259530295617878	0.853227972984314	0.001886395737528801	0.000642666534986347	zero	vorinostat		39	0.0008259530295617878	0.0	0.0	0.001937246066518128
0.47732219099998474	0.5827721929284869	0.6410256410256411	0.9240732789039612	0.9285714285714287	1.0	0.75	1.0	0.8346774193548387	0.0008259530295617878	0.853227972984314	0.001886395737528801	0.000642666534986347	shuffled	vorinostat	PSMB5	39	0.0008259530295617878	0.0	0.0	0.001937246066518128
0.3829773962497711	0.482348282808	0.6774193548387096	0.42705559730529785	0.42857142857142866	0.8571428571428571	0.42857142857142855	1.0	0.6607142857142857	0.04739935323596001	0.6991370916366577	0.06572786718606949	0.03374685347080231	true	Selumetinib	MAP2K1;MAP2K2	31	0.0002795696200337261	0.018796032294631004	0.02895091474056244	0.000795896805357188
0.29978442192077637	0.5626387957973702	0.6129032258064516	0.32735684514045715	0.4642857142857144	0.7142857142857143	0.2857142857142857	1.0	0.6071428571428571	0.0005995843675918877	0.6991370916366577	0.0009550214163027704	0.00039620508323423564	zero	Selumetinib		31	0.0005995843675918877	0.0	0.0	0.001486357068642974
0.3768237233161926	0.5420618301568783	0.6129032258064516	0.4390711188316345	0.42857142857142866	0.8571428571428571	0.42857142857142855	1.0	0.6666666666666666	0.04922804236412048	0.6991370916366577	0.06735559552907944	0.03952623903751373	shuffled	Selumetinib	ABL1;KIT	31	0.0012456849217414856	0.02067064493894577	0.027552200481295586	0.0037115172017365694
0.6870443224906921	0.7312892200664993	0.8709677419354839	0.8754278421401978	0.7500000000000002	1.0	0.5714285714285714	1.0	0.8214285714285714	0.04834284260869026	0.6649410128593445	0.07825477421283722	0.03914537653326988	true	Nilotinib	ABL1;KIT;PDGFRB	31	0.0011922525009140372	0.020178524777293205	0.02725028619170189	0.0035337661392986774
0.49394363164901733	0.7849507186975858	0.8064516129032258	0.598254919052124	0.7857142857142859	1.0	0.5714285714285714	1.0	0.7440476190476191	0.0005995843675918877	0.6649410128593445	0.0012492273235693574	0.0005531330825760961	zero	Nilotinib		31	0.0005995843675918877	0.0	0.0	0.001486357068642974
0.6069936752319336	0.6165020293857164	0.7741935483870968	0.9031187295913696	0.7857142857142859	1.0	0.5714285714285714	1.0	0.6964285714285714	0.05685005709528923	0.6649410128593445	0.0787297859787941	0.051987990736961365	shuffled	Nilotinib	EGFR	31	0.00013170079910196364	0.030951369553804398	0.026866788044571877	0.0004204269789624959
0.6804685592651367	0.714746953571202	0.967741935483871	0.7907232642173767	0.3214285714285715	1.0	0.2857142857142857	1.0	0.48214285714285715	0.07161182165145874	1.0819836854934692	0.07834857702255249	0.07560165226459503	true	dactolisib	PIK3CA;PIK3CB;MTOR	31	0.0009668755810707808	0.03362095728516579	0.037225715816020966	0.0024881234858185053
0.49942880868911743	0.7151504234857216	0.9032258064516129	0.519447922706604	0.07142857142857144	0.7142857142857143	0.2857142857142857	1.0	0.44047619047619047	0.0005995843675918877	1.0819836854934692	0.000881447340361774	0.0005532902432605624	zero	dactolisib		31	0.0005995843675918877	0.0	0.0	0.001486357068642974
0.736516535282135	0.7155538934002409	0.967741935483871	0.8065204620361328	0.28571428571428575	1.0	0.42857142857142855	1.0	0.5416666666666666	0.04834284260869026	1.0819836854934692	0.05837065726518631	0.05035366863012314	shuffled	dactolisib	ABL1;KIT;PDGFRB	31	0.0011922525009140372	0.020178524777293205	0.02725028619170189	0.0035337661392986774
0.6505324840545654	0.611660390411483	0.7419354838709677	0.8438130617141724	0.7857142857142859	1.0	0.5714285714285714	1.0	0.7023809523809523	0.053973350673913956	0.8057892918586731	0.08953382819890976	0.04361654818058014	true	vorinostat	HDAC1;HDAC2;HDAC3;HDAC6	31	0.0009519868181087077	0.021123699843883514	0.032313667237758636	0.002523866482079029
0.5746974945068359	0.6118621253687427	0.6774193548387096	0.6516557335853577	0.7142857142857144	0.8571428571428571	0.5714285714285714	1.0	0.6071428571428571	0.0005995843675918877	0.8057892918586731	0.0014398815110325813	0.0004062480293214321	zero	vorinostat		31	0.0005995843675918877	0.0	0.0	0.001486357068642974
0.5746974945068359	0.6118621253687427	0.6774193548387096	0.6516557335853577	0.7142857142857144	0.8571428571428571	0.5714285714285714	1.0	0.6071428571428571	0.0005995843675918877	0.8057892918586731	0.0014398815110325813	0.0004062480293214321	shuffled	vorinostat	PSMB5	31	0.0005995843675918877	0.0	0.0	0.001486357068642974
0.8849508166313171	0.6939300518346943	0.75	0.972353994846344	0.8928571428571429	1.0	0.7142857142857143	1.0	0.9428571428571428	0.051462773233652115	0.8150714635848999	0.12209022045135498	0.03489666059613228	true	Ponatinib	ABL1;KIT	32	0.0032216478139162064	0.02282647415995598	0.025919493287801743	0.007740707136690617
0.8494301438331604	0.6552357492614594	0.75	0.871447741985321	0.8928571428571429	1.0	0.7142857142857143	1.0	0.88	0.001702108304016292	0.8150714635848999	0.0065439916215837	0.0002889300521928817	zero	Ponatinib		32	0.001702108304016292	0.0	0.0	0.0033677113242447376
0.8822514414787292	0.6939300518346943	0.78125	0.9723999500274658	0.8928571428571429	1.0	0.7142857142857143	1.0	0.9428571428571428	0.05216732621192932	0.8150714635848999	0.12297195941209793	0.03571118414402008	shuffled	Ponatinib	ABL1;SRC;LYN;LCK;HCK;KIT;PDGFRB;YES1	32	0.00317538739182055	0.023217957466840744	0.026293765753507614	0.007695904932916164
0.891150176525116	0.7733358955039391	0.71875	0.9761835932731628	0.9285714285714288	1.0	0.8571428571428571	1.0	0.96	0.05583510175347328	0.9237054586410522	0.1368832141160965	0.02582523226737976	true	Gefitinib	EGFR	32	0.0003759104001801461	0.0316590778529644	0.024931753054261208	0.0008972104988060892
0.8051623106002808	0.7766368312684805	0.875	0.8489623069763184	0.8928571428571429	1.0	0.8571428571428571	1.0	0.9542857142857143	0.001702108304016292	0.9237054586410522	0.006779646035283804	0.00012156320735812187	zero	Gefitinib		32	0.001702108304016292	0.0	0.0	0.0033677113242447376
0.9203263521194458	0.7535302809166909	0.78125	0.9815284609794617	0.8214285714285715	1.0	0.8571428571428571	1.0	0.9714285714285714	0.0483475886285305	0.9237054586410522	0.13183322548866272	0.017310846596956253	shuffled	Gefitinib	MAP2K1;MAP2K2	32	0.0008579107816331089	0.02190088853240013	0.027374006807804108	0.0018498628633096814
0.9012595415115356	0.7551807487989618	0.71875	0.9664432406425476	0.9642857142857145	1.0	0.7142857142857143	1.0	0.9657142857142857	0.050644874572753906	0.8218878507614136	0.12533602118492126	0.019138019531965256	true	Imatinib	ABL1;KIT;PDGFRB	32	0.003107209224253893	0.022393833845853806	0.025641757994890213	0.007431233301758766
0.8625718951225281	0.7770036019089852	0.75	0.8923254609107971	0.9642857142857145	1.0	0.7142857142857143	1.0	0.8971428571428571	0.001702108304016292	0.8218878507614136	0.006669860798865557	0.00015261996304616332	zero	Imatinib		32	0.001702108304016292	0.0	0.0	0.0033677113242447376
0.8734399080276489	0.797909528417747	0.78125	0.9349983930587769	0.9642857142857145	1.0	0.7142857142857143	1.0	0.9542857142857143	0.05583510175347328	0.8218878507614136	0.134756401181221	0.019751576706767082	shuffled	Imatinib	EGFR	32	0.0003759104001801461	0.0316590778529644	0.024931753054261208	0.0008972104988060892
0.8626478314399719	0.6667890244373541	0.59375	0.974302351474762	0.9642857142857145	1.0	0.7142857142857143	1.0	0.9142857142857143	0.0539749376475811	0.7712015509605408	0.12496349960565567	0.02578561007976532	true	Bosutinib	ABL1;SRC;LYN;HCK	32	0.0031965458765625954	0.0241070743650198	0.02725459262728691	0.0077785104513168335
0.8902772068977356	0.664771785914579	0.5625	0.9129540920257568	0.8571428571428573	1.0	0.7142857142857143	1.0	0.8914285714285715	0.001702108304016292	0.7712015509605408	0.006557892542332411	0.00024948467034846544	zero	Bosutinib		32	0.001702108304016292	0.0	0.0	0.0033677113242447376
0.8406992554664612	0.6673391803981111	0.6875	0.959563672542572	0.9642857142857145	1.0	0.5714285714285714	1.0	0.8914285714285715	0.09132909774780273	0.7712015509605408	0.20744381844997406	0.04686078429222107	shuffled	Bosutinib	EGFR;ERBB2	32	0.0015819667605683208	0.048588819801807404	0.04183885455131531	0.0031938720494508743
0.8495991826057434	0.717219987506736	0.78125	0.9492290019989014	1.0	1.0	0.7142857142857143	1.0	0.9257142857142857	0.09132909774780273	0.8314663171768188	0.21640647947788239	0.044809453189373016	true	Lapatinib	EGFR;ERBB2	32	0.0015819667605683208	0.048588819801807404	0.04183885455131531	0.0031938720494508743
0.8430051207542419	0.7014488499650385	0.65625	0.8753517866134644	0.8928571428571429	1.0	0.7142857142857143	1.0	0.8971428571428571	0.001702108304016292	0.8314663171768188	0.006617743521928787	0.00020527365268208086	zero	Lapatinib		32	0.001702108304016292	0.0	0.0	0.0033677113242447376
0.8657559156417847	0.7073171802131121	0.75	0.9517255425453186	1.0	1.0	0.7142857142857143	1.0	0.9314285714285714	0.07143708318471909	0.8314663171768188	0.1764366626739502	0.03292064368724823	shuffled	Lapatinib	PIK3CA;PIK3CB;MTOR	32	0.002566808834671974	0.03429953008890152	0.03474798426032066	0.0054213376715779305
0.7646366953849792	0.5444710158290716	0.6875	0.8088039755821228	0.8571428571428573	1.0	0.7142857142857143	1.0	0.7542857142857143	0.0483475886285305	0.9570165872573853	0.11185501515865326	0.02138679474592209	true	Trametinib	MAP2K1;MAP2K2	32	0.0008579107816331089	0.02190088853240013	0.027374006807804108	0.0018498628633096814
0.7205960154533386	0.6310288869881562	0.65625	0.7416850924491882	0.8928571428571429	0.8571428571428571	0.7142857142857143	1.0	0.8342857142857143	0.001702108304016292	0.9570165872573853	0.006642668973654509	0.0001787652145139873	zero	Trametinib		32	0.001702108304016292	0.0	0.0	0.0033677113242447376
0.774931788444519	0.6084724925971237	0.65625	0.8225063681602478	0.8571428571428573	0.8571428571428571	0.7142857142857143	1.0	0.76	0.051462773233652115	0.9570165872573853	0.11215687543153763	0.028926147148013115	shuffled	Trametinib	ABL1;KIT	32	0.0032216478139162064	0.02282647415995598	0.025919493287801743	0.007740707136690617
0.7140260338783264	0.6273611805831102	0.75	0.7703995704650879	0.9285714285714288	0.8571428571428571	0.2857142857142857	1.0	0.7257142857142858	0.001702108304016292	1.3936166763305664	0.006069693248718977	0.000298145052511245	true	Carfilzomib	PSMB5	32	0.001702108304016292	0.0	0.0	0.0033677113242447376
0.7140260338783264	0.6273611805831102	0.75	0.7703995704650879	0.9285714285714288	0.8571428571428571	0.2857142857142857	1.0	0.7257142857142858	0.001702108304016292	1.3936166763305664	0.006069693248718977	0.000298145052511245	zero	Carfilzomib		32	0.001702108304016292	0.0	0.0	0.0033677113242447376
0.6969568729400635	0.536585447058223	0.65625	0.8224808573722839	0.9285714285714288	0.8571428571428571	0.2857142857142857	1.0	0.6971428571428572	0.0539749376475811	1.3936166763305664	0.09988764673471451	0.03537987917661667	shuffled	Carfilzomib	ABL1;SRC;LYN;HCK	32	0.0031965458765625954	0.0241070743650198	0.02725459262728691	0.0077785104513168335
0.881614625453949	0.792407968810178	0.8125	0.9320465326309204	0.8928571428571429	0.8571428571428571	0.8571428571428571	1.0	0.9085714285714286	0.05583510175347328	0.8869906067848206	0.13693441450595856	0.025594867765903473	true	Erlotinib	EGFR	32	0.0003759104001801461	0.0316590778529644	0.024931753054261208	0.0008972104988060892
0.8250443935394287	0.8063452531493528	0.65625	0.8505043983459473	1.0	1.0	0.8571428571428571	1.0	0.9028571428571428	0.001702108304016292	0.8869906067848206	0.006827539298683405	0.00026569265173748136	zero	Erlotinib		32	0.001702108304016292	0.0	0.0	0.0033677113242447376
0.9187436103820801	0.834219821827702	0.8125	0.9551759362220764	0.8571428571428573	1.0	0.8571428571428571	1.0	0.8971428571428571	0.0483475886285305	0.8869906067848206	0.1310916692018509	0.0190361849963665	shuffled	Erlotinib	MAP2K1;MAP2K2	32	0.0008579107816331089	0.02190088853240013	0.027374006807804108	0.0018498628633096814
0.8689598441123962	0.6986980701612541	0.84375	0.9325278997421265	0.7500000000000002	1.0	0.7142857142857143	1.0	0.8628571428571429	0.056025050580501556	0.9602620601654053	0.14119739830493927	0.022262826561927795	true	vorinostat	HDAC1;HDAC2;HDAC3;HDAC6	32	0.002627311274409294	0.023126516491174698	0.03064960055053234	0.005626504775136709
0.8196699619293213	0.6801761528157719	0.84375	0.8570044636726379	0.7142857142857144	0.8571428571428571	0.7142857142857143	1.0	0.8914285714285715	0.001702108304016292	0.9602620601654053	0.0066761537455022335	0.00013263967412058264	zero	vorinostat		32	0.001702108304016292	0.0	0.0	0.0033677113242447376
0.8196699619293213	0.6801761528157719	0.84375	0.8570044636726379	0.7142857142857144	0.8571428571428571	0.7142857142857143	1.0	0.8914285714285715	0.001702108304016292	0.9602620601654053	0.0066761537455022335	0.00013263967412058264	shuffled	vorinostat	PSMB5	32	0.001702108304016292	0.0	0.0	0.0033677113242447376
0.683207094669342	0.6225931622565505	0.71875	0.7532872557640076	0.7857142857142859	1.0	0.5714285714285714	1.0	0.7314285714285714	0.001702108304016292	1.6089884042739868	0.006455231923609972	0.00021274969913065434	true	Bortezomib	PSMB5	32	0.001702108304016292	0.0	0.0	0.0033677113242447376
0.683207094669342	0.6225931622565505	0.71875	0.7532872557640076	0.7857142857142859	1.0	0.5714285714285714	1.0	0.7314285714285714	0.001702108304016292	1.6089884042739868	0.006455231923609972	0.00021274969913065434	zero	Bortezomib		32	0.001702108304016292	0.0	0.0	0.0033677113242447376
0.7275592088699341	0.5930681256959306	0.625	0.8561621904373169	0.7857142857142859	1.0	0.5714285714285714	1.0	0.7371428571428571	0.0539749376475811	1.6089884042739868	0.11092845350503922	0.029918529093265533	shuffled	Bortezomib	ABL1;SRC;LYN;HCK	32	0.0031965458765625954	0.0241070743650198	0.02725459262728691	0.0077785104513168335
0.7488303780555725	0.6426053815344897	0.8444444444444444	0.7990809082984924	0.8284591346681658	1.0	0.4444444444444444	1.0	0.6234567901234568	0.04517829045653343	0.6345070600509644	0.07856758683919907	0.034066054970026016	true	vorinostat	HDAC1;HDAC2;HDAC3;HDAC6	45	0.0008955416851677	0.01762370578944683	0.027078308165073395	0.002251111902296543
0.4665188193321228	0.6667986699037098	0.7777777777777778	0.5202911496162415	0.8284591346681658	0.8888888888888888	0.4444444444444444	1.0	0.5771604938271605	0.0005533966468647122	0.6345070600509644	0.0018850556807592511	0.0001821900368668139	zero	vorinostat		45	0.0005533966468647122	0.0	0.0	0.001392375910654664
0.4665188193321228	0.6667986699037098	0.7777777777777778	0.5202911496162415	0.8284591346681658	0.8888888888888888	0.4444444444444444	1.0	0.5771604938271605	0.0005533966468647122	0.6345070600509644	0.0018850556807592511	0.0001821900368668139	shuffled	vorinostat	PSMB5	45	0.0005533966468647122	0.0	0.0	0.001392375910654664
0.4944104850292206	0.6253734891002901	0.6875	0.8299025893211365	0.6686960980480711	1.0	0.5	1.0	0.7736842105263158	0.00017368556291330606	0.2727885842323303	0.00028417943394742906	0.00013844584464095533	true	curcumin		48	0.00017368556291330606	0.0	0.0	0.0007786659407429397
0.4944104850292206	0.6253734891002901	0.6875	0.8299025893211365	0.6686960980480711	1.0	0.5	1.0	0.7736842105263158	0.00017368556291330606	0.2727885842323303	0.00028417943394742906	0.00013844584464095533	zero	curcumin		48	0.00017368556291330606	0.0	0.0	0.0007786659407429397
0.4944104850292206	0.6253734891002901	0.6875	0.8299025893211365	0.6686960980480711	1.0	0.5	1.0	0.7736842105263158	0.00017368556291330606	0.2727885842323303	0.00028417943394742906	0.00013844584464095533	shuffled	curcumin	PSMB5	48	0.00017368556291330606	0.0	0.0	0.0007786659407429397
0.33590853214263916	0.3096182597794836	0.6041666666666666	0.6511512994766235	0.6707441766510146	0.8	0.1	1.0	0.3815789473684211	0.027674412354826927	0.37383413314819336	0.02232518419623375	0.02634420245885849	true	vorinostat	HDAC1;HDAC2;HDAC3;HDAC6	48	0.0002476723457220942	0.010427617467939854	0.017664335668087006	0.0012778256786987185
0.21071019768714905	0.3696845280334933	0.6666666666666666	0.29253676533699036	0.6341581306518683	0.6	0.2	1.0	0.631578947368421	0.00017368556291330606	0.37383413314819336	0.00020176821271888912	0.000144920326420106	zero	vorinostat		48	0.00017368556291330606	0.0	0.0	0.0007786659407429397
0.21071019768714905	0.3696845280334933	0.6666666666666666	0.29253676533699036	0.6341581306518683	0.6	0.2	1.0	0.631578947368421	0.00017368556291330606	0.37383413314819336	0.00020176821271888912	0.000144920326420106	shuffled	vorinostat	PSMB5	48	0.00017368556291330606	0.0	0.0	0.0007786659407429397
0.15408606827259064	0.3480830696537056	0.7	0.10714542865753174	-0.018406293574195463	0.7	0.3	0.6666666666666666	0.515	0.03182290866971016	0.6835363507270813	0.03256070613861084	0.03504762053489685	true	Selumetinib	MAP2K1;MAP2K2	50	0.00020594632951542735	0.01639328896999359	0.017130380496382713	0.0005403411341831088
-0.18972115218639374	0.3402037565518136	0.6	-0.4444107711315155	-0.19019836693335312	0.5	0.4	0.5	0.605	0.00017862320237327367	0.6835363507270813	0.00030840194085612893	0.00015223497757688165	zero	Selumetinib		50	0.00017862320237327367	0.0	0.0	0.0008007021970115602
0.19961632788181305	0.3688383334342992	0.7	0.1623162180185318	0.10430233025377429	0.8	0.4	0.75	0.655	0.027422502636909485	0.6835363507270813	0.03918420150876045	0.026001453399658203	shuffled	Selumetinib	ABL1;KIT	50	0.00035593920620158315	0.012289363890886307	0.015572295524179935	0.001985489623621106
0.6619832515716553	0.534448042350286	0.7	0.841049075126648	0.7693218186208295	0.8	0.5	1.0	0.7125	0.026933901011943817	0.5490442514419556	0.0436568483710289	0.01833522692322731	true	Nilotinib	ABL1;KIT;PDGFRB	50	0.00033942662412300706	0.012042146176099777	0.01534958090633154	0.0018823108403012156
0.30979394912719727	0.4102527718113171	0.64	0.3060106039047241	0.7385489458759963	0.5	0.7	0.7142857142857143	0.8125	0.00017862320237327367	0.5490442514419556	0.00033411497133783996	0.00010146114800591022	zero	Nilotinib		50	0.00017862320237327367	0.0	0.0	0.0008007021970115602
0.5636119246482849	0.3291054557802462	0.64	0.8174280524253845	0.793940116816696	0.8	0.4	1.0	0.63	0.03687969222664833	0.5490442514419556	0.05303429439663887	0.027157537639141083	shuffled	Nilotinib	EGFR	50	3.812901195487939e-05	0.023350706323981285	0.014534042216837406	0.00024061505973804742
0.5578441619873047	0.5780725319632003	0.64	0.7436269521713257	0.539505800940386	0.8	0.3	1.0	0.6825	0.038397204130887985	1.1536184549331665	0.053623028099536896	0.028973033651709557	true	dactolisib	PIK3CA;PIK3CB;MTOR	50	0.0002926262968685478	0.017631495371460915	0.020661883056163788	0.0013438985915854573
0.2714138329029083	0.4659844986295778	0.68	0.3026055097579956	0.6524256197418621	0.6	0.4	0.75	0.4875	0.00017862320237327367	1.1536184549331665	0.00017654206021688879	0.00016678585961926728	zero	dactolisib		50	0.00017862320237327367	0.0	0.0	0.0008007021970115602
0.5945169925689697	0.6125685490800202	0.66	0.6773632764816284	0.4579525984726532	0.7	0.3	1.0	0.575	0.026933901011943817	1.1536184549331665	0.03492753952741623	0.01840505562722683	shuffled	dactolisib	ABL1;KIT;PDGFRB	50	0.00033942662412300706	0.012042146176099777	0.01534958090633154	0.0018823108403012156
0.40185949206352234	0.3240127290192672	0.6	0.641435444355011	0.579279061653149	0.8	0.2	1.0	0.555	0.028671612963080406	0.3850598633289337	0.03361035883426666	0.025536177679896355	true	vorinostat	HDAC1;HDAC2;HDAC3;HDAC6	50	0.00026119864196516573	0.011568841524422169	0.017600884661078453	0.0013158029178157449
0.38191938400268555	0.23306431620291593	0.5	0.5012372732162476	0.591474410319531	0.5	0.2	1.0	0.54	0.00017862320237327367	0.3850598633289337	0.0002293561992701143	0.00010292764636687934	zero	vorinostat		50	0.00017862320237327367	0.0	0.0	0.0008007021970115602
0.38191938400268555	0.23306431620291593	0.5	0.5012372732162476	0.591474410319531	0.5	0.2	1.0	0.54	0.00017862320237327367	0.3850598633289337	0.0002293561992701143	0.00010292764636687934	shuffled	vorinostat	PSMB5	50	0.00017862320237327367	0.0	0.0	0.0008007021970115602
0.35545215010643005	0.20032597893416765	0.5882352941176471	0.5358092784881592	0.48181818181818187	0.7272727272727273	0.36363636363636365	0.75	0.634090909090909	0.040281184017658234	0.394705206155777	0.060595858842134476	0.030424529686570168	true	Selumetinib	MAP2K1;MAP2K2	51	0.0002947651664726436	0.016792625188827515	0.02442673221230507	0.0008048907620832324
0.37752488255500793	0.33586857349437055	0.6470588235294118	0.46038487553596497	0.5727272727272729	0.8181818181818182	0.36363636363636365	1.0	0.7431818181818182	0.0003554770373739302	0.394705206155777	0.0007069610874168575	0.00029873030143789947	zero	Selumetinib		51	0.0003554770373739302	0.0	0.0	0.0011196406558156013
0.41387638449668884	0.2874734386964891	0.6274509803921569	0.725006103515625	0.6272727272727273	0.8181818181818182	0.36363636363636365	1.0	0.6636363636363637	0.04431511461734772	0.394705206155777	0.06222536414861679	0.038126252591609955	shuffled	Selumetinib	ABL1;KIT	51	0.0007472576689906418	0.019944733008742332	0.023853212594985962	0.0027770253363996744
0.6565210819244385	0.6204899135077291	0.7450980392156863	0.8824633359909058	0.9293873770595387	0.9090909090909091	0.36363636363636365	1.0	0.7	0.04343302175402641	0.5015920996665955	0.06206383928656578	0.027068225666880608	true	Nilotinib	ABL1;KIT;PDGFRB	51	0.0007109043071977794	0.019352978095412254	0.0235601719468832	0.002638524165377021
0.510664165019989	0.698220920474953	0.6470588235294118	0.7252944707870483	0.9111640951564104	0.7272727272727273	0.45454545454545453	1.0	0.6045454545454545	0.0003554770373739302	0.5015920996665955	0.00043229179573245347	0.0001479472266510129	zero	Nilotinib		51	0.0003554770373739302	0.0	0.0	0.0011196406558156013
0.6327188014984131	0.6045543780083332	0.7843137254901961	0.8238555192947388	0.9020524542048464	0.9090909090909091	0.45454545454545453	1.0	0.6795454545454546	0.04439703747630119	0.5015920996665955	0.06720656156539917	0.03216441720724106	shuffled	Nilotinib	EGFR	51	8.020485984161496e-05	0.0240617785602808	0.021373048424720764	0.00032207724871113896
0.6260221600532532	0.752410795454433	0.8431372549019608	0.7448078989982605	0.7310827788960076	0.9090909090909091	0.2727272727272727	1.0	0.5954545454545455	0.05438770353794098	1.1290777921676636	0.06427615880966187	0.040349215269088745	true	dactolisib	PIK3CA;PIK3CB;MTOR	51	0.0005824152030982077	0.02507244609296322	0.02907305769622326	0.0018785977736115456
0.4020717442035675	0.7076373732700507	0.6862745098039216	0.7142536640167236	0.7126907593011395	1.0	0.18181818181818182	1.0	0.5954545454545455	0.0003554770373739302	1.1290777921676636	0.00034359836718067527	0.00022792858362663537	zero	dactolisib		51	0.0003554770373739302	0.0	0.0	0.0011196406558156013
0.6717070937156677	0.7571190218519819	0.8235294117647058	0.780393123626709	0.7356807837947246	1.0	0.2727272727272727	1.0	0.6568181818181819	0.04343302175402641	1.1290777921676636	0.058853212743997574	0.032498013228178024	shuffled	dactolisib	ABL1;KIT;PDGFRB	51	0.0007109043071977794	0.019352978095412254	0.0235601719468832	0.002638524165377021
0.8529343008995056	0.8815701215333439	0.803921568627451	0.8839554190635681	0.5831450209001027	1.0	0.7272727272727273	1.0	0.9022727272727272	0.043734826147556305	0.6168481707572937	0.08863915503025055	0.022494861856102943	true	vorinostat	HDAC1;HDAC2;HDAC3;HDAC6	51	0.0005647039506584406	0.017584795132279396	0.026316992938518524	0.0018550715176388621
0.6176820993423462	0.8308661449443568	0.803921568627451	0.6230210661888123	0.6605939689883975	1.0	0.5454545454545454	1.0	0.8272727272727273	0.0003554770373739302	0.6168481707572937	0.0009069302468560636	0.00012778639211319387	zero	vorinostat		51	0.0003554770373739302	0.0	0.0	0.0011196406558156013
0.6176820993423462	0.8308661449443568	0.803921568627451	0.6230210661888123	0.6605939689883975	1.0	0.5454545454545454	1.0	0.8272727272727273	0.0003554770373739302	0.6168481707572937	0.0009069302468560636	0.00012778639211319387	shuffled	vorinostat	PSMB5	51	0.0003554770373739302	0.0	0.0	0.0011196406558156013
0.38143959641456604	0.4928237399987401	0.5348837209302325	0.5143328905105591	0.6833333333333333	0.7777777777777778	0.2222222222222222	1.0	0.5130718954248366	0.00021531751553993672	0.427155464887619	0.0003919607843272388	0.00022100613568909466	true	curcumin		43	0.00021531751553993672	0.0	0.0	0.0008118366822600365
0.38143959641456604	0.4928237399987401	0.5348837209302325	0.5143328905105591	0.6833333333333333	0.7777777777777778	0.2222222222222222	1.0	0.5130718954248366	0.00021531751553993672	0.427155464887619	0.0003919607843272388	0.00022100613568909466	zero	curcumin		43	0.00021531751553993672	0.0	0.0	0.0008118366822600365
0.38143959641456604	0.4928237399987401	0.5348837209302325	0.5143328905105591	0.6833333333333333	0.7777777777777778	0.2222222222222222	1.0	0.5130718954248366	0.00021531751553993672	0.427155464887619	0.0003919607843272388	0.00022100613568909466	shuffled	curcumin	PSMB5	43	0.00021531751553993672	0.0	0.0	0.0008118366822600365
0.542936384677887	0.5424535985485825	0.627906976744186	0.6416032314300537	0.7166666666666667	0.8888888888888888	0.4444444444444444	1.0	0.7026143790849673	0.025131065398454666	0.3386837840080261	0.043298691511154175	0.020871344953775406	true	vorinostat	HDAC1;HDAC2;HDAC3;HDAC6	43	0.00028744598967023194	0.009413464926183224	0.016337662935256958	0.0013196818763390183
0.3538829982280731	0.464873895762147	0.5813953488372093	0.4375913143157959	0.7	0.7777777777777778	0.4444444444444444	1.0	0.738562091503268	0.00021531751553993672	0.3386837840080261	0.0003871346707455814	0.00017866486450657248	zero	vorinostat		43	0.00021531751553993672	0.0	0.0	0.0008118366822600365
0.3538829982280731	0.464873895762147	0.5813953488372093	0.4375913143157959	0.7	0.7777777777777778	0.4444444444444444	1.0	0.738562091503268	0.00021531751553993672	0.3386837840080261	0.0003871346707455814	0.00017866486450657248	shuffled	vorinostat	PSMB5	43	0.00021531751553993672	0.0	0.0	0.0008118366822600365
0.08404827117919922	0.45887389900104103	0.68	0.08952789008617401	0.24618298195866545	0.7	0.1	1.0	0.37	0.03000442311167717	0.6458268165588379	0.019372083246707916	0.02967466600239277	true	Selumetinib	MAP2K1;MAP2K2	50	0.0002327810798306018	0.01271667517721653	0.018447577953338623	0.0005701683694496751
-0.03742373734712601	0.3669645943429957	0.6	-0.2117811143398285	0.012309149097933273	0.3	0.2	0.5	0.4325	0.0002473139902576804	0.6458268165588379	0.00027481094002723694	0.00021048742928542197	zero	Selumetinib		50	0.0002473139902576804	0.0	0.0	0.0008508623577654362
0.14517277479171753	0.4790045830845335	0.7	0.05006474256515503	0.3077287274483318	0.6	0.1	1.0	0.43	0.028659367933869362	0.6458268165588379	0.026071777567267418	0.022699588909745216	shuffled	Selumetinib	ABL1;KIT	50	0.0004498190828599036	0.012758366763591766	0.016171101480722427	0.002118203090503812
0.3765941262245178	0.2462285344341258	0.52	0.46579933166503906	0.41107388982369863	0.6	0.3	1.0	0.495	0.02800731733441353	0.44273680448532104	0.03080018237233162	0.02363547869026661	true	Nilotinib	ABL1;KIT;PDGFRB	50	0.00042994305840693414	0.012328398413956165	0.01601237617433071	0.002010204130783677
0.4710361063480377	0.30758147852629725	0.58	0.559566855430603	0.6196785503312472	0.8	0.3	1.0	0.5275	0.0002473139902576804	0.44273680448532104	0.0003200530481990427	0.00014500724500976503	zero	Nilotinib		50	0.0002473139902576804	0.0	0.0	0.0008508623577654362
0.21833081543445587	0.15523207702568986	0.48	0.5388323068618774	0.5215116512688716	0.6	0.2	1.0	0.4975	0.033177584409713745	0.44273680448532104	0.03283141553401947	0.024261392652988434	shuffled	Nilotinib	EGFR	50	4.818160959985107e-05	0.019091809168457985	0.01549865584820509	0.00025010938406921923
0.4275391399860382	0.5018257643247696	0.64	0.8231160044670105	0.7754829059197484	0.8	0.0		0.4275	0.04057639092206955	0.7270981073379517	0.032269321382045746	0.04318718612194061	true	dactolisib	PIK3CA;PIK3CB;MTOR	50	0.00040322658605873585	0.01785815879702568	0.02254365384578705	0.0014278828166425228
0.23678931593894958	0.45248396825377496	0.62	0.6289598941802979	0.6102160571171791	0.9	0.0		0.4075	0.0002473139902576804	0.7270981073379517	0.00011044357961509377	0.00030124461045488715	zero	dactolisib		50	0.0002473139902576804	0.0	0.0	0.0008508623577654362
0.4928119480609894	0.5245028117887515	0.68	0.8581352233886719	0.8581163303210331	0.9	0.1	1.0	0.465	0.02800731733441353	0.7270981073379517	0.02588142827153206	0.029084281995892525	shuffled	dactolisib	ABL1;KIT;PDGFRB	50	0.00042994305840693414	0.012328398413956165	0.01601237617433071	0.002010204130783677
0.3537845313549042	0.4418180688109699	0.68	0.369242787361145	0.13373921960961418	0.8	0.2	1.0	0.4675	0.028122588992118835	0.551320493221283	0.028555268421769142	0.024971570819616318	true	vorinostat	HDAC1;HDAC2;HDAC3;HDAC6	50	0.00035637852852232754	0.010320732370018959	0.018382929265499115	0.001403230126015842
0.2864620089530945	0.43989628512758155	0.66	0.3453083038330078	0.10942299786241164	0.6	0.4	1.0	0.615	0.0002473139902576804	0.551320493221283	0.00042575845145620406	0.00021126442879904062	zero	vorinostat		50	0.0002473139902576804	0.0	0.0	0.0008508623577654362
0.2864620089530945	0.43989628512758155	0.66	0.3453083038330078	0.10942299786241164	0.6	0.4	1.0	0.615	0.0002473139902576804	0.551320493221283	0.00042575845145620406	0.00021126442879904062	shuffled	vorinostat	PSMB5	50	0.0002473139902576804	0.0	0.0	0.0008508623577654362
