phosphosite	beta_m2	beta_s1
AAAS|S462	1.0	0.0
AAK1|S18	0.99679863	0.0036782606
AAK1|S624	0.98504406	-0.0152704045
AAK1|S637	0.9550903	0.0076337713
AAK1|S670_S678	1.0	0.0
AAK1|S678	0.9769856	-0.005102162
AAK1|S846	1.0174733	0.017178245
AAK1|T389	1.0	0.0
AAK1|T620	0.9534921	-0.030864678
AAK1|T620_S624	1.0	0.0
AAK1|T640	0.98401517	-0.013790278
AAMDC|S46	1.1033552	0.104319714
AARSD1|S174	0.98497343	-0.015175828
AARS|S399	1.0440453	0.040379036
AATF|S203	0.9522094	-0.04172818
AATF|S316_S320_S321	1.0	0.0
AATF|S320_S321	1.0	0.0
ABCA1|S1296	1.013003	0.027665865
ABCA2|S1328_S1332	1.0	0.0
ABCA2|T2413	1.0	0.0
ABCB1|S671_S675	1.0	0.0
ABCC1|S930	1.2049043	0.23772721
ABCC3|S908	1.065844	0.0871954
ABCC4|S404	1.2204919	0.24547358
ABCC4|S655	1.0843266	0.06848317
ABCC4|S668	1.1750466	0.18222529
ABCC4|T646	1.1269846	0.15998589
ABCD3|S40	1.0	0.0
ABCE1|S328	0.94761765	-0.010969273
ABCF1|S105	1.0009131	0.0016612478
ABCF1|S105_T108_S109	1.0	0.0
ABCF1|S109	1.0189273	0.026436076
ABCF1|S140	0.8839796	-0.08811679
ABCF1|S166	1.0378717	0.083336554
ABCF1|S22	1.0606368	0.058056436
ABCF1|S228	1.0731221	0.06507364
ABCF1|T108_S109	1.0	0.0
ABI1|S183	1.0048544	0.014503634
ABI1|S222	0.98117477	-0.08559878
ABI1|S222_S225	1.0	0.0
ABI1|S225	0.9647958	-0.01539734
ABI1|S231	0.98890966	-0.04525294
ABI1|S296	1.0	0.0
ABI1|T178	1.0	0.0
ABI1|T200	1.0	0.0
ABI2|S177	1.0	0.0
ABI2|S183	1.0	0.0
ABI2|S221	1.0	0.0
ABI2|S227	1.038239	0.047393795
ABI3|S210	1.0	0.0
ABL1|S16	1.0	0.0
ABL1|S588	1.0	0.0
ABL1|S702	1.0	0.0
ABL1|S737	1.0	0.0
ABL1|T871	1.0	0.0
ABL2|S605	1.0	0.0
ABL2|S616	1.0	0.0
ABL2|S631	0.972551	-0.026143348
ABL2|S921	1.0	0.0
ABLIM1|S156	1.0	0.0
ABLIM1|S307	1.0	0.0
ABLIM1|S362	1.0	0.0
ABLIM1|S371	1.0	0.0
ABLIM1|S371_S375	1.0	0.0
ABLIM1|S375	1.0	0.0
ABLIM1|S390	1.0	0.0
ABLIM1|S392	1.0	0.0
ABLIM1|S395	1.0	0.0
ABLIM1|S399	1.0	0.0
ABLIM1|S403	1.0	0.0
ABLIM1|S413	1.0	0.0
ABLIM1|S423	1.0	0.0
ABLIM1|S526_S527	1.0	0.0
ABLIM1|S547	1.0	0.0
ABLIM1|S556_S557	1.0	0.0
ABLIM1|S611	1.0	0.0
ABLIM1|S625	1.0	0.0
ABLIM1|S646	1.0	0.0
ABLIM1|S676	1.0	0.0
ABLIM1|T407	1.0	0.0
ABLIM2|S446	1.2247767	0.22550686
ABLIM2|S479	1.0	0.0
ABLIM2|S536	1.0	0.0
ABLIM3|S372	1.0730485	0.075532526
ABLIM3|S372_S373	1.0	0.0
ABLIM3|S373	1.017899	0.024871752
ABLIM3|S388	0.97178036	-0.065709904
ABLIM3|S394	0.9150856	-0.06882293
ABLIM3|S503	1.0868925	0.10778992
ABLIM3|S503_S504	1.0	0.0
ABLIM3|S567	1.0200402	0.019539526
ABLIM3|S576	0.9465768	-0.045844134
ABRAXAS1|S386_S387_T390	1.0	0.0
ABRAXAS2|S159	1.0	0.0
ABRAXAS2|S280	0.9755998	-0.010889262
ABR|S225	1.0	0.0
ABR|S312	1.0	0.0
ACACA|S115	1.0	0.0
ACACA|S117	1.0	0.0
ACACA|S133	1.0	0.0
ACACA|S66	1.0	0.0
ACACB|T1342	0.97612846	-0.022759985
ACAP2|S278	1.0	0.0
ACAP2|S379	0.9815254	-0.0021237293
ACAP2|S384	0.95333445	-0.033377953
ACAP2|S384_S387	1.0	0.0
ACAP2|S387	0.99518085	-0.0035811146
ACAP2|S521	1.0365194	0.034190405
ACAP2|S581	0.99997556	0.010494184
ACAP3|S280	1.0	0.0
ACBD3|S43	0.9831572	-0.018278722
ACBD5|S374	1.0	0.0
ACBD5|S400	1.0	0.0
ACBD5|T137	1.0	0.0
ACIN1|S1003	1.0	0.0
ACIN1|S1004	0.93461674	-0.043694712
ACIN1|S1148	1.0	0.0
ACIN1|S1161	0.9763747	-0.0039591393
ACIN1|S216	0.95415026	-0.027290072
ACIN1|S240	0.90215474	-0.063048095
ACIN1|S240_S243	0.9832945	-0.019766107
ACIN1|S243	1.0308883	0.0258658
ACIN1|S295	1.0	0.0
ACIN1|S328	1.0619113	0.082877554
ACIN1|S365	0.97413903	-0.006846234
ACIN1|S386_S388	1.0	0.0
ACIN1|S400	0.9947461	-0.0076770596
ACIN1|S410	0.97778726	-0.023916302
ACIN1|S410_T414	1.0	0.0
ACIN1|S478	1.0	0.0
ACIN1|S490	0.9492254	-0.040997867
ACIN1|S561	0.99006224	-0.022666728
ACIN1|S655	0.9439161	-0.037118584
ACIN1|S655_S657	1.0	0.0
ACIN1|S657	0.9212146	-0.048011485
ACIN1|S710	0.9589052	-0.04524093
ACIN1|S729	0.8950163	-0.028891718
ACIN1|S825	1.0310379	0.0071086828
ACIN1|S837	1.0	0.0
ACIN1|S838	0.9839128	-0.010916552
ACIN1|S862	1.0	0.0
ACIN1|S863	1.0175068	-0.0037341567
ACIN1|S885	1.0	0.0
ACIN1|S898	0.91902655	-0.073122345
ACIN1|S974	1.0	0.0
ACIN1|S987	0.98623514	-0.022282582
ACIN1|S991	1.0	0.0
ACIN1|T254	1.014112	0.022721421
ACIN1|T414	1.0077856	0.00672869
ACIN1|T563	1.0	0.0
ACIN1|T682	0.9902655	-0.01023994
ACIN1|T765	1.0	0.0
ACIN1|T840	0.95089114	-0.04808969
ACLY|S455	1.0495986	0.03759674
ACLY|S481	1.0167507	0.046910793
ACO1|T628	1.0821226	0.08092936
ACSL5|S28	1.0	0.0
ACSS2|S265	1.0279801	0.025542688
ACSS2|S267	1.1821907	0.2010498
ACSS2|S30	1.2044958	0.21265624
ACTA1|S35	1.0	0.0
ACTA1|T320	0.9984678	-0.0021258374
ACTA2|S325	1.0	0.0
ACTA2|S35	1.0	0.0
ACTA2|S54	1.0	0.0
ACTA2|S62	1.0	0.0
ACTA2|T251	1.0	0.0
ACTA2|T320	1.0	0.0
ACTBL2|S240	1.0	0.0
ACTBL2|T250	1.0	0.0
ACTB|S323	0.9747933	0.0044755377
ACTB|S33	1.0	0.0
ACTB|S365	1.0	0.0
ACTB|S368	1.0	0.0
ACTB|S52	0.9266097	-0.079325214
ACTB|S60	0.9940166	0.012840087
ACTB|T249	0.9907552	-0.008429511
ACTB|T318	1.0	0.0
ACTB|Y218	1.0	0.0
ACTG1|S323	1.0	0.0
ACTG1|S33	1.0	0.0
ACTG1|S365	1.0	0.0
ACTG1|S368	1.0	0.0
ACTG1|S60	1.0	0.0
ACTG1|T249	1.0	0.0
ACTG1|T318	1.0	0.0
ACTG1|Y218	1.0	0.0
ACTL6A|S233	1.0102476	0.0213654
ACTN1|S140	0.9936784	-0.0059369365
ACTN1|S172	1.1687065	0.108756945
ACTN1|S284	1.0	0.0
ACTN1|S348	1.0143261	0.02081705
ACTN1|S362	1.0	0.0
ACTN1|S404	1.0	0.0
ACTN1|S677	1.0171878	0.02038501
ACTN1|T230	1.0	0.0
ACTN1|T50	1.0	0.0
ACTN1|Y193	1.0	0.0
ACTN2|S147	1.0153543	0.011302346
ACTN4|S159	1.0748423	0.1178394
ACTN4|S191	1.0803378	0.02836341
ACTN4|S303	1.0	0.0
ACTN4|S367	1.0	0.0
ACTN4|S381	1.0	0.0
ACTN4|S423	1.0301524	0.047135215
ACTN4|S507	0.9934509	-0.0045400974
ACTN4|S656	1.0767517	0.10252573
ACTN4|T69	1.0	0.0
ACTR2|T122	1.0	0.0
ACTR8|S132	0.9790566	-0.013167671
ADAM10|S740	0.94786775	-0.0479435
ADAM10|T719	1.0	0.0
ADAM17|S785	1.0	0.0
ADAM17|S791	0.96150625	-0.029004062
ADAM17|T735	1.0	0.0
ADAM22|S797	1.0	0.0
ADAM9|S752	1.0	0.0
ADAM9|S758	0.9691107	-0.0001789808
ADAM9|S758_T761	1.0	0.0
ADAM9|T761	0.991537	-0.008342697
ADAMTSL1|S976	1.0084627	-0.01853956
ADAR|S319	1.0	0.0
ADAR|S334	1.0	0.0
ADAR|S530	1.0	0.0
ADAR|S614	1.0077306	0.00044333527
ADAR|S629	0.99464536	0.012767599
ADAR|S814	0.9686381	-0.039295793
ADAR|S825	0.93143225	-0.05445656
ADAR|T808	1.014474	0.014139751
ADAT1|S42	1.0	0.0
ADCY6|S54	0.97637767	0.0012828137
ADCY6|S576	0.99747986	0.0008741319
ADCY9|S1257	0.982472	-0.033066146
ADCY9|S1307	1.0	0.0
ADD1|S12	0.9086404	-0.0914709
ADD1|S355	1.0122217	0.046240307
ADD1|S355_S358	1.0	0.0
ADD1|S358	1.0857419	0.09796638
ADD1|S366	1.0932552	0.13851209
ADD1|S423	1.0	0.0
ADD1|S427	0.96301275	-0.03810777
ADD1|S457	0.94149697	-0.05273322
ADD1|S465	0.93110484	-0.08666521
ADD1|S586	0.81282175	-0.042549357
ADD1|S617	1.0	0.0
ADD1|S631	1.0	0.0
ADD1|S726	1.0760881	0.06580053
ADD1|T429	1.0	0.0
ADD1|T614	1.0	0.0
ADD1|T724	0.9586048	-0.04517195
ADD1|T755	1.0	0.0
ADD2|S592	1.2053384	0.1763083
ADD2|S596	0.8986635	-0.09614173
ADD2|S596_S600	1.0	0.0
ADD2|S596_S600_S604	1.0	0.0
ADD2|S600	1.194515	0.20201746
ADD2|S613	1.1176887	0.10953549
ADD2|S621	0.8987803	-0.10619071
ADD2|S693	1.0178987	0.02007322
ADD2|S697	1.1193503	0.1236234
ADD2|S713	1.0214474	0.0016506701
ADD2|T675	1.0	0.0
ADD2|T711	1.0	0.0
ADD3|S414	1.0	0.0
ADD3|S42	1.0604194	0.07846556
ADD3|S423	1.0131432	0.022150293
ADD3|S442	1.0	0.0
ADD3|S645	1.0	0.0
ADD3|S673	1.0030459	0.00028247762
ADD3|S673_S677	1.0	0.0
ADD3|S677	1.1797873	0.1691457
ADD3|S677_S681	1.0	0.0
ADD3|S681	1.0501912	0.08330536
ADD3|S693	1.069655	0.063637175
ADD3|T691	1.0	0.0
ADGRA2|S1107	0.96297544	-0.03542155
ADGRA2|S982	1.0600358	0.06427625
ADGRG1|S201	1.0952939	0.10659922
ADGRL2|S1353	1.0	0.0
ADGRL2|S1374	1.0688062	0.08977525
ADGRL3|S1485	1.0	0.0
ADH5|S351	0.9992229	0.002578681
ADIRF|S66	1.0	0.0
ADNP|S709	0.97930133	-0.016607825
ADNP|S921	0.9679605	0.004839942
ADNP|S953	1.0294172	0.032343175
ADNP|S953_S955	1.0	0.0
ADNP|S98	1.1128151	0.0940772
ADRA2A|S346	1.0	0.0
ADRM1|S211	1.0009577	-0.0062697376
ADRM1|T217	0.96653605	-0.027720029
AEBP2|S141	1.0920231	0.124456055
AEBP2|S206	1.0079131	0.0037727214
AEBP2|S24	0.98596084	-0.019657273
AEBP2|S390	1.0	0.0
AES|S196	0.9492083	-0.047897786
AFAP1L1|S296	1.0	0.0
AFAP1L1|S329	0.97751904	-0.010232024
AFAP1L1|S714	1.0	0.0
AFAP1L1|S747	1.1308672	0.12698658
AFAP1L1|S98	1.0629411	0.055172578
AFAP1L2|S165	1.0	0.0
AFAP1L2|S344	1.0297796	0.017651508
AFAP1L2|S484	1.068664	0.090419896
AFAP1L2|S640	1.0	0.0
AFAP1L2|S796	1.0	0.0
AFAP1L2|T635	1.0	0.0
AFAP1L2|Y383	1.0	0.0
AFAP1|S264	1.055591	0.0564137
AFAP1|S265	1.0611246	0.059087306
AFAP1|S277_S278	1.0	0.0
AFAP1|S632	1.0	0.0
AFAP1|S752	1.0	0.0
AFDN|S1066	1.0	0.0
AFDN|S1100	1.0	0.0
AFDN|S1136	1.0	0.0
AFDN|S1175	1.0	0.0
AFDN|S1234	1.0	0.0
AFDN|S1268	1.0	0.0
AFDN|S1321	1.0	0.0
AFDN|S1505	1.0	0.0
AFDN|S1714	1.0	0.0
AFDN|S1792	1.0	0.0
AFDN|S182	1.0	0.0
AFDN|S217	1.0	0.0
AFDN|S247	1.0	0.0
AFDN|S410	1.0	0.0
AFDN|S498	1.0	0.0
AFDN|S543	1.0	0.0
AFDN|T1204	1.0	0.0
AFDN|T1345	1.0	0.0
AFDN|T1808	1.0	0.0
AFF1|S1099	1.0	0.0
AFF1|S219	1.0	0.0
AFF1|S595	1.0	0.0
AFF1|S757	1.0	0.0
AFF3|S906	1.0	0.0
AFF4|S1043	0.99750644	-0.00052276964
AFF4|S1055	0.98601896	-0.013876957
AFF4|S1058	0.96642643	-0.015639713
AFF4|S212	1.0704988	0.08777317
AFF4|S487	1.0106447	0.02566516
AFF4|S549	0.9493739	-0.029170623
AFF4|S694	0.9453788	0.013925559
AFF4|S703	0.82993746	-0.15283942
AFF4|S703_S706	1.0	0.0
AFF4|S706	0.89114094	-0.10311624
AFF4|S814	1.0	0.0
AFF4|S836	0.9838809	-0.0074962396
AFF4|T332	1.0	0.0
AFF4|T336	1.0	0.0
AFF4|T528	0.9552615	-0.0070547154
AFF4|T674	1.0207392	0.025465595
AFTPH|S151	1.0	0.0
AFTPH|S382	0.90754825	-0.07558029
AFTPH|S411	1.0	0.0
AFTPH|S508	0.972622	-0.026947072
AFTPH|S518	0.93216515	-0.08165685
AFTPH|T617	0.9218213	-0.07591589
AFTPH|T897	1.0	0.0
AGAP1|S315	1.0	0.0
AGAP1|S521	0.9644365	-0.029463023
AGAP1|T836	0.95875126	-0.025115171
AGAP2|S638	0.99450296	-0.0037139743
AGAP2|S648	1.022187	0.047922965
AGAP2|S927	0.96916467	-0.024849785
AGAP3|S152	1.0	0.0
AGAP3|S157	1.0	0.0
AGAP3|S24	1.0	0.0
AGAP3|S372	1.0	0.0
AGAP3|S479	1.0	0.0
AGAP3|S574	1.0	0.0
AGFG1|S162	1.0	0.0
AGFG1|S167	0.99763507	0.023486663
AGFG1|S179	1.0	0.0
AGFG1|S181	0.9772548	-0.0026631323
AGFG1|S386	1.0	0.0
AGFG1|T177	1.0095136	-0.009937493
AGFG1|T177_S179	1.0	0.0
AGGF1|S344	1.0	0.0
AGPS|S65	0.9013169	-0.057989635
AGRN|S896	1.0	0.0
AHCTF1|S1142	1.0455701	0.027412245
AHCTF1|S1160	0.9554865	-0.053747673
AHCTF1|S1214	0.9842032	-0.02052569
AHCTF1|S1218	0.9185193	-0.07570716
AHCTF1|S1218_S1222	1.0	0.0
AHCTF1|S1222	0.9150367	-0.090428025
AHCTF1|S1232	0.8692019	-0.04696755
AHCTF1|S1295	1.0456265	0.05272682
AHCTF1|S1533	1.0321513	0.026650064
AHCTF1|S1541	1.081036	0.13252944
AHCTF1|S1944	1.0156684	0.022693975
AHCTF1|S509	0.9881734	0.0027933177
AHCTF1|S528	0.9654832	0.0017998088
AHCTF1|T1369	1.0	0.0
AHDC1|S1064	0.9868918	-0.010708922
AHDC1|S1187	1.0065446	-0.014652311
AHDC1|S1476	1.0164496	0.011964581
AHDC1|S1507	1.0	0.0
AHDC1|S1549	0.96126753	-0.037277155
AHDC1|S596	0.96131235	-0.03346732
AHDC1|S868	1.0	0.0
AHDC1|S896	0.9819798	-0.013194657
AHDC1|T99	0.85009223	-0.059377555
AHNAK2|S1007	1.0	0.0
AHNAK2|S102	1.0	0.0
AHNAK2|S1088	1.0	0.0
AHNAK2|S1172	1.0	0.0
AHNAK2|S1198	1.0	0.0
AHNAK2|S1337	1.0	0.0
AHNAK2|S1418	1.0939137	0.050574727
AHNAK2|S1502	1.0	0.0
AHNAK2|S1528	1.0	0.0
AHNAK2|S1583	1.0518035	-0.023404058
AHNAK2|S1667	1.0	0.0
AHNAK2|S1693	1.0	0.0
AHNAK2|S1832	1.0	0.0
AHNAK2|S1913	1.0	0.0
AHNAK2|S194	1.0	0.0
AHNAK2|S1997	1.074305	0.067513175
AHNAK2|S2023	1.0	0.0
AHNAK2|S2162	1.0	0.0
AHNAK2|S2243	1.0	0.0
AHNAK2|S2336	1.0	0.0
AHNAK2|S2353	1.0	0.0
AHNAK2|S2492	1.0	0.0
AHNAK2|S2573	1.0	0.0
AHNAK2|S2666	1.0	0.0
AHNAK2|S2822	1.0	0.0
AHNAK2|S2903	1.0	0.0
AHNAK2|S294	1.0704042	0.08638773
AHNAK2|S2987	1.0	0.0
AHNAK2|S3152	1.0	0.0
AHNAK2|S332	0.88399667	-0.11055505
AHNAK2|S3398	1.0	0.0
AHNAK2|S3408	1.0	0.0
AHNAK2|S3482	1.0	0.0
AHNAK2|S365	0.89698523	-0.09647666
AHNAK2|S3673	1.0	0.0
AHNAK2|S3812	1.0	0.0
AHNAK2|S3838	1.0	0.0
AHNAK2|S3893	1.0	0.0
AHNAK2|S3977	1.0	0.0
AHNAK2|S4003	1.0	0.0
AHNAK2|S4058	1.0	0.0
AHNAK2|S4142	1.0	0.0
AHNAK2|S4307	1.0	0.0
AHNAK2|S4333	1.0	0.0
AHNAK2|S4388	1.0	0.0
AHNAK2|S447	1.0	0.0
AHNAK2|S4472	1.0	0.0
AHNAK2|S4553	1.0	0.0
AHNAK2|S466	1.0	0.0
AHNAK2|S4710	1.0	0.0
AHNAK2|S4897	1.0	0.0
AHNAK2|S5036	1.0	0.0
AHNAK2|S5175	1.0	0.0
AHNAK2|S5428	1.0	0.0
AHNAK2|S5542	1.0	0.0
AHNAK2|S589	1.0	0.0
AHNAK2|S593	1.0	0.0
AHNAK2|S753	1.0	0.0
AHNAK2|S842	1.0684886	0.1301194
AHNAK2|S851	1.0	0.0
AHNAK2|S923	1.0	0.0
AHNAK2|T5513	1.0	0.0
AHNAK|S1007	0.9740418	-0.006872618
AHNAK|S1010	0.90319383	-0.10029831
AHNAK|S1042	0.8422159	-0.053484865
AHNAK|S1068	0.8675353	-0.015565804
AHNAK|S110	0.9377459	-0.047821738
AHNAK|S1123	1.0170149	0.05265447
AHNAK|S1135	1.0	0.0
AHNAK|S1138	1.0	0.0
AHNAK|S115	0.9303128	-0.047577154
AHNAK|S1158	1.0537502	0.056457374
AHNAK|S1170	0.953774	-0.018118598
AHNAK|S1196	1.0	0.0
AHNAK|S1216	1.0	0.0
AHNAK|S1263	1.0	0.0
AHNAK|S1286	1.1056739	0.10073605
AHNAK|S1298	0.9052301	0.014517368
AHNAK|S1324	1.0	0.0
AHNAK|S1344	0.96069914	-0.025802316
AHNAK|S135	1.0085645	-0.032975845
AHNAK|S1367	1.0	0.0
AHNAK|S1391	1.0	0.0
AHNAK|S1452	0.8834768	-0.12535016
AHNAK|S1519	1.0	0.0
AHNAK|S1571	0.9955645	0.010212366
AHNAK|S1580	0.95548093	0.06307735
AHNAK|S1654	1.0	0.0
AHNAK|S1721	1.0	0.0
AHNAK|S177	1.0112101	0.020887673
AHNAK|S1782	0.9695641	-0.009699472
AHNAK|S18	0.99172866	-0.007472678
AHNAK|S1802	0.89355016	-0.053366415
AHNAK|S1856	1.0	0.0
AHNAK|S1923	1.0	0.0
AHNAK|S1943	1.0	0.0
AHNAK|S1990	1.0	0.0
AHNAK|S2057	1.0	0.0
AHNAK|S2080	1.0	0.0
AHNAK|S2092	1.0	0.0
AHNAK|S210	0.95706415	-0.015444133
AHNAK|S210_S212	1.0	0.0
AHNAK|S210_S216	1.021129	0.020870425
AHNAK|S2118	1.0	0.0
AHNAK|S212	0.9157919	-0.09727473
AHNAK|S212_S216	1.0	0.0
AHNAK|S2138	1.0123985	0.052364208
AHNAK|S216	1.092092	0.08999837
AHNAK|S216_S220	1.0	0.0
AHNAK|S216_T218	1.0	0.0
AHNAK|S2185	0.95083445	2.1238966e-05
AHNAK|S220	0.888949	-0.10734077
AHNAK|S2252	1.0	0.0
AHNAK|S2287	1.0	0.0
AHNAK|S230	1.0	0.0
AHNAK|S2313	1.0	0.0
AHNAK|S2333	1.0	0.0
AHNAK|S2387	0.96786135	-0.067516424
AHNAK|S2397	1.0	0.0
AHNAK|S242	1.0	0.0
AHNAK|S2423	1.0	0.0
AHNAK|S2454	1.0	0.0
AHNAK|S2519	1.0	0.0
AHNAK|S2542	1.0	0.0
AHNAK|S256	0.9718687	0.037776906
AHNAK|S2580	0.9605251	0.17799297
AHNAK|S2600	1.0	0.0
AHNAK|S2647	1.0	0.0
AHNAK|S2670	1.0	0.0
AHNAK|S2708	1.061311	0.07680212
AHNAK|S2728	1.0	0.0
AHNAK|S2775	1.0	0.0
AHNAK|S2798	1.0	0.0
AHNAK|S283	0.96016866	-0.03381419
AHNAK|S2836	1.0831118	0.043074127
AHNAK|S2903	1.0	0.0
AHNAK|S295	1.0	0.0
AHNAK|S2984	0.9258965	0.0066127796
AHNAK|S3031	1.0	0.0
AHNAK|S3054	1.1183298	0.11073027
AHNAK|S3092	1.0	0.0
AHNAK|S3112	0.9920256	-0.012774614
AHNAK|S3159	1.0	0.0
AHNAK|S3182	1.0	0.0
AHNAK|S3220	1.061311	0.07680212
AHNAK|S3294	0.944647	-0.06562933
AHNAK|S3314	1.0	0.0
AHNAK|S332	0.91064984	-0.07784025
AHNAK|S3326	0.8323475	-0.0678678
AHNAK|S3360	0.8597923	-0.03823642
AHNAK|S337	0.99521345	0.004518745
AHNAK|S3412	1.0236118	0.022242477
AHNAK|S3416	1.0	0.0
AHNAK|S3426	0.94506496	-0.19235532
AHNAK|S3483	0.90720916	-0.0958768
AHNAK|S3544	1.0	0.0
AHNAK|S3564	1.0	0.0
AHNAK|S3611	1.0	0.0
AHNAK|S3672	1.038155	0.183476
AHNAK|S3724	1.1041001	0.07588887
AHNAK|S3746	1.0	0.0
AHNAK|S3766	1.0	0.0
AHNAK|S379	0.8981211	-0.06671261
AHNAK|S3813	1.0	0.0
AHNAK|S3836	1.0	0.0
AHNAK|S3874	1.0	0.0
AHNAK|S3894	1.0	0.0
AHNAK|S3941	1.0	0.0
AHNAK|S3964	1.0	0.0
AHNAK|S4002	1.0	0.0
AHNAK|S4022	1.0	0.0
AHNAK|S4069	1.0	0.0
AHNAK|S4092	1.0	0.0
AHNAK|S41	1.0498698	0.05677836
AHNAK|S4130	1.001973	0.0022113181
AHNAK|S4150	1.0	0.0
AHNAK|S4197	1.0	0.0
AHNAK|S4220	1.0	0.0
AHNAK|S4258	1.0	0.0
AHNAK|S4278	1.0	0.0
AHNAK|S4325	1.0	0.0
AHNAK|S4360	0.9942142	0.024908377
AHNAK|S4386	0.8989791	-0.048919164
AHNAK|S440	1.0	0.0
AHNAK|S4406	1.0	0.0
AHNAK|S4425	0.8453335	-0.07838315
AHNAK|S4425_T4430	1.0	0.0
AHNAK|S4460	1.0	0.0
AHNAK|S4480	1.0	0.0
AHNAK|S4486	1.0065771	0.04946302
AHNAK|S4516	1.0	0.0
AHNAK|S4520	0.86234874	0.107163385
AHNAK|S4522	1.0285635	0.09122618
AHNAK|S4540	1.0	0.0
AHNAK|S4594	1.0	0.0
AHNAK|S4661	1.0	0.0
AHNAK|S4684	1.0	0.0
AHNAK|S4715	1.0	0.0
AHNAK|S4722	1.0	0.0
AHNAK|S4789	1.0	0.0
AHNAK|S4812	1.0	0.0
AHNAK|S4850	0.8059075	-0.20933144
AHNAK|S4900	1.0	0.0
AHNAK|S4908	0.9527763	-0.04389107
AHNAK|S4933	1.0	0.0
AHNAK|S4953	1.0	0.0
AHNAK|S4960	1.0031868	0.0025103646
AHNAK|S501	1.0	0.0
AHNAK|S5013	1.0	0.0
AHNAK|S5031	0.8471056	-0.08876227
AHNAK|S5054	1.0	0.0
AHNAK|S5077	0.9430553	-0.043118235
AHNAK|S508	1.0051919	0.004863974
AHNAK|S5099	1.0	0.0
AHNAK|S511	0.9181245	-0.09448253
AHNAK|S5110	0.8967039	-0.050361957
AHNAK|S5125	1.0	0.0
AHNAK|S5195	1.0	0.0
AHNAK|S521	1.0	0.0
AHNAK|S5214	1.0	0.0
AHNAK|S5261	0.8432647	-0.16117568
AHNAK|S5279	0.9378486	-0.04089684
AHNAK|S5289	1.0	0.0
AHNAK|S5293	0.89813036	-0.071316965
AHNAK|S5298	0.92639714	-0.039328042
AHNAK|S5310	1.0	0.0
AHNAK|S5318	1.1057479	0.1650697
AHNAK|S5332	0.78389233	-0.18840799
AHNAK|S5369	1.0	0.0
AHNAK|S5386	0.9946815	0.0053713447
AHNAK|S539	0.9300554	-0.022637798
AHNAK|S5393	0.93702155	-0.106128916
AHNAK|S5397	1.0232499	-0.016177507
AHNAK|S5400	0.8544799	-0.10946767
AHNAK|S5418	1.0	0.0
AHNAK|S5430	1.0109959	0.016309656
AHNAK|S5448	0.93754065	-0.088824816
AHNAK|S5464	1.0	0.0
AHNAK|S5519	1.005833	0.007967837
AHNAK|S5530	1.0067649	-0.027176827
AHNAK|S5542	1.0	0.0
AHNAK|S5552	0.7399164	-0.26325065
AHNAK|S5555	1.0	0.0
AHNAK|S5577	0.9365372	-0.059975456
AHNAK|S5582	1.0	0.0
AHNAK|S5589	1.0279832	0.008958468
AHNAK|S5593	1.0427537	0.10687116
AHNAK|S5620	0.83092934	-0.1234811
AHNAK|S5641	1.0	0.0
AHNAK|S5690	1.0	0.0
AHNAK|S570	0.8199932	-0.12432196
AHNAK|S572	0.8951541	0.02678856
AHNAK|S5731	0.99119496	0.08255293
AHNAK|S5731_S5735	1.0	0.0
AHNAK|S5735	0.91583234	-0.05097175
AHNAK|S5737	1.0288317	0.0805552
AHNAK|S5739	0.9798206	0.054480992
AHNAK|S5749	1.0983381	0.10845205
AHNAK|S5749_S5752	1.0138706	0.012230102
AHNAK|S5749_S5752_S5763	1.0	0.0
AHNAK|S5749_S5763	1.0	0.0
AHNAK|S5752	1.0148134	0.044973604
AHNAK|S5752_S5762	1.0	0.0
AHNAK|S5752_S5763	1.0590714	0.053387932
AHNAK|S5763	0.9239273	0.08198866
AHNAK|S5780	0.9107682	-0.043703787
AHNAK|S5780_S5782	1.0	0.0
AHNAK|S5782	0.92670834	-0.048242543
AHNAK|S5830	0.88915175	0.04604415
AHNAK|S5841	0.9257993	0.03223628
AHNAK|S5851	0.9226697	-0.04987273
AHNAK|S5851_S5854	1.0	0.0
AHNAK|S5851_S5854_S5857	1.0	0.0
AHNAK|S5851_S5857	1.0	0.0
AHNAK|S5854	0.9035144	-0.107937284
AHNAK|S5857	0.85843664	-0.10541273
AHNAK|S5863	0.87865514	-0.13160732
AHNAK|S613	1.0	0.0
AHNAK|S658	1.0	0.0
AHNAK|S698	0.9285677	-0.056160036
AHNAK|S758	1.0	0.0
AHNAK|S781	1.0967274	0.09559397
AHNAK|S793	0.95023745	-0.04440449
AHNAK|S819	0.9038777	-0.018913873
AHNAK|S845	1.0069224	0.14820457
AHNAK|S886	0.8283801	-0.055744417
AHNAK|S909	1.0	0.0
AHNAK|S93	1.0404589	0.058886025
AHNAK|S947	1.0	0.0
AHNAK|S983	1.0	0.0
AHNAK|T158	0.77541786	-0.22332565
AHNAK|T247	1.0	0.0
AHNAK|T2845	1.0	0.0
AHNAK|T3366	0.9612358	-0.029075423
AHNAK|T3716	0.9506353	0.028372863
AHNAK|T376	1.0	0.0
AHNAK|T4100	0.9924107	-0.11110789
AHNAK|T4430	0.9358955	-0.056074347
AHNAK|T4564	0.91245794	-0.035777766
AHNAK|T4742	1.0	0.0
AHNAK|T4766	0.8719606	-0.12103887
AHNAK|T4877	1.0	0.0
AHNAK|T490	1.0	0.0
AHNAK|T545	0.9612421	-0.043080248
AHNAK|T551	0.96712095	-0.026164161
AHNAK|T5796_T5798	1.0	0.0
AHNAK|T5824	0.87862915	0.026270917
AHNAK|T5839	0.9975856	-0.00956656
AHNAK|T651	1.0	0.0
AHNAK|T99	0.8970372	-0.08118993
AHSG|S135	0.98282397	-0.017543638
AHSG|S138	0.90024906	-0.12451376
AHSG|S139	1.0	0.0
AHSG|S300	1.0	0.0
AHSG|S302	1.0	0.0
AHSG|S329	1.0	0.0
AHSG|S330	0.94449955	-0.05058974
AHSG|S331	1.0	0.0
AIDA|S144	1.0111034	0.0011298225
AIDA|S162	0.9470744	-0.051553536
AIDA|S82	0.988368	-0.012824353
AIF1|S39	1.1864564	0.19331805
AIFM1|S519	0.9196153	-0.0758129
AIMP1|S140	1.0563426	0.028118566
AJUBA|S119	1.0251974	0.03539697
AJUBA|S237	1.0	0.0
AJUBA|S263	1.0121629	0.048931703
AJUBA|S79	1.0788778	0.10201019
AJUBA|T114	0.93903595	-0.061028726
AKAP10|S173	1.0	0.0
AKAP10|S187	0.96881074	-0.015623829
AKAP10|S278	1.0	0.0
AKAP10|S281	1.0698925	0.051550444
AKAP10|S96	1.0	0.0
AKAP11|S1240_S1242	1.0	0.0
AKAP11|S1242	1.065466	0.07370924
AKAP11|S1580	0.98581505	0.007878979
AKAP11|S18	1.0107381	0.04979503
AKAP11|S288	1.0247183	0.024094675
AKAP11|S422	0.98340344	-0.012947396
AKAP11|S422_S433	1.0	0.0
AKAP11|S433	1.0	0.0
AKAP11|S444	0.9562837	-0.00046903055
AKAP11|S448	0.9774556	-0.0084746145
AKAP11|T1100	0.99435127	-0.001872677
AKAP11|T1485	0.9343636	-0.0015973703
AKAP12|S1119	1.0519923	0.052645102
AKAP12|S1226	1.0	0.0
AKAP12|S1256	1.0	0.0
AKAP12|S1328	1.0	0.0
AKAP12|S1331	1.0111265	0.059400115
AKAP12|S1395	0.93640924	-0.05171325
AKAP12|S1512	1.0	0.0
AKAP12|S1587	0.8350292	-0.10697083
AKAP12|S1674	0.93337125	-0.06609769
AKAP12|S219	1.0	0.0
AKAP12|S248	0.87354165	-0.09049311
AKAP12|S253	1.0	0.0
AKAP12|S258	1.0	0.0
AKAP12|S283	0.9471327	-0.031051135
AKAP12|S286	0.8909073	-0.17124929
AKAP12|S347	0.9639557	-0.03150033
AKAP12|S364	1.0	0.0
AKAP12|S371	0.8948737	-0.030724488
AKAP12|S483	0.9853353	-0.017434122
AKAP12|S514	1.0041635	0.011565778
AKAP12|S554	1.0	0.0
AKAP12|S554_S557	1.0	0.0
AKAP12|S598	1.0450566	0.06823283
AKAP12|S612	0.8250359	-0.1376775
AKAP12|S627	0.9210528	-0.032375164
AKAP12|S627_S629	1.0	0.0
AKAP12|S651	0.92123246	-0.071325585
AKAP12|S660	1.0	0.0
AKAP12|S696_S697_S698	1.0	0.0
AKAP12|S698	1.0072424	0.039274696
AKAP12|S75	0.89425904	-0.103528224
AKAP12|S806	1.0	0.0
AKAP12|S887	0.9394335	-0.058562122
AKAP12|S96	0.9984167	0.01312189
AKAP12|T1116	0.96647376	-0.018470118
AKAP12|T1760	0.9615359	-0.036464427
AKAP12|T608	1.0	0.0
AKAP12|T608_S612	1.0	0.0
AKAP13|S1119	1.0	0.0
AKAP13|S1324	1.0	0.0
AKAP13|S1330	1.0	0.0
AKAP13|S1411	1.0279415	0.034739677
AKAP13|S147	1.0	0.0
AKAP13|S1507	0.9638638	-0.010486323
AKAP13|S1559	0.999868	-0.00037513036
AKAP13|S1565	1.0258538	0.033966377
AKAP13|S1646	1.0	0.0
AKAP13|S1646_S1649	1.0	0.0
AKAP13|S1649	1.0	0.0
AKAP13|S1649_S1651	1.0	0.0
AKAP13|S1651	1.0	0.0
AKAP13|S1880	1.0	0.0
AKAP13|S1899	1.0	0.0
AKAP13|S1910	1.0	0.0
AKAP13|S1933	1.0	0.0
AKAP13|S205	1.0	0.0
AKAP13|S2349	1.0	0.0
AKAP13|S2402	0.9922788	-0.0069402247
AKAP13|S2402_S2406	1.0	0.0
AKAP13|S2502	1.0	0.0
AKAP13|S2565	1.0	0.0
AKAP13|S2567	0.9002278	-0.09194034
AKAP13|S267_S269	1.0	0.0
AKAP13|S269	1.0	0.0
AKAP13|S2703	1.0	0.0
AKAP13|S2707	1.0	0.0
AKAP13|S2713	1.0	0.0
AKAP13|S2724	1.0	0.0
AKAP13|S2732	1.0	0.0
AKAP13|S497	1.0	0.0
AKAP13|S51	1.0	0.0
AKAP13|S516	1.0	0.0
AKAP13|S790	0.8765255	-0.122421615
AKAP13|S966	1.0	0.0
AKAP13|S983	1.049002	0.04803778
AKAP13|T1032	1.0	0.0
AKAP13|T1088	1.0	0.0
AKAP13|T1149	1.0869136	0.052628424
AKAP13|T1934	1.0	0.0
AKAP13|T2415	1.0	0.0
AKAP13|T2471	1.0	0.0
AKAP13|T953	0.97921944	-0.029191589
AKAP17A|S499	0.9618523	-0.025591461
AKAP17A|S537	1.0282273	0.04302941
AKAP17A|S633	0.97960067	0.035365652
AKAP1|S107	0.95827925	-0.02999591
AKAP1|S150	0.85149807	-0.12530254
AKAP1|S151	0.79825824	-0.1947049
AKAP1|S429	1.0	0.0
AKAP1|S592	0.98856974	0.028511537
AKAP1|T533	0.9802518	-0.020826187
AKAP5|S18	0.9110673	-0.071546346
AKAP8L|S222	1.0	0.0
AKAP8L|S265	1.0	0.0
AKAP8L|S491	1.0	0.0
AKAP8|S112	0.9884603	0.005131671
AKAP8|S323_S328	1.0	0.0
AKAP8|S323_S328_S339	1.0	0.0
AKAP8|S328	0.9217447	-0.07356279
AKAP8|S328_S339	1.0	0.0
AKAP8|S339	0.995	-0.0044786194
AKAP9|S1327	0.9918159	-0.0027357123
AKAP9|S2476	1.0	0.0
AKAP9|S3576	0.9912949	-0.008117705
AKAP9|S3835	0.9724805	-0.030584289
AKAP9|S3842	0.89739007	-0.099591546
AKAP9|T795	1.0	0.0
AKNA|S1228	1.0837508	0.08115042
AKNA|S316	1.0757685	0.104535505
AKNA|S52	1.2044958	0.19992599
AKNA|S770	1.0353123	0.061043892
AKR1C1|S232	1.0	0.0
AKR1C3|S232	1.0	0.0
AKR1C3|S73	1.0	0.0
AKR7A2|S220	1.0	0.0
AKR7A2|S255	1.1278336	0.14937505
AKT1S1|S183	0.83046687	-0.034215238
AKT1S1|S202_S203	1.0	0.0
AKT1S1|S203	0.9697638	-0.01701892
AKT1S1|S211_S212	1.0	0.0
AKT1S1|S212	0.9844477	-0.007587444
AKT1S1|S88	1.0	0.0
AKT1S1|S88_S92	1.0	0.0
AKT1S1|S92	1.0	0.0
AKT1S1|T246	0.903631	-0.04647961
AKT2|S34	1.0492796	0.06469872
AKT2|S474	1.0	0.0
AKT2|T451	1.0520734	0.120145984
AKT3|S34	0.95746046	-0.034633115
AKT3|T443	1.0	0.0
AKT3|T445	1.0	0.0
AKT3|T447	1.108586	0.11206158
ALAD|S215	1.0	0.0
ALB|S29	0.9616458	-0.0465947
ALB|S294	0.9552581	-0.04185723
ALB|S443	0.9464108	-0.05431435
ALB|S451	0.98731625	-0.010973721
ALB|S82	0.8154383	-0.20678137
ALB|S89	1.0	0.0
ALB|T100	1.0	0.0
ALB|T190	1.0	0.0
ALB|T260	1.0	0.0
ALB|T446	1.0	0.0
ALB|T551	1.0	0.0
ALB|T71	1.0	0.0
ALB|T76	1.0	0.0
ALDH1A1|S413	1.1385024	0.15298457
ALDH1A1|T144	1.1252081	0.12526038
ALDH1A1|T267	1.0	0.0
ALDH1A1|T337	0.7734967	-0.22321077
ALDH2|T283	1.0	0.0
ALDH3A2|S293	1.1993114	0.16914567
ALDH9A1|S11	1.0	0.0
ALDOA|S132	1.0	0.0
ALDOA|S272	1.0	0.0
ALDOA|S276	1.0	0.0
ALDOA|S309	1.0	0.0
ALDOA|S36	1.1100135	0.100629516
ALDOA|S39	1.0159496	0.024432985
ALDOA|S46	0.96451515	-0.006111384
ALDOA|T37	1.0414677	0.058837302
ALDOA|Y204	1.0	0.0
ALDOC|S36	1.1675221	0.1823811
ALDOC|S45	0.95610166	-0.023222107
ALDOC|Y204	1.0	0.0
ALG3|S11	0.90211254	0.025822166
ALG3|S11_S13	1.0	0.0
ALG3|S13	0.8798014	-0.013685232
ALKBH5|S361	1.0585566	0.060534123
ALKBH5|S371	1.0562336	0.12216658
ALKBH5|S379	1.0	0.0
ALKBH5|S384	0.9453514	-0.0020604413
ALKBH5|S64	1.0397357	0.031833537
ALKBH5|S69	1.038834	0.047973245
ALKBH5|S96	1.0285734	0.026814157
ALMS1|S465	1.0	0.0
ALMS1|S93	1.0	0.0
ALPK1|S721	1.0495353	0.0657037
ALPK3|S1406	1.0	0.0
ALPK3|T728	1.0	0.0
ALPL|S110	1.0872476	0.07058357
ALS2CL|S636	1.058819	0.059486516
ALS2|S1335	1.0440944	0.06721404
ALS2|S1464	0.9075319	-0.06987076
ALS2|S466	1.0154474	0.028266767
ALS2|S483	1.0016104	0.004795066
ALS2|S483_S492	1.0	0.0
ALS2|S492	0.9647306	-0.020128535
ALYREF|S101	1.0	0.0
ALYREF|S15	1.0	0.0
ALYREF|S246	1.0	0.0
AMER1|S246	1.0	0.0
AMOTL1|S191	1.0	0.0
AMOTL1|S272	1.0	0.0
AMOTL1|S743	1.0	0.0
AMOTL1|S755	1.0	0.0
AMOTL1|S778	1.0	0.0
AMOTL1|S856	1.0	0.0
AMOTL1|S874	1.0	0.0
AMOTL2|S224	1.0	0.0
AMOTL2|S294	1.0	0.0
AMOTL2|S598	1.0	0.0
AMOTL2|S817	1.0	0.0
AMOT|S229	1.0	0.0
AMOT|S714	1.0621904	0.05906799
AMOT|S823	1.0593268	0.03685545
AMPD2|S100	0.9810474	-0.017100321
AMPD2|S134	1.0249166	0.046459213
AMPD2|S168	1.0075736	0.00706763
AMPD2|S190	1.1689445	0.21410953
AMPD2|S76	0.99156016	0.0027555574
AMPD3|S94	1.0	0.0
AMPH|S506	1.1976177	0.18485913
ANAPC1|S1347	1.0645394	0.068463035
ANAPC1|S343	1.0	0.0
ANAPC1|S355	1.0	0.0
ANAPC1|S547	1.0	0.0
ANAPC1|S555	1.0	0.0
ANAPC1|S688	0.9542945	-0.04233342
ANAPC2|S218	1.0	0.0
ANAPC2|S314	0.94914323	-0.040526386
ANAPC2|S532	1.0	0.0
ANAPC2|S534	0.96612597	-0.030446306
ANK1|S1428	0.9913505	-0.0033314568
ANK1|S1593	1.0631524	0.13273063
ANK1|S1666	0.9478697	-0.027944067
ANK1|S1686	0.87409	-0.005209537
ANK1|S429	1.0037528	0.047400486
ANK1|S781	1.029446	0.22331591
ANK1|S834	0.9036534	-0.0034743256
ANK1|S856	0.96507007	-0.017390817
ANK1|T1378	0.92126137	0.104679056
ANK1|T1380	0.8780081	-0.090263404
ANK2|S1846	1.0407182	0.042103343
ANK2|S1858	1.0618763	0.057395816
ANK2|S1882	1.0	0.0
ANK2|S1905	1.0893471	0.08625841
ANK2|S1929	1.1279243	0.12661983
ANK2|S1964	1.0818307	0.08524039
ANK2|S1976	1.1104991	0.11180962
ANK2|S31	1.0	0.0
ANK2|S3792	1.1444124	0.12189287
ANK2|S3793	1.1131948	0.1141896
ANK2|S3823	1.0004174	0.0078089247
ANK2|S3845	1.0970554	0.07881668
ANK2|S3882_S3883	1.0	0.0
ANK2|S825	1.0	0.0
ANK2|S846	0.9512665	-0.047303658
ANK3|S1444	1.0	0.0
ANK3|S1451	1.0	0.0
ANK3|S1463	1.0	0.0
ANK3|S1463_S1466	1.0	0.0
ANK3|S1466	1.0	0.0
ANK3|S1470	1.0	0.0
ANK3|S1473	1.0	0.0
ANK3|S1477	1.0	0.0
ANK3|S1713	1.0	0.0
ANK3|S1720	1.0	0.0
ANK3|S1782	1.0	0.0
ANK3|S1790	1.0	0.0
ANK3|S1826	1.0	0.0
ANK3|S1833	1.0	0.0
ANK3|S22	1.0	0.0
ANK3|S33	1.0	0.0
ANK3|S39	1.152855	0.17826872
ANK3|S4352	1.0	0.0
ANK3|S4465	1.0	0.0
ANK3|S606	1.0	0.0
ANK3|S617	1.0	0.0
ANK3|S623	1.0	0.0
ANK3|S830	1.0	0.0
ANK3|S841	1.0	0.0
ANK3|S847	1.1014773	0.09633643
ANK3|S861	1.0	0.0
ANK3|S890	1.0	0.0
ANK3|S914	1.0	0.0
ANKFY1|S903	1.0	0.0
ANKHD1|S1591_S1593	1.0	0.0
ANKHD1|S1670	0.99514973	-0.031908806
ANKHD1|S803	1.1103692	0.13148637
ANKHD1|T1653	1.0	0.0
ANKIB1|S304	1.0	0.0
ANKIB1|S737	0.9722287	-0.029941022
ANKLE2|S268	1.0167627	0.025236959
ANKLE2|S528	1.0	0.0
ANKLE2|S662	1.0015093	0.002089558
ANKRD11|S1079	1.0	0.0
ANKRD11|S1225	1.0	0.0
ANKRD11|S1225_S1228	1.0	0.0
ANKRD11|S1389	0.9540119	-0.04859602
ANKRD11|S1983	1.0	0.0
ANKRD11|S2374	0.9351165	-0.070983395
ANKRD11|S73	1.0	0.0
ANKRD11|S812	1.0	0.0
ANKRD12|S1120	1.0	0.0
ANKRD12|S1166	0.9697209	-0.0267968
ANKRD12|S1232	1.0	0.0
ANKRD12|S126	1.0	0.0
ANKRD12|S1288	1.0	0.0
ANKRD12|S1776	1.0	0.0
ANKRD12|S607	1.0	0.0
ANKRD13D|S465_T469	1.0	0.0
ANKRD17|S1946	1.0	0.0
ANKRD17|S2058	1.0	0.0
ANKRD17|S2066	1.0	0.0
ANKRD26|S530	0.9844232	-0.02027404
ANKRD26|S630	0.98306894	-0.010877036
ANKRD27|S418	1.0	0.0
ANKRD27|S962	0.983319	-0.014837087
ANKRD27|T1023	0.9795626	-0.011612868
ANKRD35|S686	1.0	0.0
ANKRD50|S1004	1.0	0.0
ANKRD50|S1238	1.0	0.0
ANKRD6|S484	1.0	0.0
ANKS1A|S626	1.1725456	0.19009931
ANKS1A|S634	0.9661251	-0.036834992
ANKS1A|S647	1.0213368	0.039001327
ANKS1A|S652	1.0104489	0.04881668
ANKS1A|S663	1.0732979	0.09647152
ANKS1A|S887	0.95947623	-0.025373219
ANKS1A|T318	1.0	0.0
ANKZF1|S361	0.96894276	-0.023282154
ANKZF1|S533	1.0	0.0
ANKZF1|S56	0.9071127	-0.060557425
ANKZF1|S675	0.9660598	-0.039410755
ANKZF1|T607	0.9572199	-0.032685738
ANLN|S182	0.9500414	-0.049804308
ANLN|S225	1.0	0.0
ANLN|S485	1.0744101	0.05891155
ANLN|S54	1.0	0.0
ANLN|S755	1.0	0.0
ANLN|S792	0.9126159	-0.086184636
ANO6|S256	0.88765246	0.015605271
ANO8|S669	0.94892055	-0.039625127
ANP32A|S27	0.9038348	-0.08103463
ANP32A|S27_S29	1.0	0.0
ANP32A|T15	1.043096	0.08736657
ANP32B|T15	0.96128523	-0.050838273
ANP32B|T244	1.0338231	0.05721521
ANTXR1|S362	1.1025925	0.1159914
ANXA1|S37	1.0665957	0.0694762
ANXA1|S45	1.0	0.0
ANXA2|S12	0.99840593	0.0027510852
ANXA2|S127	1.1036206	0.11890008
ANXA2|S161	1.0247849	0.023753205
ANXA2|S18	1.0226752	0.03356861
ANXA2|S184	1.0607718	0.06616949
ANXA2|S221	1.0	0.0
ANXA2|T19	1.0323724	0.03930093
ANXA2|Y238	0.9141513	-0.0752783
ANXA2|Y24	0.82592565	-0.16616903
ANXA4|S127	1.0	0.0
ANXA4|S14	1.0	0.0
ANXA5|Y94	1.1111331	0.11848808
ANXA6|T535	1.0336492	0.031210102
AP1AR|S153	1.0	0.0
AP1AR|T195	1.0	0.0
AP1M1|T152	0.92790115	-0.042418152
AP2A1|S649	1.0	0.0
AP2A1|S655	0.99543995	-0.003070678
AP2M1|S151	1.0	0.0
AP2M1|S45	0.95589584	-0.04264875
AP2M1|T150	1.0	0.0
AP2M1|T154	1.0	0.0
AP3B1|S227	1.0	0.0
AP3B1|S701_S703	1.0	0.0
AP3B1|T612	1.0	0.0
AP3B1|T761	1.0	0.0
AP3B2|S240	1.0	0.0
AP3D1|S632	0.9541611	-0.050463825
AP3D1|S632_S634	1.0	0.0
AP3D1|S632_S634_S636	1.0	0.0
AP3D1|S658	0.9600583	0.00019142631
AP3D1|S829	1.0656763	0.07943957
AP3D1|S931	1.0	0.0
APBA1|S242	1.1389421	0.13882132
APBA1|S285	1.1975679	0.20888078
APBA1|S568	1.2093108	0.21522275
APBA1|T305_S313	1.0	0.0
APBA1|T370	1.2788528	0.27001444
APBA2|S11	1.0	0.0
APBA2|S283	1.0	0.0
APBA2|S468	1.0	0.0
APBA3|S11	1.0095279	0.007540479
APBA3|S46	1.0	0.0
APBB1IP|S526	1.1002257	0.16125412
APBB1|S205	0.988213	0.020013018
APBB1|S517	1.0	0.0
APBB2|S123	0.9923237	-0.013810814
APBB2|S160	1.1218337	0.15354364
APBB2|S334	0.9498272	-0.04787723
APBB2|S364	1.0756382	0.083200745
APBB2|S409	1.013586	0.013677071
APBB2|S695	1.0	0.0
APBB2|S716	1.0	0.0
APBB2|T34	1.0074395	0.007918946
APC|S1042	1.0212325	0.021351863
APC|S1100	1.0	0.0
APC|S111	0.9931754	-0.0057889316
APC|S1371	1.0	0.0
APC|S2260	0.9539816	-0.02659667
APC|S2290	1.0	0.0
APC|S2374	1.0	0.0
APC|S2449	0.9860175	-0.0034671102
APC|S2512	1.0	0.0
APC|S2724	1.0	0.0
APC|S2830	0.9889726	0.003515377
APC|S744	1.0	0.0
APC|T1438	1.0	0.0
APEH|S185	1.0080806	0.0058727767
APEH|S187	1.0448704	0.038174488
API5|S457	0.9153214	-0.06974184
API5|S462	1.074174	0.033635713
API5|S464	0.9533839	-0.0057269675
APIP|S87	1.1777582	0.22087736
APOA1|S191	0.98564976	-0.012201492
APOA2|S54	1.0	0.0
APOA2|S68	0.8804268	-0.08504722
APOA4|S259	0.999816	-0.016903328
APOBR|S118	1.0802598	0.0732515
APOBR|S162	0.89535666	-0.11876605
APOBR|S175	0.91575694	-0.067853644
APOBR|S422	0.97464365	-0.024631009
APOBR|S611	1.0	0.0
APOBR|S73	0.98074687	-0.0105480915
APOBR|S900	0.99838847	0.00039883066
APOBR|S939	0.98832434	-0.008754809
APOBR|T572	0.9119065	-0.088682264
APOBR|T637	0.95871687	-0.033842586
APOB|S4048	1.0411662	0.035663567
APOB|T4052	0.99772286	-0.01076572
APOE|S147	0.9687415	-0.03566907
APOL1|S311	0.88068354	-0.056663875
APOL1|S311_S314	1.0	0.0
APOL1|S314	0.95164824	-0.03130479
APOL2|S250	1.0462084	0.05076801
APPL1|S401	0.9148752	-0.076124385
APPL1|S403	1.0	0.0
APPL1|S410	0.9560567	-0.08584894
APPL1|S636	1.0	0.0
APPL1|T399	1.0	0.0
APP|S441	1.1015031	0.10257225
APRT|S15	1.0430253	0.043625187
APTX|S132	0.9009293	-0.11793628
AQP1|S262	0.76475424	-0.21341185
ARAF|S157	1.0041958	0.048065983
ARAF|S186	0.99943036	-0.0018908979
ARAF|S257	1.0067842	0.121063605
ARAF|S582	0.9956707	-0.005199518
ARAF|T181	1.0	0.0
ARAP1|S1419	1.0537683	0.05018505
ARAP1|S1428	0.92620975	0.020011002
ARAP1|S1435	1.0	0.0
ARAP1|S229	0.9480714	-0.052199636
ARAP1|S729	1.0	0.0
ARAP3|S1444	0.95684767	-0.051534396
ARAP3|S1480	1.0	0.0
ARAP3|S235	1.0	0.0
ARCN1|T437	1.0	0.0
ARFGAP1|S102	1.0	0.0
ARFGAP1|S298	1.0	0.0
ARFGAP1|S303	1.0	0.0
ARFGAP1|S316	1.0	0.0
ARFGAP1|S333	1.0	0.0
ARFGAP1|S97	1.0	0.0
ARFGAP1|T136	1.0	0.0
ARFGAP1|T82	1.0	0.0
ARFGAP2|S146	1.0264845	0.02897995
ARFGAP2|S240	0.9819768	-0.01019582
ARFGAP2|S340	0.9552312	0.026118781
ARFGAP2|S364	0.9205622	-0.08424426
ARFGAP2|S368	1.0887041	0.12502253
ARFGAP2|S432	1.0034708	0.021584898
ARFGAP3|S143	1.0	0.0
ARFGAP3|S451	0.91813695	-0.046541724
ARFGEF1|S1079	1.0062107	0.07713102
ARFGEF1|S1555	1.0	0.0
ARFGEF1|S1569	0.95436096	-0.03515483
ARFGEF1|S52	0.98458564	-0.016134901
ARFGEF2|S1511	0.93963665	-0.0764948
ARFGEF2|S1513_S1514	1.0	0.0
ARFGEF2|S1525_S1528	1.0	0.0
ARFGEF2|S1528	0.86180115	-0.0914381
ARFGEF2|S1534	0.9986395	-0.015355379
ARFGEF2|S349	1.0219553	0.019554825
ARFGEF3|S1061	1.1049669	0.11874081
ARFGEF3|S1061_S1066	1.0	0.0
ARFGEF3|S1066	1.0061362	0.00743897
ARFGEF3|S1741	0.92376274	-0.08423848
ARFGEF3|S1888	1.0	0.0
ARFGEF3|S1991	0.9425264	-0.036835443
ARFGEF3|S2061	1.2227386	0.21385153
ARFGEF3|S2079	1.0	0.0
ARFGEF3|S2081	1.1808536	0.31167382
ARFGEF3|S471	1.0722352	0.07627792
ARFGEF3|S538	1.0	0.0
ARFGEF3|S597	0.93979543	-0.055907942
ARFGEF3|S636	1.0245891	0.024815727
ARFIP1|S132	1.0644469	0.07060441
ARFIP1|S24	1.0	0.0
ARFIP1|S28	0.9998344	-0.0007121201
ARFIP1|S36	1.0	0.0
ARFIP1|S36_S39	1.0	0.0
ARFIP1|S39	1.0652239	0.13051634
ARFIP1|S69	1.0	0.0
ARFIP1|S79	0.9116504	-0.07168869
ARFIP1|S93	1.0238806	0.024325885
ARGLU1|S77	0.87837124	-0.021484688
ARHGAP10|S591	0.98059285	-0.017702607
ARHGAP12|S165	1.0909986	0.14044563
ARHGAP12|S176	0.93951976	0.03738542
ARHGAP12|S198	1.0	0.0
ARHGAP12|S201	1.0780097	0.10861915
ARHGAP12|S213	0.9250757	-0.061130725
ARHGAP12|S213_S215	1.0	0.0
ARHGAP12|S215	1.0470641	0.064674266
ARHGAP12|S240	1.0466216	0.049367715
ARHGAP12|S262	1.0	0.0
ARHGAP12|S587	1.0	0.0
ARHGAP12|S592	0.953753	-0.042428438
ARHGAP12|T634	1.0	0.0
ARHGAP15|S243	1.0877284	0.110302806
ARHGAP15|S43	1.0447954	0.146686
ARHGAP15|S64	1.1227093	0.1520084
ARHGAP17|S484	1.0	0.0
ARHGAP17|S575	0.9970902	-0.0075272406
ARHGAP17|S625	1.0	0.0
ARHGAP17|T679	1.0	0.0
ARHGAP18|S263	1.0140864	0.034013532
ARHGAP1|S35	1.018857	0.018926932
ARHGAP1|S51	0.99558526	-0.017842906
ARHGAP21|S1099	0.9486022	-0.059334338
ARHGAP21|S1396	1.0	0.0
ARHGAP21|S1504	1.0	0.0
ARHGAP21|S1514	1.0090944	0.028088076
ARHGAP21|S1669	0.9993018	-0.0043522622
ARHGAP21|S1713	1.0	0.0
ARHGAP21|S1843	1.0	0.0
ARHGAP21|S253	1.0	0.0
ARHGAP21|S459	1.0	0.0
ARHGAP21|S612	1.0	0.0
ARHGAP21|S616	0.9009523	-0.05054245
ARHGAP21|S857	1.0	0.0
ARHGAP21|S924	1.0	0.0
ARHGAP21|S954	0.9160245	-0.09992131
ARHGAP21|T1803	0.9474482	-0.06867649
ARHGAP22|S16	1.0	0.0
ARHGAP22|S388	1.0	0.0
ARHGAP22|S491_S492	1.0	0.0
ARHGAP23|S351	0.9315325	-0.05762897
ARHGAP23|S361	0.91375965	-0.081098
ARHGAP23|S372	1.0	0.0
ARHGAP23|S517	1.0	0.0
ARHGAP23|S598	0.8628814	-0.14510053
ARHGAP23|S623	0.92852265	-0.046598062
ARHGAP23|T1107	1.0	0.0
ARHGAP24|S391	1.0351989	0.031765547
ARHGAP24|S415	1.0491719	0.03182876
ARHGAP25|S363	1.0	0.0
ARHGAP25|S380	1.0	0.0
ARHGAP25|S495	1.0	0.0
ARHGAP25|S512	1.0	0.0
ARHGAP25|S534	1.0	0.0
ARHGAP25|T443	1.0	0.0
ARHGAP26|S584	1.0	0.0
ARHGAP27|S466	1.1450999	0.15279956
ARHGAP27|S481	1.0065585	0.00463446
ARHGAP27|S638	1.0400741	0.03481542
ARHGAP27|S84	1.0	0.0
ARHGAP27|T680	1.0	0.0
ARHGAP28|S477	1.0	0.0
ARHGAP29|S1019	0.9554827	-0.03680491
ARHGAP29|S1029	1.0	0.0
ARHGAP29|S171	0.9326012	-0.07805529
ARHGAP29|S190	0.9597493	-0.041963227
ARHGAP29|S499	0.93651164	-0.07475512
ARHGAP29|S519	0.9479592	-0.01998136
ARHGAP29|S559	1.0048782	0.007144289
ARHGAP29|S949	0.9845784	-0.0053385342
ARHGAP30|S291	1.0	0.0
ARHGAP30|S630	1.0431651	0.11407738
ARHGAP30|S630_S632	1.0	0.0
ARHGAP30|S632	1.0191276	0.108779006
ARHGAP30|S678	1.1587553	0.15752555
ARHGAP30|S709	1.1449382	0.13825354
ARHGAP30|S996	1.0	0.0
ARHGAP31|S1178	0.9564251	-0.035570286
ARHGAP31|S1312	0.93749356	-0.062344957
ARHGAP31|S272	1.0	0.0
ARHGAP31|S306	0.99853253	0.101097606
ARHGAP31|S346	1.0086918	0.04715629
ARHGAP31|S476	1.0353464	0.04099669
ARHGAP31|S629	1.0200069	0.023927007
ARHGAP31|S665	1.0093806	0.009076918
ARHGAP31|S944	1.0	0.0
ARHGAP31|S954	0.9711514	-0.030543713
ARHGAP31|S974	1.0	0.0
ARHGAP31|T511	1.0	0.0
ARHGAP32|S1203	0.9492651	-0.031862494
ARHGAP32|S1220	1.0	0.0
ARHGAP32|S1401	1.0	0.0
ARHGAP32|S1585	1.0	0.0
ARHGAP32|S587	1.0	0.0
ARHGAP32|S613	1.0	0.0
ARHGAP32|S655	1.0444719	0.04483301
ARHGAP32|S682	1.0772961	0.0950123
ARHGAP32|S821	0.9839233	-0.027033929
ARHGAP32|S856	1.0287824	0.02909677
ARHGAP32|S871	1.0819771	0.068437204
ARHGAP32|S892	1.0298753	0.04935944
ARHGAP32|S952	1.1165102	0.16214775
ARHGAP32|T1236	1.0	0.0
ARHGAP32|T867	1.0	0.0
ARHGAP35|S1134	1.0344195	0.036462467
ARHGAP35|S1150	0.92849684	-0.07493638
ARHGAP35|S1176_S1179	1.0	0.0
ARHGAP35|S1179	1.0397744	0.061698824
ARHGAP35|S589	0.99042165	-0.039907932
ARHGAP35|S770	0.99782634	0.015671715
ARHGAP35|S773	1.0143597	0.021113826
ARHGAP35|S970	0.93497586	-0.0534041
ARHGAP35|S975	0.9763186	0.002342254
ARHGAP35|S985	0.88952816	-0.103075825
ARHGAP39|S286	0.9779187	-0.009631636
ARHGAP39|S296	1.0	0.0
ARHGAP39|S366	1.0	0.0
ARHGAP39|S384	1.0	0.0
ARHGAP39|S407	1.0	0.0
ARHGAP39|S432	1.0	0.0
ARHGAP39|S604	1.0402241	0.06514065
ARHGAP42|S714	1.0	0.0
ARHGAP44|S590	1.0	0.0
ARHGAP45|S23	1.097621	0.1042484
ARHGAP45|S25	0.98080295	-0.020501615
ARHGAP45|S569	1.0583194	0.06908504
ARHGAP45|S619	1.2831666	0.26644817
ARHGAP45|S73	1.0005997	0.0009523812
ARHGAP4|S900	1.0	0.0
ARHGAP4|S946	1.0	0.0
ARHGAP4|S970	1.0	0.0
ARHGAP5|S1124	1.0204358	0.015265495
ARHGAP5|S1173	0.9753856	-0.0127507625
ARHGAP5|S1173_S1176	1.0	0.0
ARHGAP5|S1176	1.0058513	0.022895118
ARHGAP5|S1195	1.0125937	0.019252442
ARHGAP5|S1195_S1202	1.0	0.0
ARHGAP5|S1202	0.9756521	-0.04411143
ARHGAP5|S1218	0.9659979	0.0051282
ARHGAP5|S590	1.0430584	0.025652312
ARHGAP5|S765	0.9981938	0.011234175
ARHGAP5|S968	1.0	0.0
ARHGAP6|S37	1.009965	0.0054480047
ARHGAP6|S384	1.0	0.0
ARHGAP6|S714	1.0	0.0
ARHGAP6|S772	0.9979303	-0.009648675
ARHGAP6|S850	1.0	0.0
ARHGAP6|S931	0.99605596	-0.005578917
ARHGAP6|S939	1.0230846	0.02541152
ARHGAP9|S113	1.0868207	0.0708453
ARHGAP9|S203	1.0419173	0.04316922
ARHGAP9|S456	1.0	0.0
ARHGAP9|S481	1.0	0.0
ARHGDIA|S34	1.0120566	0.039322663
ARHGDIA|S47	1.0926685	0.0154735735
ARHGDIA|T160	1.0	0.0
ARHGDIA|Y133	1.0505825	0.08159357
ARHGDIB|S176	1.0	0.0
ARHGDIB|S20	1.0	0.0
ARHGDIB|Y130	1.0	0.0
ARHGEF10L|S138	1.0	0.0
ARHGEF10L|S231	1.0	0.0
ARHGEF10|S1231	1.0	0.0
ARHGEF10|S308	1.0	0.0
ARHGEF10|S379	1.0659186	0.06362607
ARHGEF10|S59	1.0215225	0.022276793
ARHGEF10|T409	1.0	0.0
ARHGEF11|S1155	0.95406616	-0.04002605
ARHGEF11|S1295	0.9961528	0.0035664563
ARHGEF11|S1413	0.9048287	-0.07662397
ARHGEF11|S1478	1.0	0.0
ARHGEF11|S1480	1.0443372	0.07350989
ARHGEF11|S150	1.0	0.0
ARHGEF11|S35	0.98214334	-0.004522956
ARHGEF11|S556	1.0	0.0
ARHGEF11|S635	1.0362059	0.05379303
ARHGEF11|S663	1.0433078	0.04062878
ARHGEF11|S663_T668	1.0	0.0
ARHGEF11|S663_T668_T672	1.0	0.0
ARHGEF11|T1461_T1462	1.0	0.0
ARHGEF11|T1462	0.97018903	-0.040576227
ARHGEF11|T668	1.0039724	0.014987242
ARHGEF11|T668_T672	1.0	0.0
ARHGEF11|T672	1.0	0.0
ARHGEF12|S1308	1.0	0.0
ARHGEF12|S1370	1.0	0.0
ARHGEF12|S1370_S1375	1.0	0.0
ARHGEF12|S1389_S1394	1.0	0.0
ARHGEF12|S22	0.9480027	-0.047771562
ARHGEF12|S290	1.0	0.0
ARHGEF12|S41	0.97750455	-0.015378792
ARHGEF12|T684	1.0	0.0
ARHGEF12|T717	1.0	0.0
ARHGEF12|T736	1.0441736	0.05321306
ARHGEF15|S107_S109	1.0	0.0
ARHGEF16|S107	1.005438	0.030568987
ARHGEF16|S208	1.1980135	0.19281001
ARHGEF16|S230	1.0857925	0.0735862
ARHGEF16|S577	1.1758348	0.1770879
ARHGEF16|S6	1.1889373	0.19370908
ARHGEF17|S1002	1.0	0.0
ARHGEF17|S142	1.0112033	0.014259045
ARHGEF17|S145	1.0	0.0
ARHGEF17|S348	0.98497057	-0.013928674
ARHGEF17|S376	0.98802984	-0.008908609
ARHGEF17|S383	1.0	0.0
ARHGEF17|S395	0.9515175	-0.049635444
ARHGEF17|S410	1.0913677	0.09618174
ARHGEF17|S420	1.0886557	0.055310376
ARHGEF17|S43	1.0	0.0
ARHGEF17|S463	1.0	0.0
ARHGEF17|S527	1.0	0.0
ARHGEF17|S546	1.0472265	0.06615345
ARHGEF17|S619	1.0284443	0.029749325
ARHGEF17|S735	0.981319	-0.013010886
ARHGEF17|S764	0.9621138	-0.060807027
ARHGEF17|S930	1.0551654	0.036894783
ARHGEF17|S940	1.0607933	0.06467976
ARHGEF17|S961	1.0	0.0
ARHGEF17|T170	0.9671031	-0.030014457
ARHGEF17|T1991	1.0	0.0
ARHGEF18|S1014	1.0054336	-0.046393834
ARHGEF18|S1101	0.96025497	-0.03902663
ARHGEF18|S1103	1.0049964	0.018886415
ARHGEF18|S1124	1.0	0.0
ARHGEF18|S1152	1.0	0.0
ARHGEF18|S1160	1.0	0.0
ARHGEF18|S760	1.0	0.0
ARHGEF18|T1157	1.0	0.0
ARHGEF18|T960	1.0	0.0
ARHGEF19|S101	1.0	0.0
ARHGEF19|S197	0.81225723	-0.19109985
ARHGEF1|S863	0.9977085	-0.0014043672
ARHGEF25|S516	1.0	0.0
ARHGEF25|S525	1.0	0.0
ARHGEF25|S595	1.0	0.0
ARHGEF25|S595_S599	1.0	0.0
ARHGEF25|T604	1.0	0.0
ARHGEF26|S124	1.0501109	0.051301554
ARHGEF26|S222	0.9584681	-0.03488919
ARHGEF26|S392	1.0924554	0.06758929
ARHGEF26|S419	1.020077	0.035118513
ARHGEF26|S80	1.051907	0.048816778
ARHGEF26|T370	1.0554596	0.056191027
ARHGEF28|S1538	1.0376651	0.09252815
ARHGEF28|S535	1.1538388	0.12959598
ARHGEF28|S624	1.1086133	0.13806559
ARHGEF28|S758	1.0704957	0.070317365
ARHGEF2|S163	0.98086315	-0.016686508
ARHGEF2|S172	1.0857702	0.06695175
ARHGEF2|S174	1.1487511	0.15285851
ARHGEF2|S696	1.0133194	0.018953413
ARHGEF2|S711	0.9477829	-0.056438703
ARHGEF2|S782	1.062597	0.05051062
ARHGEF2|S886	0.96412563	0.008293329
ARHGEF2|S932	1.0291085	0.037413865
ARHGEF2|S956	1.0583626	0.0634448
ARHGEF2|T679	0.9307302	-0.030860094
ARHGEF35|S340	1.2210871	0.22663373
ARHGEF35|S445	0.9056055	-0.09398246
ARHGEF35|S445_S450	1.0	0.0
ARHGEF35|S450	0.82637	-0.17852655
ARHGEF35|S57	1.1267496	0.17661273
ARHGEF37|S15	1.1959563	0.20185773
ARHGEF38|S55	1.2643222	0.29521805
ARHGEF38|T34	1.0	0.0
ARHGEF40|S1474	0.9624468	-0.020117827
ARHGEF40|S262	1.1661866	0.14730904
ARHGEF40|S401	1.0	0.0
ARHGEF40|S419	1.0	0.0
ARHGEF40|S961	0.8262912	-0.14448345
ARHGEF40|T371	1.0730835	0.094797276
ARHGEF5|S1003	1.0	0.0
ARHGEF5|S1011	1.0317817	0.02263749
ARHGEF5|S1044	1.0025727	0.029909657
ARHGEF5|S11	0.96851665	-0.019132212
ARHGEF5|S1405	1.1308165	0.12382654
ARHGEF5|S340	1.0	0.0
ARHGEF5|S445	0.91750616	-0.07665249
ARHGEF5|S445_S450	1.0	0.0
ARHGEF5|S450	0.85047096	-0.08642303
ARHGEF5|S57	1.0	0.0
ARHGEF5|S606	1.0542895	0.041535225
ARHGEF5|S983	1.0141491	0.041524306
ARHGEF6|S488	1.0330721	0.026440078
ARHGEF6|S640	1.0429962	0.09462038
ARHGEF6|S649	1.0036709	-0.04044953
ARHGEF6|S684	1.0430002	0.0704102
ARHGEF7|S132	1.0	0.0
ARHGEF7|S155	1.0	0.0
ARHGEF7|S497	1.0	0.0
ARHGEF7|S673	1.0	0.0
ARHGEF7|S682	1.0	0.0
ARHGEF7|S717	1.0	0.0
ARHGEF7|S736	1.0	0.0
ARID1A|S1184	0.99525744	-0.04128685
ARID1A|S1604	1.0	0.0
ARID1A|S1751	0.9753188	-0.015348542
ARID1A|S1944	1.0542411	0.06315317
ARID1A|S363	0.89788246	-0.09322103
ARID1A|S382	0.9856258	-0.029348904
ARID1A|S696	1.039718	0.057412114
ARID1A|S696_S698	1.0	0.0
ARID1A|S772	0.9198934	-0.07034136
ARID1B|S1595	1.0	0.0
ARID1B|S1612	1.0	0.0
ARID1B|S502	0.9497244	-0.047721177
ARID1B|S516	1.0	0.0
ARID1B|T505	1.0	0.0
ARID2|S1300	1.0	0.0
ARID2|S1496	0.9805476	-0.02440638
ARID2|T692	1.0	0.0
ARID3A|S101	1.3113072	0.32353315
ARID3A|S119	1.3045751	0.30960792
ARID3A|S77	1.1299368	0.123416156
ARID3A|S77_S81	1.0	0.0
ARID3A|S77_S81_S88	1.0	0.0
ARID4A|S1140_S1145	1.0	0.0
ARID4A|S147	1.0	0.0
ARID4A|S159_S160	1.0	0.0
ARID4A|S453_S455	1.0	0.0
ARID4A|S538_S542	1.0	0.0
ARID4A|S542	1.0539262	0.09106942
ARID4A|S561	0.95775306	-0.034297295
ARID4A|S716	1.0	0.0
ARID4A|S864	1.0871042	0.09311064
ARID4B|S1029	0.9298695	-0.067153774
ARID4B|S1060	1.0	0.0
ARID4B|S295_S296	1.0	0.0
ARID4B|S483	1.0	0.0
ARID4B|S666	1.0	0.0
ARID4B|S675	1.0	0.0
ARID4B|S790	1.0454491	0.06932561
ARID4B|S790_T793	1.0	0.0
ARID4B|T672	1.0	0.0
ARID5B|S21	1.0	0.0
ARID5B|S544	1.0	0.0
ARID5B|S715	1.0	0.0
ARID5B|S759	1.0	0.0
ARID5B|S789	1.0	0.0
ARID5B|T296	1.0	0.0
ARL2BP|S153	1.0268737	0.0290191
ARL2|S45	0.9750692	-0.027314654
ARL3|T46	1.0	0.0
ARL6IP4|S239	0.91931045	-0.07949153
ARL6IP4|S332	0.91264874	-0.06748254
ARL6IP6|S80	1.0111138	0.025415055
ARMC10|S45	0.92955	-0.05011475
ARMC1|S260	1.0065138	-0.005353488
ARMC9|S582	1.0	0.0
ARMC9|T655	1.0	0.0
ARMC9|T671	1.0	0.0
ARMCX2|T73	1.0	0.0
ARMCX3|S110	1.0804574	0.085168764
ARMCX3|S43	1.1395417	0.13119705
ARMCX3|S61	1.0565945	0.07356934
ARMCX3|S61_S67	1.0	0.0
ARMCX3|S67	1.147908	0.13289149
ARMCX3|S72	1.1707798	0.16459931
ARNT|S68	1.0	0.0
ARPC1B|S310	1.023248	0.022227673
ARPC5L|S64	1.0959451	0.08507677
ARPP19|S123	1.0	0.0
ARPP19|S81	1.0	0.0
ARRB1|S412	1.1107966	0.12608264
ARRB1|T410	1.087375	0.09640748
ARVCF|S267	1.0164338	0.076015
ARVCF|S332	1.0029598	0.023473768
ARVCF|S343	0.9519031	-0.020041596
ARVCF|S343_S345	1.0	0.0
ARVCF|S345	1.0150794	0.03535439
ARVCF|S606	0.9434911	-0.040431064
ARVCF|S864	0.9027706	-0.10846476
ARVCF|S915	0.91118646	-0.09552229
ARVCF|T642	1.0021532	0.019382415
AR|S96	0.84403723	0.07221746
ASAP1|S1027	1.0049987	0.019925132
ASAP1|S1030	1.0	0.0
ASAP1|S717	0.5259131	-0.42023268
ASAP1|S720	1.0	0.0
ASAP1|S910	1.0893782	0.110346645
ASAP1|S913	1.0	0.0
ASAP2|S701	1.0086805	0.03342214
ASAP2|S712	0.8989192	-0.09563273
ASAP2|T845	1.0	0.0
ASAP3|S277	1.0	0.0
ASAP3|S853	1.0	0.0
ASB3|S35	0.93125594	-0.06521237
ASCC2|S630	1.0	0.0
ASCC2|T157	1.0	0.0
ASCC2|T233	1.0238572	0.029071467
ASCC3|S2195	0.90709084	-0.02492278
ASCC3|S298	1.0160803	0.01814141
ASF1B|S198	1.0359982	0.09248104
ASH1L|S22	1.0063623	0.0056660124
ASH1L|S557	1.0	0.0
ASH2L|S101	0.90699697	-0.08595069
ASH2L|S316	1.0123454	0.010831192
ASH2L|T97	1.0	0.0
ASMTL|S223	1.0	0.0
ASMTL|S239	0.98422974	-0.005610835
ASPM|S367	1.004962	-0.004647417
ASPM|S425	0.9668308	-0.031218998
ASPSCR1|S287	0.9940656	0.004479363
ASS1|T174	1.0	0.0
ASS1|T219	1.0815805	0.08894612
ASXL2|S1143	0.9978901	-0.0017930006
ASXL2|S146	0.9932902	-0.0042911693
ASXL2|S395	0.98857194	0.020103058
ASXL2|S530	1.0	0.0
ASXL2|S562	1.0349299	0.034447264
ASXL2|S714	1.0246092	0.030727565
ASXL2|S834_S845	1.0	0.0
ATAD1|S322	0.95037013	-0.0038508226
ATAD2B|S1342	1.0	0.0
ATAD2B|S16	1.0	0.0
ATAD2B|S318	0.9887481	-0.011790103
ATAD2B|S939	1.0	0.0
ATAD2|S1170	1.0	0.0
ATAD2|S1302	0.9891268	0.0061872257
ATAD2|S327	0.94468004	-0.058672376
ATAD2|S342	0.97015995	-0.004777237
ATAD2|S41	0.9982077	-0.024636034
ATAT1|S264	1.0	0.0
ATAT1|S303	1.0	0.0
ATAT1|T249	1.0	0.0
ATE1|S169	1.1148831	0.09903486
ATF2|S112	0.92043996	-0.07891512
ATF2|S112_T116	1.0	0.0
ATF2|S136	0.9887057	-0.021137914
ATF2|S90	1.0	0.0
ATF2|T69	0.9109006	-0.08444404
ATF2|T69_T71	1.0	0.0
ATF2|T71	0.9987983	0.017723264
ATF3|T162	0.93557113	-0.0567566
ATF7IP|S113	0.86539775	-0.060279075
ATF7IP|S113_T118	1.0	0.0
ATF7IP|S445	0.95490056	-0.026373904
ATF7IP|S477	0.9895171	0.00050249445
ATF7IP|S496	0.96648014	-0.034055542
ATF7IP|S518	1.0	0.0
ATF7IP|S558	1.0	0.0
ATF7IP|S559	0.92846	-0.06764597
ATF7IP|S672	1.0	0.0
ATF7IP|S673	0.9816952	-0.017743232
ATF7IP|S899	1.0000408	-0.0013766972
ATF7IP|T56	0.96806484	-0.032400165
ATF7|S100	1.0	0.0
ATF7|S97	1.0	0.0
ATF7|T101	1.0	0.0
ATF7|T326	1.0	0.0
ATF7|T51_T53	0.9680529	-0.032047298
ATF7|T53	0.9027777	-0.112254314
ATG13|S324	1.0	0.0
ATG16L1|S185	1.0	0.0
ATG16L1|S269	0.85592437	-0.12339177
ATG16L2|S198	1.0	0.0
ATG2A|S1327	1.0	0.0
ATG2A|S403	1.0045815	-0.0045892256
ATG2B|S1743	0.98014903	-0.021041071
ATG2B|S255	1.0888957	0.09773687
ATG2B|S497	1.0918714	0.0928325
ATG2B|S886	0.96406156	-0.034919072
ATG9A|S656	0.9550445	-0.04627106
ATG9A|S735	1.0566437	0.06486597
ATG9A|S735_S738	1.0	0.0
ATG9A|S735_S738_S741	1.0	0.0
ATG9A|S828	0.9400711	-0.052844223
ATL1|S10	0.84594953	-0.07030547
ATL1|S22_S23	1.0	0.0
ATL1|S23	1.0502493	0.059606537
ATL3|S517	1.0	0.0
ATL3|S535	0.9947147	0.056661297
ATM|S1981	0.9308994	-0.061241336
ATN1|S101	0.97041065	-0.020498183
ATN1|S34	1.0070435	0.026054941
ATN1|S632	1.0114838	0.03036046
ATN1|S645	0.9798611	-0.007409863
ATN1|S661	1.0445337	0.056631856
ATN1|S739_S746_S748	1.0	0.0
ATN1|S746_S748	1.0	0.0
ATN1|S77	1.0528675	0.06673334
ATN1|S77_S79	1.0	0.0
ATN1|T669	1.0007224	0.02132568
ATP11B|S1154	1.0119315	0.020179218
ATP13A1|S899	0.99217504	0.03350098
ATP13A1|S935	1.0226178	0.06886003
ATP13A3|S817	0.9657355	-0.028914982
ATP13A3|S98	0.97516084	-0.02815928
ATP1A1|S16	0.9611703	-0.022545177
ATP1A1|S40	0.963926	-0.035389405
ATP1A1|S47	0.9972642	-0.0028472575
ATP1A1|S653	0.9530382	-0.037362084
ATP2A2|S663	0.97852373	0.0030825834
ATP2B1|S1155	0.92638296	-0.071222074
ATP2B1|S1155_T1165	1.0	0.0
ATP2B1|S1177_S1178	1.0	0.0
ATP2B1|S1177_S1178_S1182	1.0	0.0
ATP2B1|S1178	0.97573423	-0.020947186
ATP2B1|S1178_S1182	1.0	0.0
ATP2B1|T1165	1.0049763	0.0017824821
ATP2B4|S13	1.0375774	0.049273778
ATP2B4|S328	1.1559477	0.19641787
ATP2B4|T1145	1.0	0.0
ATP5F1B|S415	1.0593565	0.052288935
ATP5IF1|S39	1.0	0.0
ATP6V0A2|S695	0.92014647	-0.07629209
ATP6V1G1|S68	0.8840669	-0.056364413
ATP7A|S1463	1.0027568	0.033477828
ATP7A|S1463_S1466	1.0	0.0
ATP7A|S1466	0.98619705	-0.012878126
ATP7A|S1473	1.0304389	0.037917253
ATP7A|S270	0.92805386	-0.048391372
ATP7A|S357	1.0331043	0.044117015
ATP7A|T152	0.98447454	-0.0149101205
ATP7A|T327	0.9747815	-0.0008775091
ATP8A1|S29	1.0008844	-0.00927029
ATP8B1|S1207	1.0465986	0.030377809
ATRIP|S97	1.0	0.0
ATRX|S1061	0.91970354	-0.07825827
ATRX|S1253	1.0	0.0
ATRX|S1348	1.0112902	0.019648382
ATRX|S1348_S1352	1.0164355	0.017389193
ATRX|S1352	0.94005567	-0.023209078
ATRX|S1527	1.175119	0.19114313
ATRX|S1996	1.0779847	0.08336282
ATRX|S210	1.0	0.0
ATRX|S213	0.94975847	-0.031744532
ATRX|S2379	1.0	0.0
ATRX|S25_S26	1.0	0.0
ATRX|S634	1.0	0.0
ATRX|S675_S677	1.0	0.0
ATRX|S677	0.93162847	-0.07435857
ATRX|S729	1.0624689	0.062185153
ATRX|S729_S731	1.0	0.0
ATRX|S819	1.0012723	0.010357823
ATRX|S84	0.98974526	-0.017807495
ATRX|S849_S850	1.0	0.0
ATRX|S875_S876	1.0	0.0
ATRX|S925	1.0	0.0
ATRX|S962	1.0	0.0
ATRX|S974_T977_S978	1.0	0.0
ATRX|S978	1.0381836	0.035215568
ATRX|T674_S675_S677	1.0	0.0
ATRX|T977_S978	1.0	0.0
ATR|S435	0.8968042	-0.10196962
ATR|T1989	0.89605474	-0.12307272
ATXN1L|S284	0.9521231	-0.045230858
ATXN1L|S284_S289	1.0	0.0
ATXN1L|S289	1.0341141	0.037956692
ATXN1L|S361	1.0	0.0
ATXN1L|S615	0.9705893	-0.0398887
ATXN1L|S62	1.0	0.0
ATXN1L|T330	1.0318468	0.052351616
ATXN1|S238	1.0	0.0
ATXN1|S366	1.0	0.0
ATXN1|S406	1.1300696	0.13522948
ATXN1|S775	1.0621167	0.09751972
ATXN1|S811	1.0	0.0
ATXN1|S88	1.0238477	0.025067978
ATXN2L|S111	0.8906841	-0.06344089
ATXN2L|S168	1.010581	0.023411771
ATXN2L|S335	1.186922	0.1695797
ATXN2L|S339	1.0340143	0.07938831
ATXN2L|S406	1.0	0.0
ATXN2L|S449	0.85056347	-0.09683057
ATXN2L|S594	0.9871347	0.021160664
ATXN2|S201	1.0	0.0
ATXN2|S359	1.0	0.0
ATXN2|S419	1.0	0.0
ATXN2|S431	0.9531437	-0.03455225
ATXN2|S466	0.94875073	-0.050789006
ATXN2|S624	1.0	0.0
ATXN2|S684	1.0	0.0
ATXN2|S784	1.022988	0.022703942
ATXN2|T476	1.0	0.0
ATXN3|S250	1.0	0.0
ATXN7L3B|S92	1.0	0.0
ATXN7L3|S170	1.0	0.0
ATXN7L3|S281	1.0325729	0.045599915
ATXN7L3|S288	1.0	0.0
ATXN7|S905	1.0	0.0
AUP1|S385	1.0	0.0
AUTS2|S319	0.955761	-0.05352378
AVEN|S261	0.953497	-0.0106110275
AVL9|S582	0.99373823	-0.027180457
AVL9|S586	0.97169775	-0.019930365
AXIN1|S493	0.94356334	-0.050010856
AXIN1|S75	1.0	0.0
AXIN1|T481_S486	1.0	0.0
AXIN1|T481_S486_S493	1.0	0.0
AZI2|S206	1.0	0.0
AZI2|S318	1.167564	0.19316512
B4GALT1|S74	0.9908576	0.0260917
BABAM1|S29	1.0191197	0.022075359
BABAM1|S62	1.0128393	0.016767433
BACH1|S196	0.9993552	0.0011172883
BACH1|S417	1.0	0.0
BACH1|S445	1.0482346	0.05239664
BACH1|S688	1.0	0.0
BAD|S118	1.0294422	0.06621225
BAD|S134	1.0273737	0.062409483
BAD|S25	0.96450156	-0.029464887
BAD|S75	0.9790482	-0.012559926
BAD|S99	1.0360996	0.05453731
BAG1|S152	1.0	0.0
BAG1|S9_T10	1.0	0.0
BAG2|S73	1.0776013	0.07933238
BAG3|S173	1.1021962	0.1722106
BAG3|S195	1.0770646	0.080198064
BAG3|S224	1.0	0.0
BAG3|S269	1.0	0.0
BAG3|S289	0.9398035	-0.030169664
BAG3|S377	1.0	0.0
BAG3|S377_S385	1.0	0.0
BAG3|S377_S386	1.0	0.0
BAG3|S385	1.0	0.0
BAG3|S386	1.0	0.0
BAG3|S389	1.0	0.0
BAG3|T406	1.0	0.0
BAG6|S1111	1.0	0.0
BAG6|S113	1.0266075	0.031147705
BAG6|S958	1.0	0.0
BAG6|S958_S967	1.0	0.0
BAG6|S967	1.0	0.0
BAG6|T1047	1.0	0.0
BAHD1|S101	1.0	0.0
BAHD1|S121	0.9776339	-0.0047326526
BAHD1|S184	1.0326848	0.053512167
BAHD1|S8	1.0739763	0.07722219
BAHD1|T587	1.0	0.0
BAIAP2L1|S261	1.0303955	0.05808516
BAIAP2L1|S331	1.088571	0.1823332
BAIAP2L1|S414	0.9326749	0.013466856
BAIAP2L1|T257	0.9082859	-0.0976439
BAIAP2L1|T257_S261	1.0	0.0
BAIAP2L1|T351	1.0834812	0.084475115
BAIAP2L2|S231	0.99853563	-0.004310985
BAIAP2L2|S465	1.1156195	0.11484867
BAIAP2|S261	1.0626037	0.06940094
BAIAP2|S325	1.0527278	0.053504582
BAIAP2|S336	1.036518	0.033080246
BAIAP2|S366	0.9634301	0.010295159
BAIAP2|S384	1.0	0.0
BAIAP2|S391	1.0	0.0
BAIAP2|S446	1.0	0.0
BAIAP2|T340	1.0652577	0.032531716
BANP|S108	1.0	0.0
BANP|S98	1.0	0.0
BAP1|S292	0.97691447	-0.011919257
BAP1|S369	0.99784815	-0.0055217827
BARD1|S364	1.0	0.0
BASP1|S164	0.9623447	-0.007681682
BASP1|T196	1.1557682	0.14371909
BASP1|T31	1.1342686	0.12973417
BASP1|T36	1.197887	0.23494667
BAZ1A|S1320	1.0	0.0
BAZ1A|S1413	1.0794065	0.09513924
BAZ1A|T731	0.9950558	-0.0024700584
BAZ1B|S1342	0.9951714	0.044324473
BAZ1B|S1468	1.0477502	0.08554428
BAZ1B|S152	1.0	0.0
BAZ1B|S189	0.9208827	-0.07369799
BAZ1B|S345	0.9345772	-0.0655013
BAZ1B|S347	0.980396	-0.022103213
BAZ1B|S349	1.0368882	0.0043129297
BAZ1B|S361	1.044336	0.044886533
BAZ1B|S705	0.8750538	-0.09161346
BAZ1B|S705_S708	1.0	0.0
BAZ1B|S947	0.926172	0.009720775
BAZ2A|S1395	1.0	0.0
BAZ2A|S1768	1.0	0.0
BAZ2A|S507	1.0	0.0
BAZ2A|T505	1.0	0.0
BAZ2B|S1644	1.0	0.0
BAZ2B|T1247	1.0	0.0
BBX|S159	0.88980097	-0.08535962
BBX|S243	1.0	0.0
BBX|S40	1.0	0.0
BBX|S704	0.97671926	-0.013398769
BBX|S844	0.9904741	-0.008973668
BBX|T578	1.0	0.0
BCAM|S600	0.93328756	-0.06935013
BCAP31|S216	1.0461241	0.13210146
BCAR1|S474	1.0	0.0
BCAR1|S740	1.0	0.0
BCAR1|Y280	1.0	0.0
BCAR1|Y295	1.0	0.0
BCAR3|S290	0.9405801	-0.06610444
BCAR3|S338	0.98720294	0.03541971
BCAR3|S363	1.0	0.0
BCAR3|S370	1.0209776	0.051614664
BCAR3|S375	1.0	0.0
BCAS1|S399	1.0	0.0
BCAS1|S451	1.0	0.0
BCAS1|S552	1.4663494	0.47763076
BCAS3|S461	1.0750589	0.06313263
BCAS3|S480	1.0040338	1.8383304e-05
BCAS3|S570	1.0	0.0
BCAS3|S823	1.1235634	0.22767577
BCAS3|S838	1.0	0.0
BCAS3|S886	1.0308758	0.0436933
BCCIP|S42	0.99739546	-0.029090583
BCKDHA|S337	0.99902296	-0.0072044404
BCKDHA|S347	1.0784996	0.15023649
BCKDK|S31	1.0366836	0.041043382
BCL10|S138	1.025569	0.035019055
BCL11A|S574	1.0	0.0
BCL11A|S608	1.4937712	0.55467546
BCL11A|S86	1.0	0.0
BCL11B|S380	1.0	0.0
BCL11B|S677	1.0	0.0
BCL11B|T259	1.0	0.0
BCL11B|T416	1.0	0.0
BCL2L11|S77	0.99787766	-0.0094935205
BCL2L11|S94	1.0778162	0.09058565
BCL2L12|S273	1.0	0.0
BCL2L13|S312	1.0	0.0
BCL2L13|S315	1.0	0.0
BCL2L13|S420	0.9293283	-0.054155976
BCL2L13|S426	1.0891666	0.110133804
BCL2L13|S444	1.0644251	0.06598564
BCL2L13|S450	1.0	0.0
BCL2L14|S44	1.0543541	0.11137749
BCL3|S374	1.1546015	0.14144166
BCL3|S41	1.1609828	0.19371141
BCL6|S333	1.0589368	0.06861133
BCL6|S343	1.0115417	0.07471488
BCL6|S361	1.0	0.0
BCL6|S366	1.0	0.0
BCL6|S404	1.0	0.0
BCL6|S427	1.0	0.0
BCL7C|S114_S126	1.0	0.0
BCL7C|S126	0.9521065	-0.03675472
BCL7C|S97	1.0	0.0
BCL7C|S97_S100	1.0	0.0
BCL9L|S1004	1.0	0.0
BCL9L|S1004_S1010	1.0	0.0
BCL9L|S1010	1.0124454	0.014386288
BCL9L|S1017	1.0292959	0.03532543
BCL9L|S116	0.9743702	-0.04094569
BCL9L|S116_S118	1.0	0.0
BCL9L|S118	0.9687699	-0.05955535
BCL9L|S21	0.98543215	0.0005281591
BCL9L|S21_S25	1.0	0.0
BCL9L|S750	0.92173016	-0.03730446
BCL9L|S813	0.9999238	-0.0001450612
BCL9L|S88	1.0781084	0.08000512
BCL9L|S915	1.0	0.0
BCL9L|S975	0.98121643	-0.015609372
BCL9L|S997_S1004	1.0	0.0
BCL9L|T129	0.9719918	-0.029647615
BCL9|S104	0.9188962	-0.085875906
BCL9|S62	1.0	0.0
BCL9|S687	0.923802	-0.014762169
BCL9|S857	1.0	0.0
BCL9|S907_S917	1.0	0.0
BCL9|S917	1.0	0.0
BCL9|T115	1.110561	0.109132305
BCL9|T315	1.0196602	0.037252903
BCLAF1|S175	1.0	0.0
BCLAF1|S177	0.9237368	-0.04280181
BCLAF1|S194	1.0	0.0
BCLAF1|S194_S196	1.0	0.0
BCLAF1|S196	0.91150385	-0.06949208
BCLAF1|S220	1.0	0.0
BCLAF1|S222	0.99852955	-0.01362273
BCLAF1|S262_S266	1.0	0.0
BCLAF1|S266	1.0	0.0
BCLAF1|S283_S288	1.0	0.0
BCLAF1|S285_S288	1.0	0.0
BCLAF1|S288	1.0	0.0
BCLAF1|S290	1.0331876	0.031473577
BCLAF1|S383	1.0	0.0
BCLAF1|S383_S387	1.0	0.0
BCLAF1|S395	1.0	0.0
BCLAF1|S395_T400	1.0	0.0
BCLAF1|S412	1.0	0.0
BCLAF1|S420	1.0	0.0
BCLAF1|S448	1.0	0.0
BCLAF1|S483	1.0	0.0
BCLAF1|S494	1.0	0.0
BCLAF1|S510	1.0	0.0
BCLAF1|S529	1.0	0.0
BCLAF1|S557	1.0	0.0
BCLAF1|S576	1.0	0.0
BCLAF1|S646	1.0	0.0
BCLAF1|S656	1.0	0.0
BCLAF1|S658	0.96435267	-0.023485782
BCLAF1|S688	1.0	0.0
BCLAF1|T339	1.0	0.0
BCLAF1|T400	1.0	0.0
BCLAF1|Y381	1.0	0.0
BCLAF1|Y509	1.0	0.0
BCLAF3|S139	1.02671	0.07097956
BCLAF3|S192	1.0103401	0.036658898
BCLAF3|S402	1.0434786	0.050021425
BCLAF3|S78_S80	1.0	0.0
BCORL1|S496	1.0	0.0
BCOR|S336	0.95587313	-0.042132355
BCOR|S423	1.0298927	0.041375957
BCR|S122	1.0	0.0
BCR|S215	1.0	0.0
BCR|S354	1.033537	0.03238035
BCR|S459	1.0	0.0
BCR|S473	1.0	0.0
BCR|S698	0.99239296	-0.018677969
BDP1|T1131	1.0	0.0
BDP1|T915	1.0	0.0
BET1L|S37	0.9767951	-0.027270705
BET1L|S9	0.93796116	-0.027096467
BHLHE41|S122	1.0	0.0
BICC1|S576	1.0	0.0
BICC1|S633	1.1841339	0.22675158
BICC1|S633_S637	1.0	0.0
BICC1|S679	1.2810137	0.30105025
BICC1|S766	1.232585	0.2472525
BICC1|S803	1.2421845	0.2658491
BICD1|S610	1.0003414	-0.002549795
BICD2|S582	1.014156	0.024308806
BICD2|S615	0.9979387	-0.0025096217
BICDL2|S252	1.0	0.0
BICDL2|S277	0.9371767	-0.05867613
BICDL2|S36	1.0	0.0
BICRAL|S934	1.02016	0.02348015
BICRA|S1413	0.9924451	0.020549577
BIN1|S265	1.0	0.0
BIN1|S265_S267	1.0	0.0
BIN1|S265_S267_S272	1.0	0.0
BIN1|S267	1.0	0.0
BIN1|S272	1.0	0.0
BIN1|S286	1.0	0.0
BIN1|S296	1.083781	0.07897685
BIN1|S296_S298	1.0	0.0
BIN1|S296_S298_S303	1.0	0.0
BIN1|S298	1.0488828	0.05320433
BIN1|S303	1.0545567	0.057334747
BIN1|T292	1.0	0.0
BIN1|T323	1.0	0.0
BIN2|S233	1.0	0.0
BIN2|S256	1.0	0.0
BIN2|S331	1.0	0.0
BIN2|S369	1.0	0.0
BIN2|S385	1.0	0.0
BIN2|S418	1.0	0.0
BIN2|S425	0.97772735	-0.016610406
BIN2|S432	1.0	0.0
BIN2|S436	0.9834866	-0.0123378895
BIN2|T253	1.0	0.0
BIN2|T452	1.0	0.0
BIRC2|S253	1.0	0.0
BIRC2|S557	1.0257187	0.008908268
BIRC6|S2955	1.0559528	0.058370367
BIRC6|S3578	0.9088587	-0.0825057
BIRC6|S473_S480	1.0	0.0
BIRC6|S480	0.9908962	0.0035058984
BLNK|S129	1.1361163	0.14608221
BLNK|S229	1.0167565	0.052601278
BLNK|S236	1.0	0.0
BLNK|S243	1.0	0.0
BLOC1S3|S65	0.9701713	-0.011950209
BLOC1S3|S89	1.0	0.0
BLOC1S3|T63_S65	1.0	0.0
BLVRA|S230	1.0856222	0.09396722
BMP2K|S1029	1.0490247	0.042441685
BMP2K|S1029_S1031_S1032	1.0	0.0
BMP2K|S1107	1.004205	0.0022562146
BMP2K|S1107_S1111	1.0	0.0
BMP2K|S728	1.0	0.0
BMS1|S552	0.8906451	-0.045991823
BMS1|S639	1.0	0.0
BMT2|S18_T21	1.0	0.0
BNIP2|S235	1.0	0.0
BNIP3L|S124	1.0	0.0
BNIP3L|S126	1.0	0.0
BNIP3L|S22_S23	1.0	0.0
BNIP3L|S80	1.0	0.0
BNIP3|S131	0.94392395	-0.027787888
BNIP3|S151	1.0320773	0.030355861
BOD1L1|S1077	1.0046542	0.018254003
BOD1L1|S1531	1.0586008	0.06277006
BOD1L1|S2128	0.98699117	-0.013643038
BOD1L1|S2203	0.9376519	-0.056686834
BOD1L1|S2475	1.0597582	0.07491687
BOD1L1|S2501	0.96045697	-0.041127697
BOD1L1|S266	1.027251	0.031723592
BOD1L1|S2779_S2780	1.0	0.0
BOD1L1|S2815	1.0	0.0
BOD1L1|S2905	1.1715347	0.18362956
BOD1L1|S2932	1.0	0.0
BOD1L1|S2954	0.97901005	-0.019686941
BOD1L1|S2973	0.8974224	-0.070316866
BOD1L1|S2986	1.0718925	0.07804874
BOD1L1|S3019	1.078808	0.12162592
BOD1L1|S3029	0.99980587	0.015881855
BOD1L1|S484	1.0534862	0.054748125
BOD1L1|S538	1.0299748	0.02823873
BOD1L1|S635	1.0	0.0
BOD1L1|S870	0.9328693	-0.041891135
BOD1L1|T2956	0.9867346	-0.009551543
BOK|S8	1.1324385	0.13538194
BOLA1|S45	1.0	0.0
BOLA1|S81	0.92082924	-0.011196097
BOP1|S126_S127	1.0	0.0
BOP1|T106	0.968249	-0.026433961
BORCS6|S158	1.0	0.0
BORCS6|S168	0.98032653	-0.012894899
BORCS6|S93	0.99558645	0.0042319708
BORCS6|T196	0.9393347	-0.040987533
BPGM|T122	1.028228	0.05335254
BPTF|S1231	1.0460249	0.05046892
BPTF|S1251	0.98498446	0.05417026
BPTF|S1300	0.9295434	-0.045764614
BPTF|S1310	0.93639666	-0.050722774
BPTF|S216	1.0402632	0.08238344
BPTF|S2370	0.9938587	9.6823605e-06
BPTF|S2581	1.0	0.0
BPTF|S572	0.9140298	-0.07237689
BRAF|S151	0.8865431	-0.113330014
BRAF|S365	0.93849796	-0.017951299
BRAF|S729	0.95869756	-0.03387733
BRAF|S750	1.010595	0.011941679
BRAF|T401	1.009185	0.0059277774
BRAF|T753	1.0	0.0
BRAF|Y746	1.0	0.0
BRAP|S117	0.9312594	-0.06732406
BRAT1|S802	1.0	0.0
BRCA1|S114	1.0	0.0
BRCA1|S1342	1.075995	0.09320584
BRCA1|S1524	0.944576	-0.062283576
BRCA2|S93	1.0	0.0
BRD1|T1016	1.0	0.0
BRD2|S298	0.9129788	-0.09708589
BRD2|S298_S301	1.0	0.0
BRD2|S301	0.9317724	-0.0682653
BRD2|S320	1.0	0.0
BRD2|S37	1.0	0.0
BRD2|S633	0.9578341	-0.019999359
BRD3|S263	1.1408982	0.1624025
BRD3|S281	1.0	0.0
BRD3|S563	1.1213118	0.13212602
BRD4|S1051	1.0	0.0
BRD4|S1126	0.91236144	-0.0829652
BRD4|S601	0.9961345	0.005598088
BRD4|T1186	1.0	0.0
BRD4|T1212	1.0	0.0
BRD4|Y599	1.0	0.0
BRD7|S279	0.99612933	0.008388231
BRD8|S284	1.0	0.0
BRD8|S386	1.0	0.0
BRD8|S390	1.0	0.0
BRD8|S460	1.0	0.0
BRD8|S640_S644	1.0	0.0
BRD8|T264	1.0	0.0
BRD8|T264_S268	1.0	0.0
BRD8|T572	1.0	0.0
BRD9|S56	0.98391074	-0.011266783
BRD9|S588	0.9975028	0.006830267
BRD9|T103	0.9012218	-0.074407466
BRF1|S460	1.0	0.0
BRF1|T250	1.0	0.0
BRF2|S353	1.0	0.0
BRF2|S385	0.9613791	-0.037536822
BRMS1L|S197	1.0608596	0.054445583
BRMS1|S173	1.0	0.0
BRMS1|S237	0.9963813	0.009050043
BRPF1|S460_S462	1.0	0.0
BRPF1|S850	1.0	0.0
BRPF1|T864_S866	1.0	0.0
BRPF3|S17_S19	1.0	0.0
BRPF3|S400_S403	1.0	0.0
BRPF3|S525	1.0	0.0
BRPF3|S713	0.9950072	-0.0045138127
BRPF3|S76	1.0	0.0
BRPF3|S900	0.95151496	-0.050223447
BRWD1|S1475	0.93308526	-0.03344137
BRWD1|S1678	0.97657305	-0.027204106
BRWD1|S1678_S1683_S1686	1.0	0.0
BRWD1|S1788	0.99190354	-0.0014534609
BRWD1|S2131	1.007509	0.0042005503
BRWD1|S2214	1.0	0.0
BRWD1|S696	0.99161106	-0.0103089465
BSDC1|S409	1.0	0.0
BSG|S246	1.0	0.0
BTAF1|S224	0.9359147	-0.07897992
BTBD10|S71	1.0	0.0
BTF3|S158	1.0	0.0
BTF3|S173	1.0	0.0
BTF3|S201	1.0	0.0
BTF3|S30	1.0	0.0
BTF3|T80	1.0	0.0
BTK|T191	1.0	0.0
BTN3A1|S275	1.0	0.0
BUB1B|S670	0.9211738	-0.07567746
BUB3|S211	0.93718857	-0.050966784
BUD13|S197	1.0532835	0.070923224
BUD13|S197_S201	1.0	0.0
BUD13|S222	1.0095633	0.012406734
BUD13|S222_S226	1.0	0.0
BUD13|S235	0.99341875	0.010653608
BUD13|S248	0.97424126	-0.0018021531
BUD13|S271	0.995029	0.0066703595
BUD13|S28	0.97979826	-0.016237494
BUD13|S325	1.0550966	0.06334432
BUD13|T135	1.0447707	0.054398376
BUD13|T135_S139	1.0	0.0
BUD13|T159	1.0404608	0.040687192
BUD13|T159_S163	1.0	0.0
BYSL|S98	1.0319268	0.046645205
BZW1|S210	1.0143465	0.029388137
BZW1|S391	1.0223544	0.022891918
C11orf52|S62	0.85195863	-0.15160428
C11orf52|T30	1.0	0.0
C11orf52|Y103	1.0	0.0
C11orf58|S147	0.81920874	-0.15409705
C11orf58|S15_S17	1.0	0.0
C11orf58|S17	0.97981894	-0.025035148
C11orf58|S87	0.94773984	-0.04505128
C11orf96|S72	1.0	0.0
C11orf96|S86	1.0	0.0
C11orf96|S93	1.0	0.0
C11orf96|T55	1.0	0.0
C12orf43|S169	1.0	0.0
C12orf43|S210	1.0	0.0
C12orf45|S178	1.0160302	0.0061040297
C15orf39|S354	1.0	0.0
C15orf39|S455	1.0	0.0
C15orf39|T970	1.0	0.0
C16orf86|S313	1.0	0.0
C16orf87|S50	1.0	0.0
C17orf49|S96	1.1343398	0.062151644
C17orf49|T161	1.0	0.0
C17orf75|S18_S19	1.0	0.0
C17orf75|S8	1.0650209	0.06899988
C18orf25|S143_S145_S147	1.0	0.0
C18orf25|S145	0.97945446	-0.01205677
C19orf33|S37	1.0	0.0
C19orf33|S78	1.0	0.0
C19orf47|S151	0.9730199	-0.03152393
C1QBP|S87	1.0	0.0
C1orf116|S185	0.97832745	-0.021447789
C1orf116|S385	1.0	0.0
C1orf116|S429	1.0	0.0
C1orf116|S487	0.8443701	-0.15340732
C1orf116|S560	0.81878954	-0.16958375
C1orf116|T456	0.8204437	-0.1710157
C1orf131|S86	1.0340204	0.09556751
C1orf174|S189	1.0	0.0
C1orf174|S28	1.0	0.0
C1orf198|S175	1.159911	0.16257252
C1orf198|S289	1.2361597	0.23616205
C1orf226|S198	0.9117521	-0.08658044
C1orf226|S222	0.96362036	-0.028845342
C1orf226|S222_S223	1.0	0.0
C1orf226|S223	1.0632105	0.071710765
C1orf226|S244	0.9712979	-0.022322519
C1orf226|S249	0.9146868	-0.090309456
C1orf35|S177	0.8805381	-0.1763266
C1orf35|S217	0.9116224	-0.08370039
C1orf35|S231_S233_S235	1.0	0.0
C1orf52|S158	0.9839308	-0.016854666
C1orf87|S456	1.0	0.0
C2CD2L|S374	0.9398064	-0.049628243
C2CD2L|S411	0.96263486	-0.037669867
C2CD2L|S613	1.0022788	0.013366966
C2CD2L|S662	1.0101887	0.0232862
C2CD2L|T417	0.9605729	-0.019731564
C2CD2|S435	1.0981941	0.09390489
C2CD2|S441	1.1756202	0.18022676
C2CD3|S1891	0.97417516	-0.018899824
C2CD3|S2099	1.0033734	0.0027899144
C2CD3|S2114	0.98769456	-0.011950706
C2CD3|S554	1.0	0.0
C2CD5|S260	0.8777779	-0.071304195
C2CD5|S284	1.0	0.0
C2CD5|S295	0.9730261	0.033309303
C2CD5|S323	1.0356255	0.06356962
C2CD5|S643	0.95276916	-0.042828754
C2CD5|S659	0.88893116	-0.09061372
C2CD5|S903	1.0	0.0
C2CD5|T339	1.0295659	0.07034971
C2orf49|S182	1.0109813	0.024055822
C2orf49|S189	1.0	0.0
C2orf49|S189_S193	1.0	0.0
C2orf49|S193	0.97233236	-0.023449417
C3|S297	0.9935826	-2.0650423e-06
C3|S672	0.89642745	-0.030871458
C3|S742	1.0801811	0.0007109544
C5AR1|S327	1.1300826	0.17734182
C5AR1|S332	1.0130764	0.014592889
C5orf30|S167	1.0	0.0
C5orf30|S25	1.0	0.0
C6orf106|S149	1.0	0.0
C6orf132|S275	0.9628433	-0.04172837
C6orf132|S275_S279	1.0	0.0
C6orf132|S373	0.80430555	-0.20577389
C6orf132|S449	0.97869915	-0.021788457
C6orf132|S969	1.1011854	0.10583303
C6orf132|T297	1.0	0.0
C6orf47|S112	1.0108849	0.02730949
C6orf47|S90	1.0465943	0.050432555
C7orf43|S248	1.0	0.0
C7orf43|T272	1.0	0.0
C7orf50|S175	1.0301338	0.036340337
C7orf50|S59	0.96553695	-0.019532409
C8orf33|S82	1.0	0.0
C9orf40|S69	1.0720546	0.07057485
C9orf40|S76	0.9734625	0.06216572
C9orf78|S15_S17	1.0	0.0
C9orf78|S261	0.9671227	0.016229779
CA2|S151	0.97018373	-0.028844709
CA2|S216	0.95287025	0.00075595145
CA2|S29	0.95756215	-0.04259874
CA2|S48	1.0	0.0
CA9|S102	1.0842545	0.17097096
CAAP1|S203	0.9820479	-0.01789868
CAAP1|S311	1.0	0.0
CAAP1|S312	1.0353909	0.021518245
CABIN1|S1439	0.9736715	-0.010890611
CABIN1|S433	1.0	0.0
CABIN1|T1927	0.96965855	-0.023907019
CABIN1|T2154	1.0	0.0
CABLES1|S109	1.0	0.0
CABLES1|S291	0.98922336	0.028566215
CABLES1|S373	0.96486604	-0.068780474
CABLES1|T309	1.0	0.0
CABLES1|T309_S311	1.0	0.0
CABLES1|T415	0.91633904	-0.07824492
CABLES1|T415_S418	1.0	0.0
CACNA1C|S1898	1.0	0.0
CACNB1|T499	1.0	0.0
CACNB3|S152	1.0697522	0.06428512
CACTIN|S57_S59	1.0	0.0
CACTIN|S71_S73	1.0	0.0
CADM1|S406	1.0	0.0
CADM1|T394	1.0	0.0
CADM4|S361	0.9313099	-0.07647671
CADPS2|S187	1.1307659	0.121781476
CADPS2|S58	1.1349069	0.12570715
CADPS2|S65	1.0001861	-0.00257604
CADPS|S221	1.0	0.0
CAD|S1343	1.0	0.0
CAD|S1796	1.0	0.0
CAD|S1875	1.0	0.0
CAD|T1821	1.0	0.0
CALCOCO2|S339	1.0	0.0
CALCOCO2|S410	1.0	0.0
CALCRL|S409	0.9770823	-0.018900532
CALD1|S12	1.0	0.0
CALD1|S123	1.0	0.0
CALD1|S125	1.0	0.0
CALD1|S128	1.0	0.0
CALD1|S129	1.1002599	0.14968346
CALD1|S131	1.1499168	0.1679293
CALD1|S134	1.0180285	0.018869597
CALD1|S196	1.0	0.0
CALD1|S202	0.9592587	0.019956557
CALD1|S219	0.95998	-0.0729277
CALD1|S232	1.0	0.0
CALD1|S248	1.0040354	-0.016879275
CALD1|S258	1.0	0.0
CALD1|S416	1.0	0.0
CALD1|S442	1.0	0.0
CALD1|S493	1.0390723	0.07303729
CALD1|S498	1.0	0.0
CALD1|S511	1.0	0.0
CALD1|S522	1.0	0.0
CALD1|S524	1.0	0.0
CALD1|S548	1.0150286	0.016306074
CALD1|S67	1.0	0.0
CALD1|S677	1.0003862	0.012808543
CALD1|S73	0.96263355	-0.028831495
CALD1|S759	1.0644894	0.07760121
CALD1|S783	1.1041548	0.12518689
CALD1|T120	1.0	0.0
CALD1|T126	1.0	0.0
CALD1|T285	1.0	0.0
CALD1|T311	1.0	0.0
CALD1|T469	1.0	0.0
CALD1|T495	1.0	0.0
CALD1|T546	1.0	0.0
CALD1|T730	1.0	0.0
CALM1|S19	1.0	0.0
CALM1|S83	1.0	0.0
CALML3|S118	1.0	0.0
CALML3|S18	0.94376624	-0.05623933
CALML5|S45	1.1377696	0.13677672
CALR|S214	1.0	0.0
CALU|S44_Y47	1.0	0.0
CALU|S52_Y55	1.0	0.0
CAMK2B|S280	0.9906146	-0.00052459456
CAMK2B|S423	1.0	0.0
CAMK2B|T287	1.0744601	0.11856514
CAMK2D|S280	1.0	0.0
CAMK2D|T287	0.72092617	0.010922289
CAMK2D|T337	0.8833747	-0.094459586
CAMK2G|S280	1.0	0.0
CAMK2G|S346	1.0	0.0
CAMK2G|S424	1.0	0.0
CAMK2G|S438	1.0	0.0
CAMK2G|T287	0.7716512	-0.033461835
CAMK4|S360	1.0976219	0.12388681
CAMKK1|S458	1.0458162	0.06975406
CAMKK1|S475	1.0165738	0.025334027
CAMKK1|S52	0.85254735	-0.14139137
CAMKK2|S129	0.9833288	-0.018437924
CAMKK2|S495	1.0296488	0.052908354
CAMKK2|S511	0.99837357	0.0054017184
CAMKK2|S572	1.0	0.0
CAMSAP1|S1052	1.0	0.0
CAMSAP1|S1080	0.9603287	-0.036533352
CAMSAP1|S1232	0.97000366	-0.02801402
CAMSAP1|S1372	0.93403417	-0.06127728
CAMSAP1|S1372_S1378	1.0	0.0
CAMSAP1|S1378	0.9322693	-0.0823514
CAMSAP1|S1427	1.0	0.0
CAMSAP1|S217	1.0047532	0.00255354
CAMSAP1|S416	1.0	0.0
CAMSAP1|S431	0.94832575	-0.027017543
CAMSAP1|S482	1.0	0.0
CAMSAP1|S534	1.0	0.0
CAMSAP1|S563	0.9195366	-0.052094605
CAMSAP1|S629	0.95761555	-0.02895002
CAMSAP1|S722	1.0	0.0
CAMSAP1|S862	0.9392451	-0.050307356
CAMSAP2|S1019	0.9746914	-0.02164256
CAMSAP2|S1148	1.0952297	0.09519325
CAMSAP2|S1276_T1279	1.0	0.0
CAMSAP2|S1313	0.98488337	-0.010967312
CAMSAP2|S1343	0.985181	-0.013843904
CAMSAP2|S464	1.0145109	0.050511762
CAMSAP2|S522	0.96701443	-0.029699553
CAMSAP2|S673	1.0	0.0
CAMSAP2|S862	1.0	0.0
CAMSAP2|T1279	1.0	0.0
CAMSAP3|S1020	0.96965766	-0.0035889286
CAMSAP3|S1074	0.9170856	-0.056268424
CAMSAP3|S193	0.9600111	-0.038561497
CAMSAP3|S334	0.8798861	-0.105919115
CAMSAP3|S347	1.0131242	0.012558366
CAMSAP3|S368	0.98925793	-0.010079471
CAMSAP3|S769	1.0653173	0.07822124
CAMSAP3|S814	0.99457437	0.00048247934
CAMSAP3|T799	0.95736855	-0.044029728
CANX|S554	0.95774317	-0.021811035
CANX|S554_S564	0.9762399	-0.014469969
CANX|S554_T562	1.0	0.0
CANX|S554_T562_S564	1.0	0.0
CANX|S564	0.9447647	-0.012036721
CANX|S583	1.0398155	0.08544945
CANX|T562	1.0354456	0.061020903
CANX|T562_S564	1.0	0.0
CAP1|S255	1.0	0.0
CAP1|S266	1.0	0.0
CAP1|S275	1.0	0.0
CAP1|S34	1.2654891	0.4202645
CAP2|S197	1.0	0.0
CAP2|S200	1.0	0.0
CAPG|S337	0.9944607	0.020415576
CAPN15|S296	0.96213776	-0.037170652
CAPN15|S456	1.0	0.0
CAPN1|S474	0.9945162	-0.0039852057
CAPN1|S93	0.97893536	-0.014261418
CAPN2|S462	1.0293013	0.02506518
CAPN5|T44	0.99579	-0.0021544371
CAPNS1|S67	1.0	0.0
CAPS|S107	1.0	0.0
CAPS|S126	1.1556836	0.13375358
CAPZA1|T63	1.0	0.0
CAPZB|S211	1.0	0.0
CAPZB|S263	1.0535244	0.0631634
CARD10|S18_S20	1.0	0.0
CARD10|S638	1.0	0.0
CARD11|S448	1.0749166	0.06728073
CARD11|S459	1.0	0.0
CARD11|S466	0.95340645	-0.049739677
CARD11|S644	1.0	0.0
CARD11|S886	1.0	0.0
CARD11|S925	1.1695538	0.18162853
CARD14|S259	1.0	0.0
CARD9|S425	1.0	0.0
CARD9|S431	0.9896706	-0.006005034
CARHSP1|S30	1.0841027	0.12053994
CARHSP1|S30_S32	1.0	0.0
CARHSP1|S30_S32_S41	1.0	0.0
CARHSP1|S30_S41	1.0	0.0
CARHSP1|S32	1.1071403	0.12379381
CARHSP1|S32_S41	1.0	0.0
CARHSP1|S41	1.2125509	0.2598056
CARHSP1|S52	1.2302736	0.25776038
CARHSP1|S58	1.1130449	0.13210882
CARMIL1|S1068	1.0	0.0
CARMIL1|S1101	0.95393026	-0.03357693
CARMIL1|S1131	1.0314262	0.036026847
CARMIL1|S122	1.2426498	0.2333748
CARMIL1|S1282	1.0	0.0
CARMIL1|S1318	1.0	0.0
CARMIL1|S1325	1.0	0.0
CARMIL1|S1354	1.0	0.0
CARMIL1|S880	0.9790189	-0.010370261
CARMIL1|S960	0.76186895	-0.23328184
CARMIL1|T1222	1.0	0.0
CARMIL1|T916	1.1711311	0.17096847
CARMIL2|S1246	0.9932767	-0.0070310943
CARMIL2|S1315	1.0	0.0
CARMIL2|S1381	0.9061401	-0.083608635
CARMIL2|S1423	1.1101534	0.115349196
CARMIL2|S991	1.0025682	0.0009809837
CARS|S102	1.0	0.0
CARS|S390	1.0	0.0
CARS|S79	1.0	0.0
CARTPT|S48	1.0	0.0
CASC3|S117	0.9073498	-0.08511471
CASC3|S125	1.0075889	0.013328919
CASC3|S148	0.9776938	-0.0013915602
CASC3|S265	0.9885242	-0.0041938564
CASC3|S363	0.92830294	-0.06251329
CASC3|S45	0.96622545	-0.023621127
CASC3|S66	0.950376	-0.03425743
CASC3|T440	1.0	0.0
CASC4|S328	1.079877	0.10672066
CASC4|S350	1.0	0.0
CASC4|S366	1.0145937	0.023701834
CASKIN1|S1257	1.0	0.0
CASKIN1|S826	1.0	0.0
CASKIN1|S987	1.0	0.0
CASKIN2|S314	1.0	0.0
CASKIN2|S321	1.0	0.0
CASKIN2|S321_S324	1.0	0.0
CASKIN2|S389	1.0	0.0
CASKIN2|S615	1.0	0.0
CASKIN2|S643	1.0	0.0
CASK|S313	0.9702987	-0.026415696
CASK|T182	1.0	0.0
CASP10|T198	1.0	0.0
CASP2|S340	0.97610927	-0.0551035
CASP6|S79	1.0615982	0.058140542
CASP8AP2|S875	0.94654965	-0.055837914
CASP8|S241	1.0	0.0
CASP9|T125	1.0	0.0
CASS4|S200	1.0173494	0.02644891
CASS4|S249	1.0003843	0.0018096325
CASS4|S305	1.0	0.0
CAST|S132	1.0	0.0
CAST|S243	1.0716637	0.07285879
CAST|S257	1.0	0.0
CAST|S285	1.0	0.0
CAST|S297	0.98289794	-0.005852698
CAST|S304	1.0	0.0
CAST|S312	1.0	0.0
CAST|S319	1.0	0.0
CAST|S339	1.0	0.0
CAST|S34	1.0	0.0
CAST|S353	1.0	0.0
CAST|S358	1.0	0.0
CAST|S372	1.0	0.0
CAST|S386	1.0	0.0
CAST|S415	1.0	0.0
CAST|S425	1.0	0.0
CAST|S427	1.0	0.0
CAST|S434	1.0	0.0
CAST|S482	1.0	0.0
CAST|S501	1.0	0.0
CAST|S51	1.0	0.0
CAST|S636	1.0	0.0
CASZ1|S130	1.0	0.0
CASZ1|S151	1.0453113	0.04266672
CASZ1|S720_S721	1.0	0.0
CASZ1|S981	1.0	0.0
CAT|S515	1.0270045	0.023537539
CAT|T511	1.0	0.0
CAV1|S37	0.9140559	0.027848007
CAV1|S9	0.944347	-0.0031139343
CAV2|S36	1.0203781	0.020120552
CAVIN1|S118	0.9717318	-0.029204072
CAVIN1|S167	1.11222	0.113431655
CAVIN1|S171	0.8500847	-0.09117156
CAVIN1|S171_S175	1.0	0.0
CAVIN1|S175	0.99034923	-0.014907046
CAVIN1|S202_S203	1.0	0.0
CAVIN1|S300	0.8295889	-0.07344616
CAVIN1|S365_S366	1.0	0.0
CAVIN1|S46	1.0	0.0
CAVIN1|S88	0.9773086	-0.013125151
CAVIN1|T248	1.0	0.0
CAVIN1|T302	1.0757334	0.03366104
CAVIN1|Y156	1.0394942	0.04098419
CAVIN1|Y308	1.0	0.0
CAVIN2|S16	0.99138325	0.0044838972
CAVIN2|S203_S204	1.0	0.0
CAVIN2|S203_S204_S218	1.0	0.0
CAVIN2|S218	0.9970715	-0.0019974532
CAVIN2|S241	1.0	0.0
CAVIN2|S247	1.0	0.0
CAVIN2|S264	1.0	0.0
CAVIN2|S293	0.95118296	0.036679972
CAVIN2|S85	0.9902902	-0.009761065
CAVIN3|S165_S166	1.0	0.0
CAVIN3|S166	0.957415	-0.010393353
CAVIN3|S62	0.98184824	0.010814751
CAVIN3|T205	1.0	0.0
CBFA2T2|S24	1.0	0.0
CBFA2T2|S255	1.0	0.0
CBFA2T2|S400	1.0	0.0
CBFA2T2|S542	1.0	0.0
CBFA2T2|S568	1.0	0.0
CBFB|S173	1.0	0.0
CBLB|S549	1.0	0.0
CBLB|S549_S553	1.0	0.0
CBLB|S642	1.0	0.0
CBLB|S662	1.0	0.0
CBLL1|S200	1.0	0.0
CBL|S452	1.0790181	0.08299774
CBL|S483	1.0	0.0
CBL|S486	1.0	0.0
CBL|S619	0.99625015	-0.0002642024
CBR1|S151	1.1152824	0.113811485
CBR1|S30	1.1954161	0.19544177
CBR1|S56	1.0	0.0
CBR3|S192	1.0700254	0.069696404
CBR3|S30	1.0	0.0
CBR3|S56	1.0356065	0.040278252
CBX1|S175	1.0	0.0
CBX1|S89	0.9403971	-0.054046787
CBX1|S89_S91	1.0	0.0
CBX3|S176	0.99629277	0.007886528
CBX3|S93	0.9589355	-0.006881377
CBX3|S93_S95	1.0	0.0
CBX3|S93_S95_S97	1.0	0.0
CBX3|S93_S97	1.0	0.0
CBX3|S95	0.8840814	-0.07923114
CBX3|S95_S97	1.0	0.0
CBX3|S97	0.9939812	-0.00506713
CBX4|S182	0.9794753	-0.018731058
CBX4|S291	1.0	0.0
CBX4|S415	0.8342737	-0.11540267
CBX5|S110	1.0120312	0.0067572477
CBX5|S92	1.0	0.0
CBX5|S95	1.0	0.0
CBX5|S97	1.0487407	0.048093796
CBX6|S283	1.0	0.0
CBX8|S191	0.9405685	-0.015842715
CBX8|S256	1.0315794	-0.021521531
CBX8|S311	0.9474018	-0.032439683
CBY1|S63	1.0	0.0
CC2D1A|S292	1.2017286	0.21008426
CC2D1A|S455	0.9456688	-0.051479943
CC2D1A|S674	1.0	0.0
CC2D1A|T120	1.0107746	0.01142737
CC2D1B|S587_T590	1.0	0.0
CC2D1B|T374	1.0	0.0
CCAR1|S441	1.0	0.0
CCAR1|S670	1.0	0.0
CCAR1|S670_S682	1.0	0.0
CCAR1|S682	1.0	0.0
CCAR2|S124	1.0	0.0
CCAR2|S569	0.99423856	-0.0017352958
CCAR2|S626_S627	1.0	0.0
CCAR2|S674_S677	1.0	0.0
CCAR2|S674_S677_S680	1.0	0.0
CCAR2|S675_S678	1.0	0.0
CCAR2|S675_S678_S681	1.0	0.0
CCAR2|S678	0.9700624	-0.015620135
CCAR2|S678_S681	1.0	0.0
CCAR2|S681	0.9721637	-0.018276509
CCAR2|S807	1.0	0.0
CCAR2|S808	0.9979256	0.007107632
CCAR2|T35	1.0	0.0
CCAR2|T897	1.0	0.0
CCDC102A|S12	0.88933367	-0.12598385
CCDC102A|S219	1.0	0.0
CCDC102A|S26	0.92372364	-0.07424119
CCDC102A|S28	1.0854797	0.08821803
CCDC120|S291	1.0	0.0
CCDC120|S315	1.0	0.0
CCDC120|S366	1.0	0.0
CCDC120|S393	1.0	0.0
CCDC120|S411	1.0	0.0
CCDC120|S650	1.0	0.0
CCDC124|S141	1.1353426	0.13104856
CCDC124|S194	1.0	0.0
CCDC130|S332	1.0	0.0
CCDC130|S362	0.9576474	-0.028940124
CCDC130|S40	1.0	0.0
CCDC137|S19	0.9918364	0.03174756
CCDC149|S469	1.0	0.0
CCDC14|S598	1.0	0.0
CCDC43|T139	1.0180484	0.019703524
CCDC61|S373	1.044814	0.06320301
CCDC61|S373_S376	1.0	0.0
CCDC61|S376	1.0651778	0.074227415
CCDC61|S447	1.0	0.0
CCDC61|S473	1.0801543	0.082791105
CCDC61|T285	1.007351	0.015752792
CCDC6|S240	0.96575713	-0.024532216
CCDC6|S240_S244	0.99530303	-0.009539684
CCDC6|S244	1.0184168	0.043145835
CCDC6|S254	1.0575445	0.0742548
CCDC6|S323	0.902183	-0.10298639
CCDC6|S325	0.9533028	-0.029980693
CCDC6|S52	1.1466819	0.17150225
CCDC6|S98	1.0	0.0
CCDC80|S503	1.0497745	0.1300894
CCDC82|S131	0.8903501	-0.101730816
CCDC82|S154	1.0	0.0
CCDC82|S219_S220	1.0	0.0
CCDC85A|S313	1.0	0.0
CCDC85A|S347	0.8443852	-0.14900039
CCDC85A|S369	1.0536714	0.048757963
CCDC85C|S246	1.0114158	0.012141741
CCDC85C|S258	0.97378564	-0.024654988
CCDC86|S102	1.0400615	0.03248886
CCDC86|S102_S113	1.0	0.0
CCDC86|S110	1.0496776	0.056085438
CCDC86|S113	1.0429618	0.059897516
CCDC86|S18	1.0396779	0.054440446
CCDC86|S47	1.0365024	0.058235023
CCDC86|S58	0.9478054	0.053251546
CCDC86|S69	1.0090096	0.035496738
CCDC86|S80	1.0364628	0.028390244
CCDC86|S80_S91	1.0	0.0
CCDC86|S91	1.0260316	0.048126318
CCDC88A|S1416	1.0	0.0
CCDC88A|S1417	0.9133327	-0.084468216
CCDC88A|S1586	1.0	0.0
CCDC88A|S449	0.87532467	-0.118653476
CCDC88B|S1379	1.0	0.0
CCDC88B|S436	0.9698175	-0.005276691
CCDC88C|S1023	1.0	0.0
CCDC88C|S1491	1.0	0.0
CCDC88C|S1601	0.98362684	-0.017181188
CCDC88C|S1806	0.9430955	-0.09748009
CCDC88C|S1887	1.0527227	0.03951857
CCDC88C|S227	0.9766172	-0.030251099
CCDC8|S202	0.9277255	-0.094040304
CCDC8|S261	1.014388	7.112912e-05
CCDC92|S211	1.0352484	0.044154685
CCDC97|S147	1.0	0.0
CCDC97|S192	1.0	0.0
CCDC97|S212	0.9902448	-0.01656602
CCDC97|S257	0.9626885	-0.038903356
CCDC9B|S193	1.0730017	0.05441494
CCDC9B|S201	1.1195471	0.12133476
CCDC9B|S392	1.0	0.0
CCDC9B|S55	1.1121217	0.11454281
CCDC9|S202	0.94987273	0.013797165
CCDC9|S248	1.0051585	0.0015859739
CCDC9|S376	0.97205114	-0.033792753
CCDC9|S386	1.0041437	0.008491059
CCDC9|S521	1.0195346	0.035870634
CCDC9|S80	1.0656974	0.06732513
CCDC9|S80_T83	1.0	0.0
CCDC9|T83	1.0	0.0
CCDC9|T95	1.0869443	0.0766144
CCM2|S185	1.0	0.0
CCM2|S301	1.0	0.0
CCM2|S405	1.0	0.0
CCM2|S437	1.0	0.0
CCNB2|S92	1.0054591	0.005990542
CCNE1|S103	1.0345871	-0.009165845
CCNK|S324	0.9566845	-0.03258957
CCNK|S340	0.9159132	-0.051125173
CCNL1|S352	0.96213555	-0.022576768
CCNL1|S352_S355	1.0	0.0
CCNL1|S374	0.9855338	0.018111747
CCNL1|S445	0.96844625	-0.054796427
CCNL2|S108	1.0	0.0
CCNL2|S116	1.0	0.0
CCNL2|S147	1.0	0.0
CCNT1|S495	1.0	0.0
CCNT2|S336	1.0	0.0
CCNYL1|S105	1.0	0.0
CCNYL1|S105_S112	1.0	0.0
CCNYL1|S112	1.0	0.0
CCNYL1|S344	1.0290271	0.06145689
CCNYL1|S88	0.9949865	0.01718933
CCNY|S21	0.89523697	-0.108827986
CCNY|S25	0.9964587	0.010154857
CCNY|S324	0.98471963	-0.020816382
CCNY|S326	1.0222379	0.062262572
CCNY|S66	1.0	0.0
CCNY|S83	0.9418902	-0.040177763
CCP110|S366_S372	1.0	0.0
CCP110|S372	1.0366367	0.026970776
CCP110|S968	1.0	0.0
CCSAP|S145	0.9423425	-0.030105237
CCSAP|S240	0.82749027	-0.16128835
CCSAP|S80	0.96238244	-0.039663486
CCSER1|T132	1.0	0.0
CCSER2|S206	1.06441	0.064617276
CCSER2|S908	1.0	0.0
CCT3|S252	1.0639914	0.06202485
CCT5|S26	1.0	0.0
CCT6A|S246	0.994922	-0.002748917
CCZ1|S266	1.0031617	0.0064031733
CD163L1|S1412	1.0	0.0
CD248|S746	1.1485875	0.181518
CD2AP|S256	0.9681345	0.04490383
CD2AP|S458	0.9523941	0.021757137
CD2AP|S463	0.9181886	-0.041318025
CD2AP|S510	1.0334423	0.043094512
CD2AP|S510_S514	1.0	0.0
CD2AP|S510_T512	1.0	0.0
CD2AP|S582	1.034091	0.036861394
CD2AP|S80	1.0	0.0
CD2AP|S86	1.0	0.0
CD2BP2|S195	1.0130353	0.03288442
CD2BP2|S46_S49	1.0	0.0
CD2BP2|S49	1.0703773	0.08769939
CD2BP2|T243	1.0	0.0
CD300A|S156	1.0	0.0
CD3EAP|S130	1.0	0.0
CD3EAP|S138	1.0	0.0
CD3EAP|S287	1.0	0.0
CD3EAP|S492	1.0	0.0
CD44|S686	0.8677216	-0.13863531
CD44|S697	0.9304981	-0.072932445
CD44|S706	0.9152181	0.05784451
CD47|S316	0.965742	-0.07353722
CD5|S371	1.0	0.0
CD74|S25	0.9514546	-0.05509716
CD74|S6_S8	1.0	0.0
CD74|S8	1.0	0.0
CD99|S151	1.0	0.0
CD99|S168	0.97167665	-0.0216214
CD99|T164	1.0	0.0
CD99|T181	1.0	0.0
CDAN1|S277	0.966239	-0.03380921
CDAN1|S285	1.0	0.0
CDAN1|T71	1.0	0.0
CDC16|S560	0.9449848	-0.05057925
CDC16|T581	0.9925387	-0.0064869607
CDC20|S41	0.93209624	-0.0949134
CDC20|T106	0.8662212	-0.123765126
CDC25C|S216	1.0030872	0.021830954
CDC25C|T48	1.0	0.0
CDC26|S42	0.99526185	0.009096614
CDC27|S370	1.0	0.0
CDC37|S127	1.0	0.0
CDC42BPA|S1600	1.0	0.0
CDC42BPA|S1616	1.0	0.0
CDC42BPA|S1638	0.9427346	-0.057629026
CDC42BPA|S1706	1.0	0.0
CDC42BPA|S1708	1.0	0.0
CDC42BPB|S1643	1.0	0.0
CDC42BPB|S1690	1.0158285	0.018869558
CDC42BPB|S1690_S1693	1.0	0.0
CDC42BPB|S481	1.0378367	0.037444483
CDC42BPB|T423	1.0689704	0.049877252
CDC42BPB|T676	1.0	0.0
CDC42BPG|S1462	1.0762975	0.09070052
CDC42BPG|S1482	0.95557034	-0.043556727
CDC42BPG|S1492	1.0457786	0.04731586
CDC42BPG|S646	1.0	0.0
CDC42EP1|S101	1.0	0.0
CDC42EP1|S113	1.0	0.0
CDC42EP1|S121	1.1404028	0.1536386
CDC42EP1|S180	1.0249022	0.01968194
CDC42EP1|S183	1.067562	0.061120827
CDC42EP1|S19	1.1078519	0.11185394
CDC42EP1|S190	1.0588083	0.058530554
CDC42EP1|S192	1.077227	0.10202742
CDC42EP1|S303	1.012716	0.014631823
CDC42EP1|S350	0.9867505	0.03789602
CDC42EP1|S350_S353	1.0	0.0
CDC42EP1|S353	0.992391	0.007558788
CDC42EP1|T34	1.0	0.0
CDC42EP1|Y130	1.0	0.0
CDC42EP2|S101	1.0	0.0
CDC42EP2|S109	1.0	0.0
CDC42EP2|S141	0.9490983	-0.058479317
CDC42EP2|T137	1.0	0.0
CDC42EP2|T137_S141	1.0	0.0
CDC42EP3|S100	0.9339386	-0.066425055
CDC42EP3|S134	1.0	0.0
CDC42EP3|S144	0.87054443	-0.07628943
CDC42EP3|S89	1.0642232	0.051444717
CDC42EP4|S105	0.91844493	0.0024077569
CDC42EP4|S105_S109	1.0	0.0
CDC42EP4|S109	0.98221487	-0.036526803
CDC42EP4|S11	0.9757536	-0.017295819
CDC42EP4|S118	0.93642545	-0.012921579
CDC42EP4|S138	0.96933013	-0.017829046
CDC42EP4|S140	1.0070729	-0.025736427
CDC42EP4|S174	1.0294279	0.019740015
CDC42EP4|S18	0.9821411	-0.026862284
CDC42EP4|S292	0.9047646	-0.018375413
CDC42EP4|S292_S295	1.0	0.0
CDC42EP4|S295	0.93039334	-0.060657986
CDC42EP4|S298	1.0	0.0
CDC42EP4|S322	1.113047	0.13313708
CDC42EP4|S344	1.0	0.0
CDC42EP4|S64	0.88346756	-0.06822658
CDC42EP4|S91	0.86510855	-0.1374055
CDC42EP4|T188	1.0	0.0
CDC5L|S303	1.0	0.0
CDC5L|T355	0.9965514	-0.0033710718
CDC5L|T377	1.0	0.0
CDC5L|T385	1.0	0.0
CDC5L|T404	0.9607953	-0.038120996
CDC5L|T424	0.9994576	0.0013558642
CDCA2|S741	1.0	0.0
CDCA3|S222	1.0	0.0
CDCA3|S87	0.99081254	0.0009230129
CDCA3|S94	1.0358754	0.09198032
CDCA5|S75	0.9881511	-0.006719806
CDCA8|S219	1.0844214	0.0939577
CDH6|S786	1.0720282	0.07020806
CDK11A|S222	1.0	0.0
CDK11A|S232	1.0	0.0
CDK11A|S268	1.0	0.0
CDK11A|S271	0.89582866	-0.10165134
CDK11A|S422	1.0	0.0
CDK11A|S47	0.9785236	-0.01107309
CDK11A|S574	1.0	0.0
CDK11A|S698	1.0	0.0
CDK11A|S701	1.0	0.0
CDK11A|S72	1.0	0.0
CDK11A|T739_S740	1.0	0.0
CDK11B|S234	0.9406225	-0.0563866
CDK11B|S283	0.91568214	-0.06578381
CDK11B|S434	0.97717834	-0.031076508
CDK11B|S47	0.96610105	-0.028313696
CDK11B|S589	0.96437895	-0.040709652
CDK11B|S65	0.8316879	-0.15453224
CDK11B|S713	1.0201536	0.02980454
CDK11B|S72	0.8652093	-0.11754856
CDK11B|T595	0.975713	-0.027394535
CDK12|S102_S105	1.0	0.0
CDK12|S1083	1.0290104	0.032443814
CDK12|S154	0.95927054	-0.04068266
CDK12|S274	0.9939679	-0.0042206016
CDK12|S274_S276	1.0	0.0
CDK12|S293	0.85707986	-0.16201882
CDK12|S301_S303	1.0	0.0
CDK12|S303	0.9248253	-0.003310069
CDK12|S332_S333_S334	1.0	0.0
CDK12|S334	0.922751	-0.06521885
CDK12|S357_S359	1.0	0.0
CDK12|S359	0.9070659	-0.08013173
CDK12|S423	0.9509144	-0.026159387
CDK12|S644	1.0	0.0
CDK12|S681	1.0	0.0
CDK12|S681_S685	1.0	0.0
CDK12|T1244	0.9866166	-0.014727962
CDK12|T514	0.9199204	-0.07799541
CDK12|T692	0.9226217	-0.06466206
CDK13|S315_S317	1.0	0.0
CDK13|S315_S317_S325	1.0	0.0
CDK13|S317	0.85059613	-0.11508751
CDK13|S325	0.90265775	-0.08988153
CDK13|S340_S342	1.0	0.0
CDK13|S358_S360	1.0	0.0
CDK13|S360	0.88680375	-0.12939106
CDK13|S383	0.9592354	-0.023964932
CDK13|S397	0.9332327	-0.050548967
CDK13|S525	0.93631274	-0.048569664
CDK13|S662	1.0	0.0
CDK13|S867	0.94038695	-0.05816929
CDK13|T1246	0.8450401	-0.14357099
CDK13|T588	1.0	0.0
CDK14|S119	0.9938365	-0.010481352
CDK14|S24	1.0149887	0.011994036
CDK14|S95	0.9560872	0.0015814431
CDK16|S139	1.0	0.0
CDK16|S169	1.0	0.0
CDK16|S184	1.0	0.0
CDK16|S193	1.0	0.0
CDK16|S212	1.0	0.0
CDK16|S227	1.0	0.0
CDK16|S229	1.0	0.0
CDK16|S86	1.0	0.0
CDK17|S137	0.98885936	0.0034948143
CDK17|S146	0.9543032	-0.03435555
CDK17|S165	0.993523	-0.0036125963
CDK17|S180	1.013242	0.0027765213
CDK17|S75	1.0	0.0
CDK17|S92	0.97256243	0.004843342
CDK18|S117	1.0	0.0
CDK18|S132	1.0498012	0.049734194
CDK18|S14	1.0349593	0.031998403
CDK18|S74	0.9494836	-0.042475205
CDK18|S89	1.0087334	0.024453659
CDK18|S98	0.9980501	0.015468651
CDK1|T14	1.1421516	0.22203979
CDK1|T14_Y15	1.0	0.0
CDK1|T161	1.1157713	0.10508168
CDK1|Y15	1.0894295	0.15941659
CDK1|Y19	1.1793214	0.20802861
CDK2|T14_Y15	1.0	0.0
CDK5RAP2|S1061	1.0	0.0
CDK5RAP2|S1238	1.0	0.0
CDK5RAP2|S1350	1.0	0.0
CDK5RAP2|S1490	1.0075824	0.007821647
CDK5RAP2|S947	1.0552549	0.056037694
CDK7|S280	1.0	0.0
CDK9|S347	1.0616356	0.055229306
CDKL5|S377	1.0	0.0
CDKL5|S407	1.0	0.0
CDKL5|S497	1.0	0.0
CDKL5|S720	1.0	0.0
CDKN1A|S130	1.0442653	0.013175279
CDKN1B|S10	1.1204582	0.13959521
CDKN1B|S178	1.1267356	0.118610896
CDKN1C|S297	1.035742	0.034694135
CDKN2AIP|S131	1.0394874	0.09005693
CDR2L|S318	0.9351285	-0.016459325
CDR2L|T154	0.9580061	-0.044322025
CDR2L|T157	1.0	0.0
CDR2|S344	1.0	0.0
CDS1|S9	0.8243634	-0.10040989
CDS2|S21	1.043683	0.06280022
CDS2|S33	1.086659	0.12645957
CDV3|S106_S107	1.0	0.0
CDV3|S107	0.9766186	-0.0037202744
CDV3|S197	1.0	0.0
CDV3|S8	0.8718485	0.064298816
CDV3|T182	1.0	0.0
CDYL|S147	1.0	0.0
CEBPD|S191	1.0429013	0.0436025
CEBPD|S256	1.0	0.0
CEBPZ|S629	1.014553	0.01629222
CECR2|S239	1.0	0.0
CELSR1|S2761	1.0452573	0.041453823
CELSR1|S2761_S2764	1.0	0.0
CELSR1|S2764	0.9555711	-0.045530584
CELSR1|S2867	1.0	0.0
CELSR1|S3009	0.906553	-0.09570025
CELSR2|S2648	1.0	0.0
CELSR2|S2823	1.0	0.0
CENPB|S156	0.97425234	-0.010733312
CENPC|S177	1.0149848	0.019049054
CENPC|S225	0.98817253	-0.0031836175
CENPC|S316	1.0152012	0.0816956
CENPC|S333	0.91617095	-0.06986964
CENPC|S528	1.0974456	0.04645283
CENPC|S538	1.1657953	0.20114887
CENPE|S2533	1.0	0.0
CENPF|S1654	0.95715714	-0.024795175
CENPF|S2900	1.0	0.0
CENPF|S3023	0.9057787	-0.05452915
CENPF|S3054	0.9253859	-0.07169319
CENPF|S3079	0.94575375	-0.053981256
CENPF|T144	1.0	0.0
CENPI|S284	1.0422348	0.04062792
CENPT|S397	1.0686814	0.09599474
CEP112|S151	0.9456493	-0.049544062
CEP112|S198	1.0	0.0
CEP112|S198_S202	1.0	0.0
CEP112|S210	1.0	0.0
CEP128|S1008	0.9196489	-0.06967548
CEP128|S18	0.9674803	-0.03075203
CEP128|S331	0.98739696	-0.01663961
CEP128|S950	1.0193794	0.0257314
CEP131|S114	1.0	0.0
CEP131|S208	1.0	0.0
CEP131|S381	1.1006936	0.103080526
CEP131|S47	1.1710184	0.23086879
CEP131|S731	1.0	0.0
CEP131|S78	1.0501254	0.031235429
CEP135|S253	1.0	0.0
CEP135|S356	1.0092973	0.004602153
CEP135|S439	1.0	0.0
CEP135|T1121	1.0	0.0
CEP152|S1461	0.91493994	-0.031266626
CEP162|T176	1.0	0.0
CEP164|S359	0.92822516	-0.054614387
CEP164|S407	1.0	0.0
CEP164|S472	0.9708763	-0.026223656
CEP164|S531	1.0	0.0
CEP170B|S1018	1.0	0.0
CEP170B|S1040	1.0864598	0.10242744
CEP170B|S1065	1.0	0.0
CEP170B|S1109	1.0	0.0
CEP170B|S1129	1.0	0.0
CEP170B|S1179	0.99449205	0.00024851985
CEP170B|S1475	1.0	0.0
CEP170B|S1478	1.0	0.0
CEP170B|S1481	1.0	0.0
CEP170B|S1504	1.0	0.0
CEP170B|S154	1.0	0.0
CEP170B|S270	1.0	0.0
CEP170B|S290	1.0	0.0
CEP170B|S422	1.0	0.0
CEP170B|S527	1.0	0.0
CEP170B|S549	1.0	0.0
CEP170B|S585	1.0	0.0
CEP170B|S597	0.98106515	-0.019400561
CEP170B|S603	1.0	0.0
CEP170B|S619	1.0555689	0.078438275
CEP170B|S641	1.0	0.0
CEP170B|S702	1.0	0.0
CEP170B|S759	1.0	0.0
CEP170B|S772	1.0072349	0.014352818
CEP170B|S783	1.0	0.0
CEP170B|S829	1.0	0.0
CEP170B|S853	1.0032598	0.028405948
CEP170B|S881_S884	1.0	0.0
CEP170B|S899	1.0	0.0
CEP170B|S916_S918	1.0	0.0
CEP170B|S969	1.0	0.0
CEP170B|S970	1.0	0.0
CEP170B|S986_S988	1.0	0.0
CEP170B|T472	1.0	0.0
CEP170|S1112	1.0157074	0.024095021
CEP170|S1145	1.0	0.0
CEP170|S1165	0.9967516	0.019021826
CEP170|S1529	1.009784	0.0041821185
CEP170|S239	0.8063753	-0.17096782
CEP170|S356_S359	1.0	0.0
CEP170|S359	1.0086384	0.004002868
CEP170|S379	0.96915895	0.0061381366
CEP170|S446	0.96173	-0.053997137
CEP170|S497	1.0586108	0.06780985
CEP170|S667	0.9248424	-0.092493534
CEP170|S958	0.97343045	-0.032326058
CEP170|T644	1.0440174	0.04921572
CEP192|S1200	1.0	0.0
CEP192|S565	1.0027796	0.004376627
CEP250|S1295	1.0298326	0.010616748
CEP250|S1597	1.0	0.0
CEP250|S2229	1.0313522	0.039502196
CEP250|S2322	1.0217788	0.027099144
CEP350|S1265	1.0	0.0
CEP350|S1648	1.0291339	0.02911098
CEP350|S1805_S1807	1.0	0.0
CEP350|S1807	1.1089442	0.096295245
CEP350|S2460	1.0	0.0
CEP350|S473	1.0	0.0
CEP350|S939	1.0	0.0
CEP350|T878	0.9659455	-0.027600395
CEP41|S119	0.98047256	-0.018349357
CEP41|S119_S121	1.0	0.0
CEP41|S272	1.0	0.0
CEP41|S96_S99	1.0	0.0
CEP41|S99	1.1444196	0.1368004
CEP57|S44	1.0	0.0
CEP57|S46	1.0	0.0
CEP63|S449	1.0	0.0
CEP68|S349	1.0	0.0
CEP68|S435	0.9840882	-0.01722223
CEP68|S472_S478	1.0	0.0
CEP68|S478	0.979684	0.010422886
CEP68|S603	1.0	0.0
CEP78|S325	0.9751136	-0.026474716
CEP85|S623	0.94923747	-0.0017165788
CEP89|S221	1.0	0.0
CEP89|S40_S44	1.0	0.0
CEP97|S308	1.003197	-0.0003816214
CEP97|S416	1.0	0.0
CEP97|S545	1.0	0.0
CERS2|S341	0.9414035	-0.053000774
CERS2|T346_S348_S349	1.0	0.0
CETN2|S20	1.0780087	0.098559976
CFAP410|S136	1.0254798	0.028184535
CFAP410|S177	1.0076678	-0.0064065144
CFAP97|S330	1.0042019	0.0020510573
CFDP1|S250	1.0	0.0
CFL1|S156	0.9872557	-0.005327304
CFL1|S24	0.9985286	0.029726887
CFL1|S41	1.0	0.0
CFL1|T25	1.0783691	0.09536407
CFL1|Y140	1.0	0.0
CFL1|Y68	1.0	0.0
CFTR|S660	1.0	0.0
CFTR|S737	1.0	0.0
CFTR|S795	1.0	0.0
CGNL1|S112	0.9057991	-0.07924669
CGNL1|S283	0.9293223	-0.057812344
CGNL1|S486	0.985573	0.0029523673
CGNL1|S708	1.1218671	0.13006707
CGN|S1163	1.0	0.0
CGN|S137	1.0	0.0
CGN|S137_S140	1.0	0.0
CGN|S140	1.0	0.0
CGN|S155	1.0	0.0
CGN|S165	1.0	0.0
CGN|S180	1.0	0.0
CGN|S258	1.0	0.0
CGN|S276	1.0	0.0
CGN|S338	1.0	0.0
CHAF1A|S141	1.0323595	0.025545398
CHAF1A|S143	1.0	0.0
CHAF1A|S206	1.0275196	0.032785807
CHAF1A|S65	0.94367284	-0.055887558
CHAF1A|T259	1.0350859	0.04424972
CHAF1B|S458	1.0	0.0
CHAMP1|S108	1.0	0.0
CHAMP1|S204	0.975893	-0.025439382
CHAMP1|S204_S214	1.0	0.0
CHAMP1|S214	0.95462114	-0.047989387
CHAMP1|S247	0.9778229	-0.022192167
CHAMP1|S282	1.0	0.0
CHAMP1|S282_S286	1.0	0.0
CHAMP1|S282_S297	1.0	0.0
CHAMP1|S308_S319	1.0	0.0
CHAMP1|S319	1.0408745	0.04354151
CHAMP1|S376	1.0780747	0.07974589
CHAMP1|S382	0.9699997	-0.027573587
CHAMP1|S382_S386	1.0	0.0
CHAMP1|S386	0.9729305	-0.019840715
CHAMP1|S405	0.94770753	-0.0070674676
CHAMP1|S416	0.9448686	-0.015794935
CHAMP1|S416_S427	1.0	0.0
CHAMP1|S427	0.948574	-0.03796726
CHAMP1|S427_S432	1.0	0.0
CHAMP1|S427_S432_S436	1.0	0.0
CHAMP1|S436	0.93704456	-0.054493055
CHAMP1|S445	0.97169936	-0.0012263991
CHAMP1|S452	1.0356262	0.019043313
CHAMP1|S459	0.9866043	-0.0074669337
CHAMP1|S476	1.0445868	0.0691395
CHAMP1|S512	1.0	0.0
CHAMP1|S542	0.9407006	-0.008463659
CHAMP1|S603	0.9318747	-0.07646489
CHAMP1|S627	1.0403666	0.06309753
CHAMP1|S736	0.95927787	-0.04497212
CHCHD3|S29	1.0388445	0.041254863
CHCHD3|S50	1.0127575	0.044123337
CHCHD6|S13	1.0672783	0.11713359
CHD1|S1081	0.96352	-0.036969006
CHD1|S1677	0.8732371	-0.11463574
CHD1|S1689	0.98879796	0.009638195
CHD1|S215_S216	1.0	0.0
CHD2|S1085_S1087	1.0	0.0
CHD2|S1369_S1373	1.0	0.0
CHD2|S1373	0.9273375	-0.09655927
CHD2|S1728	0.94964135	-0.029818634
CHD2|S1789	1.0	0.0
CHD2|S1795_S1801	1.0	0.0
CHD2|S1801_S1807	1.0	0.0
CHD2|S1807	0.9539669	-0.053218216
CHD2|S207_S208	1.0	0.0
CHD3|S132	1.0	0.0
CHD3|S132_S138	1.0	0.0
CHD3|S147_S149_S152	1.0	0.0
CHD3|S1660	1.0	0.0
CHD3|S1660_S1664	1.0	0.0
CHD3|S656	1.0	0.0
CHD3|S772	1.0	0.0
CHD3|Y654	1.0	0.0
CHD4|S1301	1.0	0.0
CHD4|S1308	1.0372496	0.062091187
CHD4|S1342	1.0	0.0
CHD4|S1524	1.0	0.0
CHD4|S1524_S1528	1.0	0.0
CHD4|S1528	1.0	0.0
CHD4|S1528_S1530	1.0	0.0
CHD4|S1531	0.9393577	-0.052924987
CHD4|S1531_S1535	1.0	0.0
CHD4|S1535	0.9941535	0.0053642094
CHD4|S1563	1.0	0.0
CHD4|S1569	1.0	0.0
CHD4|S1570	0.9939235	-0.011479402
CHD4|S1576	1.0249316	0.024002839
CHD4|S1595	1.0	0.0
CHD4|S1602	0.9458337	-0.062375564
CHD4|S1641	1.0	0.0
CHD4|S1648	1.0	0.0
CHD4|S270	1.0	0.0
CHD4|S277	1.0	0.0
CHD4|S421	1.0	0.0
CHD4|S428	0.9501793	-0.051727958
CHD4|S508_S524	1.0	0.0
CHD4|S524	1.0	0.0
CHD4|S531	1.0	0.0
CHD4|T1546	1.0	0.0
CHD4|T1553	0.9847898	-0.018094748
CHD4|T1646	1.0	0.0
CHD4|T1653	0.98163664	-0.016371483
CHD4|T522_S524	1.0	0.0
CHD4|T529_S531	1.0	0.0
CHD6|S21	1.0109096	0.012693344
CHD7|S1874	1.0	0.0
CHD7|S2356	1.0	0.0
CHD7|S2559	1.1817663	0.19491155
CHD7|S2956	1.2372671	0.27763888
CHD8|S1420	1.0017834	-0.0046955654
CHD8|S1420_S1424	1.0	0.0
CHD8|S1424	0.93241465	-0.05532772
CHD8|S1995	1.0706294	0.06987675
CHD8|S2046	1.0611184	0.06626845
CHD8|S2519	1.0758654	0.07695493
CHD8|T1982	1.0	0.0
CHD9|S137_S138_S142	1.0	0.0
CHD9|S180	1.0	0.0
CHD9|S76	1.0	0.0
CHD9|S994_S998	1.0	0.0
CHD9|S998	1.0	0.0
CHD9|T1639	1.0	0.0
CHERP|S186	1.0	0.0
CHERP|S815_S817_T819	1.0	0.0
CHGA|S142	1.0625087	-0.00017307392
CHGA|S218	1.0	0.0
CHGA|S300	0.93861055	-0.09835367
CHGA|S322	1.0710839	0.010640838
CHGA|S322_S333	1.0	0.0
CHGA|S333	0.8547934	-0.16092724
CHGA|S402	1.0484452	0.084667504
CHGB|S130	0.9661872	-0.025643546
CHGB|S149	0.8943933	-0.087948926
CHGB|S225	0.8798434	-0.11853475
CHGB|S259_S263	1.0	0.0
CHGB|S335	1.0	0.0
CHGB|S377	0.8247138	-0.17355978
CHGB|S377_S380	1.0	0.0
CHGB|S391	0.908681	-0.09001462
CHGB|S405	0.89214474	-0.08301475
CHL1|S1127	1.0	0.0
CHMP1A|S182	1.0034524	0.030108739
CHMP2A|S203	0.846299	-0.12998441
CHMP2A|S95	1.0	0.0
CHMP2B|S146	1.0	0.0
CHMP2B|S158	1.0	0.0
CHMP2B|S187	0.92588615	-0.057122216
CHMP2B|S199	1.0707326	0.07918212
CHMP3|S134	1.0	0.0
CHMP5|S86	0.9765878	-0.020460343
CHMP6|S119	0.9892084	-0.010752039
CHMP7|S232	1.0	0.0
CHMP7|S307	1.0	0.0
CHMP7|S410	1.0	0.0
CHMP7|S417	0.98827577	0.069476455
CHORDC1|S110	0.98875433	-0.012688727
CHPF2|S56	1.0	0.0
CHTF18|S871	1.0183969	0.01017095
CIAPIN1|S259	1.0	0.0
CIAPIN1|S274	1.0	0.0
CIC|S1082	1.0	0.0
CIC|S1258	1.0	0.0
CIC|S1340	1.0	0.0
CIC|S1405	1.0	0.0
CIC|S1514	1.0	0.0
CIC|S1609	1.0	0.0
CIC|S1630	1.0	0.0
CIC|S1813	1.0	0.0
CIC|S1855	1.0	0.0
CIC|S2203	1.0	0.0
CIC|S2253	1.0	0.0
CIC|S227	1.0	0.0
CIC|S2282	1.0	0.0
CIC|S2282_S2291	1.0	0.0
CIC|S2291	1.0	0.0
CIC|S2318	1.0	0.0
CIC|S2327_S2328	1.0	0.0
CIC|S2328	1.0	0.0
CIC|S301	1.0	0.0
CIC|S423	1.0	0.0
CIC|S428	1.0	0.0
CIC|S442	1.0	0.0
CIC|S456	1.0	0.0
CIC|S664	1.0	0.0
CIC|S768	1.0	0.0
CIC|S776_S780	1.0	0.0
CIC|S780	1.0	0.0
CIC|S809	1.0	0.0
CIC|T1492	1.0	0.0
CIC|T2200_S2203	1.0	0.0
CIC|T472	1.0	0.0
CIC|T674	1.0	0.0
CIR1|S202	1.0171522	0.036642846
CIR1|S353	0.95869803	-0.041227706
CIR1|S392_S394	1.0	0.0
CIR1|S394	0.9647212	-0.04714943
CIRBP|S146	0.944424	-0.046778932
CISD2|T106	1.0	0.0
CIT|S1474	1.0	0.0
CIT|S2013	1.0	0.0
CIT|S2035	1.0	0.0
CIT|S440	1.0780622	0.18007469
CIT|S480	1.0970668	0.13229151
CIT|S699	1.0	0.0
CIZ1|T225	0.9825722	-0.018067924
CIZ1|T244	1.0143033	-0.0016227626
CKAP4|S17	1.1132699	0.11249481
CKAP4|S26	1.0657637	0.10474148
CKAP4|S460	0.8878175	-0.081162155
CKAP5|Y1860	1.0	0.0
CKB|S199	1.0	0.0
CKB|T322	1.0281267	0.022168217
CKB|T35	1.1796488	0.19482984
CKMT1A|S318	1.0	0.0
CKMT1A|T410	1.0	0.0
CLASP1|S1112	1.0	0.0
CLASP1|S1135	1.0	0.0
CLASP1|S1139	1.0	0.0
CLASP1|S1196	0.79941946	-0.08841064
CLASP1|S246	0.92311186	-0.06149289
CLASP1|S559	0.9323666	-0.06465949
CLASP1|S572	0.9755678	0.0033494537
CLASP1|S598	0.95999324	-0.02376444
CLASP1|S598_S600	1.0	0.0
CLASP1|S600	0.95726633	-0.036527745
CLASP1|S646	0.89833874	-0.098970324
CLASP1|S649	0.87353414	-0.08015056
CLASP1|S665	1.0	0.0
CLASP1|S671	1.0	0.0
CLASP1|S675	1.0	0.0
CLASP1|S687	1.0	0.0
CLASP1|T702	1.0	0.0
CLASP1|T718	1.0	0.0
CLASP2|S1029	0.9531502	-0.064183615
CLASP2|S14	0.92600423	-0.024368523
CLASP2|S368_S370	1.0	0.0
CLASP2|S370	1.0529016	0.05812522
CLASP2|S389	1.0	0.0
CLASP2|S430	1.0	0.0
CLASP2|S455	1.036369	0.010047551
CLASP2|S459	0.9967938	0.014799688
CLASP2|S596	0.95220923	-0.06036331
CLASP2|S644	1.0360829	0.021644127
CLASP2|S8	1.0	0.0
CLASP2|S892	0.989184	-0.0030366175
CLASP2|S955	1.040956	0.061065175
CLASRP|S101	0.9578918	-0.05692784
CLASRP|S285	0.9563562	-0.034249887
CLASRP|S294	0.9906358	0.008918298
CLASRP|S547	0.95197916	-0.022869142
CLASRP|S667_S669	1.0	0.0
CLASRP|T542	1.0	0.0
CLCC1|S438	1.0300325	0.061276402
CLCC1|S464	1.0	0.0
CLCC1|S532	0.985911	0.016038077
CLCN7|S60_S61	1.0	0.0
CLCN7|S9	1.0480905	0.10842098
CLDN18|T247	0.9846194	-0.0015640088
CLDN3|S203	1.0521504	0.03405011
CLDN3|S209	0.90148664	-0.0403145
CLDN3|Y198	1.0	0.0
CLDN5|T292	1.0	0.0
CLEC16A|S7	0.9952477	-0.0019971593
CLEC16A|S863	0.9798205	-0.068735234
CLEC16A|S980	0.9325141	-0.06205119
CLGN|S554	0.95270884	-0.021142399
CLGN|S581	1.0236067	0.053181108
CLIC1|S121	1.010626	0.011416676
CLIC1|S156	0.9453316	-0.00071153475
CLIC1|S211	1.0	0.0
CLIC4|S167	1.0	0.0
CLIC6|S112	1.0028013	0.016523737
CLIC6|S229	1.0	0.0
CLIC6|S239	1.0	0.0
CLIC6|S293	1.105662	0.11112574
CLIC6|S303_S305	1.0	0.0
CLIC6|S305	1.0167518	0.022826035
CLIC6|S322	1.141432	0.18422374
CLIC6|S377	1.0292526	0.044063672
CLIC6|S377_S393	1.0	0.0
CLIC6|S393	0.9605637	-0.043691043
CLINT1|S227	1.0132434	0.006363723
CLINT1|S227_S232	1.0	0.0
CLINT1|S227_S232_S234	1.0	0.0
CLINT1|S245	1.0	0.0
CLINT1|S299	0.9124547	-0.07077197
CLINT1|S299_T308	1.0	0.0
CLINT1|T294	0.98924375	-0.021943295
CLINT1|T308	0.8844149	-0.09591521
CLINT1|Y293	1.0	0.0
CLIP1|S1364	1.0211383	0.02955749
CLIP1|S143	0.97457457	0.00077978545
CLIP1|S195	1.0261728	0.032031264
CLIP1|S200	1.0313873	0.01572365
CLIP1|S200_S204	1.0	0.0
CLIP1|S204	0.9902195	0.01125736
CLIP1|S310	1.06311	0.0583586
CLIP1|S312	0.9530876	-0.016166313
CLIP1|S348	1.03701	0.063866146
CLIP1|T182	1.0455762	0.044565037
CLIP1|T25	1.0	0.0
CLIP1|T350	0.97223234	-0.016670458
CLIP1|Y1362	1.0	0.0
CLIP2|S207	1.1069822	0.13650003
CLIP2|S352	1.0	0.0
CLIP2|S42	1.1676543	0.1716241
CLIP2|S923	1.101703	0.1175946
CLIP2|S973	1.0	0.0
CLIP2|T354	1.0	0.0
CLK1|S182	1.0	0.0
CLK1|T180_S182	1.0	0.0
CLK2|S142	1.0026927	0.0076183802
CLK2|S50	0.9771549	0.038291585
CLK3|S157	1.0295137	0.028151056
CLK3|S197_S199	1.0	0.0
CLK3|S215	1.0096592	0.03498538
CLK3|S224	1.0388578	0.020836603
CLK3|S224_S226	1.0	0.0
CLK4|S136_S138	1.0	0.0
CLK4|S138	0.9772338	-0.065220825
CLMN|S301	1.048123	0.0046197516
CLMN|S419	0.96364707	0.009274295
CLMN|S619	1.0	0.0
CLMN|S635	0.9563782	-0.012262743
CLMN|S907	1.0680379	0.072507456
CLN3|S12	1.0976552	0.14217474
CLN3|S12_S14	1.0	0.0
CLN3|S14	1.0216156	0.033234883
CLN6|S23	1.0415365	0.04049513
CLN6|S31	0.96786624	0.026010862
CLN6|S31_S33	1.0	0.0
CLNS1A|S102	0.963411	0.035198722
CLOCK|S427	0.9847094	-0.016266996
CLSPN|S225	0.9472089	-0.050082535
CLSPN|S83	0.95279723	-0.054815616
CLSPN|T1223	1.0	0.0
CLTA|S105	0.94683933	-0.03775607
CLTA|S224	1.0	0.0
CLTC|S1498	1.0	0.0
CLTC|S580	1.0	0.0
CLTC|S67	0.9919702	-0.00857531
CLTC|T109	1.0	0.0
CLTC|T398	1.0	0.0
CLTC|Y1481	1.0	0.0
CLUH|S649	1.0	0.0
CLUH|S664	0.9954672	0.0064922324
CLU|S185	1.0566823	0.037831742
CLU|S396	0.9631834	-0.028255614
CMBL|S223	1.0534827	0.047508974
CMIP|S283	1.0	0.0
CMKLR1|T342	0.9858335	-0.013607822
CMPK1|S212	1.0	0.0
CMTM4|S194	0.92051303	-0.064246885
CMTM4|S199	0.8958164	-0.10842361
CMTR1|S51_S53_S55	1.0	0.0
CMTR1|S53	0.96631783	-0.034141988
CMTR1|S53_S55	1.0	0.0
CMTR1|S66	1.0515903	0.06412393
CNBP|S49	1.1282909	0.124343485
CNDP2|S299	1.0	0.0
CNDP2|S58	1.0884744	0.078244865
CNKSR1|S300	1.0	0.0
CNKSR1|S305	0.9960981	0.056345616
CNKSR1|S314	1.0069216	0.031454764
CNKSR1|T289_T293	1.0	0.0
CNKSR1|T289_T293_S300	1.0	0.0
CNKSR3|S383	0.98556954	-0.020440005
CNN1|S175	1.0	0.0
CNN1|S215	1.0	0.0
CNN2|S127	1.0	0.0
CNN2|S166	1.0	0.0
CNN2|S206	1.0	0.0
CNN3|S162	1.0	0.0
CNN3|S175	1.0	0.0
CNN3|S215	1.009418	0.011595791
CNN3|S259	1.0588356	0.048276223
CNNM3|S661	0.94410276	-0.065669484
CNNM3|S673	0.9879059	-0.0046797236
CNNM3|S700	1.0015504	0.015509605
CNNM4|S764	1.0	0.0
CNOT1|S318	1.0	0.0
CNOT2|S157	1.0286691	-0.007952594
CNOT2|S159	1.0	0.0
CNOT2|S165	0.9545394	-0.031745877
CNOT2|S169	0.9708885	-0.008545647
CNOT2|T246	1.0	0.0
CNOT3|S297	1.0	0.0
CNOT3|S299	1.1907883	0.23205355
CNOT4|S321	1.0	0.0
CNOT4|S429	1.0	0.0
CNPY4|S58	0.93326265	-0.06877152
CNP|S170	0.95153624	0.00063182035
CNP|S9	0.9613296	-0.026574777
CNTLN|S22	1.0	0.0
CNTROB|S80	1.0287268	-0.0022716424
COASY|S207	1.0	0.0
COBLL1|S1016	1.0	0.0
COBLL1|S1022	1.0	0.0
COBLL1|S351	1.0	0.0
COBLL1|S371	1.0463598	0.05248863
COBLL1|S372	1.0	0.0
COBLL1|S390	1.0	0.0
COBLL1|S392	1.0	0.0
COBLL1|S410	1.0	0.0
COBLL1|S432	1.0	0.0
COBLL1|S957	1.0	0.0
COBLL1|S981	1.0	0.0
COBLL1|T326	1.0	0.0
COBL|S235	1.0234	0.021004872
COBL|S269	1.0118245	0.01275315
COBL|S324	0.8960494	-0.09527431
COBL|S347	1.0	0.0
COBL|S741	1.0	0.0
COBL|S815	1.0	0.0
COG1|S459	1.0360131	0.044244207
COG1|S548	0.9124146	-0.07514564
COG1|S959	1.0	0.0
COG1|T657	1.0	0.0
COG3|S663	1.0	0.0
COG5|S197	0.99479	-0.0055319746
COG5|S49	1.0456088	0.13810764
COIL|S235	1.0261561	0.027797703
COIL|S271	1.0387126	0.038043354
COIL|T122	1.0135565	0.056032993
COIL|T456	1.0	0.0
COL17A1|S148	1.0	0.0
COL17A1|S85	1.0	0.0
COL1A1|S176	1.0525756	0.11662202
COL1A1|S546	1.0	0.0
COL4A3BP|S251	1.0	0.0
COL6A3|S1583	1.0	0.0
COL6A3|S162	0.9670513	-0.03717605
COL6A3|S1783	1.1154655	0.15157408
COLGALT1|S616	1.0390868	0.05229739
COMMD10|S141	1.0	0.0
COPA|S173	1.0320004	0.05876189
COPA|S402	1.0291282	0.08441858
COPA|T600	1.0	0.0
COPB1|S371	1.0	0.0
COPB1|S933	0.89867187	-0.09446404
COPB2|S859	0.96062016	-0.03300472
COPB2|T828	1.0318288	0.030075148
COPE|S99	0.97023517	0.19473615
COPRS|S66	0.9780691	-0.010377284
COPS5|S24	1.0	0.0
COPS5|S284	0.9828289	-0.003839001
CORO1C|S240	1.0	0.0
CORO7|S21	0.9424297	-0.029636052
CORO7|S444	1.0	0.0
CORO7|S447	1.0	0.0
COX4I1|S26	0.8856096	-0.104943804
CPD|T1121	1.0	0.0
CPD|T1121_T1123	1.0	0.0
CPEB2|S526	1.0	0.0
CPEB2|S526_S529	1.0	0.0
CPEB3|S192	1.0016348	0.00516208
CPEB3|S195	0.98262125	-0.017525535
CPEB4|S332	1.0	0.0
CPEB4|S97_S99	1.0	0.0
CPEB4|S99	0.99002373	-0.0066944575
CPNE1|S55	1.0712115	0.082387686
CPNE3|S197	0.9311189	-0.05685072
CPNE3|S243	0.64471114	-0.3378117
CPSF1|S753	1.0	0.0
CPSF2|S419_S420_S423	1.0	0.0
CPSF6|S181	1.0061618	0.007076744
CPSF6|S548_S550	1.0	0.0
CPSF6|S550	1.0	0.0
CPSF6|T444	1.0	0.0
CPSF7|S103	1.0	0.0
CPSF7|S60	0.9450446	-0.04149765
CPSF7|T203	0.9452153	-0.05747461
CP|S722	1.0272311	0.007601341
CRACR2A|S26	1.1187065	0.12799716
CRACR2A|S410	1.0	0.0
CRACR2A|S473	1.0	0.0
CRACR2B|S230	1.0	0.0
CRACR2B|S392	0.87536037	-0.11921462
CRAMP1|S307	1.0268524	0.027631067
CRAMP1|S645	1.0	0.0
CRAMP1|S70	1.0	0.0
CREB1|S111	1.0132008	0.013026592
CREB1|S142	0.9311942	-0.043944936
CREB1|S271	0.9488331	-0.037665162
CREBBP|S1005	1.0	0.0
CREBBP|S1038	1.0	0.0
CREBBP|S121	1.007751	-0.007225572
CRIP2|T11	1.0	0.0
CRKL|S184	1.0	0.0
CRKL|Y251	1.0	0.0
CRK|S125	0.9788657	0.02494581
CRK|S194	1.0	0.0
CRK|S74	1.0	0.0
CRK|Y136	0.8923382	-0.10546997
CRMP1|S8	1.0	0.0
CRMP1|T509	1.0452867	0.061217196
CRMP1|T514	1.0162517	0.027616275
CROCC2|S524	1.0	0.0
CROCC|S1451	1.028824	0.028462641
CROCC|S1451_S1460	1.0	0.0
CROCC|S1460	1.0603828	0.07693459
CROCC|S1619	1.0430841	0.03888466
CROCC|S1660	1.0422633	0.051358897
CROCC|S2009	0.9618182	-0.04781657
CROCC|S462	0.9694142	-0.026589602
CROCC|S494	1.0020581	0.009602093
CROCC|S512	1.0	0.0
CROCC|T492_S494	1.0	0.0
CRTC1|S113	1.0	0.0
CRTC1|S64	1.0	0.0
CRTC2|S116	1.0	0.0
CRTC2|S136	0.9734268	-0.025914505
CRTC2|S433	0.9670658	-0.017334476
CRTC2|S613	1.0204831	0.05081812
CRTC2|T501	1.0	0.0
CRTC3|S135	1.0	0.0
CRTC3|S329	1.1182481	0.1327753
CRTC3|S370	1.0975851	0.11303284
CRTC3|S391	0.9732901	-0.026903424
CRTC3|S391_S396	1.0	0.0
CRTC3|S391_T394	1.0	0.0
CRTC3|S396	0.9868967	-0.012832425
CRTC3|S443	1.0	0.0
CRTC3|S62	1.0442584	0.05649738
CRYAB|S153	1.0	0.0
CRYAB|S59	1.1796329	0.2425444
CRYAB|S76	1.0	0.0
CRYAB|S85	1.0	0.0
CRYBG1|S141	1.0	0.0
CRYBG1|S22	1.0	0.0
CRYBG1|S329	1.0	0.0
CRYBG1|S484	0.9672898	0.04343271
CRYBG1|S533	1.0274438	0.024945555
CRYBG1|S725	1.0	0.0
CRYBG1|S75	1.0	0.0
CRYBG1|T524	0.8879458	-0.11439977
CRYBG1|T525	1.0756567	0.08488237
CRYBG2|S224	1.0	0.0
CRYBG2|S508	1.0	0.0
CRYBG2|S559	1.0	0.0
CRYBG2|S593	1.0	0.0
CRYBG3|S1280	0.96036905	-0.036187876
CRYBG3|S1849	1.0	0.0
CRYBG3|S1934	1.0779074	0.07964742
CRYBG3|S1966	1.0	0.0
CRYBG3|S395	0.9505735	-0.057939474
CRYBG3|S457	1.0683141	0.071525045
CRYBG3|S514	1.0	0.0
CRYBG3|S716	1.0	0.0
CRYBG3|S9	0.99857885	-6.7351786e-05
CRYBG3|S931	1.0150856	0.013514686
CRYBG3|T2902	1.0	0.0
CSDC2|S19	1.0	0.0
CSDC2|S47	0.768642	-0.24754223
CSDE1|T677	1.0	0.0
CSDE1|T761	1.0	0.0
CSE1L|S112	0.9905062	-0.007912586
CSE1L|S931	1.0	0.0
CSNK1A1|S156	1.0	0.0
CSNK1A1|T349	1.0	0.0
CSNK1D|S382	0.9488632	-0.031448178
CSNK1D|S401	1.0	0.0
CSNK1E|S363	0.9561699	-0.047388986
CSNK2A1|S194	1.0	0.0
CSNK2B|S202	1.0	0.0
CSNK2B|S206	1.0	0.0
CSPP1|S31	1.0	0.0
CSPP1|S424	1.0	0.0
CSPP1|S847	1.0	0.0
CSPP1|S866	1.0	0.0
CSPP1|S885	1.0	0.0
CSPP1|S931	1.0	0.0
CSRP1|S186	1.0	0.0
CSRP1|S33	1.0	0.0
CST3|S43	1.1092743	0.13049157
CSTF2T|T320	1.0	0.0
CSTF2|S302	1.0	0.0
CSTF2|S330	1.0	0.0
CSTF2|S544	1.0	0.0
CSTF3|S691	0.9571394	-0.032470968
CTDP1|S355	1.0	0.0
CTDP1|S621	1.0	0.0
CTDP1|S720	1.0	0.0
CTDP1|S740	1.0112541	0.009027248
CTDP1|S750	1.0	0.0
CTDP1|S750_S753	1.0	0.0
CTDP1|S831_S833	1.0	0.0
CTDSPL2|S104	0.9908155	0.0050367583
CTDSPL2|S9	0.9503293	-0.06809564
CTDSPL|S33	0.9147259	-0.084053114
CTF1|S7	1.0	0.0
CTIF|S18	1.0760847	0.08208101
CTIF|S299	0.97004956	0.013812631
CTNNA1|S295	0.94637096	-0.061162233
CTNNA1|S439	1.0	0.0
CTNNA1|S44	1.0	0.0
CTNNA1|S641	1.053553	0.063787624
CTNNA1|S641_S652	1.0177422	0.016301697
CTNNA1|S641_T645	1.0	0.0
CTNNA1|S652	0.9433662	-0.054628257
CTNNA1|S655	0.9819664	-0.016896004
CTNNA1|S655_T658	1.0	0.0
CTNNA1|S690	1.0288926	0.037001636
CTNNA1|S770	1.0	0.0
CTNNA1|S858	0.9802238	-0.036798254
CTNNA1|S898	1.0	0.0
CTNNA1|T658	0.89767253	-0.10089158
CTNNA2|S640	1.1585374	0.24363776
CTNNA3|S637	0.99026793	-0.04268288
CTNNAL1|S374	1.0283626	0.0441543
CTNNB1|S179	1.0097892	-0.016389403
CTNNB1|S191	1.0136884	0.07725263
CTNNB1|S552	0.9592774	-0.010497828
CTNNB1|S675	1.0314692	0.03747281
CTNNB1|T551	0.98472285	0.003274375
CTNNBL1|S518	1.0	0.0
CTNNBL1|S545	0.9556081	-0.035782114
CTNND1|S171	1.0	0.0
CTNND1|S225	0.9409644	-0.058651585
CTNND1|S230	0.9232435	-0.051266365
CTNND1|S244	0.9135829	-0.11212877
CTNND1|S252	0.9696099	-0.0040079644
CTNND1|S268	1.0095061	0.0073160375
CTNND1|S268_S269	1.0	0.0
CTNND1|S288	0.9613351	-0.005637347
CTNND1|S346	0.97851115	0.067286305
CTNND1|S346_S349	0.9284458	-0.07138932
CTNND1|S346_S349_S352	1.0	0.0
CTNND1|S346_S352	1.0	0.0
CTNND1|S349	0.96710294	0.0065963403
CTNND1|S349_S352	0.9574068	-0.04407503
CTNND1|S352	0.9429454	-0.029801877
CTNND1|S38	1.0	0.0
CTNND1|S47	0.99416775	-0.00076888787
CTNND1|S707	1.0	0.0
CTNND1|S713	1.0115674	0.017019048
CTNND1|S841	1.0	0.0
CTNND1|S847	0.98418343	0.0049051424
CTNND1|S858	1.0	0.0
CTNND1|S873	1.0	0.0
CTNND1|S879	1.0	0.0
CTNND1|S893	1.0	0.0
CTNND1|S899	0.9805285	-0.011261676
CTNND1|S914	1.0	0.0
CTNND1|S920	1.0174193	0.047813073
CTNND1|T59	1.0160114	0.027889634
CTNND1|T611	1.0	0.0
CTNND1|T900	1.0	0.0
CTNND1|T910	1.0	0.0
CTNND1|T916	1.0907212	0.12761478
CTNND1|Y228	1.0	0.0
CTNND2|S176	1.0	0.0
CTNND2|S267	1.174445	0.19067557
CTNND2|S443	1.0	0.0
CTNND2|S534	0.80158114	-0.17960107
CTPS2|S568	1.0060768	0.018626317
CTPS2|S571	0.9893486	-0.017421808
CTR9|S1042_S1044_S1048	1.0	0.0
CTR9|S1057_S1061	1.0	0.0
CTR9|S1061	1.0	0.0
CTR9|S1073	1.0	0.0
CTR9|S917	1.0	0.0
CTR9|S917_S919	1.0	0.0
CTR9|S946	1.0	0.0
CTR9|T901	1.0	0.0
CTR9|T951	1.0	0.0
CTTNBP2NL|S488	1.1241789	0.13148692
CTTNBP2NL|S549	0.967902	-0.023230765
CTTNBP2NL|S560	1.0	0.0
CTTNBP2NL|S560_S563	1.0	0.0
CTTNBP2NL|S563	1.0	0.0
CTTNBP2NL|S563_S568	1.0	0.0
CTTNBP2NL|S568	1.0	0.0
CTTNBP2NL|S592	1.0	0.0
CTTNBP2|S1506	1.0	0.0
CTTN|S11	1.0	0.0
CTTN|S113	0.884869	0.09760401
CTTN|S117	1.0453806	0.061251454
CTTN|S187	1.0986109	0.070859656
CTTN|S261	1.0387927	0.096881986
CTTN|S282	1.0976647	0.09700257
CTTN|S298	1.1397382	0.20080529
CTTN|S405	0.9450211	-0.004740586
CTTN|S418	0.9429817	-0.06435544
CTTN|S426	1.0861154	0.10047262
CTTN|S447	1.0521013	0.13740107
CTTN|S98	1.0	0.0
CTTN|T401	1.0044198	0.08080601
CTTN|T401_S405	0.9342968	-0.06754488
CTTN|Y421	1.0	0.0
CTU2|S419	0.9900396	-0.011573559
CTU2|S435	1.0	0.0
CUL3|S671	1.0	0.0
CUL4A|S10	1.0958953	0.10506366
CUL4B|S15	1.0	0.0
CUL4B|T36	1.0	0.0
CUL4B|T72	1.0	0.0
CUL7|S1208	1.0	0.0
CUL7|S423	1.0	0.0
CUL9|S1457	0.9850957	-0.013538894
CUL9|S2436	1.0109913	0.020947604
CUX1|S1070	1.0	0.0
CUX1|S663	1.0	0.0
CWC22|S39	0.9295039	-0.06293476
CWC22|S61	0.9477994	-0.020601716
CWC22|S829	0.9831037	-0.0005594774
CWC22|S866	0.99871683	0.030730262
CWC25|S218	1.0187725	0.02937321
CWC25|S293_S295	1.0	0.0
CWC25|S337	1.0430592	0.05206539
CWC27|S266	1.0	0.0
CWF19L2|S351	1.0	0.0
CWF19L2|S479	1.0630482	0.070169844
CXADR|S323	0.8193475	-0.13914233
CXADR|S359	1.0	0.0
CXXC1|S19	1.0	0.0
CXXC1|S224	0.9895376	-0.008793957
CXXC5|T53	0.97038627	-0.030008947
CXorf38|T195	1.0	0.0
CYB5R1|S150	1.0534563	0.123294
CYB5R3|S146	1.074096	0.11460438
CYBA|T147	1.1075135	0.17611963
CYBRD1|S190	1.0	0.0
CYBRD1|S202	1.0	0.0
CYBRD1|S204	1.0	0.0
CYCS|T29	1.0	0.0
CYFIP1|S431	1.035102	0.01763113
CYFIP1|S872	0.99822646	-0.001509455
CYFIP1|T1068	1.0064255	0.0065909424
CYFIP1|T1234	1.0633868	0.063818164
CYLD|S384	1.0	0.0
CYLD|S415	1.0	0.0
CYLD|S415_S419	1.0	0.0
CYLD|S419	1.0	0.0
CYLD|S544	1.0	0.0
CYLD|S544_S549	1.0	0.0
CYLD|S549	1.0	0.0
CYLD|S557	1.0	0.0
CYTIP|S66	1.1961842	0.24437277
DAAM2|S1050	0.92315483	-0.08259557
DAAM2|S1052	1.0	0.0
DAB2IP|S1108	0.9398126	-0.079435796
DAB2IP|S1140	1.0794096	0.102899745
DAB2IP|S1168	1.0394032	0.034437258
DAB2IP|S53	1.0224515	0.0151212085
DAB2IP|S702	1.0668434	0.04967795
DAB2IP|S747	1.1584784	0.14862701
DAB2IP|S874	1.0	0.0
DAB2IP|S895	1.0297275	-0.0013207585
DAB2IP|S978	1.1539178	0.15889218
DAB2IP|S995	0.8918899	-0.080553845
DAB2IP|T935	1.0330099	0.03157315
DAB2|S193	1.0	0.0
DAB2|S227	0.9426839	-0.061433975
DAB2|S401	1.0035613	0.055842135
DAB2|S723	0.90486705	-0.08689991
DAB2|T221	1.0	0.0
DACH1|S439	1.0	0.0
DACT3|S165	0.9790053	-0.04402228
DACT3|S306	1.0	0.0
DACT3|S344	1.0	0.0
DACT3|S344_S348	1.0	0.0
DACT3|S387	1.0214857	0.021662818
DACT3|S387_S391	1.0	0.0
DACT3|S426	1.1237527	0.13050252
DACT3|S520	1.0	0.0
DACT3|S6	0.9843089	-0.0100379875
DAG1|T790	1.1556985	0.21258146
DAGLB|S579	1.0	0.0
DAPK1|S289	0.9949671	-0.019335117
DAPK2|S299	0.9545087	0.015962746
DAPK2|S349	1.1257538	0.19628136
DAP|S49	1.0	0.0
DAP|S49_S51	1.0	0.0
DAP|S51	1.0	0.0
DARS|S149	1.0	0.0
DARS|S249	0.98192066	-0.010607522
DAXX|S213	1.0	0.0
DAXX|S495	1.0025115	0.004252758
DAXX|S618	1.0	0.0
DAXX|S654	0.9880835	-0.032462172
DAXX|S671	0.9122412	-0.06600325
DAXX|S688	0.9348578	-0.03723383
DBI|Y29	1.0	0.0
DBN1|S141	1.0707973	0.08038855
DBN1|S142	1.1261405	0.16246355
DBN1|S274	1.2184746	0.21856762
DBN1|S320	1.0	0.0
DBN1|S337	1.2218704	0.24778447
DBN1|S339	1.1087227	0.12514658
DBN1|S381	1.0	0.0
DBN1|S385	1.0	0.0
DBN1|S427	1.0	0.0
DBN1|T331	1.0	0.0
DBN1|T346	1.006992	0.0076766536
DBN1|T377	1.0	0.0
DBN1|T392	1.0	0.0
DBNL|S141	1.009319	-0.0013130044
DBNL|S146	1.0	0.0
DBNL|S160	0.9884421	-0.012278403
DBNL|S169	1.0	0.0
DBNL|S232	1.0096384	0.021833837
DBNL|S269	1.0225742	0.024375573
DBNL|S275	0.9771609	-0.024083618
DBNL|S283	0.8105231	-0.13897997
DBNL|T291	0.99006826	0.042107273
DBR1|S514	1.0003327	-0.012332801
DBT|S220	0.9509648	-0.04893456
DCAF10|S92	0.98513114	-0.013607111
DCAF11|S121	1.0	0.0
DCAF15|S310	1.0308245	0.033230584
DCAF1|S978	1.0	0.0
DCAF1|S999	1.0	0.0
DCAF5|S467	1.0	0.0
DCAF5|S647	1.0	0.0
DCAF5|S793	1.0	0.0
DCAF5|T499	1.0	0.0
DCAF6|S336	0.99329823	0.0062606074
DCAF6|S657	1.0315061	0.021823958
DCAF6|T654_S657	1.0	0.0
DCAF8|S129_S130	1.0	0.0
DCAF8|S99	1.0899311	0.103532344
DCDC2|S270	1.1491414	0.15176061
DCDC2|S300	1.0	0.0
DCHS1|S2985	1.0	0.0
DCHS1|S3055	0.9916639	-0.0032346167
DCK|S11	0.95400596	-0.06484725
DCK|S74	1.0156386	0.019030798
DCK|T72	0.9859614	-0.02405948
DCLK1|S305_S307	1.0	0.0
DCLK1|S307	0.99046534	-0.0074262903
DCLK1|S32	1.0	0.0
DCLK1|S32_S36	1.0	0.0
DCLK1|S330	1.0254782	0.051551532
DCLK1|S332	0.98184526	-0.014301925
DCLK1|S337	0.9731165	-0.024167517
DCLK1|S352	1.0	0.0
DCLK1|S720	1.0248187	0.027019972
DCLK1|S726	0.884361	-0.11415104
DCLK1|S77	0.9260637	-0.0704687
DCLK2|S355	0.99235004	-0.0035152603
DCLK2|S362	0.97471446	-0.02764183
DCLK2|S375	1.0021728	0.024551773
DCLK2|S6	1.0	0.0
DCP1A|S353	1.0061988	-0.011254942
DCP1A|S522_S523	1.0	0.0
DCP1A|S522_S523_S525	1.0	0.0
DCP1A|S522_S525	1.0	0.0
DCP1A|S523	0.98912615	-0.0123615
DCP1A|S525	0.97974914	-0.024454243
DCP1A|S539	1.0	0.0
DCP1A|S62	0.97392756	-0.022312831
DCP1A|T401	1.0	0.0
DCP1A|T531	0.9895598	-0.0070880293
DCP1B|S147	1.0289642	0.011491383
DCP1B|S227	1.0	0.0
DCP1B|S283	1.0221741	0.032415826
DCP1B|S448	1.0053595	0.0018988693
DCP2|S246_S247_S249	1.0	0.0
DCP2|S329	0.9904807	-0.033783853
DCTN1|S300	1.0	0.0
DCTN1|T103	1.0	0.0
DCTN2|S301	1.0	0.0
DCTN2|S322	1.0	0.0
DCTPP1|S85	1.069882	0.0792405
DCUN1D4|S71	1.0126145	0.022568783
DCUN1D5|S41	1.0	0.0
DCUN1D5|S9	0.9401441	-0.05451869
DDA1|S33	0.9389221	-0.057397548
DDA1|S95	0.97646797	-0.011823228
DDAH2|S261	1.0	0.0
DDB2|S24_S26	1.0	0.0
DDB2|S26	1.0364395	0.058964264
DDHD1|S730	1.0	0.0
DDI2|S121	1.0195296	0.032869257
DDI2|S194	0.9601079	-0.031244097
DDOST|S312	1.0	0.0
DDRGK1|S150	1.0	0.0
DDX10|S539	1.0147079	0.023140695
DDX10|S831	1.0147251	0.012406714
DDX17|S601	0.9605325	-0.030603426
DDX17|S64	0.93801105	-0.07272039
DDX19A|S19	1.0	0.0
DDX19A|S85	0.99444604	-0.00060379604
DDX1|S481	0.9892123	-0.013772606
DDX20|S500	1.0061334	0.048260316
DDX20|S677_S678	1.0	0.0
DDX20|S703	1.0983088	0.1096288
DDX20|S714	1.1157495	0.12296176
DDX20|T705	1.0	0.0
DDX21|S121	1.0507214	0.079196535
DDX21|S13	1.1255833	0.11867433
DDX21|S171_S173	1.0	0.0
DDX21|S71	0.95976835	-0.004513277
DDX23|S14	0.9033795	-0.07762345
DDX24|S287	0.99881285	0.027574629
DDX24|S82	1.0214773	0.030603562
DDX39A|T171	1.030077	0.028519394
DDX39B|S41	1.0	0.0
DDX3X|S578	1.0	0.0
DDX3X|S593	1.0	0.0
DDX3X|S86	1.0069056	0.005744946
DDX3X|S98	1.0	0.0
DDX3Y|S592	0.73774517	-0.25011468
DDX41|S21_S23	1.0107058	0.0076348674
DDX41|S23	1.031108	0.04679171
DDX41|S66_S68	1.0	0.0
DDX42|S185	0.9639371	-0.04281424
DDX42|Y183	0.9648209	-0.03644417
DDX46|S199	1.0226616	0.013139862
DDX46|S804	1.0066313	0.0068311263
DDX50|S41	1.0570937	0.05644219
DDX50|S82	1.0178764	0.03480213
DDX51|S83	0.9904151	-0.007339551
DDX54|S39_S41	1.0	0.0
DDX54|S782	0.9582923	-0.034900397
DDX55|S544	0.99510574	-0.006232972
DDX58|S8	1.0725807	0.087949365
DDX59|S160	1.060195	0.059100583
DDX5|S480	1.0501196	0.054388106
DEAF1|S176	1.0	0.0
DEAF1|T312	0.99798346	-0.0016768568
DEAF1|T432	1.0	0.0
DEF6|S590	1.1733538	0.13988341
DEF6|S597	1.1806806	0.2172543
DEK|S230_S231_S232	1.0	0.0
DEK|S231_S232	1.0	0.0
DEK|S243_S244	1.0	0.0
DEK|S243_S244_S251	1.0	0.0
DEK|S251	0.8039563	-0.1805857
DEK|S306_S307	1.0	0.0
DEK|S32	0.9993899	0.00076689
DEK|S51	1.0537597	0.040555008
DENND1A|S412	1.0	0.0
DENND1A|S473	0.995959	0.030109411
DENND1A|S510	0.989241	-0.011937979
DENND1A|S520	1.0191108	0.0082478495
DENND1A|S523	1.0030876	0.007703044
DENND1A|S528	1.0	0.0
DENND1A|S538	1.0006438	0.002484031
DENND1A|S546	1.039772	0.0381914
DENND1A|S592	1.0	0.0
DENND1A|S607	1.0	0.0
DENND1A|S653	1.0	0.0
DENND1A|S656	1.0	0.0
DENND1A|T707	1.0	0.0
DENND1A|T768	1.0	0.0
DENND1A|T923	1.0069902	0.019795742
DENND1A|T984	1.0	0.0
DENND1B|S514	0.9897529	0.0046489364
DENND1B|S590_S596	1.0	0.0
DENND1B|S596	1.0	0.0
DENND1C|S436	1.0	0.0
DENND1C|S552	1.0	0.0
DENND2A|S246	0.96438366	-0.03594103
DENND2A|S404	0.9010065	-0.09736616
DENND2A|S504	0.8870698	-0.10194122
DENND3|S552	1.0	0.0
DENND4A|S1015	1.0753628	0.08661168
DENND4A|S1035	1.0	0.0
DENND4A|S1078	1.0	0.0
DENND4A|S1117	0.9983006	-0.004203839
DENND4A|S1194	1.0	0.0
DENND4A|S1225	1.0497321	0.053016853
DENND4A|S1268	1.0	0.0
DENND4A|S1587	1.0332533	0.050273087
DENND4A|S1630	1.0	0.0
DENND4A|S731	1.0528334	0.09198139
DENND4A|S935	1.043873	0.041262936
DENND4B|S1092	0.98515475	-0.015243479
DENND4B|S736	1.0004756	0.0147000095
DENND4B|S947	1.0	0.0
DENND4B|S963	0.9948735	-0.0041738516
DENND4C|S1017_S1022	1.0	0.0
DENND4C|S1038	1.0	0.0
DENND4C|S1148	1.0	0.0
DENND4C|S1175	1.0	0.0
DENND4C|S1184	0.90839523	-0.10386008
DENND4C|S1225	0.9099416	-0.0889575
DENND4C|S1233	1.0	0.0
DENND4C|S1274	1.0	0.0
DENND4C|S1301	1.0	0.0
DENND4C|S1395	1.0	0.0
DENND4C|S1613	1.0165669	0.033122454
DENND4C|S1650	1.0	0.0
DENND4C|S1662	1.0	0.0
DENND4C|S1672	1.0	0.0
DENND4C|S737	1.0	0.0
DENND4C|S741	1.0087419	0.020148741
DENND4C|S953	1.0	0.0
DENND4C|S989	1.0579906	0.0865894
DENND4C|T1265	1.0	0.0
DENND4C|T734	1.0	0.0
DENND5A|S1085	1.0010599	-0.002886483
DENND5A|S851	1.009012	-0.0011930367
DENND5A|T1079	0.9932127	-0.006221633
DENND5B|S1111	1.0	0.0
DENND5B|S868	1.0	0.0
DENND5B|T1097	1.0	0.0
DENND6A|S127	1.0237788	0.022406677
DENR|S189	1.0	0.0
DENR|S73	0.9363368	-0.0812089
DENR|T86	0.992219	-0.0032158648
DEPDC5|S579	0.989542	-0.014827728
DEPTOR|S143	1.0	0.0
DES|S28	0.98515254	-0.005819429
DES|S28_S31	1.0	0.0
DES|S28_S32	1.0	0.0
DES|S32	0.86195505	-0.14003989
DES|S424	1.0748305	0.07852998
DES|S438	1.0930678	0.116428934
DES|S60	1.0	0.0
DES|S68	1.0046302	0.02869167
DES|T17	1.0	0.0
DFFA|S110	1.0014883	-0.00055855536
DFFA|S315	1.0184633	0.0639233
DGCR8|S275	1.0131825	0.015398529
DGCR8|S377	1.0361247	0.046087455
DGCR8|S434	1.0	0.0
DGCR8|S95	0.89453155	-0.10660914
DGKZ|S193	0.9903229	-0.02456619
DGKZ|S205	1.0215355	0.01265802
DGKZ|S37	1.0456492	0.045552865
DGKZ|S52_S53	1.0	0.0
DGKZ|S970	1.0	0.0
DHCR7|S14	1.005113	0.070704214
DHX16|S100	1.0	0.0
DHX16|S160	0.99372655	0.014188767
DHX16|S43	1.0	0.0
DHX16|S43_S46_S47	1.0	0.0
DHX16|S81	1.0	0.0
DHX29|S200	0.9749278	-0.021002607
DHX29|S580	1.0	0.0
DHX29|T198	1.0	0.0
DHX34|S20	1.0042824	0.025651168
DHX34|S749_S750	1.0	0.0
DHX38|S1194	0.9955945	0.0031335114
DHX38|S199	0.81700003	-0.15710358
DHX57|S127	0.9191336	-0.06812452
DHX57|S132	0.92787224	-0.0024366318
DHX57|S74	1.0	0.0
DHX8|S456	1.0	0.0
DHX8|S460	1.0492836	0.058787335
DHX9|S125	0.953799	-0.06647285
DHX9|S449	1.0	0.0
DHX9|S688	0.88061327	-0.11927962
DIAPH1|S22	1.0396113	0.05037198
DIAPH3|S1093	0.98774266	-0.012108563
DICER1|S397	0.9980645	-0.007304478
DICER1|S643	1.0	0.0
DIDO1|S1040	0.97667825	-0.018026555
DIDO1|S123	0.94639504	-0.06209152
DIDO1|S1260	1.0	0.0
DIDO1|S1456	0.92489034	-0.08516387
DIDO1|S523	0.9711216	-0.02602686
DIDO1|S805	0.9113104	-0.0844784
DIDO1|S805_S809	1.0	0.0
DIDO1|T151_S152_S154	1.0	0.0
DIDO1|T1662	1.0	0.0
DIP2A|S94	1.0	0.0
DIP2B|S203	0.9844519	3.705074e-05
DIP2B|T144	1.0	0.0
DIP2C|T264	0.9625997	-0.039581716
DIP2C|T67	1.0	0.0
DIRC2|S26	0.98884463	-0.0142158475
DIS3L2|S194	1.0	0.0
DKC1|S21	1.0	0.0
DKC1|S485	1.0080084	0.02009914
DKC1|S485_S494	1.0	0.0
DKC1|S489	1.0	0.0
DKC1|S494	1.0383434	0.06369725
DLC1|S120_S123	1.0	0.0
DLC1|S1254	1.0	0.0
DLC1|S163	1.0	0.0
DLC1|S523_S526	1.0	0.0
DLC1|S548	1.0	0.0
DLC1|S566	0.99679136	0.014792376
DLC1|S583	1.0	0.0
DLC1|S851	1.0	0.0
DLC1|S986	0.98355067	-0.016676927
DLG1|S534	1.0	0.0
DLG1|S565	1.0	0.0
DLG1|S586	1.0	0.0
DLG2|S519	1.0	0.0
DLG3|S8	1.0	0.0
DLG5|S1000	0.9898426	-0.01251348
DLG5|S1093	1.0	0.0
DLG5|S1115	1.0	0.0
DLG5|S1232	1.0290629	0.04517855
DLG5|S1254	1.0	0.0
DLG5|S1263	1.0	0.0
DLG5|S132	1.0	0.0
DLG5|S1666	0.98678845	-0.035901714
DLG5|S1795	1.0	0.0
DLG5|S264	1.0523221	0.050052147
DLG5|S972	1.0	0.0
DLG5|T1011	1.0	0.0
DLG5|T984_S1000	1.0	0.0
DLGAP4|S434	1.0	0.0
DLGAP4|T175	1.0	0.0
DLGAP4|T376	1.0	0.0
DLGAP5|S662	0.94964176	-0.046765663
DLGAP5|S806	1.0	0.0
DMAP1|S454	0.9562992	-0.049254596
DMAP1|T445	0.9580183	-0.03012493
DMTN|S105	0.9998748	0.018736366
DMTN|S152	0.9521225	-0.032605246
DMTN|S156	1.0427176	0.045265567
DMTN|S226	0.98845875	0.077677585
DMTN|S26	1.009582	0.048774626
DMTN|S289	1.0338001	0.09915217
DMTN|S333	1.021619	0.07644469
DMTN|S372	0.940866	-0.021080736
DMTN|S96	0.9884934	-0.012828432
DMWD|S495	1.0000278	-0.002758038
DMWD|S545	0.9745903	-0.02823512
DMXL1|S1285	0.92429245	-0.052315246
DMXL1|S1896	1.0055226	0.04618715
DMXL1|S1905	0.8954409	-0.10938299
DMXL1|S1908	0.95049286	-0.03753879
DMXL1|S1970	1.0316497	0.037170473
DMXL1|S2414	1.0	0.0
DMXL1|S324	1.0	0.0
DMXL1|S436	1.0089406	0.004495009
DMXL1|S574	1.0439916	0.03582041
DMXL1|S924	0.9759862	-0.025298096
DMXL2|S1140	0.9803808	-0.013518553
DMXL2|S1140_S1143	1.0	0.0
DMXL2|S1400	1.0004861	0.053707268
DMXL2|S1857	1.0065954	0.022516182
DMXL2|S1984	1.0	0.0
DMXL2|S2400	1.0	0.0
DMXL2|S434	0.9098574	-0.060420975
DMXL2|S929	0.9632967	-0.030306794
DNAAF2|S240	1.0	0.0
DNAAF5|T334	1.0	0.0
DNAJA1|S335	1.0065017	0.005109152
DNAJA1|S340	1.0	0.0
DNAJA2|S123	0.9946781	-0.0010743799
DNAJA4|S336	1.0	0.0
DNAJB1|S151	1.1414751	0.11621146
DNAJB1|S16	1.1587641	0.17572862
DNAJB1|S171	1.0046012	0.01777372
DNAJB2|S311_S313	1.0	0.0
DNAJB2|S313	0.92812705	-0.04193479
DNAJB4|S148	1.0140141	0.061653025
DNAJB4|S38	1.0	0.0
DNAJB6|S15	0.9862889	-0.009994485
DNAJB6|S267	1.0	0.0
DNAJB6|S277	1.0438068	0.0576342
DNAJC17|S112	0.99135464	0.010853308
DNAJC1|S430	0.8939882	-0.066489555
DNAJC1|S479_S480	1.0	0.0
DNAJC1|S480	0.96343446	-0.051686555
DNAJC21|S15	1.0663749	0.046603937
DNAJC21|S283	1.060925	0.06583689
DNAJC21|S370	0.87326586	-0.09510013
DNAJC21|S430	1.0	0.0
DNAJC21|Y311	1.0	0.0
DNAJC2|S47	1.0000976	0.025387973
DNAJC2|S47_S49	1.0	0.0
DNAJC2|S49	0.9969994	0.009315626
DNAJC2|S60_S63	1.0	0.0
DNAJC5|S10	1.0273128	0.018997101
DNAJC8|S35	1.0286559	-0.0086591365
DNAJC9|S109	1.0576637	0.06470152
DNM1L|S529	0.981033	0.02705677
DNM1L|S605	1.0	0.0
DNM1|S774	1.1105599	0.15096964
DNM3|S759	1.0	0.0
DNM3|S759_S763	1.0	0.0
DNMBP|S1068	1.0	0.0
DNMBP|S1436	1.008087	0.013380943
DNMBP|S659	0.9661729	0.015987422
DNMBP|S684	1.0	0.0
DNMT1|S1105	1.0	0.0
DNMT1|S141_S143	1.0	0.0
DNMT1|S143	1.0083493	-0.019391533
DNMT1|S189_S192	1.0	0.0
DNMT1|S714	0.9533395	-0.051292524
DNMT1|S732	0.9478729	-0.052088596
DNMT3A|S105	0.96054095	0.0229771
DNPEP|T221	1.0	0.0
DNPH1|S128	1.1296558	0.21750557
DNPH1|S169	1.0384644	0.062172778
DNPH1|Y24	1.0	0.0
DNTTIP1|S161	1.0	0.0
DNTTIP2|S117	1.0001787	0.027200991
DNTTIP2|S141	0.98421204	-0.013934869
DNTTIP2|S141_S145	1.0	0.0
DNTTIP2|S141_S148	1.0	0.0
DNTTIP2|S184	0.90376455	-0.09800328
DNTTIP2|S330	0.99446243	-0.006679202
DNTTIP2|S512	1.0	0.0
DNTTIP2|S74	1.0188116	-0.0032728275
DNTTIP2|T232	0.9919596	-0.005452109
DNTTIP2|T610	1.0	0.0
DOCK10|S1226	1.0	0.0
DOCK10|S1251	1.0	0.0
DOCK10|S1257	1.0517578	0.05384884
DOCK10|S1283_S1286_S1289	1.0	0.0
DOCK10|S1286_S1289	1.0	0.0
DOCK10|S1289	1.0191684	0.011463644
DOCK10|S13	1.0	0.0
DOCK10|S1312	1.0	0.0
DOCK10|S1445	1.0	0.0
DOCK10|T1434	1.0	0.0
DOCK11|S1237_S1240	1.0	0.0
DOCK11|S1350	1.0	0.0
DOCK11|S437	1.13379	0.13463876
DOCK11|S440	1.1360877	0.17390785
DOCK11|T1352	0.96614903	-0.026726538
DOCK1|S1702	1.0	0.0
DOCK1|S1764	1.0	0.0
DOCK1|S1777	1.0	0.0
DOCK1|S1785	1.0	0.0
DOCK1|T1788	1.0	0.0
DOCK1|T1788_T1793	1.0	0.0
DOCK1|T1793	1.0	0.0
DOCK1|T1865	1.0	0.0
DOCK2|S1592	1.1386076	0.1165158
DOCK2|S1685	1.0794109	0.055022933
DOCK2|S1706	1.1316986	0.121216446
DOCK2|S1784	1.1196427	0.13042583
DOCK2|S587	1.1062626	0.08068872
DOCK4|S1623	1.0	0.0
DOCK4|S1640	1.0	0.0
DOCK4|S1709	1.0	0.0
DOCK4|S1733	1.0	0.0
DOCK4|S1759	1.0	0.0
DOCK4|S1778	1.0	0.0
DOCK4|T1908	1.0	0.0
DOCK5|S1656	1.0	0.0
DOCK5|S1742	1.0	0.0
DOCK5|S1766	1.0924746	0.1503693
DOCK6|S1230	0.92332023	-0.08866095
DOCK6|S1308	0.9482751	-0.032486685
DOCK6|S1343	1.001634	-0.0006938653
DOCK6|S159	1.0087639	0.020052565
DOCK6|S176	1.0212034	0.028503923
DOCK6|S176_S178	1.0	0.0
DOCK6|S178	0.9740584	-0.013751328
DOCK6|S2036	1.0	0.0
DOCK6|S872	1.0152321	0.010787027
DOCK6|T2029	0.9760541	-0.01640339
DOCK7|S1383	0.970664	-0.02665667
DOCK7|S1421	1.0	0.0
DOCK7|S1423	1.0	0.0
DOCK7|S1429	1.0	0.0
DOCK7|S180	0.9949806	-0.016744839
DOCK7|S180_S182	1.0	0.0
DOCK7|S182	1.0020747	0.00690939
DOCK7|S190	0.96617216	0.051644016
DOCK7|S2118	1.0	0.0
DOCK7|S30	1.0042974	0.016502667
DOCK7|S439	0.9648285	-0.025107775
DOCK7|S873	1.0	0.0
DOCK7|S888	0.94892627	-0.041656062
DOCK7|S900	0.97287714	-0.02022705
DOCK7|S910	1.049116	0.03474889
DOCK7|S929	1.0081099	0.010487041
DOCK7|S946	0.9832332	-0.0061844043
DOCK7|T136	1.0	0.0
DOCK8|S1145	1.2104999	0.2570031
DOCK8|S139	1.2065402	0.26047602
DOCK8|S383	1.0	0.0
DOCK8|S451	1.1162148	0.16299112
DOCK8|S904	1.1838284	0.17498079
DOCK9|S1220	1.0	0.0
DOCK9|S1254	1.0	0.0
DOCK9|S166	1.0	0.0
DOCK9|S167	0.9580112	-0.039640192
DOCK9|S37	1.0	0.0
DOCK9|S439	1.0	0.0
DOCK9|S442	1.0	0.0
DOCK9|S443	0.95271206	-0.046277855
DOCK9|S926	1.0	0.0
DOK1|S130	1.0	0.0
DOK1|S152	1.0	0.0
DOK1|S258	1.0	0.0
DOK3|S274	1.0	0.0
DOK3|S308	1.0	0.0
DOP1A|S716	1.0	0.0
DOP1B|S1021	0.9640196	0.017342595
DOP1B|S1085	1.1395869	0.115417264
DOP1B|S681	1.0263733	0.02440714
DOP1B|S714	1.2095932	0.22120626
DOT1L|S1065	0.97106516	-0.030145267
DOT1L|S374	0.9832591	-0.012429783
DOT1L|S471	1.0	0.0
DOT1L|S786	0.9399309	-0.062757455
DOT1L|S826_S834	1.0	0.0
DOT1L|S834	0.90863293	-0.08694917
DOT1L|S902	1.0126486	0.02210621
DPF2|S142	0.9942547	0.01611509
DPF2|S258	1.0	0.0
DPF2|S258_T262	1.0	0.0
DPF2|S94	1.0	0.0
DPF2|T262	1.0	0.0
DPYD|S905	1.0532023	0.07606604
DPYSL2|S27	1.0	0.0
DPYSL2|S642	1.0	0.0
DPYSL2|S645	1.0	0.0
DPYSL2|S647	1.0	0.0
DPYSL2|T614	1.0	0.0
DPYSL2|T619	1.0	0.0
DPYSL3|S102	1.0	0.0
DPYSL3|S373	1.0	0.0
DPYSL3|S56	1.0	0.0
DPYSL3|S586	1.0	0.0
DPYSL3|S632	1.0	0.0
DPYSL3|S636	1.0	0.0
DPYSL3|S650	1.0	0.0
DPYSL3|S653	1.0	0.0
DPYSL3|S655	1.0	0.0
DPYSL3|S95	1.0	0.0
DPYSL3|T621	1.0	0.0
DPYSL3|T622	1.0	0.0
DPYSL3|T623	1.0	0.0
DPYSL3|T628	1.0	0.0
DROSHA|S373	0.96710193	-0.032651614
DSC2|S828	1.0	0.0
DSC2|S864	1.2151705	0.25836405
DSC2|S864_S868	1.0	0.0
DSC2|S868	1.2860112	0.27240545
DSC2|S868_S873	1.0	0.0
DSC2|S873	1.1579797	0.15428206
DSC2|T805	1.1372831	0.16221118
DSC2|T805_S808	1.0	0.0
DSG2|S680	1.1710118	0.19948259
DSG2|S700	1.2517841	0.28724146
DSG2|S701	1.2294333	0.31044137
DSG2|S703	1.1416105	0.18734185
DSG2|S712	1.1124753	0.09858072
DSG2|S723	1.0722739	0.100508966
DSG2|S893	1.0	0.0
DSG2|T650	1.0	0.0
DSG2|T922	1.0419599	0.057229877
DSN1|S109	0.93179333	-0.046296775
DSN1|S125	1.0764402	0.082166374
DSN1|S57	0.959565	-0.045872815
DSN1|S58	0.9886881	-0.007869761
DSN1|S81	0.9426134	-0.034726094
DSP|S1078	1.0	0.0
DSP|S1127	1.0003582	0.113886274
DSP|S1708	0.9160681	-0.09235542
DSP|S176	1.030345	0.1630331
DSP|S178	0.96518886	-0.034763645
DSP|S2000	1.0	0.0
DSP|S2024	1.1663256	0.16581021
DSP|S22	1.0709544	0.17967802
DSP|S2207	1.249135	0.22143514
DSP|S2209	1.1995716	0.22118337
DSP|S227	0.9365685	-0.04798727
DSP|S2815	1.0369502	0.039950863
DSP|S2820	1.0543394	0.049606375
DSP|S2821	1.1135266	0.12765825
DSP|S2821_S2825	1.0090963	0.010753975
DSP|S2825	1.0873543	0.090375096
DSP|S53	1.0567313	0.13246748
DSP|Y2817	1.0	0.0
DSTN|S7	1.0	0.0
DST|S157	1.0	0.0
DST|S2060	1.0	0.0
DST|S415	1.0	0.0
DST|S5615_S5618	1.0	0.0
DTD1|S194_S196_S197	1.0	0.0
DTD1|S196_S197	1.0	0.0
DTNA|S398	1.0	0.0
DTNA|S602	1.0	0.0
DTNBP1|S11	1.0	0.0
DTNBP1|S304	1.0	0.0
DTNB|S608	1.0054524	0.0015153546
DTX3L|S202	1.0368512	0.037496332
DTX3L|S204	0.87608385	-0.083911434
DTX3L|S221	0.99444383	0.027452696
DTX3L|S532	0.95066094	-0.026182484
DTX3L|S539	1.1157362	0.12939979
DTX3L|S545	0.9561918	-0.040333603
DTX3L|T526	1.0	0.0
DUOX1|S634	0.86535525	-0.10758167
DUS3L|S236	0.9871661	-0.015231881
DUSP16|S501	1.0280284	0.022812672
DUSP16|S612	0.9155972	-0.06543117
DUSP3|T93	1.0	0.0
DUSP9|S328	1.0	0.0
DUT|S88	1.0210428	0.01937661
DVL1|S51	1.0	0.0
DVL1|S600_S602_S604	1.0	0.0
DVL2|S59	1.0	0.0
DVL2|S618	0.89224297	-0.108536854
DVL3|S48	1.1138444	0.11631213
DVL3|S700	1.0	0.0
DYNC1H1|S1230	0.9790078	-0.019011835
DYNC1H1|S4368	1.0456836	0.09939603
DYNC1I1|S50	1.02212	0.025331387
DYNC1I1|S80	1.0	0.0
DYNC1I2|S51	1.0099983	0.010612082
DYNC1I2|S73	1.0	0.0
DYNC1I2|S81	1.0	0.0
DYNC1I2|S95	1.0	0.0
DYNC1I2|S95_S98	1.0	0.0
DYNC1LI1|S207	1.1234685	0.12619238
DYNC1LI1|S398	1.0	0.0
DYNC1LI1|S421	1.0090144	0.004158145
DYNC1LI2|S117	1.0	0.0
DYNC1LI2|S194	0.97758687	-0.0147384405
DYNC1LI2|S369	1.0	0.0
DYNC1LI2|S407	0.9731992	-0.028082088
DYNC1LI2|S446	0.91213834	-0.118996456
DYRK1A|S520	1.0	0.0
DYRK1A|Y312	1.0	0.0
DYSF|S163	1.0	0.0
DYSF|S166	1.0	0.0
DZIP3|S707	1.0	0.0
EAF1|S165	0.9952241	0.005064224
EAF1|S29	1.0	0.0
EAPP|S109_S111	1.0	0.0
EBAG9|S36	0.91518515	-0.08005777
EBAG9|S86	1.0037076	0.012792883
ECH1|S268	0.8720802	-0.1236376
ECM2|S191	1.0	0.0
ECT2|S367	1.0025177	-0.0005635461
ECT2|S861	1.0320688	0.026248364
ECT2|T359	0.9386788	-0.055286944
EDC3|S131	0.935726	0.005470892
EDC3|S161	0.99665284	0.018085971
EDC4|S1380	1.0	0.0
EDC4|S583	1.0	0.0
EDC4|S729	1.016569	0.0076407855
EDC4|S844	1.0261512	0.030929819
EDC4|T693	1.0	0.0
EEA1|S354	1.0	0.0
EEA1|S356	0.9857863	-0.014420955
EEA1|S49	0.9791831	-0.029069679
EEA1|S52	1.040026	0.11997807
EEF1A1|S175	1.0	0.0
EEF1A1|Y141	1.0594321	0.065943696
EEF1AKMT2|S21	1.0998166	0.117660075
EEF1B2|S106	1.0465693	0.04759299
EEF1B2|S43	0.9855174	-0.016571308
EEF1B2|S8	1.0	0.0
EEF1B2|S90	1.0193669	0.020210274
EEF1B2|S95	1.0269802	0.0284859
EEF1B2|T93	0.9954406	0.023170702
EEF1D|S452	1.0	0.0
EEF1D|S499	1.0	0.0
EEF1D|S528	1.0	0.0
EEF1D|T495	1.0	0.0
EEF1D|T513	1.0	0.0
EEF1D|T513_S528	1.0	0.0
EEF2K|S18	1.0812423	0.10218713
EEF2K|S441	0.9936775	-0.009196499
EEF2K|S445	1.1224891	0.11998773
EEF2K|S462	1.0164343	0.035115253
EEF2K|S470	1.0445037	0.07740843
EEF2K|S474	1.0326185	0.0485476
EEF2K|S500	0.931295	-0.03845152
EEF2|T435	1.0	0.0
EEF2|T57	0.86774844	-0.00608733
EEF2|T57_T59	0.9120046	-0.0815247
EEF2|T59	0.990396	0.058187637
EEF2|Y434	1.0	0.0
EEPD1|S16	0.9750246	0.0022035774
EEPD1|S160	0.9519163	0.0064526247
EEPD1|S173	1.0122523	0.02144541
EEPD1|S25	0.8538023	-0.07003104
EEPD1|S25_S31	1.0	0.0
EEPD1|S554	0.9386647	-0.056721784
EFHD2|S74	1.017078	0.011244138
EFNB1|S281	0.9844027	-0.008060944
EFNB1|S287	1.1573818	0.14159024
EFR3A|S184	1.0	0.0
EFR3A|S658	1.0	0.0
EFR3A|T652	1.0	0.0
EFS|S118	1.0	0.0
EFS|S129	1.0	0.0
EFS|S162	1.0	0.0
EFS|S287	1.0	0.0
EFS|S298	1.0495583	0.11488141
EFS|S331	1.2393668	0.24405324
EFTUD2|S944	1.0	0.0
EFTUD2|T86	1.0	0.0
EGFR|S1019	1.0	0.0
EGFR|S1064	1.195913	0.1934259
EGFR|S946	1.0	0.0
EGFR|S991	1.034402	0.042512555
EGFR|T648	1.0	0.0
EGFR|T693	1.1186798	0.083607815
EGFR|Y1127	1.0	0.0
EGFR|Y1152	1.0	0.0
EGLN1|S125	1.0	0.0
EHBP1L1|S1168	0.9331211	-0.06642065
EHBP1L1|S1257	1.0135893	0.014814039
EHBP1L1|S1273	1.0003306	0.020095015
EHBP1L1|S310	1.0	0.0
EHBP1L1|S462	1.0	0.0
EHBP1L1|S964	1.0	0.0
EHBP1L1|T454	1.0	0.0
EHBP1|S1000	1.0	0.0
EHBP1|S1023	1.0	0.0
EHBP1|S1035	1.0154597	0.018125169
EHBP1|S1058	0.96828336	-0.041166816
EHBP1|S171	1.0056835	-0.010628248
EHBP1|S171_S174	1.0	0.0
EHBP1|S300	1.0	0.0
EHBP1|S335	1.0228336	0.02774634
EHBP1|S401	1.0	0.0
EHBP1|S436	0.9717283	-0.021467986
EHBP1|S675	1.0	0.0
EHBP1|S710	0.98838395	-0.016959727
EHBP1|S716	1.0	0.0
EHBP1|S751	0.9606652	-0.033417948
EHBP1|S777	1.0	0.0
EHBP1|S819	1.0	0.0
EHBP1|S854	1.0796987	0.1480685
EHBP1|T659	1.0	0.0
EHBP1|T694	0.95715916	-0.048141688
EHD1|S355	1.0192306	0.019976618
EHD1|Y453	1.0	0.0
EHD2|S438	1.0015105	0.055021893
EHD2|S468	0.9782814	-0.036515586
EHD2|S484	1.0658292	0.058758527
EHD4|S482	0.9895553	0.011156204
EHD4|Y456	1.0	0.0
EHMT1|S38	1.0161744	0.017161882
EHMT2|S197	1.0	0.0
EHMT2|S289	1.0	0.0
EHMT2|S303	1.0	0.0
EHMT2|S97	1.0	0.0
EI24|S306	1.0	0.0
EI24|S312	1.0	0.0
EI24|S312_S316	1.0	0.0
EI24|S316	1.0	0.0
EI24|S32	1.0	0.0
EIF2AK1|S257	1.0	0.0
EIF2AK3|S404	1.0	0.0
EIF2AK3|S564	1.0	0.0
EIF2AK3|S943	1.0	0.0
EIF2AK4|S230	1.0	0.0
EIF2AK4|S770	1.0	0.0
EIF2AK4|T667	1.0	0.0
EIF2A|S481	1.0	0.0
EIF2A|S501	1.0	0.0
EIF2B4|T107	1.0	0.0
EIF2B4|T158	1.0	0.0
EIF2B5|S544	0.9854728	-0.016310345
EIF2S1|S158	0.95217323	-0.040023662
EIF2S2|S67	0.9937144	0.02033181
EIF2S2|T111	0.9211666	-0.02815343
EIF3A|S1188	1.0214347	0.010654476
EIF3A|S1336	0.9522341	-0.025518036
EIF3A|S584	0.9073241	-0.057227515
EIF3A|S881	0.93201107	-0.060672402
EIF3A|S949	1.0162311	-0.017987002
EIF3A|T574	1.0048174	-0.0035537027
EIF3B|S119	0.98561716	0.017050838
EIF3B|S125	1.0150927	0.022754453
EIF3B|S239	1.0	0.0
EIF3C|S166	0.918399	-0.060827877
EIF3C|S178_S181_S182	1.0	0.0
EIF3C|S39	0.95761967	-0.02039436
EIF3C|T524	0.97395986	-0.021609157
EIF3E|S399	0.9608024	-0.043364003
EIF3F|S258	1.0499417	0.08123209
EIF3H|S183	0.999715	-0.0016382323
EIF3J|S127	0.98905396	0.044201244
EIF3J|T109	0.8407363	-0.1387883
EIF4B|S131	1.0816272	0.080493994
EIF4B|S183	0.94643414	-0.04978371
EIF4B|S192	1.1066786	0.11198635
EIF4B|S207	1.0053091	0.011523294
EIF4B|S219	1.1575693	0.14274897
EIF4B|S230	0.96255594	-0.03281713
EIF4B|S263	1.0679517	0.08189539
EIF4B|S283	0.934727	-0.04116861
EIF4B|S309	1.0076762	-0.016642688
EIF4B|S359	1.1022938	0.05854287
EIF4B|S406	0.98336476	-0.008428177
EIF4B|S406_S409	1.0	0.0
EIF4B|S422	0.8566179	-0.08047352
EIF4B|S445	0.9254457	-0.06758389
EIF4B|S450	1.0	0.0
EIF4B|S504	1.0314723	0.06326865
EIF4B|S509	1.0	0.0
EIF4B|S518	0.9888915	-0.008847002
EIF4E2|S13	0.96927357	-0.008391689
EIF4EBP1|S101	1.188516	0.20525013
EIF4EBP1|S65	1.0469066	0.12584904
EIF4EBP1|T70	1.1973827	0.21167655
EIF4EBP2|S65	1.0	0.0
EIF4EBP2|S65_T70	1.0	0.0
EIF4EBP2|T70	1.0	0.0
EIF4EBP3|T23	1.0	0.0
EIF4EBP3|T56	1.0	0.0
EIF4ENIF1|S138	1.0349495	0.06335043
EIF4ENIF1|S301	1.0	0.0
EIF4ENIF1|S5	0.9620238	-0.04635987
EIF4ENIF1|S564	1.0064162	0.041608687
EIF4ENIF1|S577	0.9186747	-0.07881677
EIF4ENIF1|S587	0.9349388	-0.06350946
EIF4ENIF1|S670	0.86283	-0.12944981
EIF4ENIF1|S74	0.9823473	-0.015832994
EIF4ENIF1|S78	0.9531205	-0.037197668
EIF4ENIF1|S951	1.0215065	0.032415178
EIF4ENIF1|T592	1.0	0.0
EIF4G1|S1035	1.0	0.0
EIF4G1|S1084	1.0	0.0
EIF4G1|S1087	1.0	0.0
EIF4G1|S1099	1.0	0.0
EIF4G1|S1194	0.8947112	-0.08533969
EIF4G1|S1201	1.0	0.0
EIF4G1|S1216	1.0	0.0
EIF4G1|S1238	0.9274408	-0.044150967
EIF4G1|S1245	1.0	0.0
EIF4G1|S711	1.0	0.0
EIF4G1|T1218	1.0	0.0
EIF4G2|S395	1.0029185	0.012484631
EIF4G3|S1445	1.0	0.0
EIF4G3|S494	1.0	0.0
EIF4H|S110	1.0	0.0
EIF4H|S193	0.9245079	-0.06423439
EIF4H|S230	0.9266576	-0.075576715
EIF4H|T220	1.0	0.0
EIF5B|S107	0.96496594	-0.002524671
EIF5B|S107_S113	1.0	0.0
EIF5B|S113	0.94110566	-0.04560567
EIF5B|S1168	1.0684546	0.060940433
EIF5B|S135	0.93655664	-0.05526156
EIF5B|S135_S137	1.0071366	0.007095874
EIF5B|S137	0.8384214	-0.16086002
EIF5B|S164	0.9583474	-0.010659291
EIF5B|S182_S183_S186	1.0	0.0
EIF5B|S186	1.0695786	0.04100901
EIF5B|S190	0.9755911	-0.040045876
EIF5B|S214	0.945725	-0.026152132
EIF5B|S438	1.0	0.0
EIF5B|S511	1.0	0.0
EIF5B|S595	1.0002422	-0.0037229725
EIF5B|S66	0.93802875	-0.03463993
EIF5B|T301	1.0	0.0
EIF5|S10	1.024998	0.010496951
EIF5|S389_S390	0.9924558	-0.008661273
EIF5|S410	1.0	0.0
EIPR1|S347	1.0	0.0
ELAC2|S199	0.8989952	-0.041467596
ELAVL1|S197	1.0	0.0
ELAVL1|S202	1.0189145	0.021272697
ELF1|S143_S144	1.0	0.0
ELF1|S163	1.0603865	0.06394172
ELF1|S310	1.0	0.0
ELF1|S352	1.0	0.0
ELF1|S408	1.0	0.0
ELF2|S119	1.0	0.0
ELF2|S47	1.0	0.0
ELF3|S58	1.0	0.0
ELF4|S188	1.0610943	0.08334841
ELK1|S324	0.9864209	-0.007689213
ELK3|S396	1.0471054	0.063696705
ELL2|S305	0.9751639	-0.0020004814
ELL|S309	0.96537066	-0.035560075
ELL|S319	1.0429845	0.063884586
ELL|T180	0.9978959	0.0017928577
ELMO1|S344	0.9337116	-0.05086108
ELMSAN1|S148	1.0	0.0
ELMSAN1|S461	1.0009035	0.0006391807
ELMSAN1|S661	0.932274	-0.061839
ELMSAN1|S923	1.0509921	0.052976776
ELMSAN1|T655	0.96954787	-0.03252971
ELMSAN1|T655_S661	1.0	0.0
ELMSAN1|T687	1.0	0.0
ELOA|S163	1.0	0.0
ELOA|S373	0.91554815	-0.02647886
ELP4|S37	1.0	0.0
EMD|S110	1.0629925	0.061112948
EMD|S141_S142_S143	1.0	0.0
EMD|S49	1.0349414	0.056395404
EMD|S60	0.99199253	0.027201848
EMD|Y59	1.0	0.0
EME1|S111	0.9579941	-0.0441817
EML1|S113	1.0656945	0.064949766
EML3|S156	1.0549018	0.09633969
EML3|S176	1.0249146	0.05679436
EML3|S207	1.0314124	0.028550463
EML4|S132	0.964099	-0.018317506
EML4|S134	0.95382786	-0.045175042
EML4|S144	1.0247737	0.030373935
EML4|S144_S146	1.0	0.0
EML4|S146	0.96813923	-0.021411344
EML4|S151	0.9942237	-0.009454973
EML4|S184	1.0004534	-0.0011680274
EML4|S200_T201	1.0	0.0
EML4|S94	1.0	0.0
EML4|T160	1.0	0.0
EML4|T897_T899	1.0	0.0
EML4|T899	0.9943038	0.01731536
EML4|Y226	0.9341718	-0.055712465
EMSY|S1151	1.0	0.0
EMSY|S183_S188	1.0	0.0
EMSY|S253	1.0	0.0
ENAH|S125	0.8370515	-0.1464054
ENAH|S477	1.0	0.0
ENAH|S508	0.96454144	-0.011206413
ENAH|S531	1.0815328	0.055897743
ENC1|S406	1.0	0.0
ENDOV|S216	1.0	0.0
ENO1|S141	1.0	0.0
ENO1|S157	1.0	0.0
ENO1|S254	1.0799477	0.08013797
ENO1|S27	1.0593157	0.076427095
ENO1|S272	1.1402788	0.15642466
ENO1|S40	1.0650301	0.060776103
ENO1|S79	1.0797919	0.13154832
ENO1|T72	1.0	0.0
ENO1|Y44	1.0036359	-0.00524829
ENO2|S40	1.0	0.0
ENO2|Y44	1.0	0.0
ENSA|S109	1.042782	0.011494669
ENSA|S43	0.960593	-0.027070137
ENSA|S67	0.9054969	0.029114064
ENTR1|S170_S174	1.0	0.0
ENTR1|S18	1.0	0.0
EOMES|S107	1.0	0.0
EP300|S1700	1.0	0.0
EP300|S947	1.0	0.0
EP400|S165	1.0	0.0
EP400|S1696	1.0	0.0
EP400|S686	1.0	0.0
EP400|S700	1.0	0.0
EPB41L1|S378	0.9413356	-0.056244776
EPB41L1|S407	0.7817138	-0.2128736
EPB41L1|S461	0.97159946	-0.018614544
EPB41L1|S461_S466	1.0	0.0
EPB41L1|S466	0.8807695	-0.08819318
EPB41L1|S510	0.9092235	-0.0207929
EPB41L1|S540	1.0	0.0
EPB41L1|S546	0.9987749	0.0007849647
EPB41L1|S546_T550	1.0	0.0
EPB41L1|S578	0.90337616	-0.033956062
EPB41L1|S578_T580	1.0	0.0
EPB41L1|S639	0.8973555	-0.13926022
EPB41L1|S648	0.848757	-0.13541009
EPB41L1|S648_S650	1.0	0.0
EPB41L1|S650	1.0032434	-0.016039444
EPB41L1|S667	0.8621324	-0.14280383
EPB41L1|S672	0.94082063	-0.049239814
EPB41L1|S678	0.9300693	-0.051038478
EPB41L1|S75	0.8118093	-0.1694811
EPB41L1|S783	1.0	0.0
EPB41L1|S869	1.0	0.0
EPB41L1|T33	1.0	0.0
EPB41L1|T475	0.7864836	-0.16520502
EPB41L2|S386	1.0253229	0.030483123
EPB41L2|S38_S39	1.0	0.0
EPB41L2|S39	0.9864572	-0.002796133
EPB41L2|S499	0.9521227	-0.019227913
EPB41L2|S550	0.9014928	-0.113426566
EPB41L2|S562	1.0	0.0
EPB41L2|S58	0.9841742	-0.005672527
EPB41L2|S614	1.0	0.0
EPB41L2|S627	1.0	0.0
EPB41L2|S645	1.0	0.0
EPB41L2|S647	0.99740535	-0.010989022
EPB41L2|S648	1.0	0.0
EPB41L2|S715	0.97975093	-0.0033037353
EPB41L2|S718	1.0904177	0.073414974
EPB41L2|S767	1.0	0.0
EPB41L2|S770	1.0	0.0
EPB41L2|S828	1.0	0.0
EPB41L2|S87	0.9858229	0.034786064
EPB41L2|T763	1.0319531	0.020639103
EPB41L3|S420	1.0037934	-0.017568061
EPB41L3|S443	1.0892887	0.08265664
EPB41L3|S443_S448	1.0	0.0
EPB41L3|S448	1.0	0.0
EPB41L3|S539	1.0	0.0
EPB41L3|S793	1.0	0.0
EPB41L3|S88	0.9534006	-0.0003081861
EPB41L3|T469	1.3065017	0.25481093
EPB41L3|T487	1.0	0.0
EPB41L3|T492	1.3117939	0.2994661
EPB41L3|T510	1.0	0.0
EPB41L4A|S389	1.0	0.0
EPB41L4A|S445_S448	1.0	0.0
EPB41L4A|S464	1.0	0.0
EPB41L4B|S466	1.0	0.0
EPB41L5|S39	1.096431	0.06733326
EPB41L5|S436	0.8713695	-0.12719145
EPB41L5|S517	0.947913	-0.039663076
EPB41L5|S582	1.0	0.0
EPB41|S104	1.0886954	0.0755353
EPB41|S521	1.1311336	0.1068581
EPB41|S540_S542	1.0	0.0
EPB41|S542	0.9508997	-0.0052704043
EPB41|S664	1.0343314	0.028947484
EPB41|S674	1.0	0.0
EPB41|S684	0.9416335	-0.068869345
EPB41|S709	0.99303174	0.05409364
EPB41|S92	0.99984807	0.05729455
EPB41|S92_S95	1.0	0.0
EPB41|S95	1.0224035	0.08379449
EPB41|T710	1.0	0.0
EPC1|S60	1.0	0.0
EPC2|S538	0.93176055	-0.040765353
EPC2|S60	0.94887555	-0.054300427
EPC2|S754	1.0254494	0.02041501
EPHB2|S575	0.93290454	-0.08778503
EPN1|S264	1.0	0.0
EPN1|S435	1.013412	0.0069257403
EPN1|S495	1.0	0.0
EPN1|S561	1.0	0.0
EPN1|T460	0.9813812	-0.02306697
EPN1|T520	1.0	0.0
EPN1|T522	1.0	0.0
EPN1|T524	1.0	0.0
EPN1|T554	1.0	0.0
EPN2|S173	1.0109638	0.02248692
EPN2|S192	1.0	0.0
EPN3|S264	1.0	0.0
EPN3|S393	1.0	0.0
EPN3|T495	1.0	0.0
EPPK1|S2508	0.8300579	-0.17279056
EPPK1|S2718	0.9161392	-0.038302712
EPPK1|S2720	0.9782493	-0.01704912
EPPK1|S3044	1.0	0.0
EPPK1|S3575	1.0	0.0
EPPK1|S3783	1.0	0.0
EPPK1|S3785	1.0	0.0
EPPK1|S4109	1.0	0.0
EPPK1|S4317	1.0	0.0
EPPK1|S4319	1.0	0.0
EPPK1|S4850	1.0	0.0
EPPK1|S4852	1.0	0.0
EPPK1|T1543	0.932952	-0.055118777
EPPK1|T34	0.876992	-0.11674152
EPRS|T745	1.0	0.0
EPS15L1|S229	1.0007759	-0.004378054
EPS15L1|S247	1.0	0.0
EPS15L1|S377	0.949489	-0.05206229
EPS15L1|S575	1.0	0.0
EPS15L1|S593	1.0222855	0.032401584
EPS15L1|S672	0.95046985	-0.0129842125
EPS15L1|S793	1.0	0.0
EPS15|S221	1.0382687	0.04512909
EPS15|S485	0.93813604	-0.06033069
EPS15|S595	1.0	0.0
EPS15|S790	1.0645155	0.071350075
EPS15|S790_S796	1.0	0.0
EPS15|S796	1.03988	0.063238956
EPS15|S814	1.0300593	0.047136694
EPS15|S851	1.0538234	0.09162803
EPS15|T777	1.0	0.0
EPS8L1|S182	1.1025268	0.08019623
EPS8L1|S182_T187	1.0	0.0
EPS8L1|S580	1.0	0.0
EPS8L1|S580_S583	1.0	0.0
EPS8L1|S631	1.0	0.0
EPS8L1|S676	1.0	0.0
EPS8L1|T187	0.9168387	-0.08221501
EPS8L2|S197	1.0	0.0
EPS8L2|S217	0.99164	0.03970638
EPS8L2|S240	0.83337367	-0.1810273
EPS8L2|S570	0.8137119	-0.0749676
EPS8L2|S706	0.68058926	-0.3312085
EPS8L3|S205	0.9605646	-0.037470844
EPS8L3|T511	1.0	0.0
EPS8|S548	1.0	0.0
EPS8|S55	0.8915929	-0.14717099
EPS8|S685	1.0130032	0.027079416
EPS8|S815	0.9508614	-0.041427642
EPS8|T223	0.93399036	-0.06979166
EPS8|Y525	1.0	0.0
EPSTI1|S35	1.1003923	0.1023459
EPSTI1|S65	1.0299094	0.0352486
ERBB2|S1024	1.0	0.0
ERBB2|S1053	1.0	0.0
ERBB2|S1077	1.0	0.0
ERBB2|S968	1.0	0.0
ERBB2|T1136	1.0	0.0
ERBB2|T671	1.0	0.0
ERBB3|S686	1.0168804	-0.00047719595
ERBB3|S717	1.0	0.0
ERBB3|S982	1.0050226	-0.008927608
ERBIN|S1158	1.0013444	-1.5992979e-05
ERBIN|S1179	0.9727195	-0.0296936
ERBIN|S1239	1.0	0.0
ERBIN|S1253	1.0	0.0
ERBIN|S1293	1.0	0.0
ERBIN|S440	0.9336562	-0.06585926
ERBIN|S444	0.9709328	-0.029688474
ERBIN|S598_S602_S603	1.0	0.0
ERBIN|S800	1.0	0.0
ERBIN|S841	0.93430483	-0.06802245
ERBIN|S841_S844	1.0	0.0
ERBIN|S852	0.9899623	0.037379682
ERBIN|S872	1.0516322	0.068700016
ERBIN|T485	1.0231515	0.04144152
ERC1|S15	1.0	0.0
ERC1|S17	1.0531747	0.036953498
ERC1|S17_S21	1.0	0.0
ERC1|S191	1.0	0.0
ERC1|S21	1.042787	0.050682526
ERC1|S730	0.950189	-0.047558602
ERCC5|S156_S157	1.0	0.0
ERCC5|S341	1.0100155	0.014028241
ERCC5|S382_S384	1.0	0.0
ERCC5|S384	1.0047696	0.0050316784
ERCC5|S526	0.872433	-0.093889914
ERCC5|S562_S563	1.0	0.0
ERCC5|S563	1.0557672	0.04028842
ERCC5|S705	0.91096675	-0.09481753
ERCC6L|S1028	1.1617736	0.19387606
ERCC6L|S1069	1.0275705	0.026267827
ERCC6L|S14	1.0	0.0
ERCC6L|S820	1.025669	0.04730019
ERCC6|S1142	1.000325	0.02191486
ERCC6|S158	1.0000865	0.0035660288
ERCC6|S429_S430	1.0	0.0
ERCC6|S486_S489	1.0	0.0
ERF|S327	0.9771406	-0.02312664
ERF|S489	1.0144043	0.053832058
ERF|T3	1.0	0.0
ERF|T357	1.0	0.0
ERF|T526	1.0386685	0.05482358
ERGIC3|S116	0.96616703	-0.023556141
ERG|S222	0.99879795	0.03606404
ERG|S283	1.0	0.0
ERG|S85	1.0	0.0
ERG|S88	0.92344695	-0.041847255
ERICH1|S238	1.0200104	0.024203269
ERICH1|S254	1.0111685	0.018786326
ERICH3|S1012	1.0	0.0
ERICH3|S1075	0.8599031	-0.14789024
ERICH3|S529	1.0	0.0
ERMAP|S418	1.0	0.0
ERMP1|S53	0.9876492	0.023727467
ERO1A|S106	1.0	0.0
ERP29|Y66	1.0	0.0
ERRFI1|S251	0.9098771	-0.08596518
ERRFI1|S302	1.0045973	0.009773909
ERRFI1|S326	0.9556678	-0.03624638
ERRFI1|T127	1.0	0.0
ERRFI1|T131	1.0	0.0
ESAM|S359	0.94234884	-0.05639816
ESAM|T332	1.0	0.0
ESAM|T332_S336	1.0	0.0
ESCO2|S512	1.0545509	0.05477277
ESCO2|S75	1.04974	0.03914376
ESF1|S153	1.0050647	-0.022218978
ESF1|S198	0.99756825	-4.888166e-05
ESF1|S228_T229	1.0	0.0
ESF1|S296	1.0	0.0
ESF1|S296_S298	1.0	0.0
ESF1|S657_S663	1.0	0.0
ESF1|S663	0.98367786	-0.020408
ESF1|S694	1.0351598	0.030834725
ESPN|S342	1.0	0.0
ESRP1|S543	1.0088348	0.0016841607
ESRP2|S560	1.0	0.0
ESRP2|S563	1.0	0.0
ESS2|S292	0.9878641	0.004687402
ESS2|S391_S395	1.0	0.0
ESS2|S395	0.9724919	-0.028164105
ESYT1|S1044	1.0	0.0
ESYT1|S324	1.0	0.0
ESYT1|S830	1.0	0.0
ESYT2|S727_S730_S733	1.0	0.0
ESYT2|S730	1.0	0.0
ESYT2|S730_S733	1.0	0.0
ESYT2|S733	1.0	0.0
ETFA|S140	0.97475684	-0.025744032
ETS1|S251	0.9965604	-0.0064183525
ETS1|S26	1.0	0.0
ETS1|T38	1.0	0.0
ETV3|S139	0.94842434	-0.060223892
ETV3|S159	0.96978647	-0.030666912
ETV3|T157	1.0	0.0
ETV6|S213	1.1348313	0.13896902
ETV6|S271	1.0	0.0
ETV6|S293	1.0830005	0.056691676
EVA1B|T158	0.9679847	-0.027686985
EVA1B|T85	1.0109702	0.060322046
EVI5|S700	1.0	0.0
EVI5|S787_S789	1.0	0.0
EVL|S130	0.9984081	-0.00072908134
EVL|S246	1.1185298	0.13880552
EVL|S304	1.0311639	0.055869132
EVL|S331	1.0980784	0.12932046
EVL|S345_S349	1.0	0.0
EVL|S349	1.0658505	0.052081678
EVL|S354	0.9723904	-0.025171136
EVL|S369	1.0472414	0.035127506
EXD2|S407	1.0364946	0.036259685
EXOC1|S499	1.0073473	0.015202215
EXOC1|S501	1.027785	0.02037791
EXOC1|T568	0.96767074	-0.047989096
EXOC2|S432	0.9500592	-0.05039997
EXOC3|S723	1.0	0.0
EXOC4|S226	0.95765156	-0.03549036
EXOC4|S32	0.9063063	-0.09740309
EXOC4|S468	0.98088527	-0.018994885
EXOC4|T237	0.9886147	-0.012225982
EXOC7|S250	0.9466101	-0.06373578
EXOC8|S19	1.0258757	0.0061509176
EXOSC10|S636	1.0	0.0
EXOSC2|S145	1.0	0.0
EXOSC2|S94	1.0	0.0
EXOSC9|S306	0.9409947	-0.032847956
EXPH5|S1048	1.0	0.0
EXPH5|S1086	1.0	0.0
EXPH5|S1368	1.0	0.0
EXPH5|S1657	1.0	0.0
EXPH5|S1677	1.0	0.0
EXPH5|S1745	1.0	0.0
EXPH5|S265	1.0	0.0
EXPH5|S567	1.0	0.0
EXPH5|S612	1.0	0.0
EZH1|S394	1.0	0.0
EZH1|S422	1.0	0.0
EZH2|T487	0.9953436	-0.011360359
EZR|S249	0.98167115	-0.014647747
EZR|S366	1.1495255	0.1306803
EZR|S413	1.0	0.0
EZR|S535	0.959421	-0.03666062
EZR|S536	0.9710277	-0.015638271
EZR|S539	0.9758456	-0.008867399
EZR|T332	1.0	0.0
EZR|Y270	1.0	0.0
F11R|S235_S238	1.0	0.0
F11R|S238	1.0	0.0
F11R|S284_S287	1.0	0.0
F11R|S287	0.98011696	-0.050064176
FAAP100|S667	1.0345186	0.07411843
FAF1|S320	0.94146174	-0.060523186
FAF1|S582	1.0152186	0.017618468
FAF2|S355	1.0	0.0
FAM102A|S189	1.0	0.0
FAM102B|S224	1.0	0.0
FAM102B|S228	0.9707182	-0.026428504
FAM102B|S288	1.0517043	0.012693173
FAM110A|T140	1.0	0.0
FAM110B|S158	1.0	0.0
FAM110B|S173	0.94085336	-0.00895265
FAM110B|S301	1.0430163	0.04706904
FAM110B|S95	1.0969564	0.10274104
FAM110C|S121	1.0	0.0
FAM110C|S202	1.1170061	0.16045938
FAM110C|S241	1.0950801	0.15901035
FAM110C|S264	1.0157899	0.05973745
FAM114A1|S120	1.0	0.0
FAM117A|S145	0.8843805	-0.104290195
FAM117A|S178	1.0005776	-0.0029742394
FAM117A|S193	1.0359352	0.03949631
FAM117A|S207	0.9650894	0.013799117
FAM117A|S213	1.0609171	0.09751522
FAM117A|S29	1.0098422	0.015124579
FAM117A|S428	0.9897176	-0.020821106
FAM117A|S67	1.0166833	0.041306037
FAM117B|S10	1.0378859	0.045239355
FAM117B|S192	0.93627626	-0.028484808
FAM117B|S194	0.91290355	-0.066749424
FAM117B|S273	1.0854248	0.090151906
FAM117B|S404	0.954639	-0.029032169
FAM117B|S449	1.0385804	0.046350297
FAM120A|S30	1.0263306	-0.0016257073
FAM120A|S488	1.0	0.0
FAM120A|T427	1.0	0.0
FAM120A|T654	1.0	0.0
FAM120A|Y1019	1.0	0.0
FAM120B|S875	1.0	0.0
FAM122A|S104	1.0	0.0
FAM122A|S118	1.0	0.0
FAM122A|S185	1.0	0.0
FAM122A|S185_S189	1.0	0.0
FAM122A|S189	0.97858566	-0.009296291
FAM122A|S215	1.0	0.0
FAM122A|S229_S231	1.0	0.0
FAM122A|S231	1.0	0.0
FAM122A|S318	1.0	0.0
FAM122B|S134	1.0	0.0
FAM122B|S138	1.0	0.0
FAM122B|S156	1.0	0.0
FAM122B|S156_S160	1.0	0.0
FAM122B|S50	1.0640327	0.06536454
FAM122B|S58	1.0381761	0.038326878
FAM126A|S415	0.98582494	-0.021086173
FAM126A|S485	1.0	0.0
FAM126B|S398	1.0	0.0
FAM126B|S430	0.98475343	-0.019723037
FAM126B|S491	1.083929	0.079189196
FAM126B|S508	1.0	0.0
FAM126B|T306	0.89975435	-0.10623891
FAM129A|S602	1.0	0.0
FAM129A|S622	1.0	0.0
FAM129A|S646	0.946752	-0.017567655
FAM129A|T590	1.0	0.0
FAM129B|S611	1.0	0.0
FAM129B|S611_S633	1.0	0.0
FAM129B|S628	1.0	0.0
FAM129B|S628_S633	1.0	0.0
FAM129B|S633	1.0	0.0
FAM129B|S652	1.0	0.0
FAM129B|S652_S668	1.0	0.0
FAM129B|S668	1.0	0.0
FAM129B|S683	1.0	0.0
FAM135A|S531	1.0	0.0
FAM13A|S597	1.0	0.0
FAM13A|S727	1.0	0.0
FAM13A|S856	1.0452408	0.041844837
FAM160A2|S467	1.0	0.0
FAM160A2|S582	0.972466	-0.0006378553
FAM160A2|S596	1.0140543	0.012004432
FAM160A2|S859	1.072957	0.10287991
FAM160A2|S897	1.0834984	0.07732932
FAM160B1|S190	0.96326596	0.004885659
FAM160B1|S199	1.0	0.0
FAM161A|S669	1.0	0.0
FAM161A|S706	1.0	0.0
FAM161A|T428	0.9966343	-0.0007930918
FAM169A|S278	1.2866179	0.29468673
FAM169A|S376	1.1277035	0.12860927
FAM169A|S376_S378_S379	1.0	0.0
FAM169A|S378_S379	1.0	0.0
FAM169A|S379	1.075282	0.07999414
FAM169A|S526	1.1392969	0.13834491
FAM169A|S615_S618_S619	1.0	0.0
FAM169A|S635_S636_S637	1.0	0.0
FAM171A1|S371	1.0	0.0
FAM171A1|S460	1.0	0.0
FAM171A1|S525	0.9560443	-0.042252433
FAM171A1|S723	1.0816594	0.08806501
FAM171A1|S824	1.0104052	0.0010107997
FAM171A1|S849	0.94865495	-0.034824036
FAM171A1|S855	0.97433066	0.0077136657
FAM171A1|T448	1.0	0.0
FAM172A|S335	1.0	0.0
FAM177A1|S70_T71	1.0	0.0
FAM193A|S1129	1.0	0.0
FAM193A|S1144	1.0559974	0.086028144
FAM193A|S1249	1.0	0.0
FAM193A|S293	1.0299139	0.01435689
FAM193A|S642	1.0	0.0
FAM208A|S1103	1.0017908	0.0025183219
FAM208A|S344	1.0279782	0.013884179
FAM208A|S658	1.0	0.0
FAM208A|S673	0.920126	-0.103067555
FAM208A|S694	0.9373741	-0.067960665
FAM208A|S927	0.9990015	0.0053675547
FAM208A|S979	0.96921813	-0.035082374
FAM208B|S1025	1.0	0.0
FAM208B|S1087	0.9884983	-0.014930507
FAM208B|S219	1.0	0.0
FAM208B|S685	0.99202764	-0.0066593257
FAM234A|S21	1.0781405	0.123507366
FAM53B|S118	0.9997976	-0.00077062834
FAM53B|S268	0.9915536	0.0568275
FAM53B|T139	1.0	0.0
FAM76B|S193	1.0968453	0.16774467
FAM83B|S466	0.98253053	-0.041207053
FAM83B|S664	1.0557443	0.07484419
FAM83B|S729	1.0998722	0.12554644
FAM83B|S764	1.0245047	0.05645412
FAM83B|S869	1.151769	0.1906964
FAM83E|S319_S324	1.0	0.0
FAM83E|S324	0.91714793	-0.08362724
FAM83E|S351	0.8453423	-0.14737463
FAM83G|S124_S127	1.0	0.0
FAM83G|S127	1.0980957	0.11523192
FAM83G|S356	1.1006682	0.104726225
FAM83G|S610	0.95561564	-0.04460577
FAM83G|S634	1.0434242	0.046859343
FAM83G|S650	1.0454013	0.041240115
FAM83G|S760	1.1170187	0.15352224
FAM83H|S1003	1.0454247	0.08891286
FAM83H|S1048	1.0	0.0
FAM83H|S1068	1.0	0.0
FAM83H|S1098	1.0397075	0.04307968
FAM83H|S411	0.92995006	-0.056783747
FAM83H|S436	0.9957263	0.0027354993
FAM83H|S516	0.9803712	0.042410187
FAM83H|S523	1.013447	0.07887162
FAM83H|S647	0.9572538	-0.027585557
FAM83H|S785	1.1800278	0.22843447
FAM83H|S870	0.9251444	-0.03947728
FAM83H|S881	1.0365719	0.06600028
FAM83H|S892	1.0178427	0.011516512
FAM83H|S903	1.0	0.0
FAM83H|S914	0.9864833	0.0038539593
FAM83H|S925	0.95116514	-0.046917174
FAM83H|S936	1.0401146	0.016868586
FAM83H|S974	1.0	0.0
FAM83H|S998	0.9279488	-0.0721285
FAM83H|T465	1.0	0.0
FAM84B|S12	0.80584013	-0.21345457
FAM89B|S28	0.9162829	-0.095308825
FAM91A1|S429	1.0	0.0
FANCD2|S1412	0.9390582	-0.05563705
FANCD2|S1435	0.9682787	-0.03542269
FARP1|S20	0.9916358	-0.01523831
FARP1|S424	0.96920955	-0.031176398
FARP1|S427	0.9911368	0.036854308
FARP1|S427_S433	1.0	0.0
FARP1|S433	1.0792977	0.073287986
FARP1|S510	1.0366403	0.056064952
FARP1|S510_S514	1.0	0.0
FARP1|S514	0.98044807	-0.0062464997
FARP1|S613	1.0	0.0
FARP1|S864	1.0	0.0
FARP1|S903	1.0	0.0
FARP1|S920	1.0	0.0
FARP1|S920_S927	1.0	0.0
FARP1|S927	1.0	0.0
FARP1|T24	1.0309535	0.067897715
FARP1|T34	1.0	0.0
FARP1|T525	0.94747186	-0.05117003
FARP2|S1033	1.0352464	0.036704045
FARP2|S389	1.0486853	0.060439948
FARP2|S476_S480	1.0	0.0
FARP2|S876	0.93156695	-0.07041642
FARP2|S886	1.0077124	0.01739881
FARP2|T22	1.0	0.0
FARSA|S301	0.99210757	-0.008007541
FASN|S1174	1.0286804	0.056179952
FASN|S1411	1.1019244	0.10174853
FASN|S207	1.0480056	0.0904881
FASN|S2198	1.0662901	0.067958854
FASN|T2204	0.99441254	0.05836586
FAT1|S4473	1.0530717	0.05809054
FAT4|S4877	1.0	0.0
FBH1|S50	1.0	0.0
FBLIM1|S222	0.9793266	-0.05338403
FBLIM1|T51	1.0	0.0
FBLN1|S147	0.7838438	-0.18842344
FBLN2|S277	1.0707529	0.22111668
FBLN2|S578	1.0275367	0.113556854
FBL|S124	0.8905899	-0.07671921
FBN1|S2702	0.71457314	0.0620701
FBN1|S2709	1.0	0.0
FBRSL1|S141	0.98064893	-0.018650867
FBRSL1|S340	0.9985898	-0.0017126122
FBRSL1|S790	1.0	0.0
FBRSL1|S844	0.98062056	0.0019508083
FBRSL1|T1010	1.0	0.0
FBRS|S309	1.0	0.0
FBRS|S333	1.0	0.0
FBRS|S801	1.0	0.0
FBXL20|T385	1.0	0.0
FBXO38|S740	1.0254806	0.030876366
FBXO38|S792	1.0166239	0.013422446
FBXO42|S488	0.93309325	-0.057409327
FBXO42|T539_S552	1.0	0.0
FBXO4|S12	1.0454974	0.036769304
FBXO6|S284	1.0053288	0.023142958
FBXW5|S275	0.9731802	-0.0060422276
FBXW5|S284	1.0481395	0.035627965
FBXW9|S18	0.9289236	-0.056660704
FCER1G|S61	1.1545503	0.15019466
FCER1G|T78	1.0469202	0.088696875
FCER1G|Y76	1.0408362	0.041318618
FCHO1|S570	1.0	0.0
FCHO2|S361	1.0	0.0
FCHO2|S370	1.0	0.0
FCHO2|S387	0.9642329	0.021360109
FCHO2|S394	1.0272448	0.03745936
FCHO2|S403	1.0083834	0.018040854
FCHO2|S455	1.0	0.0
FCHO2|S488	0.9316109	-0.065270975
FCHO2|T256	1.0	0.0
FCHSD2|S675	1.0093104	-0.013933693
FCHSD2|S693	1.0	0.0
FDX1|S177	1.0344563	-0.020165578
FERMT2|S159	1.0070944	0.009060249
FERMT2|S339	1.0	0.0
FERMT2|S351	1.0	0.0
FERMT2|S673	1.0	0.0
FERMT2|T172	0.999595	-0.0020226033
FERMT3|S8	1.0731685	0.056698814
FES|T363	1.0	0.0
FES|T421	1.1212038	0.12954098
FETUB|S278	1.0	0.0
FEZ1|S298	1.0	0.0
FEZ1|S316	1.0	0.0
FEZ1|S58	0.8557159	-0.13763873
FEZ2|S195	1.0	0.0
FGA|S297	1.0047837	-0.0042300695
FGA|S534	1.0	0.0
FGA|S542	1.0	0.0
FGA|S551	0.90737844	-0.078522526
FGA|S609	0.8216923	-0.079544574
FGD1|S116	0.95935285	-0.04148298
FGD1|S135	0.9392353	-0.070353
FGD1|S365	1.133505	0.13721843
FGD1|S82	1.0131934	0.01327006
FGD2|S48	1.0	0.0
FGD3|S128	1.1934102	0.20345058
FGD3|S446	1.1376659	0.14589891
FGD3|S56	1.0	0.0
FGD4|S253	1.0	0.0
FGD4|S298	1.0	0.0
FGD4|S814	1.0	0.0
FGD5|S1221	1.0	0.0
FGD5|S1317	1.0	0.0
FGD5|S52	1.0	0.0
FGD5|S632	0.9892766	-0.009462167
FGD5|S699	0.9345121	-0.05218574
FGD5|S703	1.0256155	0.031005183
FGD5|S744	1.0580236	0.06258824
FGD6|S1197	1.0131589	0.016215133
FGD6|S1293	1.0390052	0.03581011
FGD6|S231	1.042444	0.0464118
FGD6|S417	1.0	0.0
FGD6|S515	1.123782	0.13629346
FGD6|S605	1.0094819	0.020227654
FGD6|S721	1.0448751	0.06606816
FGFR1OP|S156	1.0	0.0
FGFR1OP|S156_S160	1.0	0.0
FGFR1OP|S160	1.0	0.0
FGFR1OP|S228	0.9687352	-0.070000485
FGFR1OP|T55	1.0	0.0
FHDC1|S1012	1.0	0.0
FHL1|S7	1.0	0.0
FHL1|T154	1.0	0.0
FHL1|T95	1.0	0.0
FHL2|S255	1.0	0.0
FHL3|T193	1.0	0.0
FHOD1|S367	0.99668556	0.008892865
FHOD1|S512	1.0	0.0
FHOD1|S524	1.0	0.0
FHOD1|S536	1.0	0.0
FHOD1|S549	1.0	0.0
FHOD3|S366	1.1230538	0.12550376
FH|T90	1.0	0.0
FILIP1L|S1013	0.9746834	-0.017311426
FILIP1L|S1019	1.0	0.0
FILIP1L|S1035	1.0	0.0
FILIP1L|S1041	1.0434839	0.05518631
FILIP1L|S1049	1.0854956	0.08161694
FILIP1L|S594	1.0	0.0
FILIP1L|S791	1.0803713	0.10457153
FILIP1L|S974	1.0	0.0
FILIP1L|S989	1.0	0.0
FILIP1L|T986	1.0119703	0.049764425
FILIP1L|T994	1.1228738	0.15208726
FILIP1|S622	1.0	0.0
FILIP1|S982	1.0	0.0
FIP1L1|S304	0.93138516	-0.046917714
FIP1L1|S486	1.0	0.0
FIP1L1|S492	0.9325062	-0.047932904
FIP1L1|S492_S496	1.0	0.0
FIP1L1|S492_S500	1.0	0.0
FIP1L1|S492_T494	1.0	0.0
FIP1L1|S492_T494_S500	1.0	0.0
FIP1L1|S500	1.0305234	0.028059112
FIP1L1|S554	0.94063437	-0.050698124
FIP1L1|T221	1.0	0.0
FKBP15|S1012	1.0242977	0.024512168
FKBP15|S1024	0.97829217	-0.0069772815
FKBP15|S1114	1.0028027	0.006197057
FKBP15|S1158	0.9656325	-0.025579195
FKBP15|S1162	0.99709284	0.013200003
FKBP15|S1162_S1164	1.0432628	0.04206547
FKBP15|S1164	1.0464455	0.06048372
FKBP15|S1195	1.0458336	0.08020843
FKBP15|S311	0.9826548	-0.010081053
FKBP15|S326	1.0	0.0
FKBP15|S356	0.99711436	-0.003143992
FKBP15|S619	0.91297036	-0.06868234
FKBP15|S956	0.9881077	-0.0024516615
FKBP15|S979	0.960958	-0.039067216
FKBP3|S100	1.0	0.0
FKBP3|S34	1.0108191	0.013673019
FKBP3|S36	1.0058486	0.0065737804
FKBP4|S258	1.0	0.0
FKBP5|S13	0.9883857	-0.003467114
FKBP5|S445	1.0915245	0.1602564
FLAD1|S563	1.0	0.0
FLCN|S320	1.0	0.0
FLCN|S62	1.0559009	0.050607294
FLI1|S241	1.0368034	0.037487123
FLI1|S39	1.0366374	0.039463464
FLI1|S79	1.0	0.0
FLII|S425	1.0	0.0
FLII|S845	1.0	0.0
FLII|S856	1.0048455	0.036738355
FLNA|S1055	1.0	0.0
FLNA|S1081	1.0168388	0.02550995
FLNA|S1084	1.1091617	0.10697074
FLNA|S11	1.0	0.0
FLNA|S1454	1.0	0.0
FLNA|S1459	0.9710775	0.022918185
FLNA|S1470	1.0	0.0
FLNA|S1533	1.1480691	0.10520598
FLNA|S1630	1.1245788	0.15449837
FLNA|S1726	1.0	0.0
FLNA|S1734	0.97110826	-0.02148125
FLNA|S1827	1.0	0.0
FLNA|S1835	1.0619872	0.07652489
FLNA|S189	1.0196677	0.024388699
FLNA|S1946	0.9584797	-0.037417546
FLNA|S1967	1.0	0.0
FLNA|S1976	0.8612624	-0.13116969
FLNA|S2120	1.0	0.0
FLNA|S2128	0.9929874	-0.006741991
FLNA|S2144	1.0	0.0
FLNA|S2144_S2150	1.0	0.0
FLNA|S2152	0.8299325	-0.03726821
FLNA|S2152_S2158	0.9760288	-0.026297811
FLNA|S2158	0.98225695	0.06353505
FLNA|S2172	1.0	0.0
FLNA|S2180	1.0406915	0.04949579
FLNA|S2216	1.0	0.0
FLNA|S2224	1.0	0.0
FLNA|S2284	1.0632063	0.06653427
FLNA|S2311	1.0	0.0
FLNA|S2319	0.9193082	-0.06338247
FLNA|S2348	1.0	0.0
FLNA|S2352	1.0375032	0.038947105
FLNA|S2356	0.99097145	-0.008818935
FLNA|S2406	1.0	0.0
FLNA|S2414	1.0283902	0.028503735
FLNA|S310	0.99472123	0.008210689
FLNA|S368	1.0	0.0
FLNA|S394	1.0129256	0.012651852
FLNA|S481	0.99962133	0.0009798906
FLNA|S512	1.037246	0.03345516
FLNA|S651	1.0	0.0
FLNA|S860	1.0267524	0.02342133
FLNA|S959	1.0801239	0.026603658
FLNA|S959_S966	1.0	0.0
FLNA|S966	1.0523382	0.018378308
FLNA|S968	1.1372919	0.10999728
FLNA|S977	1.0	0.0
FLNA|T1286	1.0	0.0
FLNA|T1639	1.044812	0.06691833
FLNA|T2175	1.0	0.0
FLNA|T2179	0.9982879	0.010708402
FLNA|T2328	1.0	0.0
FLNA|T2336	0.8771492	-0.112993754
FLNA|T2591	1.0	0.0
FLNA|T2599	1.0500547	0.08802356
FLNA|T572	1.0199968	0.02116612
FLNB|S1316	1.0	0.0
FLNB|S1474	1.0	0.0
FLNB|S1536	1.0	0.0
FLNB|S1933	1.0	0.0
FLNB|S2019	1.0	0.0
FLNB|S2114	1.0	0.0
FLNB|S2138	1.0	0.0
FLNB|S2144	1.0	0.0
FLNB|S2305	1.0	0.0
FLNB|S2496	1.0281899	0.021476302
FLNB|S2509	1.0	0.0
FLNB|S2512	1.0	0.0
FLNB|S2523	1.0	0.0
FLNB|S658	1.0515932	0.06350362
FLNB|S827	1.0	0.0
FLNB|S833	0.97575057	-0.023664987
FLNB|T2584	1.0	0.0
FLNB|T519	1.0372244	0.050837323
FLNC|S1527	1.0344492	0.06460453
FLNC|S1728	1.0	0.0
FLNC|S1940	1.0	0.0
FLNC|S2122	1.0	0.0
FLNC|S2146	1.0	0.0
FLNC|S2233	1.4041681	0.5188468
FLNC|S2300	1.0	0.0
FLNC|S2655	1.0	0.0
FLNC|S506	1.0	0.0
FLNC|S954	1.0448014	0.048248705
FLNC|T2412	1.0	0.0
FLOT1|S385	1.053052	0.0717028
FLRT3|S585	0.97822857	-0.010528444
FLVCR1|S536	1.0678066	0.06580001
FLVCR1|T69	1.0	0.0
FLYWCH2|S21	1.0578684	0.05880067
FMN1|S397	1.0	0.0
FMN1|S447	1.0	0.0
FMN1|S530	1.0	0.0
FMN1|S619	1.0	0.0
FMN1|S842	1.0	0.0
FMNL1|S1031	1.1101493	0.11011956
FMNL1|S184	1.0717529	0.056461476
FMNL1|S624	1.1289946	0.12397061
FMNL1|S689	1.0921853	0.07406569
FMNL2|S1016	0.90282786	-0.09450838
FMNL2|S171	1.0296634	0.05944933
FMNL2|S183	1.0	0.0
FMNL2|S679	1.0116639	0.012942875
FMNL2|T202	1.0	0.0
FMNL3|S174	0.9666231	-0.025031475
FN1|S2263	1.0	0.0
FN1|S2294	1.0	0.0
FN1|S2353	1.0	0.0
FNBP1L|S295	1.0029724	0.022232687
FNBP1L|S430_S431	1.0	0.0
FNBP1L|S443	1.0	0.0
FNBP1|S296	1.0392866	0.046282537
FNBP1|S296_S299	1.0	0.0
FNBP1|S359	1.0	0.0
FNBP1|S497	0.99040586	0.003974505
FNBP4|S116	0.96308756	-0.03945377
FNBP4|S118	1.0	0.0
FNBP4|S18	0.9161544	-0.08305029
FNBP4|S499	1.0281552	0.033576217
FNBP4|S501	1.0	0.0
FNBP4|S508	0.9838627	-0.038132362
FNDC3A|S213	1.021434	0.07510423
FNDC3B|S208	1.0838028	0.08601957
FNIP1|S220	0.97819585	-0.0154609
FNIP1|S760	1.0	0.0
FNIP1|S946	1.0007125	-0.004666895
FNIP2|S667	1.0	0.0
FNTA|S49	1.0	0.0
FOSL2|S120	1.0942832	0.083236404
FOSL2|S194_S200	1.0	0.0
FOSL2|S200	1.0815516	0.07675504
FOSL2|S230	1.1138686	0.09143294
FOXA1|S234	0.89877385	-0.096982285
FOXA1|S307	0.9887322	0.020365797
FOXA1|S331	0.92333937	-0.092775986
FOXA2|S229	1.0	0.0
FOXJ2|S164	1.0056126	0.006527457
FOXJ2|S46	1.0052984	0.029615272
FOXJ3|S223	1.0533193	0.049817476
FOXK1|S101	0.94315535	-0.04578135
FOXK1|S213	1.0768874	0.115200296
FOXK1|S213_S223	1.0	0.0
FOXK1|S223	1.0961485	0.071032286
FOXK1|S243	0.98868513	-0.0131294
FOXK1|S243_S257	1.0	0.0
FOXK1|S257	0.9944011	-0.0030773948
FOXK1|S295	0.99153036	-0.008423694
FOXK1|S295_S299	1.0	0.0
FOXK1|S299	1.0157654	0.013471846
FOXK1|S416	0.9791975	-0.018163467
FOXK1|S416_S420	1.0	0.0
FOXK1|S416_S420_S428	1.0	0.0
FOXK1|S420	0.96767217	-0.029779179
FOXK1|S441_S445	1.0	0.0
FOXK1|S445	0.9976782	0.0064181495
FOXK1|T436	0.99165	0.036183644
FOXK1|T436_S441_S445	1.0	0.0
FOXK1|Y219	1.0	0.0
FOXK2|S239	1.0188974	0.015701659
FOXK2|S398	0.97682405	0.0075189867
FOXK2|S424_S428	1.0	0.0
FOXK2|S428	0.94205153	-0.064503625
FOXN3|S391	1.013162	0.01779878
FOXN3|S448	1.0	0.0
FOXO1|S256	0.98568434	-0.054314427
FOXO1|S276	1.0	0.0
FOXO1|S287	0.9914154	0.0038828582
FOXO1|S298	1.0370562	0.039135236
FOXO3|S215	1.0	0.0
FOXO3|S253	0.91929734	-0.03443192
FOXO3|S284	0.95008475	-0.036068752
FOXO3|S311	1.0	0.0
FOXO3|S413	0.96039575	-0.05276136
FOXO4|S142	1.0	0.0
FOXO4|S175	1.0	0.0
FOXO4|S207	1.0	0.0
FOXO4|S45	1.0	0.0
FOXP4|S554	1.0758556	0.077621914
FRA10AC1|S278	1.061173	0.0756379
FRK|S37	1.0817928	0.08906828
FRK|S40	0.9407084	-0.05867844
FRK|S407	1.0029694	0.0027456288
FRK|Y46	0.98929924	-0.011198326
FRMD3|S429	1.0857751	0.12204402
FRMD4A|S683	1.0	0.0
FRMD4A|S706_S710	1.0	0.0
FRMD4A|S710	1.0	0.0
FRMD4A|S727	1.0764525	0.06864063
FRMD4A|S743	1.0	0.0
FRMD4A|S816	1.0	0.0
FRMD4B|S372	0.9959652	-0.0015214686
FRMD4B|S628	0.948253	-0.058462925
FRMD4B|S778	1.0	0.0
FRMD4B|S940	1.0	0.0
FRMD6|S517	1.0	0.0
FRMD6|S534	1.0	0.0
FRMD6|S536	1.0	0.0
FRMD8|S352	1.0	0.0
FRS2|S169	0.8467452	-0.14800216
FRS2|S221	0.93723947	-0.016184293
FRS2|S292	0.95024836	-0.04525625
FRS2|S428	0.87718457	-0.12076345
FRS2|T463	1.0	0.0
FRYL|S1945	0.93620074	-0.04945851
FRYL|S1957	0.9893089	0.0022436955
FRYL|S2272	1.0081085	0.024645632
FRYL|S2314	0.9627648	-0.035415847
FRYL|S2454	1.0	0.0
FRYL|S844	1.0430124	0.04065519
FRYL|T1959	0.93676764	-0.053204868
FRY|S1940	1.0575817	0.06251551
FRY|S2487	1.0	0.0
FRY|S2808	1.0200593	0.018915106
FSCN1|S39	1.0156591	0.035355054
FSTL1|S165	1.0796696	0.046308
FTO|S256	0.9225616	-0.047393404
FTO|T4	0.9235119	-0.058831885
FTSJ3|S584	0.9507965	-0.025764622
FTSJ3|S644	1.0	0.0
FTSJ3|T573	0.96386063	-0.043675713
FUBP1|S120	1.0	0.0
FUBP1|S161	1.0	0.0
FUBP1|S630	1.0090619	0.009807239
FUBP1|S99	1.0799736	0.07534017
FUBP1|T153	1.0107081	0.059505947
FUBP3|S539	0.9883402	-0.013009737
FUBP3|S569	0.9730561	-0.034556422
FUBP3|T76	0.9890505	0.064059325
FUNDC2|S10	1.1144089	0.11851833
FUNDC2|S151	0.8780072	-0.09078909
FUS|S220	1.0	0.0
FUS|S512	1.0	0.0
FXR1|S406	0.9364471	-0.0613521
FXR1|S420_S423	1.0	0.0
FXR2|S192	1.0	0.0
FXR2|S566	1.0125229	0.01314175
FXR2|S601	0.9979028	0.004209902
FXR2|S601_S603	1.0	0.0
FXR2|S634	1.0253487	0.01792705
FYB1|S235	1.0	0.0
FYB1|S245	1.0	0.0
FYB1|S339	1.0	0.0
FYB1|S467	1.0	0.0
FYB1|S56	1.0	0.0
FYB1|S568	1.0	0.0
FYB1|Y581	1.0	0.0
FYCO1|S196	1.094943	0.11207946
FYCO1|S342	0.9755496	-0.02200937
FYN|S21	0.9074121	-0.09589935
FYN|Y185	0.9335893	-0.062332332
FYN|Y420	0.88125134	-0.122340366
FYTTD1|S118	1.0	0.0
FYTTD1|S16	1.0465282	0.048738692
FYTTD1|S23	1.2253367	0.23059404
FZD6|S526	1.0	0.0
FZD6|S620	1.0679528	0.0808587
FZD6|S629	1.0593908	0.06783354
G3BP1|S149	0.9558313	0.023038417
G3BP1|S232	0.99855477	0.0041195126
G3BP1|S250	1.113409	0.1776629
G3BP1|S339	1.0	0.0
G3BP2|S141_S149	1.0	0.0
G3BP2|S149	1.0230126	0.020330945
G3BP2|T227	1.0118697	0.015126795
G6PD|S26	1.0	0.0
GAB1|S355	0.98086154	-0.017124034
GAB1|S367	0.89534074	-0.10128719
GAB1|S454	0.995703	0.005574997
GAB1|S547	1.0	0.0
GAB1|S581	1.0	0.0
GAB1|T503	1.0150508	0.012212592
GAB1|Y657	1.0	0.0
GAB1|Y689	1.0	0.0
GAB2|S172	1.0	0.0
GAB2|S185	1.0	0.0
GAB2|S330	1.0	0.0
GAB2|S442	1.0	0.0
GAB2|S505	1.0	0.0
GAB2|T353	1.0	0.0
GABARAPL2|S10	0.9447768	-0.06818513
GAK|S1176	0.99792933	-0.0034102406
GAK|S73	1.051692	0.08870517
GAK|S780	0.9297185	-0.06953655
GAK|S826_S829	1.0	0.0
GALNT11|S82	1.0	0.0
GAPDH|S192	0.9837557	0.023807624
GAPDH|S210	1.0508889	0.13974735
GAPDH|S241	1.0172787	0.0062963027
GAPDH|S266	1.0914458	0.086297385
GAPDH|S333	1.0631882	0.035449773
GAPDH|S83	1.0	0.0
GAPDH|T176	1.0	0.0
GAPDH|T184	1.0696647	0.12275176
GAPDH|T211	1.020169	0.076269835
GAPDH|T229	1.0	0.0
GAPDH|T237	1.0	0.0
GAPDH|T75	1.0	0.0
GAPVD1|S466	1.0	0.0
GAPVD1|S566	0.99844855	0.024564626
GAPVD1|S569	0.95523876	-0.034308653
GAPVD1|S902	1.033186	0.068127885
GAPVD1|S966	1.0302521	0.031184062
GAPVD1|S993	1.0	0.0
GAPVD1|T390	0.99000233	-0.009881807
GAREM1|S758	1.0	0.0
GART|S802	0.8705743	-0.15278353
GAS2L1|S297_S306	1.0	0.0
GAS2L1|S306	1.0642339	0.0868767
GAS2L1|S316	1.0912654	0.08858325
GAS2L1|S436_S438	1.0	0.0
GAS2L1|S479	0.99446577	0.015836393
GAS2L1|S657	1.0	0.0
GAS2L1|T334	0.99822456	-0.0008199082
GAS7|S45	1.0	0.0
GAS7|S46	1.0	0.0
GAS7|S92	1.0	0.0
GAS7|S99	1.0	0.0
GATA6|S268	1.0429918	0.044076644
GATAD2A|S100	0.886384	-0.08525324
GATAD2A|S100_S107	1.0	0.0
GATAD2A|S549	1.0	0.0
GATAD2A|T49	0.972203	-0.035042092
GATAD2B|S129	0.98426276	-0.02093835
GATAD2B|S129_S135	1.0	0.0
GATAD2B|S135	0.9788817	-0.028012974
GATAD2B|S486	0.98340935	-0.052497443
GATAD2B|T120	0.9361016	-0.06529875
GATAD2B|T120_S122	1.0	0.0
GATAD2B|T120_S122_S129	1.0	0.0
GATAD2B|T120_S129	1.0	0.0
GBF1|S1299	1.0	0.0
GBF1|S1770	1.0	0.0
GBF1|S1781	1.0075579	0.01087269
GBF1|S233	1.0780563	0.0854972
GBF1|T1338	1.0	0.0
GCC1|S450	1.0	0.0
GCC2|S1483	1.055236	0.039083216
GCC2|S591	1.0	0.0
GCFC2|S16_S17_S19	1.0	0.0
GCFC2|S174	0.97840613	0.011144714
GCFC2|S174_S180	1.0	0.0
GCFC2|S180	0.9770252	-0.002842897
GCFC2|S96_T97	1.0	0.0
GCN1|S786	1.0	0.0
GDAP1|S11	0.8954115	-0.07777487
GDI2|S61	1.0155882	0.03649137
GEMIN2|S81	1.0	0.0
GEMIN4|S205	1.0	0.0
GEMIN4|T84	1.0	0.0
GEMIN5|S756	1.0	0.0
GEMIN5|S777	1.0	0.0
GEM|S23	1.1280553	0.10565889
GFPT1|S103	1.0	0.0
GFPT1|S205	1.0	0.0
GFPT1|S253	1.0298212	0.023864187
GFPT1|S261	1.0028435	0.013101932
GFPT2|S202	1.0	0.0
GFPT2|S244	1.2152575	0.2102307
GGA2|S177	1.0	0.0
GGA3|S87	1.0	0.0
GGNBP2|S360	1.0109632	0.016804356
GGNBP2|S515	1.0	0.0
GIGYF1|S137	0.94260293	-0.015755314
GIGYF1|S157	0.97869986	0.013685601
GIGYF1|S230	1.0034803	0.01655534
GIGYF1|S24	1.0	0.0
GIGYF1|S406	1.0297577	0.02804508
GIGYF1|S538	0.9872562	-0.011445607
GIGYF1|S638	0.97262585	-0.02383898
GIGYF1|S755	1.0	0.0
GIGYF1|S756	1.0	0.0
GIGYF1|T357	1.0	0.0
GIGYF2|S1284	0.944546	-0.03298286
GIGYF2|S139	0.8325131	-0.14616063
GIGYF2|S160	0.9192429	-0.06434734
GIGYF2|S201	0.9707368	-0.025755828
GIGYF2|S236	0.9717062	-0.015321318
GIGYF2|S242	1.0	0.0
GIGYF2|S26	0.93587875	-0.06887276
GIGYF2|S264	1.0	0.0
GIGYF2|S30	1.0	0.0
GIGYF2|S335	0.9089228	-0.08790492
GIGYF2|S335_S337_S340	1.0	0.0
GIGYF2|S357	1.0	0.0
GIGYF2|S357_S359_S362	1.0	0.0
GIGYF2|S587	1.0	0.0
GIGYF2|S593	0.98255914	-0.017089715
GIGYF2|S614	1.0	0.0
GIMAP4|S72	1.0	0.0
GIMAP8|S299	1.0	0.0
GIPC1|S225	0.8883086	-0.08142234
GIPC1|S232	1.0637932	0.087008335
GIT1|S370	1.0	0.0
GIT1|S580	1.0	0.0
GIT1|T480	0.97706336	-0.022611365
GIT1|T489	1.0	0.0
GIT2|S559	0.98012555	-0.03114454
GIT2|S614	0.92368895	-0.024341034
GIT2|T626	1.0	0.0
GJA1|S251	1.0	0.0
GJA1|S255	1.0	0.0
GJA1|S279	1.0	0.0
GJA1|S282	1.0	0.0
GJA1|S296_S297	1.0	0.0
GJA1|S306	0.93671805	-0.05876904
GJA1|T290	1.0	0.0
GJB1|S233	1.0153872	-0.016559653
GJB1|S266	0.9916608	0.0044343434
GLCCI1|S145	0.91350913	-0.051146038
GLCCI1|S145_S148	1.0	0.0
GLCCI1|S148	0.93755275	-0.060969204
GLCCI1|S223	1.0257686	0.049840715
GLCCI1|S258	1.0	0.0
GLCCI1|S303	1.0092156	0.06404962
GLI2|S1101	1.0	0.0
GLI2|S149	1.0	0.0
GLI2|S234	1.0	0.0
GLI2|S970	0.9499499	-0.045851547
GLI3|S1006	1.0	0.0
GLI3|S445	1.0	0.0
GLI3|S664	1.0610591	0.07523311
GLI3|S980	0.9686199	-0.034292907
GLIS3|S342	1.0	0.0
GLIS3|S773_S778	1.0	0.0
GLIS3|S778	1.0	0.0
GLUD1|S128	0.98912597	-0.0009129112
GLUL|S343	1.4374142	0.46515605
GLYR1|S130	0.9867971	0.015581105
GMDS|S10_S14	1.0	0.0
GMDS|S14	0.93399	-0.07879276
GMIP|S243	1.0	0.0
GMIP|S421	1.0	0.0
GMIP|S425	1.0008161	0.0012163932
GMIP|S885	1.0	0.0
GMIP|S907	1.0	0.0
GMIP|S914	0.9875407	-0.001386044
GMIP|T660	1.0	0.0
GMPR2|S28	1.0129145	0.029066922
GMPS|T318	0.8474963	-0.15026055
GNAI2|S207	1.0688533	0.06519245
GNAI3|S206	1.0	0.0
GNB1|S31	0.98945034	-0.010876825
GNG12|S49	1.0618615	0.08438919
GNL1|S51	0.99640596	0.0063003027
GNL1|S68	1.0189464	0.028180286
GNL1|T48_T50_S51	1.0	0.0
GNL1|T50_S51	1.0	0.0
GNL3L|S465	0.9703892	-0.031024173
GOLGA1|S41	1.0361316	0.060092203
GOLGA2|S273	1.00231	0.001719378
GOLGA2|S37	1.0	0.0
GOLGA2|S66	1.0144384	-0.0041154046
GOLGA2|S953	1.0	0.0
GOLGA2|S981	1.0180796	0.02087758
GOLGA3|S1213	0.9834285	-0.014773144
GOLGA3|S140	1.0	0.0
GOLGA3|S385	0.96642387	-0.052951206
GOLGA3|S465	1.0795615	0.07397116
GOLGA3|S983	1.0468684	0.07186592
GOLGA4|S120	1.0	0.0
GOLGA4|S1536	1.0	0.0
GOLGA4|S288	1.0	0.0
GOLGA4|S93	1.0	0.0
GOLGA5|S116	0.9918149	0.008391311
GOLGA5|T212	1.0	0.0
GOLGB1|S17	1.0	0.0
GOLGB1|S2221	1.0	0.0
GOLGB1|S3134	1.0	0.0
GOLGB1|S565	1.0	0.0
GOLIM4|S133	1.0	0.0
GOLIM4|S336	1.0	0.0
GOLIM4|S510	1.0	0.0
GOLIM4|S555	1.0	0.0
GOLM1|S187	1.226673	0.37400234
GOLM1|S191	1.2150495	0.19700634
GOLM1|S309	0.98279357	-0.017535163
GOLM1|T255	1.2553743	0.39223754
GOLPH3L|S23	0.9937667	-0.004492341
GOLPH3|S35_S36	1.0	0.0
GOLPH3|S36	0.9979498	0.0016418339
GOLPH3|S42	0.86994004	-0.10068138
GON4L|S1255	1.0309924	0.051387157
GON4L|S1268	0.98293716	-0.027137063
GON4L|S1902	0.9769916	-0.013398396
GON4L|S1957	1.0	0.0
GON4L|S346	0.88649356	-0.11533847
GOPC|S272	1.0	0.0
GOPC|S276	1.0	0.0
GOPC|S280	0.98422295	-0.022942625
GORASP2|S214	1.0	0.0
GORASP2|T204	1.0	0.0
GORASP2|T222	0.9507239	-0.057735436
GORASP2|T222_T225	1.0	0.0
GORASP2|T225	1.0163071	-0.0029545515
GORASP2|T415	0.9652656	-0.026938219
GOSR1|S49	1.0	0.0
GP1BA|S629_S632	1.0	0.0
GP1BB|S191	1.0290302	0.018880188
GPALPP1|S105	0.936345	-0.060282238
GPALPP1|S140_S141	1.0	0.0
GPALPP1|T138_S140_S141	1.0	0.0
GPAM|S695	1.1448812	0.19509071
GPAT3|S66	1.0	0.0
GPAT3|S68	1.1026695	0.12396449
GPATCH2|S115	1.0327979	0.03516403
GPATCH2|S115_S117	1.0	0.0
GPATCH2|S129	1.0106412	-0.00069957814
GPATCH2|S195	0.94019055	-0.061776873
GPATCH2|S284	1.0492275	0.172397
GPATCH4|S135	1.0	0.0
GPATCH8|S1009	1.0030786	0.011749437
GPATCH8|S1009_S1014	1.0	0.0
GPATCH8|S1014	0.99057657	0.006861574
GPATCH8|S1035	0.955141	-0.03241203
GPATCH8|S1081	0.92918956	-0.06952128
GPATCH8|S1107	1.0109589	0.01371023
GPATCH8|S1109	0.9967107	0.0039551286
GPATCH8|S650_S653	1.0	0.0
GPATCH8|S653	0.9419286	-0.035156824
GPATCH8|S738	1.0	0.0
GPATCH8|S738_S740	1.0	0.0
GPATCH8|S740	0.97491544	-0.02399006
GPATCH8|S758	0.9483832	-0.051151235
GPATCH8|S908_S911	1.0	0.0
GPATCH8|S908_S911_S914	1.0	0.0
GPATCH8|S911_S914	1.0	0.0
GPATCH8|S981	0.9276404	-0.06552142
GPATCH8|T293	1.0	0.0
GPBP1L1|S123	0.95167667	-0.04505705
GPBP1L1|S21	1.0046204	6.2808004e-07
GPBP1L1|S384	1.0	0.0
GPBP1L1|S49	0.99346113	-0.008428013
GPBP1L1|S76	0.9657793	-0.036649365
GPBP1|S388	1.0	0.0
GPCPD1|S175	0.9804181	-0.014183215
GPHN|S188	1.0	0.0
GPHN|S188_S194	1.0	0.0
GPHN|S194	1.0	0.0
GPHN|S305	0.92458963	-0.041918326
GPI|S107	1.1335355	0.14439587
GPI|S22	1.051436	0.08168893
GPI|S237	1.0	0.0
GPI|S455	0.98000896	-0.015738783
GPI|T109	1.1162608	0.12835678
GPKOW|S35	1.0	0.0
GPKOW|S42	0.98475266	-0.0228065
GPKOW|T216	0.9489124	-0.04892103
GPN1|S326	1.0	0.0
GPRASP2|S328	1.1457437	0.14191665
GPRC5A|S345	0.8662787	-0.13243431
GPRC5A|Y347	1.0	0.0
GPRC5B|S468	1.0	0.0
GPRC5B|S485	1.0	0.0
GPRC5B|S491	1.0	0.0
GPRC5C|S356	1.0	0.0
GPRC5C|S395	1.0	0.0
GPRC5C|S428	1.0	0.0
GPRC5C|S443	1.0	0.0
GPRC5C|T338	1.0	0.0
GPRC5C|T435	1.0	0.0
GPRIN1|S615	1.1692921	0.20724249
GPRIN1|S64	1.1103214	0.12160694
GPRIN1|S75	1.0340302	0.058853935
GPRIN1|S850	1.1397294	0.090767354
GPRIN1|S895	0.88043284	-0.11923522
GPRIN3|S214	1.0	0.0
GPRIN3|S32	0.96379304	-0.01671203
GPRIN3|S57	0.973074	-0.026425391
GPRIN3|S583	0.9610553	-0.039828774
GPRIN3|S734	0.9702049	-0.02347051
GPRIN3|S751	1.0036473	0.015368903
GPS1|S308	1.0	0.0
GPS1|S536	1.0	0.0
GPS1|S536_S542	1.0	0.0
GPS1|S542	1.0	0.0
GPS1|S551	1.0	0.0
GPS1|T310	1.0	0.0
GPS1|T547	1.0	0.0
GPS1|T547_S551	1.0	0.0
GPSM1|S413	1.2006321	0.2114513
GPSM1|S471	1.1982114	0.1958964
GPSM2|S408	0.96506435	-0.032203782
GPSM2|S483	1.0	0.0
GPSM2|S565	0.999157	-0.024299465
GPSM3|S35	0.9494196	-0.040953804
GPSM3|S35_S39	1.0	0.0
GPSM3|S39	0.95715594	-0.030999292
GPX1|S153	0.9883668	-0.0370728
GPX1|T151	1.0	0.0
GRAMD1A|S260	1.0	0.0
GRAMD1A|T270	1.0	0.0
GRAMD1B|S557	1.0	0.0
GRAMD1C|S36	1.0	0.0
GRAMD2B|S252	1.0	0.0
GRAMD2B|S267	1.0	0.0
GRAMD2B|S58	1.0	0.0
GRAMD2B|S72	1.0637697	0.11984733
GRAP2|S159	0.9796127	-0.014044444
GRAP2|S236	1.0416429	0.035020288
GRAP2|T262	1.0752449	0.06366828
GRASP|S94	0.93255377	-0.050905704
GRB10|S104	1.0430385	0.032488357
GRB14|T9	1.0	0.0
GRB7|S79	1.0	0.0
GRB7|S81	1.0	0.0
GREB1|S1160	1.0	0.0
GREB1|S1193	1.1908447	0.19368021
GREM1|S44	1.0	0.0
GREM1|S76	1.0	0.0
GREM1|S77	1.0092808	-0.00048023651
GRHL1|S95	1.0	0.0
GRHL1|T208	1.1111996	0.17385915
GRHPR|S36	1.0228242	0.028555598
GRIP1|S43	1.1246597	0.10663531
GRIP1|S795	1.0	0.0
GRIP1|S886	1.0	0.0
GRIP1|S929	1.0	0.0
GRIP1|T905	1.0	0.0
GRIPAP1|S655	0.9616277	-0.047946032
GRIPAP1|S704	1.0	0.0
GRK2|S487	1.0	0.0
GRK2|S670	0.9801523	0.06030847
GRSF1|S335	0.84650904	-0.09288801
GRWD1|S119_S122	1.0	0.0
GRWD1|S344	1.0391129	0.038042657
GSDMD|S252	0.9088298	-0.05326744
GSDME|S252	1.104346	0.101686664
GSE1|S10	1.0973258	0.09184974
GSE1|S710	1.0	0.0
GSE1|S826_S828	1.0	0.0
GSE1|S909	1.0135428	0.019201258
GSK3B|Y216	1.0	0.0
GSN|S35	1.2059175	0.19376838
GSN|S636	1.0	0.0
GSN|T386	1.0	0.0
GSR|T383	1.0	0.0
GSS|S151	1.0	0.0
GSS|S181	1.073911	0.07590065
GSS|S415	0.9226472	-0.06490086
GSTA1|S202	1.1409508	0.14438061
GSTA1|S37	0.8772963	-0.11547215
GSTP1|S43	1.2317035	0.24186559
GTF2F1|S224	0.88372993	-0.13977747
GTF2F1|S385	1.0079786	0.002766486
GTF2F1|S385_T389	1.0	0.0
GTF2F1|S431	0.9737743	-0.020084905
GTF2F1|S442	1.0096837	0.0067596617
GTF2F1|T154	1.0	0.0
GTF2F1|T156	0.9497301	0.0057107485
GTF2F1|T331	0.9990279	0.018417118
GTF2F1|T389	1.0829114	0.10307907
GTF2F1|T427	1.0	0.0
GTF2F1|T437	1.0	0.0
GTF2F1|T446	1.0129838	0.008090386
GTF2IRD2|S516	1.0	0.0
GTF2IRD2|S521	1.0	0.0
GTF2I|S103	0.95329785	-0.026571928
GTF2I|S210	0.8070965	-0.14392394
GTF2I|S214	1.0	0.0
GTF2I|S652	1.0	0.0
GTF2I|S674	1.0260192	0.06348688
GTF2I|S700	1.0	0.0
GTF2I|S722	0.9992487	0.058728635
GTF3C1|S1068	0.9231917	-0.04752758
GTF3C1|S1611	1.0147967	0.0408921
GTF3C1|S1856	0.8222651	-0.1679649
GTF3C1|S1865_S1868	1.0	0.0
GTF3C1|S667	1.1531789	0.11351801
GTF3C1|S739	0.8801339	-0.11254868
GTF3C1|S751	1.0	0.0
GTF3C2|S165_S167	1.0	0.0
GTF3C2|S892	1.0	0.0
GTF3C2|S893	1.0012087	-0.0010464237
GTF3C2|S901	0.9582994	-0.029787758
GTF3C3|S43	0.94839925	-0.051643666
GTF3C4|S611	0.9560202	-0.028184557
GTF3C4|S652	0.95690805	-0.04407916
GTPBP1|S24	1.0	0.0
GTPBP1|S25	1.0176677	0.024045244
GTPBP1|S44_S47	1.0	0.0
GTPBP1|S69	1.0102613	0.010035015
GTSE1|S496	1.0	0.0
GTSE1|S555	1.0	0.0
GTSE1|S594	1.0	0.0
GTSE1|S611	1.0	0.0
GULP1|T208	0.9936697	-0.013204505
GYG1|S320	1.0	0.0
GYG2|S437	1.0	0.0
GYS1|S348	1.0	0.0
GYS1|S634	1.0	0.0
GYS1|S646	1.0	0.0
GYS1|S659	1.0	0.0
GZF1|S265	0.9657965	-0.017331975
GZF1|S613	1.060509	0.08008473
H1FX|S27	0.98393565	-0.01635449
H1FX|S31	1.1432803	0.108587466
H2AFY2|S129	1.0	0.0
H2AFY|T129	1.0	0.0
H2AFY|T177	1.0	0.0
H3F3A|S29	0.97244817	-0.024417361
HABP4|S108	0.996813	-0.0011269699
HABP4|S7	0.9993375	-0.001936946
HABP4|S74	1.1332185	0.1899395
HABP4|T268	1.0412089	0.034793034
HACD3|S114	1.048331	0.12939754
HADHA|S756	1.0	0.0
HARS|S27	1.0359912	0.041990932
HAUS6|S394	1.0	0.0
HAUS6|S770	1.0	0.0
HAUS6|S805	1.059532	0.056575872
HAUS6|T549	1.0	0.0
HAUS6|T584	1.0363852	0.055711947
HBA1|S132	0.87363565	0.026484914
HBA1|S139	0.92394423	-0.0336672
HBA1|S36	0.8671937	-0.10196994
HBA1|S50	1.0039152	0.062539995
HBA1|S53	1.0665597	0.06701938
HBA1|S82	1.0	0.0
HBA1|Y25	0.9214661	-0.026340015
HBB|S10	0.87150097	0.097383544
HBB|S45	1.0660186	0.07685467
HBB|S73	1.0	0.0
HBB|S90	1.0217584	0.020960212
HBB|T124	0.9154175	-0.08388134
HBB|T13	0.89202577	-0.05347408
HBB|T51	1.028293	0.058613207
HBB|T88	0.9391231	-0.064911194
HBB|Y36	1.0	0.0
HBD|S73	0.86133105	-0.08225378
HBD|Y36	0.8734283	-0.041797236
HBG1|S140	0.9842413	0.02001241
HBG1|Y36	1.0	0.0
HBP1|S390	1.0	0.0
HBS1L|S127	1.0	0.0
HCFC1|S1205	1.0	0.0
HCFC1|S1507	0.92544186	-0.05628226
HCFC1|S1838	1.0	0.0
HCFC1|S666	0.8665775	-0.10340222
HCFC1|S794	1.0	0.0
HCFC1|T1400	1.0	0.0
HCK|T15	1.0	0.0
HCK|T181	1.0	0.0
HCLS1|S134	1.0	0.0
HCLS1|S186	1.002619	-0.0040498357
HCLS1|S275	1.0973071	0.09782916
HCLS1|S62	1.1355196	0.14625007
HCLS1|T308	0.9567135	-0.035223186
HDAC1|S393	0.9780695	-0.037983917
HDAC1|S406	0.8825922	-0.12999217
HDAC1|S409	1.0181128	0.024760151
HDAC1|S421	0.95864105	-0.046314854
HDAC1|S421_S423	1.0	0.0
HDAC1|S423	0.99711055	-0.0022833876
HDAC2|S394	1.0193536	0.013788967
HDAC2|S422	1.0108851	0.013555303
HDAC2|S422_S424	1.0	0.0
HDAC2|S424	1.0668604	0.074645065
HDAC4|S246	0.9951413	0.007890531
HDAC4|S565	1.0025069	0.03373917
HDAC4|S58	1.0	0.0
HDAC4|S584	1.0020183	0.024957553
HDAC5|S260	1.0	0.0
HDAC5|S612	1.0	0.0
HDAC5|S662	1.0	0.0
HDAC6|S36	1.0	0.0
HDAC7|S148	1.0	0.0
HDAC7|S194	1.0	0.0
HDAC7|S220	1.0	0.0
HDAC7|S360	1.0	0.0
HDAC7|S407	1.0	0.0
HDAC7|S597	1.0	0.0
HDAC9|S245	1.0	0.0
HDAC9|S44	1.0	0.0
HDGFL2|S230	1.0645331	0.020520149
HDGFL2|S240	0.7748607	-0.18654878
HDGFL2|S366_S369_S370	1.0	0.0
HDGFL2|S454	1.0020303	0.045380913
HDGFL2|S490	1.1217343	0.15295798
HDGFL2|S625	0.9824176	-0.018539708
HDGFL2|S633	1.0407248	0.051686924
HDGFL2|S633_S634	1.0	0.0
HDGFL2|S651	1.0	0.0
HDGFL2|S652	1.0040799	0.008779618
HDGFL2|T205	1.0024806	-0.038407903
HDGFL3|S106_S121	1.0	0.0
HDGFL3|S107_S121	1.0	0.0
HDGFL3|S107_S122	1.0	0.0
HDGFL3|S108_S121	1.0	0.0
HDGFL3|S108_S122	1.0	0.0
HDGFL3|S121_S122	1.0	0.0
HDGFL3|S162	0.80622727	-0.12692492
HDGFL3|S178_S179_S180	1.0	0.0
HDGFL3|T110_S121	1.0	0.0
HDGFL3|T110_S122	1.0	0.0
HDGF|S107	0.8296033	-0.09868087
HDGF|S132_S133	1.0	0.0
HDGF|S165	1.0022607	0.006509296
HDGF|S202	1.0118355	0.049939215
HDGF|S239	1.016862	0.03540088
HDGF|T184	1.117873	0.08560695
HDLBP|S1252	1.032901	0.119806014
HDLBP|S31	1.0104038	0.022396425
HDLBP|S317	1.0470325	0.03032095
HDLBP|S35	1.036847	0.040276863
HDLBP|S667	1.0	0.0
HDLBP|S904	0.96472853	-0.033431415
HDLBP|S944	0.8992896	-0.04707744
HDLBP|Y437	1.0	0.0
HEATR1|S1190	1.141957	0.15667488
HEATR5A|S1653	1.0	0.0
HEATR5B|S1737	0.95275736	-0.044110633
HEATR6|S1124	1.0	0.0
HEATR6|S336_S337	1.0	0.0
HEATR6|S643	0.923113	-0.079896115
HEBP2|S181	1.2461711	0.31426987
HECTD1|S1533	0.9568327	-0.028661542
HECTD1|S1571	0.9922433	0.017392427
HECTD1|S1772	0.99000937	0.0004983168
HECTD1|T1760	0.99520004	-0.0018394253
HECTD4|S1363	1.0	0.0
HECTD4|S883	1.0	0.0
HECTD4|T2368	1.0	0.0
HECW2|S1040_S1042	1.0	0.0
HECW2|S1042	1.0843221	0.13707402
HECW2|S1175	1.0042956	0.0047324924
HECW2|S48	1.1493652	0.13519436
HECW2|S852	1.0880176	0.08952501
HELZ2|S1006	0.9873555	-0.010420864
HELZ2|S338	0.97684526	-0.016702121
HELZ|S1180	1.0	0.0
HELZ|S1318	1.0	0.0
HELZ|S1585	1.0	0.0
HELZ|T1164	1.0	0.0
HERC1|S1406	0.9547502	-0.015478848
HERC1|S2720	0.9915855	0.0010841192
HERC1|T2701	0.98828727	-0.005841627
HERC2|S1577	0.9384131	-0.05483073
HERC2|S1577_S1588	1.0	0.0
HERC2|S1588	0.97829425	-0.022172803
HERC2|S1942	1.0018318	0.0005068624
HERC2|S2454	1.0	0.0
HERC2|S2928	0.9724381	0.005107191
HERPUD2|T90	0.91816884	-0.10148259
HEXIM2|S51	1.0	0.0
HEXIM2|S51_T54	1.0	0.0
HEXIM2|S73_S75	1.0	0.0
HEXIM2|S98	1.0	0.0
HIC1|S237	0.85302824	-0.080012724
HIC1|S248	0.9587206	-0.037189443
HIC1|S270	1.0	0.0
HIC1|S270_S273	1.0	0.0
HIC1|S366	1.0099751	0.0102388235
HIC1|S704	1.0	0.0
HID1|S593	1.12516	0.13815702
HID1|S648	1.0	0.0
HID1|S653	1.1846726	0.13658561
HID1|T584	0.9556754	-0.042859867
HINT1|S45	1.0	0.0
HIP1|S338	1.0	0.0
HIPK1|S1200	1.0022856	-0.0006097271
HIPK1|Y352	0.91146356	-0.048294723
HIRA|S549	0.9782706	-0.020619374
HIRA|S661	0.97255206	-0.024956858
HIRA|T586	0.98668134	-0.012993134
HIRIP3|S125	1.0472858	0.043901082
HIRIP3|S142_S143	1.0	0.0
HIRIP3|S159_S160	1.0	0.0
HIRIP3|S196	1.0101914	0.0536614
HIRIP3|S196_S199	1.0	0.0
HIRIP3|S223_S227	1.0	0.0
HIRIP3|S227	1.0678726	0.07487117
HIRIP3|S289	1.0657921	0.059805393
HIRIP3|S289_S291	1.0	0.0
HIRIP3|S300_S301_S305	1.0	0.0
HIRIP3|S317	1.0	0.0
HIRIP3|S330_S332_S333	1.0	0.0
HIRIP3|S370	1.0354096	0.053070057
HIRIP3|S530	1.1218445	0.14832993
HIRIP3|T84	1.079854	0.09201182
HIRIP3|T84_S87	1.0	0.0
HIST1H1B|S107	1.0	0.0
HIST1H1D|S37	1.0	0.0
HIST1H1D|T147	1.147705	0.14253725
HIST1H1E|S104	0.6494262	-0.2908554
HIST1H1E|S36	0.99891806	0.009157429
HIST1H1E|S55	0.9417853	-0.064394616
HIST1H3A|S29	1.0	0.0
HIST1H4A|S48	0.9981575	-0.004322948
HIST1H4A|Y89	1.0	0.0
HIVEP1|S1036	1.0	0.0
HIVEP1|S1158	0.95875907	-0.0097304
HIVEP1|S1180	1.0	0.0
HIVEP1|S1735	0.93494815	-0.05762319
HIVEP1|S1753	1.0	0.0
HIVEP1|S2599	0.9866132	-0.014247753
HIVEP1|S479	1.0	0.0
HIVEP1|S65	1.0	0.0
HIVEP1|S698	1.0105838	0.014598381
HIVEP2|S169	1.0325307	0.040930953
HIVEP2|S2083	1.0	0.0
HIVEP2|S314	1.0	0.0
HIVEP2|S565	0.9861344	0.0022178153
HIVEP3|S1964	0.9993201	-0.010103786
HIVEP3|S2034	1.0	0.0
HIVEP3|S2382	0.9910281	-0.009227671
HIVEP3|S720	1.0	0.0
HIVEP3|S948	1.0	0.0
HJURP|S412	0.9746078	-0.035046678
HJURP|S473	1.0113635	-0.017415745
HLA-A|S352	1.0515774	0.07922814
HLA-A|S352_S356	1.0	0.0
HLA-A|S356	1.021239	0.040816326
HLA-A|S356_S359	1.0	0.0
HLA-A|S359	1.0805848	0.08458245
HLCS|S79	1.0247182	0.03323561
HMG20A|S105	0.9849493	-0.004220719
HMGA1|S36	1.0437757	0.0603079
HMGA1|S44	1.1727511	0.14985745
HMGA1|S49	1.0615017	0.052427307
HMGA1|S9	1.1033065	0.1436096
HMGA1|T53	1.1004825	0.09742476
HMGA2|S44	1.0841111	0.065775394
HMGB1|S100	1.0	0.0
HMGB1|S35	0.911018	-0.088723935
HMGCS1|S495	1.1281555	0.12811914
HMGN1|S25	1.0125724	0.046764582
HMGN1|S7	0.9873804	0.019320263
HMGN1|S8	1.0112484	0.058221675
HMGN1|S86	1.1041973	0.11692675
HMGN1|S86_S89	1.0	0.0
HMGN1|S89	1.0565057	0.045893718
HMGN2|S29	1.0	0.0
HMGN3|S6	1.0397013	0.07509998
HMGN3|S78	1.0824964	0.14175294
HMGN3|T103	1.0	0.0
HMGN4|S80	1.0214446	0.09654509
HMGN5|S93	1.0751194	0.0762815
HMGN5|T31	1.0	0.0
HMGXB4|S497	0.99672407	-0.0032561123
HMGXB4|S502	1.0163773	0.018955741
HMGXB4|S512	1.0257696	0.008160955
HNF4A|S436	0.8145402	-0.1825752
HNRNPA0|S270	1.0	0.0
HNRNPA0|S68	1.0	0.0
HNRNPA0|S84	0.94078183	-0.016417766
HNRNPA0|S84_S88	1.0	0.0
HNRNPA0|S88	0.9964667	-0.0017483237
HNRNPA1|S199	0.9828636	-0.057169363
HNRNPA1|S22	0.96120584	-0.03896609
HNRNPA1|S309	1.0	0.0
HNRNPA1|S316	1.0	0.0
HNRNPA1|S368	1.0218545	-0.015136806
HNRNPA1|S4_S6	1.0	0.0
HNRNPA1|S6	0.96986216	0.051332414
HNRNPA1|S95	1.0778698	0.0052027823
HNRNPA2B1|S102	1.0	0.0
HNRNPA2B1|S189	1.0	0.0
HNRNPA2B1|S212	0.9312769	-0.034568075
HNRNPA2B1|S225	0.9874948	-0.0031732004
HNRNPA2B1|S231	0.97505844	0.01722659
HNRNPA2B1|S259	0.9980086	0.022786442
HNRNPA2B1|S29	0.93266445	-0.064989574
HNRNPA2B1|S318	0.9685092	0.014046152
HNRNPA2B1|S341	1.0421822	0.054114092
HNRNPA2B1|S344	1.0099784	0.017028341
HNRNPA2B1|S85	1.017066	0.011048787
HNRNPA2B1|Y247	1.0	0.0
HNRNPA2B1|Y336	1.0	0.0
HNRNPA3|S116	1.0	0.0
HNRNPA3|S21	1.0	0.0
HNRNPA3|S328	1.0	0.0
HNRNPA3|S358	1.0282184	0.04604114
HNRNPA3|S43	0.9646339	-0.036792852
HNRNPA3|S94	1.0	0.0
HNRNPAB|S255	1.0	0.0
HNRNPAB|S82	1.0	0.0
HNRNPC|S149	1.0	0.0
HNRNPC|S162	0.98149633	0.0031617004
HNRNPC|S196	1.0	0.0
HNRNPC|S209	1.0	0.0
HNRNPC|S220	1.0	0.0
HNRNPC|S225	1.0	0.0
HNRNPC|S226	1.0	0.0
HNRNPC|S228	1.0	0.0
HNRNPC|S233	0.9371686	-0.03613322
HNRNPC|S238	0.8933038	-0.085855156
HNRNPC|S239	1.0083971	0.033918977
HNRNPC|S240	0.99186313	-0.0017819435
HNRNPC|S240_S247	1.0	0.0
HNRNPC|S241	0.94930035	-0.039413482
HNRNPC|S247	1.0	0.0
HNRNPC|S253_S260	1.0	0.0
HNRNPC|S260	0.8984482	-0.069297075
HNRNPC|Y124	1.0	0.0
HNRNPDL|S241	0.9944034	0.003734062
HNRNPD|S190	0.95881283	-0.024908775
HNRNPD|S80_S82_S83	1.0	0.0
HNRNPD|T193	0.9985086	-0.03402242
HNRNPF|S104	1.0171882	0.024602285
HNRNPF|S269	1.0	0.0
HNRNPF|S310	1.0	0.0
HNRNPH1|S104	1.0008299	0.026061825
HNRNPH1|S21	0.98777634	-0.01349723
HNRNPH1|S23	1.056558	0.06638019
HNRNPH1|S269	1.0	0.0
HNRNPH1|S272	0.9924414	-0.004067477
HNRNPH1|S310	0.91175956	-0.06783433
HNRNPH1|S63	0.95934844	-0.033887632
HNRNPH2|S104	1.0210774	0.0205549
HNRNPH2|S269	1.0	0.0
HNRNPH2|S272	1.0	0.0
HNRNPH2|S310	0.95270824	-0.03568503
HNRNPH2|S90	0.98592955	-0.014267723
HNRNPH3|S216	1.0521257	0.06991269
HNRNPH3|S298	1.060595	0.0499793
HNRNPH3|Y296	1.0	0.0
HNRNPK|S116	1.0	0.0
HNRNPK|S214	1.0	0.0
HNRNPK|S216	1.1649038	0.17634071
HNRNPK|S284	0.88103867	-0.08274537
HNRNPK|S36	1.0152198	0.014628188
HNRNPK|S379	0.99131346	0.017753175
HNRNPK|S401	1.0006074	0.017605776
HNRNPL|S101	0.9721564	-0.020013923
HNRNPL|S185	1.00261	0.005892802
HNRNPL|S29	1.0	0.0
HNRNPL|S52	0.8930614	-0.06687439
HNRNPM|S29	0.99387515	-0.0056595025
HNRNPM|S365	1.0284851	0.030697921
HNRNPM|S397	0.9295448	-0.073319845
HNRNPM|S452	0.978297	-0.024254102
HNRNPM|S513	0.85839957	-0.13023661
HNRNPM|S575	1.0169729	0.03178582
HNRNPM|S588	1.0	0.0
HNRNPM|S618	0.9246954	-0.023622805
HNRNPM|S633	0.9695367	-0.013244505
HNRNPM|S633_S637	1.0	0.0
HNRNPM|S637	0.9710105	-0.030077768
HNRNPM|S701	0.98272526	-0.009095996
HNRNPUL1|S105	1.0	0.0
HNRNPUL1|S194	0.90950894	-0.08479117
HNRNPUL1|S423	1.0	0.0
HNRNPUL1|S512	1.048162	0.048764274
HNRNPUL1|T120	1.0	0.0
HNRNPUL2|S161	0.9692394	-0.01729446
HNRNPUL2|S161_S168	1.0	0.0
HNRNPUL2|S161_T165	1.0	0.0
HNRNPUL2|S161_T165_S168	1.0	0.0
HNRNPUL2|S168	0.93936837	-0.04863064
HNRNPUL2|S185	0.98903894	-0.0024619603
HNRNPUL2|S185_S188	1.0	0.0
HNRNPUL2|S188	0.9707046	-0.0045375577
HNRNPUL2|S193	1.0155784	0.05934365
HNRNPUL2|S226_S228	1.0	0.0
HNRNPUL2|S228	0.94847864	-0.032630194
HNRNPUL2|S655	0.97810835	-0.0108135
HNRNPUL2|T165	0.95421636	-0.023862652
HNRNPUL2|T165_S168	1.0	0.0
HNRNPUL2|T244	1.0	0.0
HNRNPU|S271	0.91545445	-0.09657052
HNRNPU|S59	1.0043012	0.010958705
HNRNPU|S66	0.98351264	-0.017573148
HNRNPU|T286	1.0	0.0
HOMER3|S159	0.89826167	-0.086256765
HOMER3|S256	1.0207118	0.036613967
HOMER3|T243	0.9208508	-0.070927456
HOMEZ|S339	1.0703135	0.049202725
HOMEZ|T437	1.0	0.0
HOMEZ|T451	0.9814755	-0.01870968
HOOK2|S708	1.0	0.0
HOOK3|S238	0.9952122	0.009720908
HOOK3|S707	1.0	0.0
HOPX|S61	0.9003662	-0.09140499
HOPX|S66	0.85366875	-0.13249636
HOXB6|S136	1.0	0.0
HOXB6|S214	1.1846542	0.16688548
HOXC10|S189	1.0	0.0
HOXD9|S146	0.9328162	-0.07310149
HP1BP3|S142	0.93738884	-0.033356123
HP1BP3|T138	1.0	0.0
HP1BP3|T51	0.99810785	0.05637203
HPRT1|T142	1.0	0.0
HPS5|S420	1.0	0.0
HPS5|S449	1.0	0.0
HPS5|S581	1.0	0.0
HRC|S119	0.9684628	-0.031109318
HRC|S333	1.0	0.0
HRC|S401	1.0	0.0
HRC|S431	0.9752265	-0.016873013
HRC|S494	1.0	0.0
HRC|S567	0.96886253	-0.030203056
HS1BP3|S139	1.0221497	0.05392202
HS1BP3|S194	1.0808384	0.24447523
HS1BP3|S249	0.86926246	-0.06908892
HSD17B4|T265	0.95203173	-0.04575975
HSF1|S121	0.97277206	-0.058148347
HSF1|S303	1.0041311	0.014470489
HSF1|S303_S307	1.0	0.0
HSF1|S314	0.96325594	-0.03456991
HSF1|S363	1.0020154	0.0037525857
HSH2D|S118	1.0	0.0
HSH2D|S137	1.0	0.0
HSH2D|S241	1.0	0.0
HSP90AA1|S353	1.0	0.0
HSP90AA1|S374_S385	1.0	0.0
HSP90AA1|S385	1.0	0.0
HSP90AA1|S575	1.0	0.0
HSP90AA1|S598	1.0	0.0
HSP90AA1|S763	1.0	0.0
HSP90AB1|S226	0.94559395	0.06310311
HSP90AB1|S226_S255	1.0	0.0
HSP90AB1|S255	1.0641998	0.089895345
HSP90AB1|S255_S261	0.9196846	-0.07893042
HSP90AB1|S445	1.0713142	0.05542666
HSP90AB1|S532	1.0	0.0
HSP90B1|S306	1.1359991	0.07633117
HSP90B1|S501	0.98956996	-0.027398799
HSP90B1|T786	1.0	0.0
HSPA12A|S9	1.0099235	0.008632428
HSPA12B|S25	1.0037017	0.058369055
HSPA12B|S25_S29	1.0	0.0
HSPA12B|S275	1.0	0.0
HSPA12B|S433	0.9976514	-0.008616013
HSPA12B|S44	1.0	0.0
HSPA12B|S46	0.97583073	-0.01469573
HSPA12B|T42	0.9445519	-0.032685887
HSPA12B|T42_S44	1.0	0.0
HSPA12B|T42_S46	1.0	0.0
HSPA1A|S418	1.0	0.0
HSPA1A|T265	1.0	0.0
HSPA2|T268	1.0	0.0
HSPA4L|S105	1.0	0.0
HSPA4L|S610	1.0	0.0
HSPA4L|T576	1.0	0.0
HSPA4|S384	1.0	0.0
HSPA4|S471	0.97745156	-0.023897026
HSPA4|S546	1.0089381	0.010061281
HSPA4|S647	0.9479836	-0.04490041
HSPA4|S76	1.0770433	0.111205064
HSPA4|S828	1.0	0.0
HSPA4|T538	1.0	0.0
HSPA5|T648	0.987833	-0.013206711
HSPA8|S329	1.0	0.0
HSPA8|S541	1.0001055	0.0035718393
HSPA8|T265	1.0	0.0
HSPB1|S15	0.7187237	0.012446507
HSPB1|S176	1.1059308	0.13342538
HSPB1|S187	1.1428657	0.32630232
HSPB1|S199	1.0367316	0.07121211
HSPB1|S65	0.8163282	-0.12182682
HSPB1|S82	0.9347295	0.036583297
HSPB1|S86	1.0397446	0.18613352
HSPB1|S9	1.2280078	0.2780367
HSPB1|S98	1.0360415	0.076529115
HSPB1|Y54	1.0	0.0
HSPB6|S16	0.9469148	0.013214837
HSPB6|S59	1.0	0.0
HSPB8|S24	1.0	0.0
HSPB8|T87	1.0	0.0
HSPBP1|S351	1.0190665	0.013391125
HSPD1|S67	1.1112361	0.11212764
HSPD1|S70	1.1034445	0.12609756
HSPE1|S51	1.0277389	0.032453336
HSPE1|S53	1.0589553	0.05988661
HSPG2|S105	0.960067	-0.020884277
HSPG2|S2403	1.0	0.0
HSPH1|S557	0.81674975	-0.1773142
HSPH1|S559	1.0	0.0
HSPH1|S809	1.1544371	0.21996751
HSPH1|S811	1.0	0.0
HSPH1|T815	0.9481381	-0.04627998
HSPH1|T817	1.0	0.0
HTATSF1|S387	0.9686807	-0.00816274
HTATSF1|S403	0.9936864	-0.00097240333
HTATSF1|S445	1.025607	0.043098267
HTATSF1|S452_S453	1.0	0.0
HTATSF1|S453	0.8495856	-0.1321489
HTATSF1|S467	1.0	0.0
HTATSF1|S481	1.0455208	0.030239286
HTATSF1|S494	0.98420405	0.0053084795
HTATSF1|S498	1.0706807	0.113631606
HTATSF1|S521	0.9640123	-0.049868256
HTATSF1|S521_S529	1.0	0.0
HTATSF1|S529	1.0090134	-0.014494753
HTATSF1|S561	0.95824575	-0.0969117
HTATSF1|S579	0.9519971	-0.013824545
HTATSF1|S597_S600	1.0	0.0
HTATSF1|S597_S600_S607	1.0	0.0
HTATSF1|S600	0.9880396	-0.007220657
HTATSF1|S616	1.0060481	-0.013198843
HTATSF1|S616_S624	1.0	0.0
HTATSF1|S624	0.99406976	-0.02121654
HTATSF1|S642	0.8967526	-0.05884022
HTATSF1|S676	0.94386995	0.006422726
HTATSF1|S702	0.9546757	-0.0015163884
HTATSF1|S713_S714	1.0	0.0
HTATSF1|S721	1.0107107	0.016699998
HTATSF1|T633	1.031804	0.03165289
HTT|S1201	1.0	0.0
HTT|S1864	0.97668064	-0.0154870795
HTT|S1872_S1876	1.0	0.0
HTT|S1876	1.0	0.0
HTT|S339	1.0	0.0
HTT|S434	1.0	0.0
HTT|S642	1.01766	0.01698517
HUWE1|S1084	0.9156637	-0.06385881
HUWE1|S1298	1.0418408	0.044248287
HUWE1|S1368	1.0125859	0.012662145
HUWE1|S1395	0.8818744	-0.08150284
HUWE1|S1903	1.0060806	0.0052043996
HUWE1|S1903_S1907	1.0	0.0
HUWE1|S1907	1.0401188	0.05474549
HUWE1|S2052	0.9876849	-0.007105513
HUWE1|S2266	0.9825989	0.008470062
HUWE1|S2362	1.0279409	0.016826956
HUWE1|S2595	1.0	0.0
HUWE1|S2918	1.0153129	0.016506584
HUWE1|S3662	0.9345686	-0.06467274
HUWE1|S3757	0.9858057	0.019654388
HUWE1|S3816	1.042844	0.044276975
HUWE1|S3818	0.9915925	-0.0081907585
HUWE1|S3919	0.9845534	-0.015914328
HUWE1|S3919_T3924	1.0	0.0
HUWE1|S3919_T3924_T3927	1.0	0.0
HUWE1|T1722	1.0056548	-0.0010800539
HUWE1|T2889	0.97785074	-0.013932149
HUWE1|T3822	1.0	0.0
HUWE1|T3924	1.0	0.0
HUWE1|T3924_T3927	1.0	0.0
HUWE1|T3927	0.997771	-0.002566682
HYOU1|S567	1.0185585	-0.012568165
HYOU1|S742	1.0473282	0.10631442
HYPK|S38	0.96203655	-0.015602052
IARS|S1047	1.0	0.0
IBTK|S1004	1.0	0.0
IBTK|S1045	1.0549616	0.08476572
IBTK|S1116	1.0	0.0
ICE1|S1692	1.0036272	0.0046562217
ICE1|S1692_S1697_S1699	1.0	0.0
ICE1|S1712	0.98044723	-0.013964707
ICE1|S1854	1.0390245	0.04225287
ICE1|S1903	1.0468978	0.04516789
ICE1|S516	0.9945245	0.040868443
ICE1|S533	1.0474828	0.045707364
ICE1|S925	1.0487394	0.069679104
ICE1|S960	1.0874741	0.08900611
ICE1|T1642	1.0002815	-0.017579874
ICE1|T832	1.0	0.0
IDH1|S237	1.0921139	0.0864439
IDH1|S94	1.0036739	0.004660093
IFI16|S106	1.155367	0.10574318
IFI16|S153	1.2494947	0.24607976
IFI16|S512	1.0	0.0
IFI16|S516	1.0	0.0
IFI16|T435	1.0	0.0
IFIH1|S301	0.9681024	-0.02921845
IFIT3|S203	1.0	0.0
IFIT3|S478	0.89432484	-0.09958678
IFIT5|S190	1.0733227	0.07286785
IFNGR1|T295	1.0103945	0.0059607937
IFT140|S1443	0.92720735	-0.06402505
IFT140|S360	1.0	0.0
IFT43|S78	1.0079994	0.048732504
IFT88|S105	1.0	0.0
IFT88|S133	0.9027405	-0.10079376
IGF2BP2|S11	1.0	0.0
IGF2BP2|S162	1.1253875	0.14174634
IGF2BP2|S162_S164	1.0	0.0
IGF2BP2|S164	1.4126433	0.45279178
IGF2BP3|S184	1.1443249	0.23619498
IGF2R|S2347	1.0122982	0.07543782
IGF2R|S2409	1.0015241	0.0071109557
IGF2R|S2479	0.9810791	-0.0105976155
IGF2R|S2484	1.0306298	0.034777373
IGFBP7|S239	1.0	0.0
IKBKB|S670	1.0	0.0
IKBKB|S673	1.0	0.0
IKBKE|S579	1.0	0.0
IKBKG|S320	1.0	0.0
IKBKG|S455	1.0	0.0
IKZF1|S403	1.0	0.0
IKZF1|S63	1.3455411	0.32250124
IKZF2|S407	1.0	0.0
IKZF2|S56	1.0888427	0.13058557
IKZF2|S78_S79	1.0	0.0
IK|S460	1.0	0.0
IL16|S922	1.1355447	0.15339369
IL16|S966	1.1255931	0.1389358
IL17RA|S595	1.0	0.0
IL17RA|S674	1.0	0.0
IL6ST|S606	1.0	0.0
IL6ST|S778	1.0	0.0
ILF2|S30	1.0	0.0
ILF3|S190	0.97075677	-0.028760444
ILF3|S382	1.0014045	0.05269088
ILF3|S476	0.9316228	-0.0535326
ILF3|S62	0.9698682	-0.021850472
ILF3|S73	0.94948864	-0.042101946
ILF3|T368	0.97298235	-0.028547063
ILF3|T592	1.0017744	-0.014463996
ILF3|T596	1.0	0.0
ILK|S186	1.0	0.0
ILK|S232	0.9531527	-0.028663408
IMMT|S103	1.0	0.0
IMMT|S377	1.0	0.0
IMPDH2|S416	1.0699068	0.07546901
INAVA|S161	1.0	0.0
INAVA|S558	1.0	0.0
INCENP|S148	1.0399864	0.04112822
INCENP|S263	1.1261532	0.1753091
INCENP|S275	1.0644323	0.01838286
INCENP|S481	1.0791779	0.09002635
INF2|S1188	1.0548213	0.039752245
INF2|S1192	1.0	0.0
INF2|S1192_S1194	1.0	0.0
INF2|S1229	1.0521287	0.05778108
INF2|S1237	1.0666441	0.0690059
INF2|S359	0.90494263	0.0032192355
INF2|T1054	1.0	0.0
INF2|T1179	0.99350226	0.015976425
INF2|T1179_S1183	1.0	0.0
ING5|S120	1.0	0.0
ING5|S150	1.0	0.0
INO80B|S127	0.99689096	-0.0036078696
INO80B|S127_S130	1.0	0.0
INO80B|S130	0.99216694	-0.0100088455
INO80B|S132	1.0095401	-0.006499714
INO80B|S63	1.0	0.0
INO80B|S97_S99	1.0	0.0
INO80C|S26	0.938417	-0.06934497
INO80|S468	1.0319306	-0.0009750665
INPP5D|S1039	1.3317559	0.30969492
INPP5D|S1057	1.0	0.0
INPP5D|S1085	1.0	0.0
INPP5D|S243	1.1525205	0.16766733
INPP5D|S971	1.0	0.0
INPP5D|T963	1.0	0.0
INPP5D|T963_S971	1.0	0.0
INPP5E|S99	0.999947	0.013501061
INPP5F|S1069	1.0	0.0
INPP5F|S1103	1.0	0.0
INPP5F|S123	1.0	0.0
INPP5F|S668	1.0323461	0.026147148
INPP5F|S935	0.9708025	-0.03012122
INPPL1|S1003	1.0	0.0
INPPL1|S1176	1.0	0.0
INPPL1|S132	1.1730369	0.16986899
INTS10|S382	0.7931251	-0.16926455
INTS12|S378	0.9572302	0.046792094
INTS13|S626	0.9566763	-0.028527288
INTS13|S678	1.0	0.0
INTS1|S104	0.9337687	-0.05088141
INTS1|S1327	0.96541685	-0.031668022
INTS1|S1395	0.9939873	-0.004929048
INTS1|S307	0.9724744	-0.05254322
INTS3|S501	1.0	0.0
INTS3|S536	1.0	0.0
INTS6|S791	1.0	0.0
INTS9|S551	1.0	0.0
INVS|S518	1.0	0.0
IQCE|S590	1.0	0.0
IQGAP1|S1097	1.0	0.0
IQGAP1|S1443	1.0838807	0.049890842
IQGAP1|S330	0.9924918	0.018291801
IQGAP2|S1358	1.0458624	0.04785023
IQGAP2|S16	1.217678	0.24561113
IQGAP2|S685	1.0275295	0.009838004
IQGAP3|T1415	1.0	0.0
IQSEC1|S166	1.0	0.0
IQSEC1|S239	1.0	0.0
IQSEC1|S248	1.0	0.0
IQSEC1|S391	1.0	0.0
IQSEC1|S396	1.0	0.0
IQSEC1|S498	1.0	0.0
IQSEC1|S501	1.0	0.0
IQSEC1|S91	1.0	0.0
IQSEC2|S393	0.90700835	-0.077942796
IQSEC2|S412	0.79352236	-0.18950553
IQSEC2|S627	1.0	0.0
IRAK3|S110	1.0	0.0
IRF2BP1|S125	1.04215	0.04199495
IRF2BP1|S186	0.98252404	-0.014865164
IRF2BP1|S371	1.0	0.0
IRF2BP1|S384	1.025791	0.048655868
IRF2BP1|S421	1.0377463	0.03445698
IRF2BP1|S436	1.0118252	0.02514908
IRF2BP1|S453	1.0154814	0.03060957
IRF2BP1|S66	1.09968	0.12322205
IRF2BP2|S15	1.0028305	0.0028789288
IRF2BP2|S175	1.0626534	0.10284599
IRF2BP2|S240	0.8927343	-0.1354417
IRF2BP2|S293	1.0	0.0
IRF2BP2|S318	0.86954653	-0.13115485
IRF2BP2|S344	1.0	0.0
IRF2BP2|S390	1.0	0.0
IRF2BP2|S407	1.0	0.0
IRF2BP2|S439	1.0	0.0
IRF2BP2|S439_S441	1.0	0.0
IRF2BP2|S439_S441_S444	1.0	0.0
IRF2BP2|S439_S444	1.0	0.0
IRF2BP2|S441	1.0	0.0
IRF2BP2|S441_S444	1.0	0.0
IRF2BP2|S444	1.0	0.0
IRF2BP2|S71	1.0	0.0
IRF2BP2|T388	1.0	0.0
IRF2BPL|S13	1.0	0.0
IRF2BPL|S215	1.0480515	0.062972724
IRF2BPL|S334	1.0296147	0.06325346
IRF2BPL|S519	0.9802584	-0.01697244
IRF2BPL|S540	0.8534827	-0.22239783
IRF2BPL|S547	1.0877208	0.10600879
IRF2BPL|S657	0.98963684	-0.0040793614
IRF2BPL|S659	1.0167087	0.025442732
IRF2BPL|S662	1.0315421	0.03852096
IRF2BPL|S69	0.9516685	-0.049734533
IRF2BPL|T636	1.0	0.0
IRF6|S413	0.86390233	-0.13121407
IRF6|S47	1.3547688	0.3612283
IRF8|S172_S174	1.0	0.0
IRGQ|S44	0.95375854	-0.04123326
IRS1|S1078	1.0627395	0.0901226
IRS1|S1100_S1101	1.0	0.0
IRS1|S270	1.0455726	0.053156797
IRS1|S323	1.0426877	0.032716524
IRS1|S374	1.0015886	0.029719653
IRS1|S527	1.0338395	0.026021978
IRS1|S531	0.97929823	-0.031719584
IRS1|S629	1.1380768	0.13203414
IRS1|T453	0.94662607	-0.049920507
IRS2|S1100	1.1675603	0.1772837
IRS2|S1174	1.0436927	0.034039658
IRS2|S1176	1.0504262	0.06768202
IRS2|S306	1.0	0.0
IRS2|S560	1.0968068	0.10281723
IRS2|S577	1.186236	0.18284237
IRS2|S594	1.0197347	0.03598238
IRS2|S620	0.8943422	-0.07678144
IRS2|S679	0.96914744	-0.048806157
IRS2|S752	1.0	0.0
IRS2|S915	1.0534394	0.06136128
IRS2|S973	0.9902893	-0.008337266
IRS2|T350	1.031625	0.03045715
IRS2|T520	1.0193632	0.037855156
IRX2|S186	1.200848	0.18474309
IRX5|S185	0.9526045	-0.04775506
IRX5|S273	1.0	0.0
IRX5|S463	1.0	0.0
IRX5|T236	1.0	0.0
ISCU|S14	0.7364182	-0.24128848
ISCU|S14_S20	1.0	0.0
IST1|S309	1.0	0.0
ITFG2|S104	1.0	0.0
ITFG2|S220	1.0681022	0.080505334
ITGA3|S1042	0.93445665	-0.05457149
ITGA4|S1021	0.9951909	0.019894818
ITGA5|S127	0.9925285	0.013934607
ITGA6|S1064	1.0	0.0
ITGB1BP1|S41	1.0478879	0.051442105
ITGB1|S785	0.9928568	-0.015354452
ITGB1|T777	1.0222371	0.008794134
ITGB4|S1069	1.0	0.0
ITGB4|S1364	1.0	0.0
ITGB4|S1384	1.0	0.0
ITGB4|S1387	1.0	0.0
ITGB4|S1404	1.0	0.0
ITGB4|S1454	1.0	0.0
ITGB4|S1457	1.0402033	0.05939622
ITGB4|S1474	1.0	0.0
ITGB4|S1477	1.0	0.0
ITGB4|S1530	1.0	0.0
ITGB4|S1547	1.0731902	0.08167948
ITGB4|T1385	1.0	0.0
ITGB4|T1401	1.0	0.0
ITGB4|T1455	1.0	0.0
ITGB4|T1460	1.0	0.0
ITGB4|T1471	1.0	0.0
ITGB4|T1513	1.0	0.0
ITGB4|T1530	1.2068437	0.21923617
ITGB4|T1727	1.0	0.0
ITGB4|T1797	1.0	0.0
ITIH1|S129	0.9882486	-0.008665152
ITIH2|S60	0.9630851	0.0273817
ITIH4|S225	0.95226866	-0.047809523
ITPKB|S120	1.0	0.0
ITPKB|S166	1.0	0.0
ITPKB|S174	1.0372074	0.035290476
ITPKB|S174_S176	1.0	0.0
ITPKB|S204	0.9110026	0.0013210527
ITPKB|S269	0.93525606	-0.04720119
ITPKB|S31	1.0	0.0
ITPKB|S43	0.9103935	-0.07426
ITPKB|S43_S49	1.0	0.0
ITPKB|S588	1.0061876	0.010157985
ITPKB|S65	1.0562806	0.05596637
ITPKB|S71	1.0	0.0
ITPKB|T33	0.951737	-0.051471785
ITPKC|S322	1.0	0.0
ITPKC|S9	0.93257993	-0.061663814
ITPKC|T336	1.0	0.0
ITPR1|S1589	1.0	0.0
ITPR1|T946	1.0	0.0
ITPR2|S1160	0.857346	-0.15269893
ITPR3|S1832	1.0493194	0.26132843
ITPR3|S2670	1.1535846	0.2530138
ITPR3|S916	1.0733209	0.05939002
ITPR3|S934	1.0459701	0.0486463
ITPRID2|S1152	0.9386323	-0.05862573
ITPRID2|S153	0.9869121	-0.028447006
ITPRID2|S270	0.96725166	-0.03033596
ITPRID2|S330	1.0	0.0
ITPRID2|S641	0.94146645	-0.02118701
ITPRID2|S641_S644	1.0	0.0
ITPRID2|S665_S668	1.0	0.0
ITPRID2|S668	0.9067751	0.00039208308
ITPRID2|S704	1.0	0.0
ITPRID2|S737	0.9727829	-0.0006998894
ITPRID2|S737_S739	1.0	0.0
ITPRID2|S739	1.0064576	0.027156144
ITPRID2|S759	1.0	0.0
ITPRID2|S767	0.93320966	-0.062095437
ITPRID2|S770	1.0	0.0
ITPRID2|S803	1.0	0.0
ITPRID2|S902	1.0	0.0
ITPRID2|S92	1.001126	0.058405466
ITPRID2|T828	1.0	0.0
ITPRID2|T87	0.93545455	-0.0647865
ITPRID2|T87_S92	1.0	0.0
ITSN1|S1137	1.0	0.0
ITSN1|S192	1.0	0.0
ITSN1|S203	1.0371338	0.030914359
ITSN1|S315	0.9986037	-0.004045078
ITSN1|S559	0.99021965	0.00027631476
ITSN1|S904	1.0275375	0.025804803
ITSN1|S978	1.0022548	0.0041274945
ITSN1|S986	1.046312	0.083678626
ITSN1|S989	1.0549285	0.042425655
ITSN1|T1144	0.98691285	-0.012385644
ITSN2|S196	1.0	0.0
ITSN2|S875	1.0	0.0
ITSN2|S96	1.0	0.0
ITSN2|Y954	1.0	0.0
IVNS1ABP|S246	1.0	0.0
IVNS1ABP|S277	1.0574414	0.053767137
IVNS1ABP|S322	1.0974728	0.10660939
IWS1|S157	0.96586335	-0.052457813
IWS1|S157_S159	1.0	0.0
IWS1|S196_S198	1.0	0.0
IWS1|S235	1.0273523	0.034892686
IWS1|S235_S237	1.0	0.0
IWS1|S248	0.9816762	-0.026062233
IWS1|S248_S250	1.0	0.0
IWS1|S261	1.0	0.0
IWS1|S261_S263	1.0	0.0
IWS1|S274	1.0	0.0
IWS1|S274_S276	1.0	0.0
IWS1|S287_S289	1.0	0.0
IWS1|S300	0.9497091	-0.0685794
IWS1|S300_S302	1.0	0.0
IWS1|S302	0.9195258	-0.078803495
IWS1|S313	0.942467	-0.05238826
IWS1|S313_S315	1.0	0.0
IWS1|S315	0.9637188	-0.04065711
IWS1|S329	0.9086267	-0.05712702
IWS1|S329_S333	1.0	0.0
IWS1|S333	0.92965126	-0.046430267
IWS1|S362_S363_S365	1.0	0.0
IWS1|S363	1.054504	0.05986111
IWS1|S363_S365	1.0	0.0
IWS1|S365	1.0199698	0.030502567
IWS1|S377	0.99627006	0.018809916
IWS1|S398	1.0107261	0.022590814
IWS1|S398_S400	0.97864723	-0.01985951
IWS1|S400	0.8989414	-0.023701655
IWS1|S415_S420_S422	1.0	0.0
IWS1|S420_S422	1.0	0.0
IWS1|S438	1.0011345	0.0021188494
IWS1|S438_S440	0.9954708	-0.003718128
IWS1|S440	0.86250436	-0.051501855
IWS1|S511_S513	1.0	0.0
IWS1|S513	1.0922068	0.09660537
IWS1|S720	0.8686968	-0.0769814
IWS1|S93	0.9983645	-0.014224152
IWS1|T725	0.86366004	-0.11131675
JADE1|S591	1.0	0.0
JADE1|S731	1.0	0.0
JADE3|S566	1.005499	0.011432985
JADE3|S774	0.99200726	-0.008323076
JADE3|S774_S776	1.0	0.0
JADE3|S85	1.0406004	0.028644295
JCAD|S1044	1.0320494	0.07574736
JCAD|S1123	0.9465417	-0.047359064
JCAD|S1156	1.0086033	-0.007058556
JCAD|S1194	0.9004705	-0.090729944
JCAD|S1225	1.0377958	0.06052108
JCAD|S1275_S1281	1.0	0.0
JCAD|S1281	0.95981216	-0.025531383
JCAD|S1304	0.88507164	-0.047900297
JCAD|S1307	1.024454	0.02100223
JCAD|S1317	1.0	0.0
JCAD|S1319	0.9690511	-0.03795446
JCAD|S1340	1.0184401	0.03551992
JCAD|S144	0.97647655	-0.023165524
JCAD|S185	1.0200536	0.07409899
JCAD|S200	0.89681476	-0.10288929
JCAD|S237	0.97667676	0.001157748
JCAD|S255	1.0	0.0
JCAD|S331	1.0	0.0
JCAD|S371	1.0	0.0
JCAD|S400	1.0	0.0
JCAD|S532	1.1631916	0.21769151
JCAD|S67	0.9505761	-0.07910403
JCAD|S678	1.0	0.0
JCAD|S680	1.0505322	0.05831918
JCAD|S696	1.0	0.0
JCAD|S723	1.0	0.0
JCAD|S755_S757	1.0	0.0
JCAD|S770	0.9908303	-0.011930452
JCAD|S885	1.0211246	0.045082215
JCAD|S901	0.9258753	-0.022659006
JCAD|S917	1.0	0.0
JCAD|S931	1.0544838	0.058052707
JCAD|S947	1.0	0.0
JMJD1C|S1003	1.0	0.0
JMJD1C|S135	1.0	0.0
JMJD1C|S435	1.0	0.0
JMJD1C|S459	1.0	0.0
JMJD1C|S470	1.0	0.0
JMJD1C|S761	1.0	0.0
JMJD1C|S802	1.0	0.0
JMY|S108	1.0	0.0
JMY|S115	1.060987	0.087983906
JMY|S713	0.97311795	-0.030839784
JMY|S888	1.0354999	0.04519085
JPH1|S216	1.178229	0.14702204
JPH1|S452	1.002362	-0.006994502
JPH1|T448_S452	1.0	0.0
JPH2|S469	0.9750051	-0.021310853
JPH2|S534	1.0	0.0
JPT1|S14	1.0	0.0
JPT1|S28	1.0	0.0
JPT1|S31	1.0119133	0.01762218
JPT1|S87	1.0420803	0.07400097
JPT1|S87_S88	1.0	0.0
JPT1|S88	1.0184375	0.027573198
JPT1|T54	1.0291772	0.019324591
JPT2|S132	1.0	0.0
JPT2|S30	1.0	0.0
JPT2|S69	1.0534086	0.17008421
JPT2|S97	0.83251846	-0.11644911
JUNB|S251_T255	1.0	0.0
JUNB|S251_T255_S259	1.0	0.0
JUNB|S259	1.0498396	0.046808004
JUNB|T102	1.0	0.0
JUNB|T104	1.0	0.0
JUNB|T255	1.0652823	0.06024133
JUNB|T255_S259	1.0	0.0
JUND|S212	1.0	0.0
JUND|S212_S216	1.0	0.0
JUND|S216	1.0	0.0
JUND|S47	1.0	0.0
JUND|S57	1.0	0.0
JUN|S243	0.90468955	-0.0879636
JUN|S58	1.0	0.0
JUN|S63	0.86991537	-0.18448764
JUN|S73	0.89289385	-0.10213494
JUN|T239_S243	1.0	0.0
JUP|S182	1.0412714	0.09457495
JUP|S665	1.0047656	-0.010826831
KALRN|S1799	1.0400401	0.05234785
KALRN|S2237	1.0	0.0
KALRN|S2238	1.0	0.0
KALRN|T1913	1.0	0.0
KANK1|S144	1.0	0.0
KANK1|S186	1.0	0.0
KANK1|S312	0.9739195	-0.030304167
KANK1|S325	0.95922977	-0.020137127
KANK1|S70	1.0	0.0
KANK1|S881	0.97342515	0.0049663694
KANK1|T1334	0.92350423	-0.08526538
KANK2|S158	1.0	0.0
KANK2|S246	1.0	0.0
KANK2|S323	0.96398264	-0.020950494
KANK2|S356	1.0411996	0.06361255
KANK2|S375	1.0029988	0.05602019
KANK2|S540	0.9406463	-0.024780557
KANK2|S568	1.0	0.0
KANK2|S83	0.95751554	-0.02218802
KANK2|S92	1.0046737	0.0043085567
KANK2|T168	1.0	0.0
KANK2|T84	1.0	0.0
KANK3|S160	1.0936264	0.0872459
KANK3|S177	1.0129567	0.01644936
KANK3|S271	0.96431005	-0.0005179046
KANK3|S293	0.98580945	-0.024303403
KANK4|S163	1.0	0.0
KANK4|S164	1.0521269	0.048244566
KANK4|S636	1.0	0.0
KANK4|S74	1.0	0.0
KANSL1|S1015	1.0	0.0
KANSL1|S1045	0.9317737	-0.031580742
KANSL1|S249	1.0079358	0.02219035
KANSL1|S268	0.96497303	-0.016007243
KANSL2|S147_S149	1.0	0.0
KANSL3|S511_S515	1.0	0.0
KANSL3|S515	1.0368558	0.048578884
KANSL3|S747	1.0	0.0
KAT14|S416	0.9252984	-0.062643215
KAT5|S119_S123	1.0	0.0
KAT5|S123	1.0	0.0
KAT6A|S1001	1.0243813	0.031548522
KAT6A|S1089	1.0000405	0.0044115447
KAT6A|S1861	1.0	0.0
KAT6A|S941	0.90530866	-0.09019762
KAT6B|S1120	1.0	0.0
KAT6B|S1319	1.0	0.0
KAT7|S111	0.9093893	-0.06304776
KAT7|S50	0.89716184	-0.10494989
KAT7|T85	1.0	0.0
KAT7|T88	1.0225301	0.036387324
KATNA1|S109	1.0110046	0.0086016385
KATNA1|S170	1.0012933	0.0022685903
KAZN|S304	1.0	0.0
KAZN|S346	1.0	0.0
KAZN|S361	1.0	0.0
KBTBD11|S107	1.118857	0.13479167
KBTBD11|S310	0.9427811	-0.04745661
KBTBD11|S314	0.9901385	0.0045067156
KBTBD11|S87	1.0860292	0.08861226
KCNAB2|S14	1.0	0.0
KCNAB2|S9	1.1246321	0.0996593
KCNN3|S159	1.0	0.0
KCNN3|S167	0.9339139	-0.07715712
KCNQ1|S27	0.7149044	-0.29638085
KCNQ1|S92	0.73745036	-0.25788423
KCTD12|S142	1.0	0.0
KCTD12|S151	0.9829432	0.04472722
KCTD12|S162	1.0	0.0
KCTD12|S171_S176	1.0	0.0
KCTD12|S176	1.0598489	0.052458104
KCTD12|S185	1.1564682	0.18042059
KCTD12|S187	1.0125407	-0.0010481961
KCTD12|S198	1.1210804	0.17574239
KCTD12|S200	0.98755306	0.022686383
KCTD12|S207	1.0553414	0.055774964
KCTD12|S256	1.0282718	0.035447475
KCTD12|T196	0.97212094	0.046513624
KCTD12|T196_S200	1.0	0.0
KCTD18|T259	1.0	0.0
KCTD1|S617_S620	1.0	0.0
KCTD3|S148	0.9923671	-0.022292264
KCTD3|S662	1.0	0.0
KCTD3|S709	1.0	0.0
KCTD5|S29	0.97152066	-0.018547181
KDF1|S137	1.0191958	0.02775495
KDF1|S186	1.0	0.0
KDF1|S201	1.0	0.0
KDM1A|S131	1.0280492	0.03809506
KDM1A|S131_S137	1.0	0.0
KDM1A|S137	0.9956166	0.019301768
KDM1A|S166	0.9358403	-0.06928901
KDM1A|Y135	1.0	0.0
KDM1B|S13	1.0	0.0
KDM1B|S17	0.9269245	-0.06479918
KDM2A|S28	1.0292538	0.036858667
KDM2A|S558	0.969218	-0.016681898
KDM2A|S692	1.0316503	0.020978495
KDM2A|S718	0.91541195	-0.080229476
KDM2A|S869	0.93597376	-0.07814423
KDM2A|S883	0.94343907	-0.05332131
KDM2A|T550	1.0	0.0
KDM2B|S497	1.0307107	0.057798706
KDM2B|S57	0.97850555	-0.0195861
KDM2B|S764	1.0	0.0
KDM2B|S795	0.9832112	-0.0092737535
KDM2B|S906_S910	1.0	0.0
KDM2B|S975_S979	1.0	0.0
KDM2B|S979	0.98815835	0.00867835
KDM3A|S264_S265	1.0	0.0
KDM3A|S325	0.9893771	-0.008414592
KDM3A|S463	1.0475	0.037699487
KDM3B|S1267	1.0	0.0
KDM3B|S289	0.7921628	-0.19290298
KDM3B|S311	0.8869456	-0.10554877
KDM3B|S311_S314	1.0	0.0
KDM3B|S314	0.89057875	-0.10741462
KDM4A|S410	1.0	0.0
KDM4B|S566	0.924003	-0.065165825
KDM4B|T1065	0.9996305	-0.004989028
KDM5A|S1111	0.94242144	-0.02760372
KDM5A|S1666	1.0	0.0
KDM5A|S225	1.0	0.0
KDM5B|S1492	1.0	0.0
KDM5C|S1292	1.0	0.0
KDM5C|S234	1.0	0.0
KDM5C|S250	1.0	0.0
KDM5C|S830	1.0	0.0
KHDRBS1|S20	0.9192744	-0.062003646
KHDRBS1|S58	1.0	0.0
KHNYN|S332	1.0	0.0
KHNYN|S372	1.0	0.0
KHNYN|S394	1.0	0.0
KHNYN|S394_S400	1.0	0.0
KHNYN|S400	1.0	0.0
KHSRP|S181	1.0759925	0.10508995
KHSRP|S181_S184	1.0	0.0
KHSRP|S184	0.9814466	-0.017955508
KHSRP|S480	0.95632434	-0.032621242
KHSRP|T100	1.0213232	0.021185739
KIAA0100|S2093	1.0	0.0
KIAA0232|S227	1.0394944	0.04081871
KIAA0232|S814	1.0466471	0.040973593
KIAA0319L|S978	1.0563077	0.061556917
KIAA0319L|T974	1.0	0.0
KIAA0319L|T974_S978	1.0	0.0
KIAA0355|S673	1.0	0.0
KIAA0355|S723	1.0	0.0
KIAA0408|S529	0.8828326	-0.11702679
KIAA0513|S218	1.1438597	0.13348892
KIAA0513|S279	0.9622339	-0.04103091
KIAA0556|S233_S234	1.0	0.0
KIAA0556|S460	0.9948957	-0.0009250309
KIAA0556|S660	1.0243567	0.024412977
KIAA0556|S691	1.0313674	0.035082635
KIAA0586|S474	1.0	0.0
KIAA0753|S344	1.0	0.0
KIAA0930|S279	0.986823	0.003681034
KIAA0930|S304	1.1320103	0.13434574
KIAA0930|S324	1.091311	0.1093589
KIAA0930|S351	1.0919648	0.09432886
KIAA0930|S358	1.0975565	0.09795355
KIAA0930|S362	1.1055162	0.13693388
KIAA0930|T290	1.0235881	0.023735302
KIAA0930|T293	0.95238185	-0.022474678
KIAA1109|S1312	0.8303138	-0.1297588
KIAA1109|S1323	0.9489265	-0.043890323
KIAA1109|S2247	1.0	0.0
KIAA1109|S2603	0.9736806	-0.017745867
KIAA1109|S2628	0.99291664	-0.009906883
KIAA1109|S3562	0.97149795	-0.021427955
KIAA1109|S3619	1.0	0.0
KIAA1109|S3653	1.0054141	-0.010961296
KIAA1109|S4124	0.9387368	-0.062056866
KIAA1109|S4894	1.0	0.0
KIAA1109|T3996	0.96088874	-0.023309184
KIAA1143|S50	0.9562259	-0.023551673
KIAA1191|T25	1.0	0.0
KIAA1210|S314	1.0	0.0
KIAA1211L|S113	1.0	0.0
KIAA1211L|S356	1.0	0.0
KIAA1211L|S490	1.0	0.0
KIAA1211L|S646	1.0	0.0
KIAA1211L|S653	1.0	0.0
KIAA1211L|S75	0.97328055	-0.030349901
KIAA1211L|S881	1.0	0.0
KIAA1211L|S92	1.0	0.0
KIAA1211L|S951	1.0	0.0
KIAA1211L|T837	1.0	0.0
KIAA1211|S1017	1.0282224	0.025326557
KIAA1211|S1072	1.1850674	0.1688068
KIAA1211|S556	1.0	0.0
KIAA1211|S920	0.99405235	-0.0068541397
KIAA1211|T712	1.0	0.0
KIAA1217|S1030	1.0487467	0.048458364
KIAA1217|S1033	0.9838728	-0.017216358
KIAA1217|S1044	1.0	0.0
KIAA1217|S1084	0.9348413	-0.06285611
KIAA1217|S1111	1.0	0.0
KIAA1217|S1245	1.0	0.0
KIAA1217|S1274	1.0	0.0
KIAA1217|S1461	0.94307226	-0.04515321
KIAA1217|S1551	1.0036683	0.009903743
KIAA1217|S1568	1.1172905	0.17178443
KIAA1217|S1668	1.0	0.0
KIAA1217|S169	1.0261366	0.079394646
KIAA1217|S1806	1.0	0.0
KIAA1217|S1866	1.0	0.0
KIAA1217|S1899	1.0	0.0
KIAA1217|S1920	1.0	0.0
KIAA1217|S361	1.0831891	0.10017904
KIAA1217|S363	1.0	0.0
KIAA1217|S365	1.0	0.0
KIAA1217|S405_S408_S409	1.0	0.0
KIAA1217|S474	1.057105	0.075606175
KIAA1217|S809	1.1694268	0.1947631
KIAA1217|T1633	1.0	0.0
KIAA1217|T1760	1.0	0.0
KIAA1217|T470	1.0867988	0.10718236
KIAA1217|T470_S474	1.0	0.0
KIAA1217|T552	1.0	0.0
KIAA1217|T68	1.0	0.0
KIAA1328|S21	1.0	0.0
KIAA1328|S75	0.9254026	-0.034510817
KIAA1522|S1030	1.1190103	0.16578507
KIAA1522|S1030_S1038	1.0	0.0
KIAA1522|S1038	1.0	0.0
KIAA1522|S215	0.8976014	-0.10298923
KIAA1522|S274	1.0	0.0
KIAA1522|S322	1.0	0.0
KIAA1522|S381	1.0	0.0
KIAA1522|S447	1.0235198	0.07090448
KIAA1522|S506	1.0	0.0
KIAA1522|S545	1.0604801	0.07728405
KIAA1522|S604	1.0	0.0
KIAA1522|S669_S673	1.0	0.0
KIAA1522|S728_S732	1.0	0.0
KIAA1522|S858_S862	1.0	0.0
KIAA1522|S862	0.98761845	-0.0066724336
KIAA1522|S906	1.0	0.0
KIAA1522|S917_S921	1.0	0.0
KIAA1522|S921	1.0	0.0
KIAA1522|S929	0.982915	0.010768007
KIAA1522|S965	1.0	0.0
KIAA1522|S971	1.0	0.0
KIAA1522|S971_S979	1.0	0.0
KIAA1522|S979	1.0	0.0
KIAA1522|S988	1.0	0.0
KIAA1522|T162	1.0	0.0
KIAA1551|S1740	1.0106289	0.0066198986
KIAA1551|T1240	1.0	0.0
KIAA1671|S1019	0.959085	0.0031255991
KIAA1671|S1154	0.9910877	-0.008962621
KIAA1671|S1224	0.9003963	-0.08126828
KIAA1671|S128	0.9078909	-0.05450475
KIAA1671|S1366	0.9225282	-0.06314488
KIAA1671|S1441	0.9795125	-0.082719855
KIAA1671|S1488	0.9206002	-0.06725818
KIAA1671|S1701	1.0478061	0.07743608
KIAA1671|S1757_S1760	1.0	0.0
KIAA1671|S1760	1.0	0.0
KIAA1671|S1786	1.0737294	0.08285321
KIAA1671|S284	1.0	0.0
KIAA1671|S465	0.99504703	-0.0044168313
KIAA1671|S508	1.0383004	0.040547766
KIAA1671|S749	0.9592463	-0.03914546
KIAA1671|S774	0.886897	-0.10956376
KIAA1671|S797	0.9731075	-0.01126113
KIAA1671|S981	1.0	0.0
KIAA1671|T1713	0.9098649	-0.06471271
KIAA1671|T600	0.9252724	-0.036267545
KIAA1671|T635	0.9814621	-0.018657539
KIAA1671|T951	1.0	0.0
KIDINS220|S1556	1.0	0.0
KIDINS220|S1634	1.0	0.0
KIDINS220|S883	1.0	0.0
KIDINS220|S919	1.0	0.0
KIF13A|S1460	1.0	0.0
KIF13A|S1494	1.0	0.0
KIF13A|S1529	1.0556465	0.08597016
KIF13A|S1663	1.0	0.0
KIF13A|S1698	0.7837356	-0.06616308
KIF13A|S636	1.1217221	0.12492303
KIF13B|S1379	1.075259	0.04359578
KIF13B|S1381	1.0907182	0.119703285
KIF13B|S1391	1.0007821	-0.005347159
KIF13B|S1410	0.9005987	-0.041061025
KIF13B|S1444	1.0	0.0
KIF13B|S1644	0.9451882	-0.036080588
KIF13B|S1797	1.0818527	0.08778839
KIF13B|S658	1.0161219	0.013696718
KIF13B|S732	0.99848896	-0.0007023371
KIF13B|S858	1.0067878	0.009277461
KIF16B|S1052	1.0	0.0
KIF16B|S398	1.0	0.0
KIF16B|S575	1.0499074	0.058559254
KIF16B|S582	1.0142874	0.013675353
KIF16B|S662	1.045572	0.03530471
KIF18B|S674	1.1249521	0.14280523
KIF1A|S1195	1.0	0.0
KIF1A|S1438	1.0	0.0
KIF1A|S1471	1.0	0.0
KIF1A|S1629_S1633	1.0	0.0
KIF1A|S425	1.0	0.0
KIF1B|S1011	1.0	0.0
KIF1B|S1053	1.0	0.0
KIF1B|S1141	1.0	0.0
KIF1B|S1408	1.0	0.0
KIF1B|S1441	1.0	0.0
KIF1B|S663_S665	1.0	0.0
KIF1B|T1029	1.0	0.0
KIF1C|S1033	1.0519185	0.07466955
KIF1C|S1092	1.0770621	0.08642684
KIF1C|S674_S676	1.0	0.0
KIF1C|S676	1.1105256	0.121605486
KIF1C|S915	1.0144372	0.029277697
KIF1C|T1083	1.0428925	0.053260133
KIF20A|S532	1.000335	-0.011232812
KIF20B|S1740	1.0	0.0
KIF21A|S1192	1.0	0.0
KIF21A|S1212	0.9894997	-0.0061454293
KIF21A|S1219	1.0	0.0
KIF21A|S1239	1.1466899	0.15230808
KIF21A|S524	1.1067542	0.10498218
KIF21B|S1149	1.0	0.0
KIF21B|S1167	1.2369807	0.19621436
KIF22|T395	1.0	0.0
KIF23|S160	0.98503655	-0.023954358
KIF23|S867	0.9474017	-0.044372946
KIF26B|S1006	1.0	0.0
KIF26B|S1724	1.0	0.0
KIF26B|S1773	1.0	0.0
KIF26B|S1953	0.9953422	0.017671963
KIF26B|S977	1.0	0.0
KIF27|S643_S646	1.0	0.0
KIF27|S845_S848	1.0	0.0
KIF2A|T78	1.0	0.0
KIF3A|T660	1.0	0.0
KIF4A|S1038	1.0	0.0
KIF4A|S394	1.159977	0.15814866
KIF4A|S801	1.2806321	0.2871983
KIF4A|T1181	1.0	0.0
KIF7|S1281	1.0	0.0
KIFAP3|S16	1.0	0.0
KIZ|S214	1.0	0.0
KIZ|S214_S218	1.0	0.0
KIZ|S520	1.0	0.0
KLC1|S162	1.1832503	0.16094978
KLC1|S418	1.0	0.0
KLC1|S460	1.1924235	0.24797355
KLC1|S521	1.0203798	0.048006173
KLC1|S521_S524	1.0	0.0
KLC1|S524	1.048329	0.042033043
KLC2|S151	1.0511229	0.043904297
KLC2|S428	1.0976865	0.09313238
KLC2|S445	1.1087475	0.14305064
KLC2|S582	1.1373106	0.21040238
KLC2|S589	1.0234824	0.053006373
KLC3|S167	1.0692825	0.079899885
KLC3|S173	1.035049	0.03948424
KLC3|S466	1.1782337	0.24679081
KLC4|S519	1.0910896	0.22059917
KLC4|S566	1.0328137	0.08723291
KLC4|S590	1.0274206	0.016184632
KLF13|S162	1.0786035	0.101930544
KLF16|S99	1.0	0.0
KLF3|S101	0.99469566	-0.00055698224
KLF3|S250	0.97151643	0.006729921
KLF3|S78	0.9816118	-0.017035449
KLF3|S92	0.9956639	0.0020360672
KLF3|S92_S101	1.0	0.0
KLHDC4|S356_S361	1.0	0.0
KLHDC4|S361	1.0	0.0
KLHDC7A|S365	1.0	0.0
KLHL22|T605	1.1069844	0.112875864
KLRG2|S186	1.0	0.0
KLRG2|S204	1.0044563	0.012402817
KLRG2|S95	1.0	0.0
KMT2A|S153	0.9490417	-0.03000529
KMT2A|S2101	1.0	0.0
KMT2A|S351	1.0	0.0
KMT2A|T337	1.0390478	0.042835277
KMT2B|S1032	0.995587	-0.0047410876
KMT2B|S1032_S1035	1.0	0.0
KMT2B|S1092	1.0098908	0.008950365
KMT2B|S1092_S1095	1.0	0.0
KMT2B|S2348	1.0004238	0.0046762205
KMT2B|S351	1.024739	0.010374077
KMT2B|S632	1.0	0.0
KMT2B|S821	0.9212917	-0.096769124
KMT2B|S844	0.96564806	-0.05661335
KMT2B|S861	1.0481359	0.062213294
KMT2B|T2083	0.9994132	0.0057445387
KMT2C|S1248_S1250_S1251	1.0	0.0
KMT2C|S28	1.0	0.0
KMT2C|S3526	1.0	0.0
KMT2C|S3758	0.9933661	-0.008352483
KMT2C|S4034	1.0262425	0.03897081
KMT2C|S4267	0.9588866	-0.027457908
KMT2C|S4300_S4304	1.0	0.0
KMT2C|S46	0.98814	0.0060054776
KMT2C|S89	0.97744787	-0.02974994
KMT2C|T3977	0.97414654	-0.021908814
KMT2D|S1151	1.0	0.0
KMT2D|S1180	0.9023275	0.0041915597
KMT2D|S1606	1.0021157	0.0020790247
KMT2D|S1671	0.9700107	-0.030423006
KMT2D|S1834	0.99977463	0.019357951
KMT2D|S2251	0.99971163	-0.0012491129
KMT2D|S2251_S2260	1.0	0.0
KMT2D|S2260	0.95832443	-0.038672745
KMT2D|S2274	0.8451128	-0.14081544
KMT2D|S2640	1.0571375	0.06590558
KMT2D|S3130	1.0	0.0
KMT2D|S3229	1.0	0.0
KMT2D|S3620	1.0	0.0
KMT2D|S373	0.96251154	-0.038993116
KMT2D|S4359	1.0431945	0.052288987
KMT2D|S4738	0.94423	-0.04188912
KMT2D|S4822	1.0204291	0.049109124
KMT2D|S4849	1.002513	0.008697321
KMT2D|T1843	0.9494308	-0.04625666
KMT2D|T1865	0.98194224	-0.019736132
KMT2D|T1911	1.0	0.0
KMT2D|T2240	1.0	0.0
KMT2D|T4682	0.9185797	-0.07902453
KMT2E|S1070	0.98401594	-0.014298251
KMT2E|S1340	1.0	0.0
KMT2E|S1444	1.0	0.0
KMT2E|S837	0.92647874	-0.063151866
KMT2E|S845	1.0202465	0.019477172
KMT2E|S918	1.0	0.0
KNG1|S275	0.99581474	-0.0048975004
KNG1|S332	0.6943457	-0.18572962
KNG1|S406	1.0	0.0
KNL1|S1050	1.0	0.0
KNL1|S1649	1.0	0.0
KNL1|S60	1.028418	0.033932082
KNOP1|S185	1.0	0.0
KNOP1|S42	0.9146349	-0.0042833597
KPNA1|S244	1.0	0.0
KPNA2|S62	1.1518548	0.23181377
KPNA3|S56	1.0084369	0.010161231
KPNA3|S56_S60	1.0	0.0
KPNA3|S60	1.0154974	0.04621186
KPNA4|S60	0.9435779	-0.0074518602
KPNA6|S113	1.0007577	-0.00028651708
KPNB1|S12	1.0289991	0.029326146
KRI1|S142	1.0	0.0
KRI1|S177	1.0	0.0
KRI1|S634	1.0	0.0
KRI1|S634_S645	1.0	0.0
KRI1|S645	1.0	0.0
KRT10|S16	1.0	0.0
KRT13|S147	1.0	0.0
KRT13|S427	0.9835629	-0.009376836
KRT14|S213	1.0	0.0
KRT15|S22	1.0	0.0
KRT15|S34	1.0	0.0
KRT15|S43	1.0	0.0
KRT17|S32	1.0	0.0
KRT18|S100	1.0269585	0.053534906
KRT18|S18	1.0777225	0.13860959
KRT18|S30	0.98067844	-0.01859765
KRT18|S305	1.1083487	0.19000648
KRT18|S30_S31	1.0	0.0
KRT18|S323	1.0505544	0.048155658
KRT18|S398	1.1546726	0.15216212
KRT18|S399	1.1148907	0.11201564
KRT18|S401	1.0067269	0.012257797
KRT18|S420	1.12079	0.1355138
KRT18|S60	1.1369439	0.18207553
KRT18|S7	1.2170001	0.22857822
KRT19|S13	1.0817198	0.09001861
KRT19|S14	1.0112695	0.006899218
KRT19|S178	1.0	0.0
KRT19|S22	1.1315131	0.16771841
KRT19|S234	1.0	0.0
KRT19|S312	1.0	0.0
KRT19|S35	1.2594556	0.30850306
KRT19|S35_S40	1.0	0.0
KRT19|S40	1.0074352	0.01010295
KRT19|S46	1.1588491	0.18312018
KRT19|S72	1.0	0.0
KRT19|T323	1.0	0.0
KRT19|Y391	1.0	0.0
KRT1|S21	0.9669059	-0.03592796
KRT1|S66	0.7925508	-0.20169252
KRT23|S65	1.4950703	0.5027339
KRT23|T33	1.0	0.0
KRT4|S150	1.0	0.0
KRT4|S19	1.0	0.0
KRT5|S16	1.1046172	0.1075385
KRT5|S18	1.1364762	0.14348154
KRT5|S181	1.0	0.0
KRT5|S21	1.1685101	0.17073043
KRT5|S38	1.0	0.0
KRT5|S50	1.0	0.0
KRT5|S567	1.0	0.0
KRT5|S574	1.0	0.0
KRT5|S64	1.4062332	0.4303131
KRT5|S75	1.1906914	0.1839063
KRT6A|S176	1.0	0.0
KRT6A|S19	1.0	0.0
KRT6A|S19_S22	1.0	0.0
KRT6A|S22	1.3074931	0.35949472
KRT6A|S44	1.0	0.0
KRT6A|S60	1.287456	0.33381894
KRT6A|S71	1.0	0.0
KRT6B|S176	1.0	0.0
KRT6B|S19	1.0	0.0
KRT6B|S19_S22	1.0	0.0
KRT6B|S44	1.0	0.0
KRT6B|S60	1.3502598	0.37569278
KRT6B|S71	1.0	0.0
KRT75|S162	1.0	0.0
KRT79|S155	1.0	0.0
KRT7|S104	1.0	0.0
KRT7|S14	1.2609707	0.24965301
KRT7|S254	1.2743452	0.37314987
KRT7|S53	1.0963066	0.09652264
KRT7|S71	1.0	0.0
KRT80|S45	1.0	0.0
KRT8|S132	1.0	0.0
KRT8|S152	1.0	0.0
KRT8|S281	1.0	0.0
KRT8|S286	1.0	0.0
KRT8|S302	1.0	0.0
KRT8|S308	1.0312577	0.068772
KRT8|S343	1.0	0.0
KRT8|S358	1.0	0.0
KRT8|S438	1.0	0.0
KRT8|S460	1.0	0.0
KRT8|S503	1.0	0.0
KRT8|S52	1.0	0.0
KRT8|S62	1.0	0.0
KRT8|S71	1.0	0.0
KRTCAP3|S214	1.1446477	0.13866313
KRTCAP3|S5	1.1631572	0.15971169
KSR1|S174	1.0	0.0
KSR1|S194	1.0	0.0
KSR1|S197	1.0	0.0
KSR1|S269	1.0	0.0
KSR1|S432	1.0	0.0
KSR1|S751	1.0	0.0
KSR1|T133	1.0	0.0
KSR1|T151	1.0	0.0
KSR1|T288	1.0	0.0
KTN1|S1084	1.0090638	0.0070892633
KTN1|S1313	0.9447317	-0.01851803
KTN1|S75	1.0141245	0.03556456
KTN1|S75_S77	1.0	0.0
KTN1|S87	1.0	0.0
KTN1|T153	1.1232816	0.16317846
KYAT3|S76	1.0	0.0
L3MBTL2|S67	0.96518326	-0.037429888
L3MBTL2|S683	1.0	0.0
L3MBTL2|S683_S688_S689	1.0	0.0
L3MBTL3|S583	1.0	0.0
L3MBTL3|S645	1.0	0.0
LAD1|S177	1.1725786	0.23939127
LAD1|S272	1.3698772	0.35581315
LAD1|S301	1.0461366	0.044254314
LAD1|S347	1.002997	-0.013721586
LAD1|S356	1.191397	0.24471405
LAD1|S385	1.2061456	0.23336282
LAD1|S394	1.1316175	0.15534241
LAD1|S440	1.0	0.0
LAD1|S485	0.96071124	-0.087523915
LAD1|S49	1.1369534	0.14049375
LAD1|S64	0.89753896	-0.11349142
LAD1|T19	1.0135481	0.03207051
LAMA1|S3048_S3053_S3057	1.0	0.0
LAMB1|S1222	1.1569002	0.18139133
LAMB1|S1666	1.1671263	0.13516776
LAMB2|S1548	1.0	0.0
LAMTOR1|S26	0.9947009	-0.005733571
LAMTOR1|S27	0.9050135	-0.105892204
LAMTOR1|S63	0.9819923	-0.01621453
LAMTOR1|T48	0.97742677	0.01523207
LAP3|S180	1.1122804	0.14363705
LAP3|S194	1.1543385	0.16404046
LAP3|S238	1.0605342	0.08775625
LARP1B|S340	0.97577244	-0.025917772
LARP1B|S340_S343	1.0	0.0
LARP1B|S343	1.0255502	0.02923338
LARP1B|S593	0.9697041	0.005630069
LARP1B|S60	0.9419239	-0.057393998
LARP1B|S906	0.90002334	-0.097177766
LARP1B|T452	1.0	0.0
LARP1B|T454	1.0085858	0.0069637294
LARP1|S1012	1.0	0.0
LARP1|S440	1.0	0.0
LARP1|S440_S444	1.0	0.0
LARP1|S471	1.0	0.0
LARP1|S507	1.0	0.0
LARP1|S550	1.0	0.0
LARP1|S550_S554	1.0	0.0
LARP1|S554	1.0	0.0
LARP1|S689	1.0	0.0
LARP1|S689_S697	1.0	0.0
LARP1|S697	1.0	0.0
LARP1|S747	1.0	0.0
LARP1|S963	1.0	0.0
LARP1|T299	1.0	0.0
LARP1|T449	1.0	0.0
LARP1|T570	1.0	0.0
LARP1|T572	1.0	0.0
LARP1|T708_T711	1.0	0.0
LARP1|T711	1.0	0.0
LARP4B|S451	1.0	0.0
LARP4B|S498	0.98512274	0.04248866
LARP4B|S568	0.9541887	-0.034788173
LARP4B|S585	1.0192637	0.00072059385
LARP4B|S599_S601	1.0	0.0
LARP4B|S601	1.0243655	0.02939752
LARP4B|S718	1.0367618	0.03508227
LARP4|S441	1.0	0.0
LARP4|S580	1.0	0.0
LARP6|S447	1.0	0.0
LARP6|S56	1.1937717	0.19793326
LARP7|S268	1.0	0.0
LARP7|S305	0.9561538	-0.06014824
LARP7|S305_S306	1.0	0.0
LARP7|S305_S306_S307	1.0	0.0
LARP7|S307	1.0	0.0
LARP7|S344	1.0	0.0
LARP7|S344_T345	1.0	0.0
LARP7|T345	1.0	0.0
LAS1L|S246_S249	1.0	0.0
LAS1L|S424	1.0	0.0
LAS1L|S506	1.0	0.0
LAS1L|S543	1.0	0.0
LAS1L|S600	1.0	0.0
LASP1|S146	0.98210454	0.043996327
LASP1|S194	1.0004907	-0.016157182
LASP1|S61	0.94633013	-0.05150496
LASP1|S99	0.98352784	0.0023962362
LASP1|T104	1.0877994	0.09968708
LAT2|S44	0.91682994	-0.06705336
LAT2|S86	1.0	0.0
LATS1|S464	0.98224217	-0.010579394
LATS1|S909	1.0	0.0
LATS1|T17	1.0	0.0
LATS1|T246	0.9881112	-0.010163597
LAYN|S299	0.9486938	-0.05314781
LBH|S63	0.87669784	-0.16083455
LBR|S128	1.0	0.0
LBR|S84_S86	1.0	0.0
LBR|S86	0.9779171	-0.0065066786
LBR|S97_S99	1.0	0.0
LBR|S99	0.97878635	0.023642344
LCA5|S501_S505	1.0	0.0
LCA5|S686	0.96703523	-0.030578934
LCA5|S7	0.9340959	-0.04325208
LCK|Y192	1.0561848	0.056713156
LCOR|S583	1.0	0.0
LCP1|S257	1.1078701	0.14071558
LCP1|S406	1.1073112	0.1299265
LCP1|S474	1.1290802	0.10463144
LCP1|S5	1.0595537	0.05587529
LCP1|S7	0.9611473	-0.05008258
LCP1|Y124	1.0	0.0
LCP2|S207	1.0237683	0.01603168
LDB1|S302	0.985499	0.0036404592
LDB3|S121_S123	1.0	0.0
LDB3|S123	0.99567235	0.003516452
LDB3|S268	0.941579	-0.052304715
LDB3|T98	1.0	0.0
LDHA|Y39	1.0	0.0
LDHB|S44	1.0	0.0
LDLRAP1|S14	1.0	0.0
LEMD2|S134_S138_S139	1.0	0.0
LEMD2|S138_S139	1.0	0.0
LEMD2|S166	1.1248081	0.16488864
LEMD2|S82	0.9832601	0.03052076
LEMD3|S144	1.0021387	-0.0012120274
LEMD3|S261	1.0464231	0.051626556
LENG1|S59	0.99371964	-0.0026696983
LENG8|S351	0.97280985	-0.023806304
LEO1|S151	1.0003321	0.036354747
LEO1|S162	0.9750806	-0.033673596
LEO1|S162_S171	1.0	0.0
LEO1|S171	0.8632134	-0.07951658
LEO1|S171_S179	1.0	0.0
LEO1|S179	0.88413703	-0.076056965
LEO1|S197	0.8835366	-0.07267526
LEO1|S205	0.8509412	-0.13159339
LEO1|S212	0.84932435	-0.039179876
LEO1|S212_S220	1.0	0.0
LEO1|S220	0.7562363	-0.18514419
LEO1|S229	0.8934854	-0.09520848
LEO1|S229_S238	1.0	0.0
LEO1|S238	0.8291167	-0.17051266
LEO1|S246_S254_S261	1.0	0.0
LEO1|S279	0.9300312	-0.08350033
LEO1|S294_S296	1.0	0.0
LEO1|S294_S296_S300	1.0	0.0
LEO1|S300	0.92568964	-0.06228611
LEO1|S630	1.0336473	0.060652275
LEO1|T188	0.95971584	-0.0003483891
LEO1|T188_S197	1.0	0.0
LEO1|T569_S570	1.0	0.0
LEO1|T629_S630	1.0	0.0
LGALS1|S30	0.959568	0.029683068
LGALS1|S39	1.0	0.0
LGALS3BP|S444	1.0100479	0.045279287
LIFR|S887	0.96134007	-0.034611773
LIG1|S141	1.0162114	0.00787604
LIG1|S51	1.0537217	0.048964337
LIG1|S66	0.9665399	-0.009589297
LIG1|S76	1.0352975	0.092258
LIG1|T182	1.0036749	0.0067175175
LIG1|T183	1.0491117	0.06038764
LIG1|T195	1.053534	0.06039888
LIG3|S210	1.0283915	0.091155455
LILRB1|S581	1.0	0.0
LILRB4|S318_S319	1.0	0.0
LILRB4|S377	1.0009574	0.053549897
LILRB4|S417	1.0	0.0
LILRB5|S506	1.0	0.0
LILRB5|S564	1.0	0.0
LIMA1|S132	0.9910109	0.0055293734
LIMA1|S225	1.0120409	0.0149150165
LIMA1|S263	1.0330179	0.016759563
LIMA1|S343	1.0	0.0
LIMA1|S362	1.0382165	0.04505653
LIMA1|S363	1.0	0.0
LIMA1|S491	1.0	0.0
LIMA1|S507	1.0	0.0
LIMA1|S508	1.0	0.0
LIMA1|S605	1.0	0.0
LIMA1|S61	1.09586	0.09105623
LIMA1|S617	1.019253	0.07834072
LIMA1|S618	1.0	0.0
LIMA1|S671_S686	1.0	0.0
LIMA1|S672_S687	1.0	0.0
LIMA1|S686	0.98477626	-0.019191537
LIMA1|S687	1.0	0.0
LIMA1|S698	1.0137618	0.06830704
LIMA1|S699	1.0	0.0
LIMA1|S726	1.0557709	0.15856399
LIMA1|S727	1.0	0.0
LIMA1|S741	1.052491	0.069188856
LIMA1|S742	1.0	0.0
LIMA1|T57	0.9826051	-0.030746723
LIMCH1|S169	0.99037486	0.01881662
LIMCH1|S201	1.1519514	0.15484628
LIMCH1|S201_S204	1.0	0.0
LIMCH1|S217	1.1665986	0.17944103
LIMCH1|S231	0.99533737	-0.005783005
LIMCH1|S297	0.8371337	-0.1596029
LIMCH1|S303	0.8037309	-0.22052024
LIMCH1|S365	1.0	0.0
LIMCH1|S377	1.1405061	0.057163477
LIMCH1|S377_S379	1.0	0.0
LIMCH1|S481	1.0	0.0
LIMCH1|S493	1.0316604	0.0019727382
LIMCH1|S523	1.1197602	0.11742623
LIMCH1|S589	1.0	0.0
LIMCH1|S601	0.93620664	-0.06369338
LIMCH1|S609	1.0	0.0
LIMCH1|S621	1.1161243	0.11347037
LIMCH1|S680	1.0	0.0
LIMCH1|S681	0.88273644	-0.112977885
LIMCH1|S706	1.0	0.0
LIMCH1|S718	1.0191392	0.0037118345
LIMCH1|S750	0.99382854	-0.008718676
LIMCH1|S756	1.0	0.0
LIMCH1|S769	1.0	0.0
LIMCH1|S874	1.0	0.0
LIMCH1|S906	1.0	0.0
LIMCH1|S972	1.0	0.0
LIMCH1|S985	1.0	0.0
LIMCH1|T215_S217	1.0	0.0
LIMD1|S233	0.96371174	0.02261428
LIMD1|S272	1.0018839	0.006883854
LIMD1|S272_S277	1.0	0.0
LIMD1|S277	0.97936195	-0.017767102
LIMD1|S384	1.0442098	0.047079418
LIMD1|S421	0.8805182	-0.10201147
LIME1|S61	1.0128388	-0.021280203
LIME1|S70	1.0	0.0
LIME1|S95	1.0	0.0
LIMK1|S176	1.0	0.0
LIMK2|S272	1.0	0.0
LIMS1|S24	1.0	0.0
LIN37|S182	0.98789245	-0.010780927
LIN52|S28	1.0	0.0
LIN54|S310_S314	1.0	0.0
LIN54|S414	1.0	0.0
LIN54|S43	1.0	0.0
LIN54|S89_S93	1.0	0.0
LIN9|S13	1.0	0.0
LIN9|S257	1.0	0.0
LIPE|S855	1.2358412	0.2146773
LIPE|T813	1.0	0.0
LLGL2|S480	0.9995905	0.0010811661
LLGL2|S680	0.8941953	-0.10757127
LLGL2|S847	1.0	0.0
LLGL2|S961	0.9694622	-0.010153983
LLGL2|S965	0.9750098	0.02046741
LMCD1|S16	0.9783284	-0.029357348
LMCD1|S254	1.0466924	0.040320303
LMCD1|S42	1.0	0.0
LMNA|S12	1.048871	0.08041068
LMNA|S143	1.0	0.0
LMNA|S18	0.92572224	-0.06460807
LMNA|S22	1.1725483	0.17516452
LMNA|S277	1.028561	0.09565048
LMNA|S301	1.0673681	0.06528551
LMNA|S303	1.0793524	0.09246542
LMNA|S307	1.0442089	0.07718691
LMNA|S390	1.1578015	0.20709401
LMNA|S390_S392	0.9769782	-0.023574755
LMNA|S392	1.1369966	0.1928693
LMNA|S404	1.0933027	0.14608958
LMNA|S404_S407	1.0	0.0
LMNA|S406	1.0037135	0.062377322
LMNA|S406_S407	1.0	0.0
LMNA|S407	1.1247025	0.17880495
LMNA|S429	1.0992876	0.1254893
LMNA|S431	1.0033809	0.019060344
LMNA|S458	1.0948565	0.14283091
LMNA|S463	1.1138595	0.13382909
LMNA|S507	1.0	0.0
LMNA|S51	1.0396601	0.051471017
LMNA|S533	0.9221228	-0.05088743
LMNA|S628	1.0632716	0.06034376
LMNA|S632	0.9624528	-0.0060167587
LMNA|S636	0.9700968	0.0069128685
LMNA|S652	0.92946124	-0.0069137947
LMNA|S66	1.0505648	0.06980689
LMNA|S71	1.0713148	0.08299761
LMNA|S94	1.1281163	0.12845287
LMNA|T10_S12	1.0	0.0
LMNA|T19	1.0090454	0.044059277
LMNA|T409	1.1494973	0.15179536
LMNB1|S158	1.0	0.0
LMNB1|S200	0.92109954	-0.123754576
LMNB1|S23	1.0644119	0.08180382
LMNB1|S232	0.9933439	-0.009418352
LMNB1|S278	1.0	0.0
LMNB1|S391	1.1459608	0.20112374
LMNB1|S391_S393	1.0	0.0
LMNB1|S393	1.1858298	0.20776014
LMNB1|S534	0.9712394	-0.0340049
LMNB1|T575	0.9167026	-0.01349657
LMNB2|S316	1.01172	0.015866844
LMNB2|S405	0.9646593	-0.038114045
LMNB2|S405_S407	1.0	0.0
LMNB2|S407	0.98406	-0.022188252
LMNB2|S541	1.0	0.0
LMNB2|T34	0.9545514	-0.06589096
LMO7|S1089	1.0	0.0
LMO7|S1159	1.0	0.0
LMO7|S1176	1.0	0.0
LMO7|S1182	1.0	0.0
LMO7|S1252	1.0	0.0
LMO7|S1259	1.0	0.0
LMO7|S246	1.0342901	0.08510119
LMO7|S246_S249	1.0	0.0
LMO7|S257	1.0222514	-0.0014153864
LMO7|S276	1.0148875	0.053874046
LMO7|S342	1.0	0.0
LMO7|S345	1.0	0.0
LMO7|S370	1.0	0.0
LMO7|S417	1.0	0.0
LMO7|S471	1.0	0.0
LMO7|S533	1.0	0.0
LMO7|S585	1.0	0.0
LMO7|S626	1.0	0.0
LMO7|S630	1.0	0.0
LMO7|S654	1.0	0.0
LMO7|S684	1.0	0.0
LMO7|S692	1.0	0.0
LMO7|S863	1.0	0.0
LMO7|T598	1.0	0.0
LMOD1|S119	1.0487002	0.20999138
LMOD1|S12	0.94498956	0.03333136
LMOD1|S133_S135	1.0	0.0
LMOD1|S135	1.1184717	0.13227537
LMOD1|S508	1.0	0.0
LMOD1|S508_S512	1.0	0.0
LMOD1|S508_S512_S516	1.0	0.0
LMOD1|S508_S516	1.0	0.0
LMOD1|S516	1.0	0.0
LMOD1|S520	1.0	0.0
LMOD1|S555	1.0152433	0.1087269
LMOD1|S85	0.99847364	0.11226756
LMTK2|S1107	0.9964996	0.041278124
LMTK2|S886	1.0102515	0.012110462
LNPEP|S51	1.0	0.0
LNPEP|S80	1.1272572	0.14462644
LNPEP|S91	0.99099195	-0.025733253
LNPK|S260	1.0	0.0
LNPK|S450	1.0	0.0
LNPK|S450_S452	1.0	0.0
LNPK|S452	1.0	0.0
LNX1|S236	1.0374767	0.033162124
LNX1|S468	1.0707349	0.069494195
LPCAT2|S34	1.0	0.0
LPIN1|S168	1.0	0.0
LPIN1|S258	1.0	0.0
LPIN2|S106	0.9941069	0.017258912
LPIN2|S186_S187	1.0	0.0
LPIN2|S243	0.88492733	-0.08386138
LPIN2|S303	0.8395232	-0.047930416
LPIN2|S395	1.0392915	0.03816937
LPIN2|T291	0.9317463	-0.06794931
LPIN3|S225	1.0	0.0
LPIN3|S412	1.0	0.0
LPP|S313	0.9993645	-0.017243339
LPP|S375	1.0	0.0
LPP|S508	1.0	0.0
LPP|S537	1.0	0.0
LPP|T325	1.0	0.0
LPXN|T332	1.0	0.0
LRBA|S1100	1.0	0.0
LRBA|S1133	0.9272131	-0.0730512
LRBA|S1135	0.9345416	-0.06583932
LRBA|S1231	1.0060985	-0.016207218
LRBA|S1261	0.925177	-0.06923458
LRBA|S1488	0.9002921	-0.07089376
LRBA|S1498	0.92704463	-0.06216283
LRBA|S1753	1.0	0.0
LRBA|S1787	0.89468884	-0.11218139
LRBA|S2054	1.0	0.0
LRBA|S2485	1.0	0.0
LRBA|S979	1.0	0.0
LRBA|T1033	1.0113362	0.01238146
LRCH1|S327	1.0834116	0.09498546
LRCH1|S370	1.0418514	0.068545654
LRCH1|S532_S536	1.0	0.0
LRCH1|S536	0.98973024	-0.010758863
LRCH3|S324	1.0248003	0.034778483
LRCH3|S352	0.9341541	-0.049633246
LRCH3|S415	1.0	0.0
LRCH3|S419	0.9869858	-0.013210506
LRCH3|S611	1.0	0.0
LRCH4|S281	0.9692555	-0.031538308
LRCH4|S313	0.98702496	-0.018327495
LRCH4|S432	1.0	0.0
LRIF1|S502	1.0	0.0
LRIF1|T732	1.0	0.0
LRMP|S388	1.0	0.0
LRMP|T319	1.0	0.0
LRP1|S4520	0.9027328	0.014411798
LRP1|S4523	0.9682766	-0.015728792
LRP1|T4460	0.9717501	-0.021917615
LRP2|S4463	0.9705374	-0.033880465
LRP4|S1887	1.0738133	0.07663589
LRPAP1|S247	1.0312898	0.07899559
LRPAP1|S310	1.0	0.0
LRPAP1|S50	0.9412055	-0.07738256
LRRC1|S37	1.0	0.0
LRRC1|S443	1.0	0.0
LRRC1|T480	1.0	0.0
LRRC41|S276	1.0403609	0.008024474
LRRC41|S326	1.0579764	0.025579773
LRRC41|S357	1.0006852	0.006298742
LRRC41|S359	1.0	0.0
LRRC47|S315	1.0	0.0
LRRC47|S431	0.94076174	-0.01134354
LRRC47|S520	1.0746775	0.09699826
LRRC47|S92	1.0	0.0
LRRC8A|S217	1.0	0.0
LRRFIP1|S120	0.9930828	-0.011463944
LRRFIP1|S16	1.0041157	0.038883116
LRRFIP1|S209	1.0	0.0
LRRFIP1|S248	1.0	0.0
LRRFIP1|S555	1.0391384	0.053571373
LRRFIP1|S581	1.0	0.0
LRRFIP1|S618	0.979962	-0.015673857
LRRFIP1|S733	0.9819338	0.020286607
LRRFIP1|S81	1.0	0.0
LRRFIP1|S88	1.0	0.0
LRRFIP2|S18	0.956229	-0.024642918
LRRFIP2|S312	0.9766146	-0.020251147
LRRFIP2|S328	1.0200511	0.029807402
LRRFIP2|S96	1.0	0.0
LRRK2|S910	1.1824994	0.19442797
LRRK2|S926	0.9181947	-0.081568256
LRRK2|S935	0.88673747	-0.10294785
LRRK2|S973	0.95194453	-0.03911985
LRWD1|S107	1.0	0.0
LRWD1|S60	1.0	0.0
LRWD1|S89	1.0	0.0
LRWD1|S91	1.0	0.0
LSG1|S252	1.0	0.0
LSM12|T75	0.9915067	0.0007993674
LSM14A|S183	0.9801754	0.009426443
LSM14A|S192	0.9952003	-0.0015193179
LSM14A|S216	0.96417147	-0.017341368
LSM14A|S374	0.865393	-0.06517087
LSM14B|S165	0.9696467	-0.048994165
LSP1|S111	1.032588	0.13466814
LSP1|S130	1.0020566	0.047519997
LSP1|S139	1.0266694	0.04161339
LSP1|S177	1.055741	0.09929214
LSP1|S177_S189	1.0	0.0
LSP1|S188	1.0815006	0.07250077
LSP1|S188_S189	1.0	0.0
LSP1|S189	1.0376782	0.042394258
LSP1|S189_S193	1.0	0.0
LSP1|S193	1.0161116	0.045272093
LSP1|S218	0.970409	0.031273074
LSP1|S24	1.0804192	0.08333208
LSP1|S252	1.0785406	0.112372026
LSP1|T175_S177	1.0	0.0
LSP1|T175_S177_S188	1.0	0.0
LSP1|T175_S177_S189	1.0	0.0
LSP1|T175_S177_T184	1.0	0.0
LSP1|T202	1.0010852	-0.017449895
LSR|S324	1.0	0.0
LSR|S328	1.0	0.0
LSR|S356	1.0	0.0
LSR|S385	1.0390267	0.042247687
LSR|S385_T393	1.0	0.0
LSR|S422	1.0	0.0
LSR|S444	1.0	0.0
LSR|S473	1.0	0.0
LSR|S473_T481	1.0	0.0
LSR|S510	1.0	0.0
LSR|T393	1.0	0.0
LSR|T481	1.0	0.0
LTBP1|S1290	1.0	0.0
LTBP1|S1616	1.0	0.0
LTBP2|S1395	0.8671457	-0.13580266
LTBP2|S250	1.1623449	0.26230457
LTBP2|S372	0.7965952	0.0014501985
LTV1|S17	1.0	0.0
LUC7L2|S18	0.92725766	-0.071896106
LUC7L2|S347	0.94175255	-0.028418355
LUC7L3|S110	1.0	0.0
LUC7L3|T238	0.83204603	-0.15984087
LUC7L|S332	1.0	0.0
LUC7L|S336	0.99195886	-0.0056768307
LUZP1|S1023	1.0	0.0
LUZP1|S1042	1.0	0.0
LUZP1|S394	0.9829671	0.013678265
LUZP1|S440	1.0	0.0
LUZP1|S57	1.0243287	0.0019065313
LUZP1|S611	1.0164102	0.016112564
LUZP1|S659	1.0566906	0.06377799
LUZP1|S905	0.98580194	-0.0078022266
LUZP1|S932	1.0690466	0.06196847
LUZP1|S957	1.0635778	0.06459275
LXN|S41	1.0855597	0.070337296
LYAR|S258	1.0	0.0
LYAR|S258_S260	1.0	0.0
LYAR|S276	0.97475016	0.019499468
LYN|S11	0.9107307	-0.07854677
LYN|S13	0.95575315	-0.016522085
LYSMD1|S99	1.0384299	0.0641647
LYSMD2|S24	0.97888505	-0.012566779
LYSMD2|S33	0.9926299	-0.00835213
LYST|S1503	1.0	0.0
LYST|S2105	1.0999585	0.10154708
LYST|S2124	1.0131512	0.04970966
LYST|S2128	1.0410008	0.041255385
LYST|S2149	0.9884091	-0.012443006
LYST|S2213_S2217	1.0	0.0
LYST|S2217	1.0124979	0.035806425
LYST|S2264	1.1114984	0.14509241
LYST|S2627	0.97775906	0.0036823542
LZTS1|S117	1.0	0.0
LZTS1|S231	0.9876269	-0.013434214
LZTS1|S233	0.89286107	-0.12734263
LZTS1|S50	0.9470933	-0.062316775
LZTS2|S160	1.0	0.0
LZTS2|S346	1.0	0.0
LZTS2|S570	1.0477979	0.041495655
M6PR|S181	1.0	0.0
MACC1|S112_S115_S116	1.0	0.0
MACC1|S115_S116	1.0	0.0
MACC1|S191	1.0	0.0
MACC1|S515	1.0	0.0
MACF1|S1860	1.0	0.0
MACF1|S2769	1.0	0.0
MACF1|S280	1.0722221	0.07354501
MACF1|S312	1.0	0.0
MACF1|S3850	1.0	0.0
MACF1|S440	1.0	0.0
MACF1|S4868	1.0	0.0
MACF1|S5949	1.0	0.0
MACF1|S6077	1.0	0.0
MACO1|S244	1.0086969	0.0011631466
MAD1L1|S428	1.0531656	0.12787813
MAD2L1BP|S134	1.0	0.0
MAD2L1|S195	1.0627288	0.0663902
MAF1|S60	1.0	0.0
MAF1|S75	0.85498095	-0.08450048
MAGED1|S166	1.0	0.0
MAGED1|S322	1.0	0.0
MAGED2|S190_S191	1.0	0.0
MAGED2|S190_S191_S194	1.0	0.0
MAGED2|S218	1.0	0.0
MAGI1|S1089	1.0	0.0
MAGI1|S1332	1.0	0.0
MAGI1|S1332_T1336	1.0	0.0
MAGI1|S1350	1.0	0.0
MAGI1|T1336	1.0	0.0
MAGI2|S220	1.0	0.0
MAGI3|S595	1.0	0.0
MAGI3|S659	0.9812089	-0.01897631
MAGI3|S676	0.99136937	-0.008981384
MAGI3|S699	1.0	0.0
MAGI3|S832	1.0076815	0.007799221
MAGI3|S953	1.0316745	0.03186207
MAGIX|S21	1.017782	0.05134554
MAGOH|S106	1.0113263	0.01255375
MAK16|S229	0.9698837	-0.032870404
MAK16|S229_S232	1.0	0.0
MAK16|S232	1.0048645	0.0008689348
MAML1|S303	0.97872686	-0.025074078
MAML1|S314	0.9710099	-0.020550366
MAML1|S360	0.99667126	-0.0033769654
MAML1|S45	0.96937716	-0.023005852
MAML2|S1089	1.0	0.0
MAML2|S53	1.0	0.0
MAOA|S383	1.0	0.0
MAP1A|S1069	0.8522079	-0.13687775
MAP1A|S1146	0.96003836	-0.0351192
MAP1A|S1172	0.9711221	-0.07366663
MAP1A|S1218	0.973824	0.0034698532
MAP1A|S1221	1.0	0.0
MAP1A|S155	1.0	0.0
MAP1A|S1600	1.0138341	0.01860854
MAP1A|S1675	1.1212553	0.14776525
MAP1A|S1749	0.86388886	-0.14912379
MAP1A|S1776	0.9847939	0.011154799
MAP1A|S1791	0.9989471	-0.00061396445
MAP1A|S1797	0.9607157	-0.038546845
MAP1A|S1797_S1801	1.0	0.0
MAP1A|S1801	1.0026044	0.0026121733
MAP1A|S1818	0.95062846	-0.05032731
MAP1A|S2022	1.0411701	0.066278994
MAP1A|S2074	1.0312768	0.03329705
MAP1A|S2090_S2092	1.0	0.0
MAP1A|S2106	1.0084467	0.045515794
MAP1A|S2188	1.0	0.0
MAP1A|S2449	0.95842624	-0.03558498
MAP1A|S2617	0.9250085	0.0051248833
MAP1A|S2629_T2631	1.0	0.0
MAP1A|S2664	1.0737077	0.15728293
MAP1A|S526_S527	1.0	0.0
MAP1A|S605	1.0139873	0.014246341
MAP1A|S612	1.0432622	0.14051083
MAP1A|S612_T616	1.0	0.0
MAP1A|S644	1.0732332	0.122796334
MAP1A|S667	0.91311157	-0.01695551
MAP1A|S896	0.9813126	0.044388916
MAP1A|S909	0.9708827	-0.02294881
MAP1A|S986	1.0843557	0.10232024
MAP1A|S996	1.0	0.0
MAP1A|T1318	1.0	0.0
MAP1A|T504	0.9208603	-0.013873214
MAP1A|T894	0.98971385	-0.0035347051
MAP1B|S1016	0.9283451	0.0002745264
MAP1B|S1154	1.1584387	0.15891089
MAP1B|S1208	1.1314901	0.15335506
MAP1B|S1252	0.93038124	-0.07244999
MAP1B|S1256_S1260_S1265	1.0	0.0
MAP1B|S1256_S1265	1.0	0.0
MAP1B|S1260_S1265	1.0	0.0
MAP1B|S1262	1.1134716	0.11343661
MAP1B|S1262_S1265	1.0	0.0
MAP1B|S1265	1.0302798	0.09254901
MAP1B|S1265_T1270	1.0	0.0
MAP1B|S1276	1.0	0.0
MAP1B|S1298	0.9699725	-0.011940568
MAP1B|S1298_S1312	1.0	0.0
MAP1B|S1312	0.9393164	-0.039926663
MAP1B|S1376_S1378	1.0	0.0
MAP1B|S1387	1.1261166	0.13332553
MAP1B|S1389	1.1269913	0.13378665
MAP1B|S1396_S1400	1.0	0.0
MAP1B|S1400	1.1586149	0.1564312
MAP1B|S1427	0.9484884	0.088637345
MAP1B|S1438	1.0890061	0.10855666
MAP1B|S1438_S1443	1.0	0.0
MAP1B|S1443	0.98671985	0.060248766
MAP1B|S1501	1.0051711	0.066175416
MAP1B|S1512	1.0	0.0
MAP1B|S1520	1.0616903	0.08893249
MAP1B|S1618	0.95315355	-0.047142364
MAP1B|S1618_S1620	1.0	0.0
MAP1B|S1625	0.9867492	-0.011793542
MAP1B|S1653	0.83063585	-0.14386575
MAP1B|S1764	1.0	0.0
MAP1B|S1772	1.0983095	0.09874269
MAP1B|S1779	1.0245754	0.063466065
MAP1B|S1779_S1782	1.0	0.0
MAP1B|S1782	1.0161325	0.020174744
MAP1B|S1785	1.0596527	0.12750901
MAP1B|S1793	1.0445905	0.09333391
MAP1B|S1801	1.1525538	0.15269169
MAP1B|S1852	0.9933825	0.059117455
MAP1B|S1915	1.0071155	0.1158266
MAP1B|S1917	1.1482923	0.15757026
MAP1B|S1965	1.2062963	0.23830909
MAP1B|S2072	1.0665822	0.09969765
MAP1B|S2086	1.0	0.0
MAP1B|S2087	1.0	0.0
MAP1B|S2209_S2211	1.0	0.0
MAP1B|S2271	1.0156718	0.056311995
MAP1B|S336	1.196988	0.19298533
MAP1B|S343	0.99580365	0.0043077073
MAP1B|S561	1.1905196	0.19944559
MAP1B|S582	1.0	0.0
MAP1B|S614	1.0048448	0.0061612804
MAP1B|S831_S832	1.0464832	0.048389878
MAP1B|S832	1.0366915	0.1293382
MAP1B|S891	1.1048712	0.11161992
MAP1B|S91	1.087306	0.08890063
MAP1B|S936_S937	1.0	0.0
MAP1B|S937	0.95229864	-0.0031258562
MAP1B|S970	1.0687771	0.10886392
MAP1B|S992	0.96718925	0.05213144
MAP1B|S992_S995	1.0	0.0
MAP1B|S995	0.9328124	-0.05037401
MAP1B|T1067	1.0825093	0.13291058
MAP1B|T1282	1.0680591	0.080067776
MAP1B|T1633	0.9125041	-0.039722983
MAP1B|T1788	0.93470734	-0.060695525
MAP1B|T1864	1.0	0.0
MAP1B|T1932	1.0404932	0.05902091
MAP1B|T1949	1.1257045	0.20273757
MAP1B|T2034	1.0254209	0.024032999
MAP1B|T527	1.0789803	0.076890536
MAP1B|T908	1.0711336	0.059142575
MAP1B|T948	0.99379015	-0.013010434
MAP1S|S295	1.0	0.0
MAP1S|S446	1.0	0.0
MAP1S|S446_S449	1.0	0.0
MAP1S|S520	1.0	0.0
MAP1S|S556	1.0	0.0
MAP1S|S584	1.0	0.0
MAP1S|S614	1.0	0.0
MAP1S|S703_S705	1.0	0.0
MAP1S|S703_S705_S715	1.0	0.0
MAP1S|S715	1.0	0.0
MAP1S|S733	1.0	0.0
MAP1S|S733_S736	1.0	0.0
MAP1S|S736	1.0	0.0
MAP1S|T612_S614	1.0	0.0
MAP2K1|S212	1.0	0.0
MAP2K1|S218	1.0	0.0
MAP2K1|S222	1.0	0.0
MAP2K2|S216	1.0	0.0
MAP2K2|S222	1.0	0.0
MAP2K2|S226	0.9802176	-0.02690397
MAP2K2|T394	1.0353205	0.052669473
MAP2K3|S189	1.0	0.0
MAP2K4|S101	1.0	0.0
MAP2K4|S268	1.0	0.0
MAP2K4|S91	1.0	0.0
MAP2K6|S207	1.0	0.0
MAP2K6|Y203	1.0	0.0
MAP2|S1343	1.0	0.0
MAP2|S1343_S1349	1.0	0.0
MAP2|S1347	1.164506	0.17734468
MAP2|S1347_S1353	1.1227605	0.12097018
MAP2|S1353	1.1888413	0.25757772
MAP2|S1782	1.2118068	0.25071096
MAP2|S278	1.0	0.0
MAP2|S281	1.0	0.0
MAP2|S281_T286	1.0	0.0
MAP2|S285	0.93252945	-0.09248493
MAP2|S285_T290	1.0	0.0
MAP2|S817	1.0	0.0
MAP2|S821	1.0762774	0.083748944
MAP2|S829	1.0	0.0
MAP2|S833	1.0788519	0.09534025
MAP2|T1602	1.1011783	0.09477486
MAP2|T1649	1.226542	0.23020229
MAP2|T254	1.0	0.0
MAP2|T258	1.0	0.0
MAP2|T293	1.0	0.0
MAP3K11|S35	1.0159115	-0.0068889554
MAP3K11|S507	1.0124809	0.038951583
MAP3K11|S524	1.0345365	0.024368428
MAP3K11|S548	1.0	0.0
MAP3K11|S570	1.0	0.0
MAP3K11|S693	1.0	0.0
MAP3K11|S789_S793	1.0	0.0
MAP3K11|S793	1.0	0.0
MAP3K1|S1026	1.0	0.0
MAP3K1|S1455	1.0	0.0
MAP3K1|S250	0.8764791	-0.10910118
MAP3K1|S250_S252	1.0	0.0
MAP3K1|S275	1.0	0.0
MAP3K1|S292	0.9993668	0.0028583216
MAP3K20|S268	1.0	0.0
MAP3K20|S275	1.0203444	0.0334448
MAP3K20|S339	1.0	0.0
MAP3K20|S584	1.1199595	0.16545124
MAP3K20|S633	1.1065341	0.12766537
MAP3K20|S637	1.2014415	0.17338668
MAP3K20|S727	1.1123583	0.1383037
MAP3K21|S528	1.0392234	-0.0012627166
MAP3K21|S614	1.0	0.0
MAP3K21|T592	1.0	0.0
MAP3K2|S153	0.90097964	-0.08841843
MAP3K2|S331	0.96500903	-0.034825664
MAP3K2|S349	0.92003757	-0.07759357
MAP3K2|S514	0.99567723	-0.0073274635
MAP3K3|S166	0.9402398	-0.045812305
MAP3K3|S250	0.96603054	-0.02812886
MAP3K3|S337	0.9113658	-0.09036645
MAP3K3|S337_S340	1.0	0.0
MAP3K3|S340	0.98128617	-0.026913311
MAP3K3|S355	0.99395686	-0.010551918
MAP3K4|S1155	1.0	0.0
MAP3K4|S431	1.0931668	0.098620564
MAP3K4|S84	0.97958666	-0.021036476
MAP3K4|T447	1.0	0.0
MAP3K5|S1029_S1033	1.0	0.0
MAP3K5|S1033	1.0531952	0.065263204
MAP3K5|S984	1.0	0.0
MAP3K5|S997	1.0	0.0
MAP3K7|S389	0.9824038	0.008122664
MAP3K7|S439	0.973921	-0.011585829
MAP3K8|S141	1.0677445	0.07358091
MAP4K1|S586	1.0	0.0
MAP4K2|S328	0.9773687	0.0050326143
MAP4K2|S394	1.000894	-0.0032460226
MAP4K3|S329	1.0	0.0
MAP4K4|S1045	1.0	0.0
MAP4K4|S523	1.0	0.0
MAP4K4|S639	1.0961807	0.11415128
MAP4K4|S716	1.0	0.0
MAP4K4|S805	1.067021	0.08723499
MAP4K4|S886	1.0	0.0
MAP4K4|S900	1.0791277	0.0727245
MAP4K4|T181	0.9793126	-0.024894908
MAP4K4|T187	1.0	0.0
MAP4K5|S335	1.0270232	0.04264535
MAP4|S1000	0.9739351	-0.027616616
MAP4|S1073	1.0095149	0.058422364
MAP4|S280	1.0747988	0.11842943
MAP4|S295	0.9817788	-0.007993329
MAP4|S358	1.0472625	0.086638644
MAP4|S384	1.0	0.0
MAP4|S507	1.054287	0.103514016
MAP4|S507_S510	1.0	0.0
MAP4|S624	1.0	0.0
MAP4|S636	0.81320673	-0.041821767
MAP4|S696	1.068622	0.068311445
MAP4|S787	1.208705	0.2102663
MAP4|S825	1.0518426	0.11046479
MAP4|S853	1.023465	0.02412354
MAP4|S928	1.0624082	0.10942579
MAP4|S941	1.0750821	0.089242294
MAP4|T521	1.0376627	0.075567074
MAP4|T571	1.0691986	0.04142225
MAP4|T585	1.0	0.0
MAP6|S200	1.2337325	0.21350545
MAP7D1|S116	1.0197276	0.028492799
MAP7D1|S125	1.0051696	-0.0015197028
MAP7D1|S232	1.0	0.0
MAP7D1|S252	1.0	0.0
MAP7D1|S254	0.9698612	-0.0065564713
MAP7D1|S273	1.0003941	0.04338048
MAP7D1|S286	1.0	0.0
MAP7D1|S313	1.0135887	0.043920353
MAP7D1|S334	1.0	0.0
MAP7D1|S367	1.0	0.0
MAP7D1|S378	1.0	0.0
MAP7D1|S410	1.0180935	0.03560248
MAP7D1|S414	1.0	0.0
MAP7D1|S420	1.0	0.0
MAP7D1|S428	1.0	0.0
MAP7D1|S512	1.0	0.0
MAP7D1|S512_S516	1.0	0.0
MAP7D1|S512_S516_S520	1.0	0.0
MAP7D1|S512_S520	1.0	0.0
MAP7D1|S520	1.0	0.0
MAP7D1|S86	0.9790051	-0.024758559
MAP7D1|S93_T97	1.0	0.0
MAP7D1|T47	1.0	0.0
MAP7D1|T47_T51	1.0	0.0
MAP7D1|T97	1.0479934	0.085247874
MAP7D3|S147	1.0	0.0
MAP7D3|S211	1.0	0.0
MAP7D3|S506	1.0	0.0
MAP7|S219	1.1678511	0.13766794
MAP7|S231	1.0	0.0
MAP7|S241	1.0	0.0
MAP7|S315	1.0067251	0.17115988
MAP7|S335	1.0391635	0.05311604
MAP7|S337	1.0	0.0
MAP7|S357	1.0	0.0
MAP7|S365	0.9795421	-0.006262702
MAP7|S387	1.0	0.0
MAP7|T231	1.0	0.0
MAP7|T253	1.0	0.0
MAP7|T277	1.0939591	0.09384362
MAP9|S79	0.89074236	-0.106932454
MAP9|S97	1.0	0.0
MAPK13|S350	1.1032556	0.088404365
MAPK13|Y182	1.0	0.0
MAPK14|S252	1.0	0.0
MAPK14|T180	1.0922577	0.10557999
MAPK14|T180_Y182	1.0	0.0
MAPK14|Y182	1.0579457	0.07300088
MAPK1|T181_Y187	1.0	0.0
MAPK1|T185_Y187	1.0	0.0
MAPK1|Y187	1.0030991	0.037988797
MAPK3|T198_Y204	1.0	0.0
MAPK3|T202_Y204	1.0	0.0
MAPK3|Y204	0.92412394	-0.06772404
MAPK7|S731	1.0	0.0
MAPK7|T733	0.9931928	-0.0069917454
MAPKAP1|S510	0.99655974	0.0044872663
MAPKAPK2|T334	0.996881	-0.01595034
MAPKAPK5|S212	1.0	0.0
MAPKAPK5|T182	1.0	0.0
MAPKBP1|S1198	1.0	0.0
MAPKBP1|S1263	1.0	0.0
MAPKBP1|S488	1.0	0.0
MAPRE2|S200	1.1290822	0.15661103
MAPRE3|S176	0.97826916	-0.0064196596
MAPT|S171	1.0	0.0
MAPT|S228	1.0	0.0
MAPT|S238	1.0	0.0
MAPT|S239	1.0	0.0
MAPT|S251	1.0	0.0
MAPT|S361	1.0	0.0
MAPT|S437	1.0	0.0
MAPT|S508	1.0	0.0
MAPT|S516	1.2519989	0.2808833
MAPT|S516_S519	1.0	0.0
MAPT|S519	1.4154307	0.45439464
MAPT|S531	1.1950519	0.19486745
MAPT|S641	1.0	0.0
MAPT|S84	1.0	0.0
MAPT|T218	1.0	0.0
MAPT|T254	1.0	0.0
MAPT|T268	1.0	0.0
MAPT|T268_S272	1.0	0.0
MAPT|T498	1.098643	0.096261516
MAPT|T534	1.1695185	0.15023325
MAPT|T548	1.2031027	0.1862313
MAPT|T548_S552	1.0	0.0
MARCH7|S13	1.0	0.0
MARCH7|S544	0.97707903	-0.031739205
MARCKSL1|S104	1.0005305	0.061356455
MARCKSL1|S135	0.9294492	-0.06759981
MARCKSL1|S151	1.063319	0.06551781
MARCKSL1|S22	1.1184331	0.1445349
MARCKSL1|S36	0.8890355	-0.035156686
MARCKSL1|S71	1.0142215	0.0032668812
MARCKSL1|T14	1.0	0.0
MARCKSL1|T148	1.0581889	0.07128745
MARCKSL1|T148_S151	1.0	0.0
MARCKSL1|T85	1.0096194	0.04471709
MARCKS|S101	0.8975152	-0.053306837
MARCKS|S145	1.027533	0.104725234
MARCKS|S145_T150	1.0	0.0
MARCKS|S147	0.9864421	0.005654345
MARCKS|S163_S167	1.0	0.0
MARCKS|S167	0.8944333	-0.06464323
MARCKS|S167_S170	1.0	0.0
MARCKS|S170	0.7332493	-0.08541604
MARCKS|S26	1.1510394	0.12908357
MARCKS|S262	1.0	0.0
MARCKS|S46	1.1006283	0.15658757
MARCKS|S52	0.98500144	-0.015135823
MARCKS|S63	1.0	0.0
MARCKS|S77	1.0303164	0.022650616
MARCKS|S77_S81	1.0	0.0
MARCKS|S81	0.957092	0.088845804
MARCKS|T143	0.945358	0.016209625
MARCKS|T143_S145	1.0	0.0
MARCKS|T143_T150	1.0	0.0
MARCKS|T150	1.0832975	0.1572958
MARF1|S1090	1.0	0.0
MARF1|S1093	1.0	0.0
MARF1|S66	1.0	0.0
MARF1|S715	1.0005839	-0.0021761477
MARK1|S414	1.0749137	0.062463295
MARK1|S589	1.0	0.0
MARK1|S634	1.0	0.0
MARK1|T215	1.0	0.0
MARK1|T504	1.033255	0.010938612
MARK2|S398	1.049007	0.035279397
MARK2|S40	0.98696357	-0.015411591
MARK2|S400	1.0812025	0.11355021
MARK2|S409	0.9941178	-0.012037096
MARK2|S455	1.0	0.0
MARK2|S456	0.95932496	0.007329984
MARK2|S485	1.0	0.0
MARK2|S486	1.0589266	0.049464304
MARK2|S497	1.0	0.0
MARK2|S498	1.0	0.0
MARK2|S517	1.0	0.0
MARK2|S568	1.0	0.0
MARK2|S569	1.0	0.0
MARK2|S570	1.0	0.0
MARK2|S571	1.0	0.0
MARK2|S618	1.0	0.0
MARK2|S619	0.98702705	-0.010645274
MARK2|S630	1.0	0.0
MARK2|S631	1.0	0.0
MARK3|S400	1.0044589	-0.0050907517
MARK3|S42	1.0	0.0
MARK3|S469	0.9721164	-0.024377177
MARK3|S520	1.0	0.0
MARK3|S583	1.0	0.0
MARK3|T211	0.80333936	-0.10445295
MARK3|T507	0.97644556	0.00083274016
MARK3|T564	1.0	0.0
MARK4|S423	1.0	0.0
MARK4|T214	1.0	0.0
MARVELD2|S116_S120	1.0	0.0
MARVELD2|S161	1.0470093	0.072132625
MARVELD2|S407	0.9846933	-0.017031416
MAST2|S1032	0.9949736	0.018402232
MAST2|S1380	1.0	0.0
MAST2|S1392	1.0	0.0
MAST2|S1398	1.0	0.0
MAST2|S1428	1.0	0.0
MAST2|S148	0.9428362	-0.038060516
MAST2|S209	1.0	0.0
MAST2|S66	0.94342726	-0.05505843
MAST2|S74	1.0018978	0.02488292
MAST2|S806	1.0	0.0
MAST2|S895	0.94796884	-0.04266025
MAST2|S900	0.9355897	-0.049689252
MAST2|S92	0.8567129	-0.09381912
MAST2|S931	0.9137649	-0.00088021473
MAST2|T867	1.0	0.0
MAST3|S1215	1.0	0.0
MAST3|S146	1.0198889	0.023123473
MAST3|S348	0.96832955	-0.037860066
MAST3|S66	1.0085804	0.06931557
MAST3|S728	1.0845342	0.1705517
MAST3|S754	1.006872	0.022265742
MAST3|S782	1.0	0.0
MAST4|S1283	0.99041486	-0.0020656767
MAST4|S1355	1.0	0.0
MAST4|S137	1.0	0.0
MAST4|S1370	1.0172493	0.008071304
MAST4|S1419	0.99325824	-0.0045541213
MAST4|S1438	1.0434797	0.04931916
MAST4|S1442	1.0	0.0
MAST4|S1442_S1449	1.0	0.0
MAST4|S1467	0.9891538	-0.009295342
MAST4|S1491	1.0	0.0
MAST4|S1510	1.0	0.0
MAST4|S1523	1.012868	0.021776428
MAST4|S1539	1.0	0.0
MAST4|S156	1.0728604	0.056199696
MAST4|S1595	1.0	0.0
MAST4|S166	1.0170664	0.011498704
MAST4|S1932	1.0	0.0
MAST4|S1947	1.0	0.0
MAST4|S2019	1.0	0.0
MAST4|S206	0.9906815	-0.019256586
MAST4|S224	1.0	0.0
MAST4|S2442	1.0	0.0
MAST4|S2514	1.0	0.0
MAST4|S257	1.0	0.0
MAST4|S2624	1.0	0.0
MASTL|S370	1.0	0.0
MASTL|T519	1.0	0.0
MAT2B|S282	1.0888497	0.13782439
MAT2B|T280	1.0	0.0
MATR3|S11	0.9755199	-0.03354058
MATR3|S118	0.8806604	-0.11026609
MATR3|S188	0.9123941	-0.05796865
MATR3|S195	0.9649901	-0.03196848
MATR3|S206	1.001099	0.014347421
MATR3|S208	0.9850017	0.02189881
MATR3|S22	1.0	0.0
MATR3|S234	1.0	0.0
MATR3|S37	1.0	0.0
MATR3|S4	0.93953484	-0.024177562
MATR3|S41	1.0	0.0
MATR3|S533	1.0443928	0.046896618
MATR3|S596	0.8999698	-0.06904281
MATR3|S596_S598	1.0	0.0
MATR3|S598	0.86838675	-0.11237464
MATR3|S598_S604	1.0	0.0
MATR3|S604	0.9363403	-0.048857268
MATR3|S615	1.0173608	0.054237403
MATR3|S631	0.932771	-0.06608434
MATR3|S766	0.8116289	-0.15788718
MATR3|T150	1.0473676	0.042244263
MATR3|T741	1.0	0.0
MAVS|S152	0.9852624	-0.006468875
MAVS|S152_S165	1.0	0.0
MAVS|S165	0.9154315	-0.07270456
MAVS|S222	0.921368	0.004093923
MAVS|S401	1.0093426	0.02203559
MAVS|T121	1.0	0.0
MBD1|S295	1.0	0.0
MBD1|S297	1.0	0.0
MBD1|S311	0.82681024	-0.16771433
MBD1|S320	1.0	0.0
MBD1|S322	1.0	0.0
MBD1|S337	1.0	0.0
MBD1|S424	1.0	0.0
MBD1|T468	1.0	0.0
MBD1|T570	0.91059834	-0.088173896
MBD1|T580	1.0	0.0
MBD3|S56	1.0382627	0.05214924
MBD3|S85	1.0129082	0.0252817
MBD4|S253	1.0	0.0
MBLAC1|S61	1.0914164	0.08712495
MBNL1|S56	1.0	0.0
MBOAT2|T385	1.0	0.0
MBOAT7|S211	1.0	0.0
MBOAT7|S212	1.0	0.0
MBOAT7|S386	1.0	0.0
MBP|S153	1.0	0.0
MBP|S26	1.0142487	0.07559823
MBP|S96	1.0	0.0
MBP|T21	0.9745777	-0.024839671
MCAM|S606	0.9842673	0.007899916
MCC|S129	1.0	0.0
MCC|S389	1.0	0.0
MCC|S484	1.0	0.0
MCC|S871	1.0	0.0
MCC|S892	1.0	0.0
MCF2L|S546	1.0	0.0
MCF2L|S557	1.0	0.0
MCF2L|S577	1.0	0.0
MCF2L|S588	1.0	0.0
MCF2L|S590	1.0	0.0
MCM2|S108	0.86196834	-0.13349144
MCM2|S139	1.1017727	0.12955418
MCM2|S170	1.0	0.0
MCM2|S27	1.2097642	0.2644902
MCM3AP|S527_S538	1.0	0.0
MCM3AP|S538	1.0	0.0
MCM3|S678_S682_T684	1.0	0.0
MCM3|S682	1.0	0.0
MCM3|S682_T684	1.0	0.0
MCM3|S713_S717_T719	1.0	0.0
MCM3|S717	1.0	0.0
MCM3|S717_T719	1.0	0.0
MCM3|S756	1.0	0.0
MCM3|S756_T758	1.0	0.0
MCM3|S756_T758_T767	1.0	0.0
MCM3|S756_T767	1.0	0.0
MCM3|T719	1.0	0.0
MCM3|T767	1.0	0.0
MCM4|S120	0.9575125	-0.04265043
MCM4|S131	1.0295092	0.02539044
MCM4|S326	1.0549946	0.035573192
MCM4|T19	0.87457025	-0.15890376
MCM6|S762	0.9469225	0.05991871
MCM7|S500	0.9678878	-0.03081699
MCMBP|S154	1.0146617	-0.00097184395
MCMBP|S298	0.92646945	-0.07631949
MCRIP1|S21	1.0123495	0.021275977
MCRS1|S121	1.0	0.0
MCRS1|S295	1.0	0.0
MDC1|S108	0.92840683	-0.0747389
MDC1|S168	1.0894545	0.15958972
MDC1|S1775	1.0	0.0
MDC1|S1814	1.0184854	-0.015504872
MDC1|S1820	0.9680299	-0.03852855
MDC1|S329	1.121302	0.14496915
MDC1|S329_T331	1.0	0.0
MDC1|S376	1.014107	0.02009819
MDC1|S402_T404	1.0	0.0
MDC1|S453_T455	1.0	0.0
MDC1|S495	1.0953361	0.08262328
MDC1|S495_S498	1.0	0.0
MDC1|S498	1.048965	0.045893475
MDC1|S505	0.9355111	-0.04068198
MDC1|S544	1.0464513	0.04824708
MDC1|S780	1.068717	0.06649003
MDC1|S793	0.97474515	-0.017148769
MDC1|S882	1.0580897	0.062992476
MDC1|T1157	0.9544278	-0.0136174
MDC1|T1198	0.93396103	-0.057426307
MDC1|T1425	1.0147854	0.02210299
MDC1|T1466	0.9826677	-0.015438342
MDC1|T1548	0.9776818	-0.021554768
MDC1|T1567	1.0009934	0.0026187997
MDC1|T1800	1.0	0.0
MDH1|S129	1.0	0.0
MDH1|S235	1.0	0.0
MDH1|S259	1.0	0.0
MDH1|S260	1.0	0.0
MDH2|S246	1.1078187	0.105227716
MDM1|S218	1.0	0.0
MDM1|S269	1.0	0.0
MDM1|S566	1.0	0.0
MDN1|S4538	0.93710184	-0.067923866
MDN1|S4752	0.94736195	-0.055315416
MDN1|S4752_S4754	1.0	0.0
MDN1|S4889	1.0	0.0
MDN1|S5015	0.93755084	-0.06759818
MDN1|T4898	0.9319731	-0.06362519
MEA1|S168	1.0	0.0
MECOM|S427	1.0	0.0
MECOM|S501	1.0	0.0
MECOM|S603	1.0	0.0
MECP2|S25	1.0	0.0
MECP2|S286	1.0	0.0
MECP2|S325	1.0	0.0
MECP2|S435	1.0	0.0
MECP2|S90	1.0	0.0
MECP2|S92	1.0	0.0
MECP2|T491	1.0	0.0
MED12|S1258	0.93736464	-0.06371026
MED12|S635	0.92944723	-0.07271843
MED12|S698	0.9428347	-0.054145526
MED12|S698_S700	1.0	0.0
MED13L|S1071	0.973214	-0.011364312
MED13L|S2083	1.0	0.0
MED13L|S747	1.0	0.0
MED13L|S878	1.0	0.0
MED13L|S923	0.9706004	-0.027103962
MED13|S1029	1.0	0.0
MED13|S530_S537	1.0	0.0
MED13|S890	0.912253	-0.04290316
MED13|T474	1.0	0.0
MED14|S1112	0.97609925	-0.03231028
MED14|S1112_S1119	1.0	0.0
MED14|S1119	0.9437135	-0.052390844
MED14|S1136	1.0	0.0
MED14|S617	0.9715115	-0.015741901
MED15|T603	1.0	0.0
MED17|S10	0.9783724	-0.034985494
MED19|S243	1.0	0.0
MED1|S1207	1.0	0.0
MED1|S1207_T1215	1.0	0.0
MED1|S1302	1.0	0.0
MED1|S1401	0.98430085	-0.007036217
MED1|S1433	0.99683917	-0.0029061232
MED1|S1463	1.0009606	0.0020211888
MED1|S1536	1.0	0.0
MED1|S588	1.0	0.0
MED1|T1051	1.0181581	0.026625453
MED1|T1215	1.0	0.0
MED1|T805	0.948583	-0.039211884
MED26|S361	1.017539	0.014709247
MED26|S373	0.9841108	-0.006781706
MED26|S447	1.0102577	0.02433295
MED26|S535	0.9845203	-0.012415825
MEF2A|S233	1.0	0.0
MEF2A|S253	1.0	0.0
MEF2A|S398	1.0	0.0
MEF2A|S98	0.94539535	-0.0735938
MEF2A|S98_S108	1.0	0.0
MEF2A|S98_Y104	1.0	0.0
MEF2C|S222	1.0139621	0.013526233
MEF2C|S222_S228	1.0	0.0
MEF2C|S240	0.98536116	-0.02353068
MEF2C|S396	0.99028206	-0.025979577
MEF2D|S121	1.0420074	0.0121619925
MEF2D|S180	0.9393916	-0.059377026
MEF2D|S231	0.9691615	-0.019090345
MEF2D|S251	1.0	0.0
MEF2D|S98	1.0605491	0.077564195
MEF2D|S98_S106	1.0	0.0
MEF2D|S98_S106_S110	1.0	0.0
MEFV|S242	0.9912684	-0.0065543326
MEIS1|S196	1.075997	0.08412017
MELK|S308	1.0	0.0
MELK|S457	1.0	0.0
MEN1|S492	1.0	0.0
MEN1|S548	0.86549896	-0.1295784
MEOX2|S155	1.3552561	0.36206886
MEPCE|S152	0.9083787	0.010440262
MEPCE|S254	0.9767635	0.01356793
MEPCE|S330	1.0008038	0.000932211
MEPCE|S390	0.9859848	-0.018353641
MEPCE|S60	0.9736376	-0.014564198
MEPCE|S69	0.9750768	-0.022708684
MEPCE|T213	0.9445958	-0.044532876
MEPCE|T291	1.0	0.0
METTL13|S267	0.9728563	-0.027910726
METTL16|S419	1.0654508	0.06701221
METTL16|S455	0.99011725	-0.009867068
METTL1|S27	1.0269597	0.008767026
METTL3|S219	1.0	0.0
METTL3|S30	0.9613577	-0.04370402
METTL3|S43	0.93361646	-0.069741964
MET|T977	1.0	0.0
MEX3A|S308	1.0717382	0.07221681
MEX3A|S338	0.8640534	-0.14504828
MEX3A|S428	1.0787336	0.075674534
MEX3C|S537	0.96393394	-0.02944765
MEX3C|S545	1.0074383	0.008335892
MEX3D|S514	1.0525259	0.06351312
MFAP1|S116	0.9450307	-0.050243
MFAP1|S116_S118	1.0	0.0
MFAP1|S118	0.9498232	-0.05475246
MFAP1|S132_S133	1.0	0.0
MFAP1|S52_S53	1.0	0.0
MFAP1|S94	0.9324207	-0.064382195
MFAP1|T267	0.93644625	-0.055023573
MFF|S129	1.0	0.0
MFF|S129_S131	1.0	0.0
MFF|S131	1.0	0.0
MFF|S146	1.0	0.0
MFF|S155	0.93581593	-0.044332605
MFF|S155_S157	1.0	0.0
MFF|S157	0.8524953	-0.13783975
MFF|S172	1.0071825	0.0037453887
MFGE8|S42	0.8627065	-0.12525144
MFHAS1|S1038	1.0	0.0
MFSD6|S733	0.9739742	-0.022445144
MFSD6|T10	0.99387336	0.015453628
MFSD6|T726	1.0	0.0
MGA|S1422	0.99048775	-0.007298188
MGA|S1457	0.9936757	-0.009462536
MGA|S2898	1.0	0.0
MGA|S2921	0.99730825	-0.0065428135
MGA|S3059	1.0000983	-0.0008351789
MGA|S369	1.0220678	0.026284948
MGA|S449	1.0068915	0.04738773
MGA|S56	1.0099924	0.016357686
MGA|S607	1.0	0.0
MGA|S924	1.045599	0.055314835
MIA2|S527	1.0	0.0
MIA2|S541	1.0	0.0
MIA2|S553	1.0	0.0
MIA2|S601	1.0	0.0
MIA2|S640	1.0	0.0
MIA2|S652	1.0	0.0
MIA3|S1431	0.9802492	-0.020133499
MIA3|S1539	0.9449978	-0.040562183
MIA3|S1678	0.99587697	-0.0034761135
MIA3|S1706	1.0359728	0.034651622
MIA3|S1930	1.0	0.0
MIA3|S727	1.0018198	-0.01051481
MIA3|S876	0.88145816	-0.07180834
MIB1|S411	0.9550391	-0.043271396
MIB1|S416	1.0	0.0
MIB2|S366	1.0	0.0
MICAL1|T389	1.0	0.0
MICAL2|S515	0.9392482	-0.081843235
MICAL2|S765	1.0	0.0
MICAL3|S1129	1.0	0.0
MICAL3|S1134	1.0404899	0.039109558
MICAL3|S1221	0.9878307	0.013646316
MICAL3|S1310	1.0545197	0.069380574
MICAL3|S1394	1.0	0.0
MICAL3|S1483	1.0	0.0
MICAL3|S1649	1.036839	0.04329668
MICAL3|S1822	1.0	0.0
MICAL3|S649	1.038509	-0.020820864
MICAL3|S685	1.0228999	0.035863414
MICAL3|S977	0.9299115	0.0013656376
MICALL1|S295	1.0	0.0
MICALL1|S484_S486	1.0	0.0
MICALL1|S578	1.0682682	0.100088224
MICALL1|S621	1.005528	0.0065970654
MICALL1|S640	1.0	0.0
MICALL1|S640_S644	1.0	0.0
MICALL1|S644	1.0	0.0
MICALL1|S740	1.0	0.0
MICALL1|T318	1.0	0.0
MICALL2|S122	1.0531809	0.09477931
MICALL2|S122_S125	1.0	0.0
MICALL2|S125	1.1111573	0.120709315
MICALL2|S143	1.0336274	0.07305605
MICALL2|S153	1.0	0.0
MICALL2|S249	0.9963379	0.0072997757
MICALL2|S649	1.0356402	0.058617856
MICALL2|T330	1.0	0.0
MID1|S92	1.0328463	0.03426391
MID1|S96	1.0190276	0.043595657
MID1|T78	1.1115016	0.19404319
MID2|S116	1.0687184	0.11334998
MID2|T98	1.0	0.0
MIER1|S420	1.0	0.0
MIER1|S430	1.0	0.0
MIER1|S536_S541	1.0	0.0
MIER1|S541	1.0	0.0
MIGA1|S147	0.78077775	-0.25987864
MIGA2|S276	1.0189053	0.06077918
MINDY1|S151	1.0	0.0
MINDY2|S94	1.0054728	0.010796485
MINDY4|S352	1.0	0.0
MINK1|S535	1.0	0.0
MINK1|S601	0.9819474	0.014251884
MINK1|S641	1.0	0.0
MINK1|S701	0.9630739	-0.00030715187
MINK1|S740	1.0627354	0.070482485
MINK1|S763	1.0059024	0.019467967
MINK1|S993	0.95610785	-0.025163906
MINK1|T181	1.0	0.0
MINK1|T187	1.0	0.0
MINK1|T809	1.0	0.0
MIS18BP1|S1116	1.0	0.0
MIS18BP1|T702	1.0	0.0
MISP3|S174	0.95756054	-0.058169015
MISP3|S208	0.932516	-0.09635016
MISP3|S91	0.9932899	0.00542444
MISP|S284	1.0	0.0
MISP|S335	1.0	0.0
MISP|S348	1.0	0.0
MISP|S394	1.2256942	0.24197419
MISP|S394_S395	1.0	0.0
MISP|S395	1.0474327	0.035996426
MISP|S397	1.0	0.0
MISP|S400	1.0	0.0
MISP|S471	1.0	0.0
MISP|S541	1.0	0.0
MISP|S543	1.0760878	0.099958934
MISP|S575	0.90321875	-0.09300683
MISP|S582	1.0	0.0
MISP|S78	1.0	0.0
MISP|T172	1.0	0.0
MISP|T287	1.0	0.0
MISP|T377	1.2245389	0.24069855
MITF|S307	1.0	0.0
MITF|S397	1.0	0.0
MKI67|S1098	1.1599481	0.1880227
MKI67|S1131	1.0	0.0
MKI67|S1253	1.0228434	0.037846923
MKI67|S1455	1.0	0.0
MKI67|S1745	1.0	0.0
MKI67|S1815	1.0	0.0
MKI67|S1863	1.0	0.0
MKI67|S1983	1.0	0.0
MKI67|S1984	1.0	0.0
MKI67|S2072	1.0	0.0
MKI67|S2105	0.97558296	-0.029708356
MKI67|S2106	1.0	0.0
MKI67|S2223	1.0	0.0
MKI67|S224	1.0	0.0
MKI67|S2344	1.0	0.0
MKI67|S2348	1.0	0.0
MKI67|S2466	1.0	0.0
MKI67|S2588	1.0	0.0
MKI67|S2708	0.9559283	-0.021586182
MKI67|S2828	1.0103292	0.0068208915
MKI67|S308	0.98128796	-0.018543513
MKI67|S357	1.0686326	0.06341909
MKI67|S374	1.077053	0.0047582462
MKI67|S538	0.9571222	-0.06520143
MKI67|S584	0.9675961	-0.050692838
MKI67|S771	1.0	0.0
MKI67|S827	0.93156904	-0.063115835
MKI67|T1143	1.0	0.0
MKI67|T1193	1.0	0.0
MKI67|T1298	1.0	0.0
MKI67|T1315	1.0	0.0
MKI67|T1355	1.0	0.0
MKI67|T1387	1.0	0.0
MKI67|T1503	1.0	0.0
MKI67|T1563	1.0	0.0
MKI67|T1747	1.0	0.0
MKI67|T1764	1.0805377	0.03723309
MKI67|T1908	1.0	0.0
MKI67|T1923	1.0370711	0.04210015
MKI67|T1925	1.0	0.0
MKI67|T2029	1.0	0.0
MKI67|T2268	1.0	0.0
MKI67|T2285	1.0	0.0
MKI67|T2389	1.0	0.0
MKI67|T2406	1.0	0.0
MKI67|T833	1.0	0.0
MKI67|T955	1.0	0.0
MKNK1|S168	1.0	0.0
MKNK1|S27	1.0	0.0
MKNK1|S360	1.0	0.0
MKNK1|T332	1.0	0.0
MKNK2|S437	1.0	0.0
MKNK2|S452	1.0170035	0.019933473
MKRN2|S72	1.0	0.0
MKRN2|S96	1.0	0.0
MLF1|S220	0.82458615	-0.18339515
MLF1|S228	0.95110726	-0.07455178
MLF1|S240	0.725629	-0.30631188
MLF1|S249	0.69390374	-0.3210383
MLF1|S34	0.84376174	-0.12736349
MLF2|S216	1.0497272	0.124426
MLF2|S238	1.2183032	0.22138545
MLF2|S243	0.9761602	-0.016619382
MLF2|S32	1.0	0.0
MLH1|S477	0.8520909	-0.14243971
MLIP|S135	0.93309975	-0.049504306
MLKL|S106	0.9161639	-0.08750246
MLLT10|S689	1.0323662	0.040363535
MLLT1|S292	0.949577	-0.03287594
MLLT1|S359_S361	1.0	0.0
MLLT1|S361	0.9186437	-0.07983827
MLLT1|S475	0.90348303	-0.08274223
MLLT3|S285	1.0	0.0
MLLT3|S480	1.0	0.0
MLLT6|S218_S220_S222	1.0	0.0
MLLT6|S222	0.89972264	-0.10798097
MLLT6|S258	0.9478575	-0.052339807
MLLT6|S423	0.92910653	-0.04587116
MLPH|S226	1.0740455	0.07478668
MLPH|S416	1.0	0.0
MLPH|S435	1.0	0.0
MLPH|S482	1.0	0.0
MLXIP|S700	1.0	0.0
MNAT1|S237	1.0	0.0
MOB1A|S22	1.0	0.0
MOCS2|S20	1.0275135	0.051373083
MOCS3|S47	0.9834046	-0.016859863
MON1A|S188	0.98732793	-0.019960742
MON1B|S59	0.97742313	-0.02025786
MON1B|S59_S61	1.0	0.0
MON1B|S61	0.99376416	-0.0060409736
MON2|S1214	1.0078559	0.016485257
MON2|S205	1.0	0.0
MORC2|S615	1.1400079	0.1514272
MORC2|S739	0.8914982	-0.07994678
MORC2|S739_S743	1.0	0.0
MORC2|S743	0.8693859	-0.09578285
MORC2|S777_S779	1.0	0.0
MORC2|S779	1.029765	0.04644087
MORC3|S443	1.0	0.0
MORC3|S489	1.0	0.0
MORF4L2|S71	1.1547949	0.13463855
MPDZ|S1078	1.0018098	0.010453581
MPDZ|S1560	1.0	0.0
MPDZ|S1562	1.0	0.0
MPDZ|S230	0.9553434	-0.027834198
MPDZ|S354	1.0019574	0.00096806814
MPDZ|S483	0.9079992	-0.088875435
MPHOSPH10|S139	1.0	0.0
MPHOSPH10|S163_S167_S171	1.0	0.0
MPHOSPH10|S163_S171	1.0	0.0
MPHOSPH10|S171	1.0425229	0.026310958
MPHOSPH10|S242	1.0	0.0
MPHOSPH6|S110	0.9681931	-0.029315546
MPHOSPH8|S136	0.89909136	-0.09909005
MPHOSPH8|S136_S138	1.0	0.0
MPHOSPH8|S164	0.92638415	-0.06454788
MPHOSPH8|S279	1.0	0.0
MPHOSPH8|S371	0.9341134	-0.061493732
MPHOSPH8|S403	0.92781615	-0.06133134
MPHOSPH8|S51	0.91980594	-0.07185724
MPHOSPH9|S516	1.0060129	0.025071235
MPHOSPH9|S951	1.0	0.0
MPHOSPH9|S994	1.0	0.0
MPLKIP|S104	1.0	0.0
MPLKIP|S115	0.92603976	-0.07001106
MPLKIP|S40	0.98755085	0.011741361
MPLKIP|T10	1.0	0.0
MPP1|S226	1.0	0.0
MPP1|S93	1.0	0.0
MPP5|S25	0.94720453	-0.0565079
MPP7|S490	1.0	0.0
MPRIP|S224	0.98074955	-0.010838851
MPRIP|S265	0.99837327	0.066045836
MPRIP|S289	1.0	0.0
MPRIP|S292	0.99682844	0.002508597
MPRIP|S362	0.98976386	-0.010303153
MPRIP|S365	1.04761	0.04759103
MPRIP|S504	0.9062741	-0.10284744
MPRIP|S619	1.0571204	0.039518584
MPRIP|S800	0.98544854	0.007098561
MPRIP|S891	1.0183153	0.04443668
MPRIP|S977	1.0303515	0.041406196
MPRIP|S980	1.0132085	0.009178829
MPRIP|S993	0.9674803	-0.018125784
MPRIP|T166	1.0	0.0
MPRIP|T542	0.9618493	-0.012188673
MPST|S15	1.0	0.0
MPST|S17	1.0	0.0
MPZL1|S219	1.0338777	0.028750848
MPZL1|S221	1.0153009	0.05142639
MPZL1|S260	0.9596183	0.045081526
MPZL1|Y263	0.93958485	-0.037092213
MRC2|S1458	1.1939924	0.17070042
MRE11|S275	1.0	0.0
MRE11|S618	1.0	0.0
MRE11|S687_S688	1.0	0.0
MRGBP|S195	0.9178054	-0.06730663
MRPS36|S61	1.0023592	0.0015310517
MRTFA|S156	1.0	0.0
MRTFA|S385	0.9156509	-0.07259476
MRTFA|S6	1.0	0.0
MRTFB|S77	1.0	0.0
MRTFB|S932	1.0	0.0
MRTO4|S80	1.054854	0.069286704
MRVI1|S303	1.0	0.0
MRVI1|S386	1.0	0.0
MRVI1|S593	1.0	0.0
MRVI1|S676	1.0	0.0
MRVI1|S689	1.0	0.0
MS4A1|S35	1.0	0.0
MS4A1|S35_S36	1.0	0.0
MS4A1|S7	1.2170764	0.18585855
MSANTD2|S48	0.9805618	-0.008068494
MSANTD2|S83	0.9912911	-0.0076071816
MSANTD3|S274	1.0	0.0
MSANTD3|S98	1.0	0.0
MSANTD4|S152	1.0	0.0
MSH6|S137	0.979368	-0.004339639
MSH6|S14	0.8549416	-0.10335942
MSH6|S200	0.9397529	-0.0635259
MSH6|S219	1.0	0.0
MSH6|S219_S227	1.0	0.0
MSH6|S227	1.0095519	0.029426744
MSH6|S261	1.0148834	0.027337667
MSH6|S309	0.9698393	0.012772123
MSH6|S41	0.9438159	-0.056521367
MSH6|S43	0.9255286	-0.07375026
MSH6|S830	1.0289068	0.015026994
MSI1|S191	0.97073025	-0.028136894
MSL1|S179	1.0	0.0
MSL2|S492	1.0	0.0
MSLN|S200	1.135545	0.13001382
MSN|S144	1.0353876	0.042921126
MSN|S249	1.0	0.0
MSN|S384	1.2284896	0.18287238
MSN|S407	0.9509458	-0.017430337
MSN|S429	1.121355	0.13005349
MSN|S440	1.0	0.0
MSN|S504	1.0284683	0.044579577
MSN|S527	0.93575877	-0.02297629
MSN|S74	1.0	0.0
MSN|Y270	1.0	0.0
MTA1|S386	0.9766076	-0.019990703
MTA1|S449	1.0002233	0.013992229
MTA1|S522	0.99541557	-0.0040044533
MTA1|S576	1.0105468	0.012972504
MTA1|S639	1.0155835	-0.020693624
MTA1|T564	0.9281241	-0.07635837
MTA2|S548	1.045266	-0.021026473
MTA2|T534	1.0	0.0
MTA3|S462	1.0	0.0
MTCL1|S1066	1.0	0.0
MTCL1|S1102	1.0	0.0
MTCL1|S1195	1.0	0.0
MTCL1|S1204	1.0	0.0
MTCL1|S1493_S1495	1.0	0.0
MTCL1|S262	1.0	0.0
MTCL1|S396	1.0	0.0
MTCL1|S416	1.0	0.0
MTCL1|T1098_S1102	1.0	0.0
MTDH|S251	1.0080578	-0.0050091543
MTDH|S298	1.0215753	0.10908614
MTDH|S308	0.9960288	-0.00058428524
MTDH|S311	0.98801655	0.015105959
MTDH|S426	1.0468782	0.07882667
MTDH|S568	1.1327287	0.13508138
MTDH|T143	0.96683216	-0.037036534
MTDH|T462	0.9090462	-0.0906211
MTFR1L|S103	1.015595	0.08304208
MTFR1L|S103_S110	0.9683893	-0.032500554
MTFR1L|S110	1.0749907	0.06745753
MTFR1L|S238	1.0416934	0.09268569
MTFR1L|S41	0.95105314	0.0297541
MTFR1|S86	1.0	0.0
MTHFD1|S490	0.87176573	-0.12769389
MTM1|S13	0.96827316	-0.036955524
MTM1|S18	1.0352478	0.041002072
MTM1|S591	0.9993216	-0.00036039366
MTMR10|S607	1.0251253	0.030022085
MTMR10|S751	1.05529	0.031965867
MTMR12|S564	1.0397643	0.028070273
MTMR14|S624	1.0086237	0.0115401
MTMR1|S43	0.9672999	-0.030466404
MTMR1|S43_S49	1.0	0.0
MTMR1|S49	0.99797493	-0.07832882
MTMR2|S58	1.0	0.0
MTMR3|S633	0.90621763	-0.031708024
MTMR3|S647	1.0062063	0.018151483
MTMR3|S903	1.0	0.0
MTMR3|T731	1.0	0.0
MTMR6|S561	1.0	0.0
MTMR6|S611	0.87384665	-0.028728954
MTOR|S1261	1.0002857	0.020718614
MTOR|S2478	1.0	0.0
MTOR|S2478_S2481	1.0	0.0
MTOR|S2481	1.0	0.0
MTPN|T31	0.9216949	-0.08561838
MTRR|S189	1.0	0.0
MTSS1L|S428	1.0	0.0
MTSS1L|S456	1.0187556	0.046439398
MTSS1L|S601	0.94328094	-0.053605475
MTSS1L|S673	1.0	0.0
MTSS1L|Y258	1.0	0.0
MTSS1|T262	1.0	0.0
MTSS1|T607	1.0	0.0
MTUS1|S1170	1.0	0.0
MTUS1|S1224	1.1326865	0.16012861
MTUS1|S1245	1.0576589	0.05734134
MTUS1|S1264	1.0	0.0
MTUS1|S1268	1.0961757	0.09356699
MTUS1|S663	1.0	0.0
MTUS1|S740	0.8743689	-0.10299199
MTX1|S87	0.9257456	-0.07308129
MTX3|S188	1.0	0.0
MTX3|S223	1.0	0.0
MTX3|S250	1.0	0.0
MUC1|S236	1.0	0.0
MUC1|Y238	1.0	0.0
MVB12A|S170	1.045017	0.039706267
MVB12A|S78	1.0	0.0
MVB12B|S224	0.8671438	-0.123140275
MVB12B|S309	0.91824335	-0.08205205
MVD|S96	0.8225337	-0.022509312
MVP|S445	0.88530713	0.124736376
MX1|S35	1.0	0.0
MX2|S14	1.0	0.0
MXRA5|S1080	1.0505193	0.05099238
MXRA7|S140	1.0063993	0.06628248
MXRA7|S144	1.0483863	0.054000415
MXRA7|Y143	1.0	0.0
MYBBP1A|S11	0.9305718	-0.039750382
MYBBP1A|S1163	1.0700196	0.027481219
MYBBP1A|S1267	1.0278727	0.02702754
MYBBP1A|S1310	1.0	0.0
MYBBP1A|S775	1.0	0.0
MYBBP1A|T1227	1.0	0.0
MYCBP2|S181_S183	1.0	0.0
MYCBP2|S2319	0.9947109	0.0002474616
MYCBP2|S2353	0.9980342	-0.0027802284
MYCBP2|S2687	1.0	0.0
MYCBP2|S2787_S2789	1.0	0.0
MYCBP2|S2789	1.0	0.0
MYCBP2|S2812	1.0182941	0.029433228
MYCBP2|S2871	0.9983678	0.004024199
MYCBP2|S3478	1.0199797	0.011713688
MYCBP2|S3505	0.9812018	-0.009077634
MYCBP2|S3931_S3932	1.0	0.0
MYCBP2|T2683	1.0	0.0
MYCT1|S135	1.0346875	0.06951841
MYCT1|S135_S138	1.0	0.0
MYCT1|S149	0.95633996	-0.08820058
MYEF2|S17	1.1649137	0.18283494
MYEF2|S474	1.0	0.0
MYH10|S1160	1.0	0.0
MYH10|S1176	1.0	0.0
MYH10|S1378	1.0	0.0
MYH10|S1966	1.0	0.0
MYH10|S1983	1.0	0.0
MYH10|S1983_S1987	1.0	0.0
MYH10|S1987	1.0	0.0
MYH10|S214	1.0	0.0
MYH11|S1009	1.2036302	0.18078798
MYH11|S1034	1.0	0.0
MYH11|S1121	1.0150031	0.012249793
MYH11|S1347	0.9991012	-0.002303883
MYH11|S1667	1.0	0.0
MYH11|S1954	1.0110345	0.17582531
MYH11|S1961	1.0	0.0
MYH11|S23	0.9467011	0.042704113
MYH11|S638	1.0246701	0.044724327
MYH11|S8	1.0574751	0.18482448
MYH14|S1977	1.0	0.0
MYH14|S1977_S1991	1.0	0.0
MYH14|S1977_S1991_S1997	1.0	0.0
MYH14|S1977_S1997	1.0	0.0
MYH14|S1991	1.0	0.0
MYH14|S1991_S1997	1.0	0.0
MYH14|S1997	1.0	0.0
MYH14|S45	1.0931022	0.107882924
MYH14|T1470	1.0	0.0
MYH9|S1114	1.0293086	0.059093885
MYH9|S1340	0.9960513	0.017873466
MYH9|S1435	1.0	0.0
MYH9|S1660	0.97536457	-0.021233013
MYH9|S1808	1.028626	0.030158011
MYH9|S1943	1.0426855	0.09455529
MYH9|S841	0.9976821	-0.0036158182
MYH9|Y754	1.0263672	0.021498768
MYL12A|S19	1.1680778	0.31877664
MYL12A|T134	0.998198	0.0029690263
MYL12A|T18	1.0340449	0.11865101
MYL12A|T18_S19	1.0	0.0
MYL6|S135	1.0	0.0
MYL6|S57	0.96472025	-0.030977407
MYL9|S20	0.98347664	-0.009364451
MYL9|T19	0.99195635	-0.008134886
MYL9|T19_S20	1.0	0.0
MYLK|S1262	1.0	0.0
MYLK|S129	1.0	0.0
MYLK|S1438	1.0626127	0.12897108
MYLK|S1583_S1584	1.0	0.0
MYLK|S1584	1.0	0.0
MYLK|S1600	1.0	0.0
MYLK|S1603	1.0	0.0
MYLK|S1672	1.0	0.0
MYLK|S1759	1.1083457	0.10668743
MYLK|S1759_S1760	1.0	0.0
MYLK|S1760	1.1541673	0.24731758
MYLK|S1776	0.9616732	0.052068446
MYLK|S1779	1.0413525	0.10919463
MYLK|S1848	1.0	0.0
MYLK|S305	1.0455521	0.06837334
MYLK|S735	1.0	0.0
MYLK|S771	1.0	0.0
MYLK|S827	1.046305	0.0321376
MYLK|S947	1.0186073	0.034440003
MYLK|T335	1.1884835	0.16834095
MYLK|T883	1.0495147	0.040848486
MYLK|T978	1.0	0.0
MYO10|S1883	1.0654627	0.06403768
MYO15B|S2046	1.0	0.0
MYO18A|S132	1.0829728	0.09983179
MYO18A|S140	1.0269303	0.13949081
MYO18A|S1640	0.9129584	-0.06632235
MYO18A|S1970	1.0405585	0.046550587
MYO18A|S1970_S1974	1.0	0.0
MYO18A|S1974	1.0705931	0.11164844
MYO18A|S1998	1.0161904	0.027587663
MYO18A|S1998_S2002	1.0	0.0
MYO18A|S2002	1.0823776	0.100662984
MYO18A|S2007	1.0625703	0.07306043
MYO18A|S2020	1.0331991	0.046119444
MYO18A|S2041	1.0752711	0.086902075
MYO18A|S2041_S2043	0.89910686	-0.1018669
MYO18A|S2043	1.0144141	0.032248035
MYO18A|S987	0.99677306	0.020038338
MYO19|S685	1.0	0.0
MYO1C|S1022	1.0	0.0
MYO1C|S389	1.0	0.0
MYO1C|S6	1.0	0.0
MYO1C|S717	1.0	0.0
MYO1C|S845	1.0	0.0
MYO1C|S897	1.0	0.0
MYO1C|S996	1.0	0.0
MYO1E|S980	1.0442914	0.029809492
MYO1F|S1019	1.0	0.0
MYO1G|S1010	1.0762688	0.10715816
MYO1G|S992	0.9243347	0.030074984
MYO5A|S1452	1.0	0.0
MYO5A|S1652	1.1099666	0.11489127
MYO6|S1019	1.013796	0.014349434
MYO6|S604	1.0	0.0
MYO7B|S904	1.3115529	0.28894684
MYO9A|S1223	1.0411844	0.09636423
MYO9A|S1299	1.0163114	0.030357208
MYO9A|S1317	0.98605955	-0.016697802
MYO9A|S1610	1.0	0.0
MYO9A|S1733	1.0097715	0.0076443153
MYO9A|S2464	1.0	0.0
MYO9B|S1043	1.0780448	0.10605121
MYO9B|S1115	1.0730679	0.07068184
MYO9B|S1122	1.0128765	0.007604503
MYO9B|S1267	0.96743953	-0.02867936
MYO9B|S1267_T1271	1.0	0.0
MYO9B|S1290	0.9946728	0.021377606
MYO9B|S1323	0.9904993	-0.013529346
MYO9B|S1329	1.0	0.0
MYO9B|S1331	1.0159142	0.014323752
MYO9B|S1354	0.95523757	0.006399769
MYO9B|S1405	1.0	0.0
MYO9B|S1972	0.9398655	-0.03683704
MYO9B|S1992	0.9889054	-0.021538362
MYO9B|S2049	1.0	0.0
MYO9B|T1271	1.005849	0.0071944618
MYO9B|T1346	0.9020634	-0.1060371
MYOF|S174	1.0590008	0.08587061
MYOF|S212	1.0	0.0
MYOF|S731	1.0	0.0
MYRIP|S534	1.0829184	0.08517093
MYRIP|S557_S561	1.0	0.0
MYSM1|S218	1.0048753	0.0028739576
MYSM1|S340	0.96878666	-0.01770799
MZT2B|S199	1.0	0.0
MZT2B|S212	1.0	0.0
N4BP1|S288	1.0277218	0.029018432
N4BP1|S300	0.92048734	-0.03383262
N4BP1|S335	1.0	0.0
N4BP1|S398	1.1052353	0.15720421
N4BP1|T242	0.962736	-0.039447684
N4BP2|T1130	1.0	0.0
N4BP3|S176	1.0	0.0
NAA10|S167	1.0	0.0
NAA10|S171	1.0	0.0
NAA10|S190	1.0	0.0
NAA30|S152	0.9880524	-0.011087113
NAA30|S199	0.9729751	-0.013327988
NAA30|S39	0.94126076	-0.039194148
NAA30|S55	1.021337	0.02735383
NAA30|S89	1.0	0.0
NAA38|S29	1.0309191	0.032035276
NAB1|S356	1.0	0.0
NAB1|S395	0.9879592	-0.026900358
NAB2|S147	1.0	0.0
NAB2|S159_S162	1.0	0.0
NAB2|S162	0.9580223	-0.053166468
NAB2|S171	0.98653185	-0.0230279
NAB2|S479	1.0	0.0
NAB2|S6	0.96974725	-0.022981081
NAB2|T434	0.9471752	-0.053777162
NACAD|S1068	1.0	0.0
NACAD|S1121	1.0	0.0
NACAD|S131	1.0	0.0
NACAD|S561	1.0	0.0
NACA|S506	1.0	0.0
NACA|S585	1.0	0.0
NACA|S876	1.0	0.0
NADK2|S188	0.97100836	-0.026093466
NADK|S46	1.001115	0.035212036
NADK|S48	0.9921841	-0.0009311446
NADK|S64	1.1185305	0.09683081
NAF1|S315	1.0156289	0.037843674
NAGK|S122	1.0	0.0
NAGK|S25	1.0	0.0
NAIP|S982	1.1400822	0.10399929
NAMPT|S314	1.0	0.0
NAMPT|S398	1.083246	0.07122983
NANS|T244	1.0	0.0
NAP1L1|S10	0.96906096	-0.032430515
NAP1L1|S69	1.1387634	0.16548836
NAP1L1|T39	1.0	0.0
NAP1L1|T62	1.1013409	0.1305328
NAP1L1|Y66	1.0	0.0
NAP1L4|S121	0.9842141	0.023150079
NAP1L4|S125	0.9871318	-0.0015801738
NAP1L4|S54	1.0057003	0.0051500914
NAP1L4|T51	1.0252457	0.022312231
NAPA|S195	0.9500197	-0.043236785
NAPA|T190	1.0	0.0
NAPRT|S500	1.0	0.0
NAPRT|S524	1.0	0.0
NASP|S127	1.0	0.0
NASP|S141	1.0	0.0
NASP|S158	1.0	0.0
NASP|S164	1.0	0.0
NASP|S180	1.0	0.0
NASP|S191	0.9038075	-0.10449482
NASP|S244	1.0	0.0
NASP|S387	1.0	0.0
NASP|S421	1.1975533	0.13437936
NASP|S439	1.0	0.0
NASP|S451	1.0039328	0.014168701
NASP|S480	1.016426	0.030489188
NASP|S497	1.0	0.0
NASP|S503	1.0	0.0
NASP|S662	0.9177295	-0.081271105
NASP|S726	0.95328325	-0.015914753
NASP|T138	1.0	0.0
NASP|T138_S141	1.0	0.0
NASP|T326	1.0	0.0
NASP|T361	1.0	0.0
NASP|T390	0.9054048	-0.09593845
NASP|T413_S416	1.0	0.0
NASP|T464	0.9904356	0.0014673497
NASP|T477_S480	1.0	0.0
NAV1|S1000	0.9278615	-0.06460063
NAV1|S1252	1.0122886	0.011478141
NAV1|S142	0.9456806	-0.052716777
NAV1|S199	0.97552705	-0.028122155
NAV1|S377	1.0	0.0
NAV1|S391	1.0523715	0.07076543
NAV1|S452	0.94557714	-0.0476551
NAV1|S507	1.0983229	0.058572125
NAV1|S528	1.0	0.0
NAV1|S648	0.8966412	-0.114027016
NAV1|S672	0.8807077	-0.13014244
NAV1|S695	1.0	0.0
NAV1|S754	1.0	0.0
NAV1|S757	1.0	0.0
NAV1|S760	1.0205834	0.0325187
NAV1|S797	1.0	0.0
NAV1|S90	1.0257531	0.0498234
NAV1|S954	1.0	0.0
NAV2|S224	1.0	0.0
NAV2|S311	0.8933916	-0.089344636
NAV2|S481	1.0285844	0.037036486
NAV3|S275	1.0	0.0
NBAS|S1937	0.9910694	0.0038146956
NBAS|S473	1.0076334	0.01070566
NBAS|S473_S475	1.0	0.0
NBEAL1|S1330	1.0	0.0
NBEAL1|S2679	1.0144734	0.06293283
NBEAL1|S2679_S2682	1.0	0.0
NBEAL2|S1647	0.97941756	-0.022535564
NBEAL2|S2739	1.0243936	0.08616264
NBEAL2|S39	1.0257037	0.033081226
NBEAL2|T1867	0.9850629	0.026299793
NBEA|S1262	1.0895768	0.09907722
NBEA|S1321	0.96587163	-0.02062789
NBEA|S1529	1.1654395	0.16472983
NBEA|S2138	1.0	0.0
NBN|S261	1.0	0.0
NBN|S265	1.0	0.0
NBN|S315	1.0	0.0
NBN|S343	0.97521824	-0.055365607
NBN|S347	1.0413095	0.054431166
NBN|S350	1.0	0.0
NBN|S397	1.0046717	0.018683163
NBN|S432	0.9643747	-0.025398627
NBR1|S622	0.99512815	0.0022345125
NCAPD2|S1333	1.0011166	0.0009049406
NCAPD3|S1384	1.0	0.0
NCAPG|S674	1.029237	0.050186627
NCAPH2|S208	1.0	0.0
NCAPH2|S284	0.9663467	-0.021349888
NCAPH|S59	1.0	0.0
NCAPH|T38	1.0	0.0
NCBP1|S22	0.88106	-0.12031891
NCBP1|S7	0.94820523	-0.041363414
NCBP2|S13	1.0173512	0.019541008
NCBP3|S25	0.92089987	-0.039611287
NCBP3|S415	0.9288641	-0.05107319
NCBP3|S444	1.0	0.0
NCF1|S310	0.9759914	-0.045452785
NCF1|S320	1.0735584	0.09449229
NCF1|S345	1.0051101	0.0025523016
NCF1|S348	1.0441023	0.04020471
NCF2|S332	1.0402983	0.049126223
NCF2|T233	0.94210327	-0.04978489
NCF4|S166	0.9510586	-0.04660818
NCK1|S166	1.0047394	0.0053020404
NCK1|S21	1.0	0.0
NCK1|S85	1.0339053	0.05825193
NCK1|T97	1.0	0.0
NCK1|Y105	1.1723995	0.13910978
NCK1|Y41	1.0	0.0
NCK2|S187	1.003186	-0.028826592
NCK2|S189	0.9888516	-0.016679248
NCK2|S90	1.0503062	0.041022055
NCKAP5L|S1194	1.0	0.0
NCKAP5L|S440	1.0	0.0
NCKAP5L|S477	1.0	0.0
NCKAP5L|S630	1.0	0.0
NCKAP5L|S735	1.0	0.0
NCKAP5L|S767	1.0	0.0
NCKAP5L|T1235	1.0	0.0
NCKAP5|S459	1.0	0.0
NCKIPSD|S122	0.992541	-0.0009291154
NCKIPSD|T181	0.968536	-0.03245537
NCL|S458	0.98209697	0.0017160022
NCL|S563	1.0	0.0
NCL|S580	1.0198984	0.056397684
NCL|S619	0.93773067	-0.023193581
NCL|S67	1.0246092	0.055161044
NCL|T106	0.86904246	-0.13814525
NCL|T121	0.77563727	-0.20269556
NCL|T76	0.80945706	-0.17217079
NCL|T84	1.0	0.0
NCOA1|S192	1.0	0.0
NCOA1|S22	0.85622656	-0.12793037
NCOA1|S372	1.0034119	0.0027323847
NCOA1|S393	1.0	0.0
NCOA1|S395	1.0068895	0.0075434977
NCOA1|S698	1.0	0.0
NCOA2|S195	0.9595517	-0.051130928
NCOA2|S29	0.93495697	-0.06429046
NCOA2|S493	0.93489546	-0.05141626
NCOA2|S565	0.9999915	-0.0004231653
NCOA2|S579	0.93490493	-0.028375858
NCOA2|S736	0.9908216	0.012874875
NCOA2|S771	1.0120507	0.003388485
NCOA2|T854	1.0	0.0
NCOA3|S214	1.0406339	0.048997454
NCOA3|S551	0.98393834	-0.018657075
NCOA3|S569	1.0263176	0.024673605
NCOA3|S640	1.0396025	0.0386448
NCOA3|S857	1.0449362	0.06349126
NCOA5|S116	0.9864351	-0.012932656
NCOA5|S151	0.97784245	-0.008122401
NCOA5|S162	0.9549744	-0.057235237
NCOA5|S29	1.0369674	0.04367855
NCOA5|S29_S34	1.0	0.0
NCOA5|S96	0.9846385	-0.02220911
NCOA5|T274	1.0	0.0
NCOA6|S1343	0.9846097	-0.012666814
NCOA6|S1481	0.9163564	-0.06710333
NCOA6|S1745	1.0	0.0
NCOA6|S2043	0.9797066	-0.025742093
NCOA6|T1880	1.0	0.0
NCOA7|S179	1.0955225	0.103866965
NCOA7|S295	1.0	0.0
NCOA7|S373	1.0	0.0
NCOA7|S430	1.0	0.0
NCOA7|S89	1.0144426	0.034039047
NCOR1|S1015	1.0	0.0
NCOR1|S1279	1.0	0.0
NCOR1|S1297	1.0	0.0
NCOR1|S1338	1.0	0.0
NCOR1|S1488	1.0	0.0
NCOR1|S1512	1.0	0.0
NCOR1|S1549	1.0	0.0
NCOR1|S1874	1.0	0.0
NCOR1|S2017	1.0	0.0
NCOR1|S2048	1.0	0.0
NCOR1|S2081	1.0	0.0
NCOR1|S2212	1.0	0.0
NCOR1|S224	1.0	0.0
NCOR1|S70	1.0	0.0
NCOR1|S837	1.0	0.0
NCOR2|S1023_S1025	1.0	0.0
NCOR2|S1025	0.9858104	-0.015260473
NCOR2|S1219	1.0065466	0.0062444895
NCOR2|S1251	1.0308105	0.047645383
NCOR2|S1341	1.0145411	0.014179022
NCOR2|S149_S152	1.0	0.0
NCOR2|S149_S152_T156	1.0	0.0
NCOR2|S152	1.0035666	0.0032506492
NCOR2|S1539	1.0089008	0.009064183
NCOR2|S1558	0.98660004	-0.012604434
NCOR2|S1971	1.029567	0.035501532
NCOR2|S2005	0.98229915	-0.018330269
NCOR2|S2054	1.0	0.0
NCOR2|S2077	1.0	0.0
NCOR2|S215	1.0	0.0
NCOR2|S2194	1.0261483	0.028351417
NCOR2|S2203	1.0264435	0.03134971
NCOR2|S2223	1.0001266	-0.0018678838
NCOR2|S2258	1.033817	0.039122917
NCOR2|S2413	1.0	0.0
NCOR2|S54	0.99462867	-0.0042085266
NCOR2|S67	0.9397395	-0.04932671
NCOR2|S922	1.0	0.0
NCOR2|S939	0.9809326	-0.021582428
NCOR2|S956	1.0430996	0.04102248
NCOR2|T1383	1.0012182	0.005092604
NCOR2|T1436	0.9958119	-0.0040198294
NCOR2|T553_S554	1.0	0.0
NDC1|S366	1.0	0.0
NDE1|S211	0.9780608	-0.02185108
NDE1|S282	1.1553215	0.17969659
NDE1|S306	1.0100979	0.01731395
NDE1|Y279	1.0	0.0
NDEL1|S194	0.9381045	-0.059172507
NDEL1|S198	0.9686261	-0.034559883
NDEL1|S215	1.0	0.0
NDEL1|S215_T219	1.0	0.0
NDEL1|T219	1.0	0.0
NDRG1|S319	1.2092696	0.25292477
NDRG1|S326_T328_S330	1.0	0.0
NDRG1|S330	1.146849	0.17232859
NDRG1|T328	1.1180226	0.21221265
NDRG1|T328_S330	1.1261868	0.11372322
NDRG2|S324_T326_S328	1.0	0.0
NDRG2|S328	0.98123324	-0.006659859
NDRG2|S331	1.0	0.0
NDRG2|S334	1.0	0.0
NDRG2|S340	1.0	0.0
NDRG2|T326	1.0	0.0
NDRG2|T326_S328	1.0	0.0
NDUFB7|S73	1.0069536	-0.014256524
NDUFV3|S158	1.0	0.0
NDUFV3|S470	1.0	0.0
NEBL|S209	1.0	0.0
NEBL|S953	0.87415665	-0.069101304
NEBL|T150	1.0	0.0
NECAP1|T211	1.0	0.0
NECTIN1|S422	0.9568296	-0.04084628
NECTIN1|S508	1.0	0.0
NECTIN1|Y418	1.0	0.0
NECTIN2|S433	1.0	0.0
NECTIN2|S445	1.0370207	0.06892793
NECTIN2|S465	1.0	0.0
NECTIN2|T410	1.023982	0.02345508
NECTIN4|S426	1.0	0.0
NEDD1|S418	1.0	0.0
NEDD1|S523	1.0	0.0
NEDD4L|T197	1.0	0.0
NEDD4|S670	0.87322426	-0.08360583
NEDD9|S369	1.011674	0.009623202
NEDD9|Y345	1.0	0.0
NEFH|S526_S532	1.0	0.0
NEFH|S532	0.8717514	-0.08817661
NEFH|S540_S546	1.0	0.0
NEFH|S546	1.0	0.0
NEFH|S566	1.0	0.0
NEFH|S574_S580	1.0	0.0
NEFH|S580	1.0	0.0
NEFH|S594_S600	1.0	0.0
NEFH|S600	1.0	0.0
NEFH|S614_S620	1.0	0.0
NEFH|S628_S634	1.0	0.0
NEFH|S634	1.0	0.0
NEFH|S763	1.0	0.0
NEFH|S776	1.0	0.0
NEFH|S822	1.0	0.0
NEFL|S472	1.0	0.0
NEFM|S239_S244	1.0	0.0
NEFM|S252_S257	1.0	0.0
NEFM|S265_S270	1.0	0.0
NEFM|S278_S283	1.0	0.0
NEFM|S511	1.0	0.0
NEFM|S615_S620	1.0	0.0
NEFM|S620	1.0	0.0
NEFM|S628_S633	1.0	0.0
NEFM|S633	1.0	0.0
NEFM|S641_S646	1.0	0.0
NEFM|S646	1.0	0.0
NEFM|S654_S659	1.0	0.0
NEFM|S659	1.0	0.0
NEFM|S667_S672	1.0	0.0
NEFM|S680_S685	1.0	0.0
NEFM|S685	1.0	0.0
NEFM|S837	0.96234536	-0.031495765
NEK1|S1080	1.0	0.0
NEK1|S1154	1.0	0.0
NEK1|S414	0.9111195	-0.051063754
NEK1|S418	1.0502908	0.050685402
NEK1|S703	1.0	0.0
NEK1|S834	1.0	0.0
NEK1|S865	1.0	0.0
NEK1|S896	1.0	0.0
NEK1|S909	1.0	0.0
NEK3|T462	1.0	0.0
NEK3|T479	1.0075214	0.0031527742
NEK4|S368	1.0	0.0
NEK4|S474	1.0	0.0
NEK4|S550	1.0	0.0
NEK4|S588	1.0	0.0
NEK6|S240	1.0	0.0
NEK9|S813	1.0	0.0
NEK9|S839	1.0	0.0
NEK9|S841	1.0	0.0
NEK9|S990	1.0	0.0
NEK9|T254	0.96874166	0.03227665
NEK9|T333	1.130533	0.14407116
NEK9|T898	1.0	0.0
NELFA|S236	1.0	0.0
NELFA|S374	1.0	0.0
NELFA|T168	1.0	0.0
NELFE|S115	0.9210174	-0.07195069
NELFE|S131	0.9970236	-0.0074924626
NELFE|S165	1.0702642	0.110882856
NELFE|S251	1.0166162	0.049892552
NELFE|S281	1.0	0.0
NELFE|S353	0.92881995	-0.045827303
NEMF|S417	0.98544437	-0.01883828
NEMF|S726_S727	1.0	0.0
NEMF|S742	1.0	0.0
NEMF|S810	1.0	0.0
NES|S1016	0.9901567	-0.0031370688
NES|S1030	1.0	0.0
NES|S1128	0.9904413	0.0041428353
NES|S1286	1.0	0.0
NES|S1339	1.0	0.0
NES|S1347	0.9473084	0.012831165
NES|S1409_S1418	1.0	0.0
NES|S1418	0.97305435	-0.03224475
NES|S1445	0.951874	-0.043380912
NES|S1496_S1498	1.0	0.0
NES|S1521	1.0	0.0
NES|S358	1.0	0.0
NES|S398	1.0	0.0
NES|S413	0.9912428	-0.021388622
NES|S471	0.9742619	0.08338204
NES|S491	1.0	0.0
NES|S548	0.8485742	-0.13381717
NES|S578	0.82128656	-0.009933172
NES|S680	0.9427134	-0.010991466
NES|S702	0.8418233	-0.12123949
NES|S731	1.0	0.0
NES|S743_S746	1.0	0.0
NES|S746	0.83366627	-0.12480228
NES|S768	1.0099906	0.04899956
NES|S790	0.74589026	-0.22700706
NES|S809	0.90340567	-0.08517124
NES|S820	0.7614471	-0.13790654
NES|S831	1.0	0.0
NES|S842	1.0	0.0
NES|S891	0.7926748	-0.16988327
NES|S891_S894	1.0	0.0
NES|S894	0.95679617	-0.037990555
NES|S905	0.84912926	-0.13669558
NES|S934	0.8927456	-0.070491605
NES|S945	0.9877741	-0.011566404
NES|S965	1.0038975	0.0012732042
NES|T315	0.9603839	-0.025664523
NES|T338	0.8584825	-0.11807946
NES|T393	1.0	0.0
NES|T851	1.0	0.0
NEURL4|S502	1.0315742	0.042322196
NEURL4|S900_S905	1.0	0.0
NEURL4|S905	1.0	0.0
NEXN|S154	1.0	0.0
NEXN|S16	1.0	0.0
NEXN|S162	1.0	0.0
NEXN|S179	1.0	0.0
NEXN|S293	1.0	0.0
NEXN|S301	1.0	0.0
NEXN|S378	1.0	0.0
NEXN|S439	1.0	0.0
NEXN|S500	1.0	0.0
NEXN|T306	1.0	0.0
NF1|S2494	1.0	0.0
NF1|S2502	1.0	0.0
NF1|S2522	1.0	0.0
NF1|S2781	1.0	0.0
NF1|S2796	1.0	0.0
NF1|S465	1.0	0.0
NF1|S864	1.0246683	0.02673509
NF1|S876	1.0	0.0
NF2|S10	1.0610294	0.03024274
NF2|S315	1.0	0.0
NF2|S518	1.0214669	0.03132659
NF2|T581	1.0	0.0
NFATC1|S233	1.0804292	0.101036966
NFATC1|S261	0.9919729	-0.003335867
NFATC1|S359	1.0	0.0
NFATC1|S542	0.99216247	0.03404102
NFATC1|S887	1.1579758	0.1690591
NFATC1|S903	1.0	0.0
NFATC2IP|S204	1.0177932	0.029475737
NFATC2IP|S314	1.0	0.0
NFATC2IP|S390	1.0	0.0
NFATC2IP|S88_S90_S92	1.0	0.0
NFATC2|S128	1.0	0.0
NFATC2|S223	1.0	0.0
NFATC2|S235	1.0	0.0
NFATC2|S836	1.0	0.0
NFATC3|S1063	0.95779663	-0.04578069
NFATC3|S240	1.0084018	0.029075136
NFATC3|S240_S244	1.0	0.0
NFATC3|S344	1.0	0.0
NFATC3|S416	1.0	0.0
NFATC3|S546	1.0	0.0
NFATC4|S276_S280	1.0	0.0
NFATC4|S284	1.0	0.0
NFATC4|S322_S327	1.0	0.0
NFATC4|S327	1.0	0.0
NFATC4|S352	1.0	0.0
NFATC4|S445	1.0	0.0
NFATC4|S595	1.0	0.0
NFATC4|T289	1.0	0.0
NFIA|S245	1.0	0.0
NFIA|S265	0.9790725	-0.012562437
NFIA|S280	1.1889306	0.18833996
NFIA|S280_S287	1.0	0.0
NFIA|S287	1.1257437	0.13019505
NFIB|S194	1.0954909	0.095762424
NFIB|S262	0.99133	-0.014560906
NFIB|S264	1.1407148	0.093552366
NFIB|S284	1.0458001	0.04165608
NFIB|S294	0.9285775	-0.06757628
NFIB|S295	0.9870157	-0.008204626
NFIB|S312	1.1803328	0.14224796
NFIB|T286	0.9233655	-0.07752234
NFIC|S322	1.1822664	0.15070377
NFIC|S323	1.0904803	0.0786882
NFIC|S333	1.1361225	0.1685711
NFIC|S333_S339	1.0	0.0
NFIC|S337	1.0402421	0.037856262
NFIC|S339	1.1265305	0.15855521
NFIC|S339_S343	1.0	0.0
NFIC|S343	1.1336123	0.148145
NFIX|S258	1.0	0.0
NFIX|S273	1.0	0.0
NFIX|S288	1.1484967	0.17679806
NFIX|S296	1.0	0.0
NFIX|S309	1.0	0.0
NFIX|S369	1.0	0.0
NFIX|S474	1.0	0.0
NFKB1|S851	1.0	0.0
NFKB1|S893	1.1040969	0.08996449
NFKB1|S903	1.0	0.0
NFKB1|S907	0.97369844	-0.02666506
NFKB2|S161	0.9217176	-0.07137019
NFKB2|S222	1.0545517	0.069214344
NFKB2|S858	1.0	0.0
NFKBIB|S97	1.0	0.0
NFKBIE|S183	1.0	0.0
NFKBIL1|S150	1.0052711	0.0051614465
NFRKB|S1291	0.9957978	-0.0042178435
NFRKB|S228	0.87471414	-0.10972695
NFRKB|S298	1.0	0.0
NFRKB|S351	0.86917573	-0.13431397
NFRKB|T499	0.98652995	-0.012626831
NFX1|S1096	1.0	0.0
NFX1|S123	1.0404224	0.021004267
NFX1|S150	0.996113	0.023142487
NFX1|S326	0.92868567	-0.07076838
NFXL1|S331	0.98299885	-0.015924117
NFYA|S326	0.8705821	-0.13809687
NGDN|S142_S143	1.0	0.0
NGDN|S143	1.0443655	0.04743238
NGEF|S604	1.0	0.0
NGEF|S696	0.8922474	-0.068197444
NGFR|T293	1.0686533	0.11185555
NGRN|S41	0.9924402	0.012317011
NHSL1|S1085	1.0	0.0
NHSL1|S1133	1.0	0.0
NHSL1|S1382_S1384_T1388	1.0	0.0
NHSL1|S1463	1.0	0.0
NHSL1|S150	1.0	0.0
NHSL1|S190	1.0	0.0
NHSL1|S238	1.0	0.0
NHSL1|S324	1.0	0.0
NHSL1|S372	1.0	0.0
NHSL1|S466	1.0	0.0
NHSL1|S937	1.0	0.0
NHSL1|S985	1.0	0.0
NHSL1|T209	1.0	0.0
NHSL2|S1034	0.9917522	0.037076212
NHSL2|S1072	1.1217022	0.101869315
NHSL2|S1194	1.0	0.0
NHSL2|S128	0.9966878	-0.0035598925
NHSL2|S195	1.0494792	0.024177495
NHSL2|S339	1.0358111	0.022606334
NHSL2|S536	1.0	0.0
NHSL2|S691	1.0	0.0
NHSL2|S801	0.9677483	-0.028010713
NHSL2|S847	1.0015578	0.0022382594
NHSL2|S986	1.0	0.0
NHSL2|T285	1.0	0.0
NHS|S1284	1.0	0.0
NHS|S154	1.0	0.0
NHS|S238	1.0	0.0
NHS|S302	1.0	0.0
NHS|S562	1.0	0.0
NHS|T155	1.0	0.0
NIFK|S247	1.0026748	0.07080762
NIFK|T238	0.9830295	-0.01340718
NIN|S1145	1.0028799	0.0012864188
NIN|S1540	1.0	0.0
NIN|S1550	1.0308759	0.055628505
NIN|S269	1.005012	0.0064710123
NIPBL|S1042	1.0	0.0
NIPBL|S1089_S1090_S1096	1.0	0.0
NIPBL|S2490_S2491_S2493	1.0	0.0
NIPBL|S2658	1.0187272	0.023306424
NIPBL|S2672	0.92135245	-0.032537743
NIPBL|S274	1.0	0.0
NIPBL|S280	0.8793778	-0.10892082
NIPBL|S280_S284	1.0	0.0
NIPBL|S284	0.96142215	-0.03486479
NIPBL|S299	1.0	0.0
NIPBL|S318	0.94664365	-0.050808173
NIPBL|S350	0.9233399	-0.09620188
NIPBL|S768	0.9409696	-0.045582525
NIPBL|S892	1.0	0.0
NIPBL|T2667_S2672	1.0	0.0
NIPBL|T599	1.0177459	-0.0057853
NIPBL|T724	0.9818503	-0.017950375
NISCH|S1038	1.0	0.0
NISCH|S1284	0.99018	-0.010167496
NKAP|S149	1.0541626	0.092189714
NKAP|S157_T161	1.0	0.0
NKAP|S80	1.0	0.0
NKAP|S9	1.0675944	0.11483673
NKRF|S587	1.0	0.0
NKTR|S1358	1.0	0.0
NKTR|S260_S263	1.0	0.0
NKTR|S379	0.99854803	0.002073231
NKTR|S463	0.9494685	-0.049492557
NKTR|S572_S575	1.0	0.0
NKTR|S866	0.98980546	-0.007669208
NKTR|S887_S889	1.0	0.0
NKTR|S887_S889_S891	1.0	0.0
NKTR|T1155	0.9529831	-0.045423355
NKX2-1|S284	1.0	0.0
NMD3|S468	0.9508032	-0.038014006
NMD3|S468_T470	1.0	0.0
NMD3|T470	1.0109434	0.018980231
NME2|S120	1.0	0.0
NME2|S122	1.0	0.0
NME2|S44	1.0451521	0.061462093
NME2|T94	1.0	0.0
NMI|S16	0.9482961	-0.017492369
NMNAT1|S117	1.0688498	0.080192365
NMT1|S47	0.9580811	0.007053928
NMT1|S69	0.99975026	0.002045808
NMT1|S73	0.9713192	-0.03700633
NMT1|S83	1.011072	0.0048748446
NMT2|S38	1.070397	0.09407511
NMT2|S68	1.070621	0.06985043
NOB1|S184	1.0255625	0.035265613
NOB1|S201	1.0097328	0.01617513
NOC2L|S49	0.9851261	-0.026243579
NOC2L|S56	0.96218187	-0.030473761
NOC2L|S672	1.0667068	0.07259648
NOC2L|S672_S673	0.94939196	-0.052099135
NOC2L|S673	0.98635566	0.0041582063
NOL12|S134	1.0	0.0
NOL3|T114	1.0	0.0
NOL3|T149	0.9267519	-0.07110271
NOL4L|S17	1.0	0.0
NOL4L|S374	1.0	0.0
NOL8|S1014_S1015_S1016	1.0	0.0
NOL8|S297	1.0	0.0
NOL8|S592	1.0	0.0
NOL8|S822	1.0	0.0
NOL8|T820_S822	1.0	0.0
NOL9|S487	1.0	0.0
NOLC1|S407	1.0	0.0
NOLC1|S518	1.0	0.0
NOLC1|S548	1.0	0.0
NOLC1|S573	1.0	0.0
NOLC1|S653	1.0	0.0
NOLC1|S708	1.0	0.0
NOM1|S280_T287	1.0	0.0
NOM1|S317_S320_S321	1.0	0.0
NOM1|T287	0.9649413	-0.044324335
NOMO2|S1205	0.9693059	-0.032694463
NONO|T410	0.9804828	-0.019060127
NONO|T418	1.0	0.0
NONO|T424	1.0	0.0
NONO|T428	0.9861583	-0.013302837
NONO|T450	0.99106616	-0.0024288534
NOP14|S146	1.0427808	0.061074764
NOP14|S146_S148	1.0	0.0
NOP14|S349	1.0	0.0
NOP2|S177	1.0	0.0
NOP2|S177_T181	1.0	0.0
NOP2|S58	0.90924317	-0.086738266
NOP2|S67	1.019959	0.0153028825
NOP2|S728	1.0	0.0
NOP2|T181	1.0	0.0
NOP2|T191	1.0	0.0
NOP56|S519_S520	1.0	0.0
NOP56|S520	0.93876237	-0.03644493
NOP56|S569_S570	1.0	0.0
NOP56|S570	0.8500227	-0.1551636
NOP58|S109	1.0	0.0
NOP58|S502	0.89067876	-0.109464936
NOP58|S502_S514	1.0	0.0
NOP58|S502_T508	1.0	0.0
NOP58|S514	0.9793828	-0.096529625
NOP58|T508	1.0	0.0
NOS1AP|S261	1.0	0.0
NOS1AP|S366	1.0	0.0
NOS1AP|S366_S369	1.0	0.0
NOS1AP|S369	1.0	0.0
NOS3|S114	1.0	0.0
NOS3|S1177	1.083267	0.08458734
NOS3|T1175_S1177	1.0	0.0
NOSIP|S107	0.94004476	-0.066453405
NOSIP|S36	1.0	0.0
NOSTRIN|S114	1.0226579	0.025258653
NOTCH2|S1778	1.0234541	0.025744345
NOTCH2|S2081	1.0	0.0
NPAS3|S490_S493	1.0	0.0
NPAT|S1303	1.0	0.0
NPAT|S554	0.9663043	0.05667444
NPDC1|S229	0.9882997	-0.022459041
NPDC1|S236	0.89888585	-0.09444844
NPEPPS|S741	1.0	0.0
NPHP4|S142	0.9918854	-0.0049155965
NPM1|S100	1.0	0.0
NPM1|S125	0.9577268	-0.043496586
NPM1|S127	1.0	0.0
NPM1|S195	1.0	0.0
NPM1|S227	1.1919011	0.19643463
NPM1|S243	1.0737959	0.09057604
NPM1|S254	1.0440085	0.25485605
NPM1|S260	1.0	0.0
NPM1|S70	1.1589395	0.22991465
NPM1|S88	1.0	0.0
NPM1|Y67	1.0856862	0.13251066
NQO1|S82	1.0	0.0
NR2C1|S215	0.9638495	-0.021863647
NR2C2|S19	0.9775448	-0.0159256
NR2C2|S219	1.0	0.0
NR2C2|S44	1.0	0.0
NR2C2|S46	0.97915655	-0.014925311
NR2C2|S68	0.99968857	-0.0066442857
NR3C1|S134	1.065212	0.08628281
NR3C1|S203	1.0210388	0.022433594
NR3C2|S183	1.0	0.0
NR3C2|S283	1.0	0.0
NRBP1|T431	1.0447953	0.046929464
NRBP1|T433	1.0479178	0.045857515
NRBP2|S209	0.9644387	-0.030039428
NRBP2|S22	1.025062	0.039990894
NRBP2|S361	1.1471852	0.26556596
NRBP2|T409	0.9886773	-0.008402626
NRBP2|T409_T411	1.0	0.0
NRBP2|T411	1.0338463	0.045418166
NRDC|S86	0.95665514	-0.019050622
NRDC|S94	0.92300886	-0.051497914
NRF1|S136	1.0	0.0
NRIP1|S218	1.0	0.0
NRIP1|S564	1.0	0.0
NRIP1|S671	0.99016315	-0.009114965
NRIP1|S807	0.96705407	-0.02715959
NRIP2|S80	1.0	0.0
NRIP2|S96	1.0	0.0
NSD1|S2369	1.0	0.0
NSD1|S2471	1.0158526	-0.0078039314
NSD1|S483_S486	1.0	0.0
NSD1|S486	0.9915354	-0.0056342483
NSD1|S822	1.0	0.0
NSD2|T544	0.9621634	-0.034411505
NSFL1C|S114	1.0815265	0.0912831
NSFL1C|S116	1.0	0.0
NSF|S207	0.95330125	-0.045865178
NSF|S437	1.1531433	0.18414815
NSMCE3|S64	1.0225366	0.035452116
NSRP1|S248	1.0323259	0.017323874
NSRP1|S248_S254_S255	1.0	0.0
NSRP1|S254_S255	1.0	0.0
NSRP1|T275	0.98616797	-0.0028434796
NSUN2|S421	1.0	0.0
NSUN2|S456	1.0022974	0.023933008
NSUN2|S708	1.0	0.0
NSUN2|S708_S716	1.0	0.0
NSUN2|S716	1.0	0.0
NSUN2|S743	1.0314624	0.034286812
NSUN2|S743_S751	1.0	0.0
NSUN2|S751	1.018513	0.021098936
NSUN5|S327	1.0	0.0
NSUN5|S444	1.0	0.0
NT5C|S100	1.0	0.0
NTHL1|S22	1.019905	0.028209269
NTHL1|S71	1.0313485	0.0666127
NUAK1|S388	1.2028786	0.19645287
NUAK1|S455	1.0	0.0
NUBP1|S301	1.0	0.0
NUCB1|S369	1.1143544	0.07583252
NUCB1|T148	1.011307	0.018636072
NUCKS1|S113	1.0212542	0.080006756
NUCKS1|S130_S132	1.0	0.0
NUCKS1|S130_S132_S144	1.0	0.0
NUCKS1|S132	1.0129913	-0.013369888
NUCKS1|S132_S144	1.0	0.0
NUCKS1|S144	0.88551813	-0.18500619
NUCKS1|S181	1.1822203	0.22177605
NUCKS1|S19	1.2226897	0.29801738
NUCKS1|S19_S30	1.0	0.0
NUCKS1|S204	0.9665975	-0.018421035
NUCKS1|S204_S214	1.0	0.0
NUCKS1|S214	0.9534502	0.035988074
NUCKS1|S223	0.91489184	0.00084977027
NUCKS1|S54	0.91007423	-0.031121308
NUCKS1|S58	1.0659322	0.13168363
NUCKS1|S58_S61	0.9580658	-0.044214677
NUCKS1|S61	0.94824773	0.0026727263
NUCKS1|S73	0.9434652	0.010477453
NUCKS1|S73_S75	1.0	0.0
NUCKS1|S73_S75_S79	1.0	0.0
NUCKS1|S73_S79	1.0	0.0
NUCKS1|S75	0.9361111	0.0151834395
NUCKS1|S75_S79	1.0	0.0
NUCKS1|S79	1.0081598	0.049536977
NUCKS1|T179	1.0490412	0.13739747
NUCKS1|T179_S181	1.0	0.0
NUCKS1|T202_S204	1.0	0.0
NUCKS1|T202_S204_S214	1.0	0.0
NUCKS1|T202_S214	1.0	0.0
NUDCD3|S146	0.9679168	0.0030163296
NUDC|S136	1.0237769	0.026160182
NUDC|S139	0.9606925	-0.043933924
NUDC|S139_T145	1.0	0.0
NUDC|S298	1.036096	0.013067678
NUDC|T108	0.9922531	0.01815818
NUDC|T145	0.94600576	-0.00907199
NUDT9|S121	0.983556	0.0034872843
NUF2|S247	1.0558977	0.08772992
NUFIP1|S403	1.083346	0.10249056
NUFIP2|S212	0.9798207	-0.0024066193
NUFIP2|S212_S214	1.0	0.0
NUFIP2|S572	1.0812356	0.08921954
NUFIP2|S629	0.9187267	-0.06371036
NUFIP2|S652	1.0359266	0.068779744
NUFIP2|T220	1.0921026	0.075317785
NUFIP2|T87	0.9230867	-0.11567266
NUMA1|S112	1.0	0.0
NUMA1|S1225	0.9050534	-0.0672829
NUMA1|S169	0.97010726	0.028748196
NUMA1|S1743	1.0	0.0
NUMA1|S1755	1.0	0.0
NUMA1|S1816	1.0	0.0
NUMA1|S1826	1.0	0.0
NUMA1|S1830	1.1149601	0.12636784
NUMA1|S1848	1.0	0.0
NUMA1|S1873	1.0	0.0
NUMA1|S1931	1.0	0.0
NUMA1|S1955	1.0	0.0
NUMA1|S1977	1.0	0.0
NUMA1|S1977_T1986	1.0	0.0
NUMA1|S203	0.91991323	-0.07874567
NUMA1|S2033	1.0	0.0
NUMA1|S271	0.98425645	0.014787211
NUMA1|T1762	1.0	0.0
NUMA1|T1986	1.0	0.0
NUMA1|T2001	1.0	0.0
NUMA1|T2041	1.0	0.0
NUMA1|T2092	1.0	0.0
NUMBL|S222	1.0	0.0
NUMBL|S264	1.0	0.0
NUMBL|S272	1.0	0.0
NUMBL|S370	1.0	0.0
NUMBL|T238	1.0	0.0
NUMB|S194	1.0	0.0
NUMB|S276	1.0	0.0
NUMB|S284	1.0250845	0.018280422
NUMB|S390	1.0	0.0
NUMB|S420	1.0	0.0
NUMB|S425	0.92400557	-0.0735829
NUMB|S438	0.9881669	-0.027136534
NUMB|S634	1.0544853	0.07534485
NUMB|T388	1.0	0.0
NUMB|T436	0.9473942	-0.048617758
NUP107|S11	0.9455222	-0.077470995
NUP107|S37	1.009204	0.020447858
NUP107|S86	0.953996	0.0020485078
NUP107|T46	0.98878306	-0.010863775
NUP133|S44	0.98132056	0.008074037
NUP133|S45	0.9465767	-0.049686335
NUP133|S50	0.9665992	-0.029714007
NUP153|S192	0.92928207	-0.039027132
NUP153|S209	0.89293003	-0.07106673
NUP153|S297	1.0	0.0
NUP153|S320	0.99617845	-0.013498811
NUP153|S330	1.0	0.0
NUP153|S334	0.9932722	-0.0037271443
NUP153|S334_S338	1.0	0.0
NUP153|S338	0.9536206	-0.040632028
NUP153|S553	1.0	0.0
NUP153|S614	0.91761696	-0.109653994
NUP153|S638	1.0	0.0
NUP153|S645	1.0	0.0
NUP153|S718	1.0	0.0
NUP153|T369	1.0	0.0
NUP153|T413	1.0	0.0
NUP153|T619	1.0	0.0
NUP153|T730	1.0	0.0
NUP155|S928	1.0	0.0
NUP160|S1157	0.96511424	-0.08375449
NUP160|Y1151	1.0	0.0
NUP188|S1523	0.9547086	-0.026747359
NUP188|S1709	0.97285324	-0.03209992
NUP205|S1581	1.0	0.0
NUP205|S1584	1.0	0.0
NUP210|S1874	1.0006946	-0.0021472338
NUP210|T1844	1.024858	0.037641257
NUP214|S1013	1.0	0.0
NUP214|S1023	1.0	0.0
NUP214|S430	0.98590857	-0.014194079
NUP214|S656_T660_S668	1.0	0.0
NUP214|S657	1.0223504	0.040797018
NUP214|S666_T670_S678	1.0	0.0
NUP214|S668	1.0	0.0
NUP214|S678	1.0761831	0.08666015
NUP214|T1146	1.0	0.0
NUP214|T1156	1.0	0.0
NUP214|T437	0.9627987	-0.028154021
NUP214|T660_S668	1.0	0.0
NUP214|T670_S678	1.0	0.0
NUP35|S38	1.0	0.0
NUP35|S56	1.0	0.0
NUP35|T248	1.0	0.0
NUP35|T258	1.0	0.0
NUP35|T291	1.0	0.0
NUP50|S221	0.96395	-0.043440994
NUP62|S408	1.0	0.0
NUP88|S517	1.0904475	0.0849703
NUP88|T525	1.0958188	0.085879594
NUP93|S364	1.0	0.0
NUP93|S52	1.0635096	0.058523867
NUP98|S1011	1.0	0.0
NUP98|S1026	1.0	0.0
NUP98|S1043	1.0145711	0.016459433
NUP98|S1043_T1053	1.0	0.0
NUP98|S1047	1.0	0.0
NUP98|S591	1.0	0.0
NUP98|S595	1.0	0.0
NUP98|S606	1.0	0.0
NUP98|S666	1.0	0.0
NUP98|S729	1.0	0.0
NUP98|S822	1.0	0.0
NUP98|S871	1.0	0.0
NUP98|S917	1.0	0.0
NUP98|T1053	1.0	0.0
NUP98|T1075	1.0	0.0
NUP98|T529	1.0	0.0
NUSAP1|S134	1.0	0.0
OAS2|S417	1.1149136	0.087354064
OBSCN|S5563	1.0	0.0
OBSL1|S10	1.1179876	0.1113179
OCIAD1|S108	1.1344733	0.15233794
OCIAD1|S123	1.0925374	0.148952
OCLN|S313	0.9490798	-0.040019557
OCLN|S321	0.97952133	-0.005702318
OCLN|S358	0.9327852	-0.02767966
OCLN|S408	0.962022	-0.03210288
ODF2|T87	1.0	0.0
ODF3B|S191	1.0	0.0
OFD1|S629	1.0	0.0
OFD1|S722	1.0	0.0
OFD1|S859	1.0	0.0
OGA|S364	1.0644491	0.07334691
OGFR|S315	0.9612863	-0.025570488
OGFR|S349	0.9716655	-0.028302625
OGFR|S378	0.94875413	-0.015502349
OGFR|S403	1.016392	0.003242439
OGFR|S484	0.94519264	-0.057514276
OGT|S20	0.9675594	-0.03447931
OPHN1|S703	1.0	0.0
OPTN|S174	0.8827287	-0.10879846
OPTN|S177	0.95653164	0.01625509
OPTN|S198	1.0068779	0.049309094
OPTN|S342	0.820593	-0.12876052
OPTN|S513	0.96114796	-0.007134817
OPTN|S526	1.0477409	0.055874243
ORC2|S280	1.0	0.0
ORC2|T226	1.0	0.0
OSBPL10|S209	1.0	0.0
OSBPL10|S380	1.0	0.0
OSBPL10|S44	1.0	0.0
OSBPL11|S15	1.0301414	0.07065697
OSBPL11|S172	0.9811127	-0.004456269
OSBPL11|S174	1.0157024	0.022166412
OSBPL11|S181	1.0000322	0.016724462
OSBPL11|S189	1.0	0.0
OSBPL1A|S117	1.0	0.0
OSBPL1A|S499	1.0827743	0.10677699
OSBPL3|S197	1.0	0.0
OSBPL3|S200	1.0	0.0
OSBPL3|S251	1.1677343	0.18847215
OSBPL3|S262	1.0	0.0
OSBPL3|S265	1.0	0.0
OSBPL3|S273	1.0	0.0
OSBPL3|S304	1.1091248	0.12820944
OSBPL3|S34	1.1275946	0.13378926
OSBPL3|S370	1.0	0.0
OSBPL3|S372	1.0077192	0.009403542
OSBPL3|S406	1.0	0.0
OSBPL3|S410	1.0284845	0.029618237
OSBPL3|S416	1.0	0.0
OSBPL3|S437	1.1158587	0.11607836
OSBPL5|S12	1.0	0.0
OSBPL5|S244	1.0	0.0
OSBPL5|S44	1.0	0.0
OSBPL5|S679	1.0	0.0
OSBPL5|T64	1.0	0.0
OSBPL6|S190	0.9487829	-0.03542338
OSBPL6|S35	1.1834298	0.1739249
OSBPL6|S9	1.0654528	0.064165324
OSBPL7|S152	1.0	0.0
OSBPL7|S226	1.0	0.0
OSBPL7|S272	0.97081727	-0.016698388
OSBPL8|S317	1.0	0.0
OSBPL8|S342	0.91990656	-0.10771467
OSBPL8|S65	1.0	0.0
OSBPL8|S68	1.0	0.0
OSBPL8|S782_S783_S785	1.0	0.0
OSBPL8|S807_S808	1.0	0.0
OSBPL8|S807_S808_S810	1.0	0.0
OSBPL8|T39	1.0	0.0
OSBPL8|T54	0.94504654	-0.053931847
OSBP|S190	0.94060075	-0.044903174
OSBP|S190_S193	0.9111627	-0.08826869
OSBP|S193	0.9692633	-0.009147731
OSBP|S238	1.0019687	0.03248113
OSBP|S240	0.9863223	0.002854229
OSBP|S338	1.0	0.0
OSBP|S351	0.9075161	-0.050225973
OSBP|S382	1.0523442	0.05466205
OSBP|S386	0.96723247	-0.022081902
OSBP|S389	0.9437981	-0.05172838
OSBP|T332	1.0	0.0
OTUD3|S224	0.98887676	-0.011110753
OTUD4|S378	1.0	0.0
OTUD4|S452	1.0	0.0
OTUD4|S828	1.0	0.0
OTUD4|S941	1.0	0.0
OTUD4|S958_S959	1.0	0.0
OTUD5|S165	1.0373682	0.04614875
OTUD5|S503	1.0	0.0
OTUD5|S64	0.99217814	-0.009037781
OTUD7B|S100	1.0162636	0.018922962
OTUD7B|S449	0.94813544	-0.042919856
OTUD7B|S464_S467	1.0	0.0
OTUD7B|S467	0.965594	-0.02288883
OTUD7B|S501	1.0884825	0.07539656
OXR1|S91	1.0008065	0.0056806235
OXSR1|S324_S325	1.0	0.0
OXSR1|S339	0.99499065	0.0014089708
OXSR1|S359	0.936168	-0.03252084
OXSR1|S425	1.0058175	0.009884754
OXSR1|S427	1.0068177	0.014700999
OXSR1|T310	1.0187942	0.02065552
P2RX7|S390	1.0	0.0
P2RX7|T449	1.0	0.0
P4HB|S32	0.97397536	-0.05582263
PABPC1|S315	1.0	0.0
PABPC1|S96	0.92175764	-0.0689356
PABPN1|S150	0.97252035	-0.0037746606
PACS1|S18	1.0083927	0.012401102
PACS1|S534	1.0321382	0.033835933
PACS1|S781	0.9868864	-0.006457648
PACS1|T46	1.0	0.0
PACS1|T504	1.0065382	0.030483639
PACS2|S171	1.0	0.0
PACS2|S274	1.0	0.0
PACS2|S315	1.0	0.0
PACS2|S341	1.0	0.0
PACS2|S378	1.0	0.0
PACS2|S416	0.9936104	-0.0051389798
PACS2|S453	1.056645	0.05716434
PACSIN1|T184	1.2910311	0.28707293
PACSIN3|S276	1.1568334	0.16679724
PACSIN3|S319	1.0927222	0.15581182
PACSIN3|S354	0.95997876	-0.035353128
PACSIN3|S383	1.0901096	0.14296027
PACSIN3|T347	1.0	0.0
PAF1|S394	0.8344859	-0.13887434
PAFAH1B2|S16	1.0	0.0
PAFAH1B2|S64	0.9989966	0.002886128
PAG1|S150	1.0737197	0.07241722
PAG1|S288	1.1227444	0.14817937
PAG1|Y227	1.0	0.0
PAGR1|S237	0.98260456	0.013813247
PAGR1|T138	0.93111575	-0.05903466
PAGR1|T138_S143_S148	1.0	0.0
PAICS|S107	1.0831112	0.12689511
PAICS|S230	1.0	0.0
PAICS|S27	0.96214473	0.03667043
PAICS|T238	0.9931374	-0.007918121
PAK1|S144	0.97685075	0.020947723
PAK1|S174	0.8486969	-0.15210822
PAK1|S174_T185	1.0	0.0
PAK1|S204	0.9815084	-0.043166436
PAK1|S223	0.7441982	-0.21824475
PAK1|T212	0.9103848	-0.13509686
PAK1|T230	0.9079064	-0.08846582
PAK2|S132	1.0148585	0.031609584
PAK2|S141	1.0086131	0.028929068
PAK2|S152	1.0559576	0.061973535
PAK2|S197	1.0163718	-0.0029291834
PAK2|S55	1.0249565	0.06462579
PAK2|S58	0.937174	-0.045705836
PAK2|T143	0.97146237	-0.021292945
PAK2|T154	0.99612445	-0.011885083
PAK2|T169	1.0098937	0.015989343
PAK2|T60	0.98052675	-0.050693817
PAK4|S104	1.1038998	0.118078254
PAK4|S148	0.9040687	-0.1129245
PAK4|S167	0.99906266	0.0040366254
PAK4|S181	1.0159074	0.014544177
PAK4|S267	1.0	0.0
PAK4|S291	0.9916138	-0.0029057364
PAK4|S41	1.0033697	0.0075096297
PAK4|S474	1.0764476	0.089218885
PAK4|T187	1.0	0.0
PAK6|S113	1.0	0.0
PAK6|S207	1.0	0.0
PAK6|S560	0.93843067	-0.054330196
PALB2|S660	1.003587	0.021836108
PALD1|S406	0.9193016	-0.08036044
PALLD|S1038	1.0	0.0
PALLD|S1052	1.0	0.0
PALLD|S1169_S1172	1.0	0.0
PALLD|S1172	1.0	0.0
PALLD|S1184_S1186	1.0	0.0
PALLD|S1184_S1186_S1189	1.0	0.0
PALLD|S1184_S1189	1.0	0.0
PALLD|S1186	1.0	0.0
PALLD|S1186_S1189	1.0	0.0
PALLD|S1189	1.0	0.0
PALLD|S1247	1.0	0.0
PALLD|S1420	1.0	0.0
PALLD|S469	1.0	0.0
PALLD|S709	1.0	0.0
PALLD|S787	1.0	0.0
PALLD|S794	1.0	0.0
PALLD|S796	1.0	0.0
PALLD|S831	1.0	0.0
PALLD|S961	1.0	0.0
PALM2-AKAP2|S155	1.0	0.0
PALM2-AKAP2|S200	1.0	0.0
PALM2-AKAP2|S226	1.0	0.0
PALM2-AKAP2|S352	1.0	0.0
PALM2-AKAP2|S366	1.0	0.0
PALM2-AKAP2|S383	1.0	0.0
PALM2-AKAP2|S624	1.0	0.0
PALM2-AKAP2|S951	1.0	0.0
PALM2-AKAP2|S976	1.0	0.0
PALM2-AKAP2|S979	1.0	0.0
PALM3|S143	0.8598551	-0.13585027
PALM3|S143_T151	1.0	0.0
PALM3|S189	0.7420234	-0.2526528
PALM3|S260	0.8986476	-0.08659667
PALM3|S375	0.91327477	-0.057767607
PALM3|S420	0.86010945	-0.11749539
PALM3|S72	0.8594073	-0.13768452
PALM3|T151	1.0735162	0.10099858
PALMD|S364	0.9667261	-0.04221907
PALMD|S364_S370	1.0	0.0
PALMD|S385	1.0739698	0.07282485
PALMD|S486_S489	1.0	0.0
PALM|S116	1.3136867	0.35228938
PALM|S116_S124	1.0	0.0
PALM|S124	1.3287315	0.3716157
PALM|S152	0.8197639	-0.1833446
PALM|S162	1.3382986	0.3437625
PALM|T141	1.1437862	0.12313633
PALM|T141_T145	1.0	0.0
PALM|T145	1.1434885	0.12093077
PAM|S919	1.0	0.0
PAM|S947	1.0	0.0
PAN3|S354	1.0382487	0.0694482
PAN3|T353	1.0292276	0.030698497
PANK2|S168	0.9860296	-0.014954124
PANK2|S168_S169	1.0	0.0
PANK2|S189	1.0000277	-0.020636676
PANK4|S401	1.0	0.0
PANK4|S412	1.0	0.0
PANK4|S71	1.0	0.0
PANK4|T414	1.0	0.0
PAPOLA|S529	1.0	0.0
PAPOLA|S532	1.0	0.0
PAPOLA|S534	1.0	0.0
PAPOLG|S525	0.9590349	-0.021415235
PAPOLG|S648	0.97015506	-0.029119248
PAPOLG|S684	0.98755497	-0.027447648
PARD3B|S1162	1.0094752	0.009188095
PARD3B|S1184	1.1270149	0.13291399
PARD3B|S710	1.1065747	0.12854753
PARD3B|S746	1.1278995	0.15499763
PARD3B|S780	1.0	0.0
PARD3B|S990	1.0	0.0
PARD3B|T133	1.0	0.0
PARD3|S174	0.67488784	-0.28453875
PARD3|S221	1.0	0.0
PARD3|S383	0.93844575	-0.029612327
PARD3|S658	1.0	0.0
PARD3|S695	0.9592624	-0.042688083
PARD3|S715	1.0076077	0.0031432863
PARD3|S749	1.0	0.0
PARD3|S806	1.0	0.0
PARD3|S824	1.0	0.0
PARD3|S849	1.0	0.0
PARD3|S870	1.0	0.0
PARD3|S921	1.0	0.0
PARD3|S970	1.0	0.0
PARD3|T579	1.0007772	0.002489099
PARD6B|S11	0.9786847	-0.0032630789
PARD6G|S110	1.0710108	0.101216555
PARK7|S47	1.0	0.0
PARN|S102	1.0	0.0
PARN|S496	1.0	0.0
PARN|S558	1.0	0.0
PARP10|S443	1.0	0.0
PARP10|S49	1.0	0.0
PARP10|S675	1.0	0.0
PARP14|S1403	1.0678658	0.060990408
PARP14|S823	1.0	0.0
PARP1|S257	1.0073595	0.031590264
PARP1|S782	1.0522535	0.050366122
PARP2|S34	1.0166074	-0.009271085
PARP4|S1186	0.89562106	-0.10407676
PARP4|S1223	0.9695562	-0.036048587
PARP4|S1236	1.1144326	0.10168717
PARP4|S1288	1.0	0.0
PARP4|S1335	1.0198042	0.015038158
PARP4|S1340	1.0	0.0
PARP4|S1349	0.9309949	-0.042186778
PARP4|S1504	0.9828147	0.0062468746
PARP4|S1507	1.0676608	0.07951951
PARP4|S1713	1.0266595	0.021869134
PARP4|T101	0.9190344	-0.07897555
PARP4|T333	1.0	0.0
PARP4|Y95	1.0167024	0.017246528
PARP9|S491	1.0043777	-0.0110206
PARVA|S14_S19	1.0	0.0
PARVA|S28	1.0403613	0.083721265
PARVB|S20	1.0	0.0
PATJ|S1212	0.92581195	-0.07005716
PATJ|S1555	0.98188096	-0.011968287
PATJ|S1618	0.96485466	-0.016436787
PATJ|S1661	0.98798215	-0.0075637004
PATJ|S44	1.0	0.0
PATJ|S522	0.9894185	-0.008041135
PATJ|S645	0.95813084	0.0012975036
PATJ|T1209_S1212	1.0	0.0
PATL1|S120	1.0	0.0
PATL1|S179	0.9998871	0.013197986
PATL1|T194	0.9122079	-0.11642986
PAWR|S108	0.984999	-0.014213836
PAWR|S233	0.89957386	-0.07640735
PAWR|S259	0.9699548	-0.038553204
PAXBP1|S16	0.84026426	-0.15086497
PAXBP1|S262	0.96725607	-0.011441357
PAXBP1|S295	0.9636108	-0.03629822
PAXBP1|S557_S558	1.0	0.0
PAXBP1|T242	1.0	0.0
PAXX|S148	0.9331746	-0.012219309
PAXX|S152	1.0	0.0
PAXX|T145	1.0	0.0
PBDC1|S181	1.0456932	0.07102399
PBDC1|S197	1.0392115	0.05280638
PBK|S59	0.83544	-0.1735349
PBRM1|S1023	1.0	0.0
PBRM1|S324	1.0	0.0
PBRM1|S374	1.0	0.0
PBRM1|S374_S376	1.0	0.0
PBRM1|S519	1.0	0.0
PBRM1|S526	1.0	0.0
PBRM1|S60	1.0	0.0
PBRM1|S672	1.0	0.0
PBRM1|S984	1.0	0.0
PBX2|S151	0.9410361	-0.05158881
PBX2|S330	1.0052838	0.013162481
PBX2|S395	0.9675498	-0.031340007
PBXIP1|S14	1.0	0.0
PBXIP1|S440	1.0	0.0
PCBP1|S111	1.0	0.0
PCBP1|S171	0.99986583	-0.0003926121
PCBP1|S173	0.9731324	-0.019073702
PCBP1|S189	0.94872993	-0.038490057
PCBP1|S190	0.97513574	-0.013322646
PCBP1|S246	1.0	0.0
PCBP1|S264	1.0	0.0
PCBP1|T169	1.0	0.0
PCBP1|T255	1.0	0.0
PCBP2|S173	1.0515172	0.025122324
PCDH12|S1140	0.9772203	-0.018382477
PCDH12|S859	0.9967473	-0.0034780153
PCDH1|S1171	1.0	0.0
PCDH1|S1171_S1173	1.0	0.0
PCDH1|S1173	1.0	0.0
PCDH1|S949	1.0845745	0.12145313
PCDH1|S962	0.9801499	-0.0034593183
PCDH1|S984	0.9158835	-0.040460404
PCDH1|Y958	1.0	0.0
PCDH7|S1011	1.0034382	0.0065589924
PCDH7|S1185	1.0	0.0
PCDH7|S1243	1.0	0.0
PCDH7|S966	1.0	0.0
PCDH7|S989	0.9865865	0.010889325
PCF11|S1651	1.0	0.0
PCF11|S489	0.9745425	-0.023708533
PCF11|S489_S494	1.0	0.0
PCF11|S494	0.95423	-0.04228952
PCF11|S509_S511	1.0	0.0
PCF11|S511	0.93934083	-0.038151905
PCF11|S624	1.0425994	0.008203189
PCF11|S645	1.0	0.0
PCF11|S707	1.0	0.0
PCF11|S800	1.0	0.0
PCF11|S813	1.0	0.0
PCF11|S836	1.0	0.0
PCF11|S908	1.0	0.0
PCF11|T1628	1.0	0.0
PCF11|T1661	1.0	0.0
PCF11|T916	1.0	0.0
PCGF6|S115	1.0608655	0.07392771
PCIF1|S116	1.0543622	0.06326792
PCIF1|S144	1.0223107	0.022223875
PCIF1|S159	1.0437431	0.04632637
PCIF1|T150	1.0	0.0
PCK2|S304	1.0089402	0.022472888
PCLO|S826	0.9457279	-0.061490543
PCLO|S906	1.0	0.0
PCM1|S110	0.9459631	-0.017420601
PCM1|S116	0.9276417	-0.043443315
PCM1|S1283	1.02491	0.046089865
PCM1|S1335	0.9554983	-0.042532988
PCM1|S1435	1.0072259	-0.007294928
PCM1|S1722	1.0	0.0
PCM1|S1757_S1760_S1768	1.0	0.0
PCM1|S1760_S1768	1.0	0.0
PCM1|S1768	1.0402321	0.035639208
PCM1|S190	1.0	0.0
PCM1|S1950	1.0	0.0
PCM1|S384	1.0	0.0
PCM1|S537	1.1072841	0.11599016
PCM1|S580	0.9623757	-0.032280624
PCM1|S65	1.0807613	0.10067669
PCM1|S776	1.0	0.0
PCM1|S776_S779	1.0	0.0
PCM1|S861	1.1969452	0.20065589
PCM1|S872	0.9066558	-0.10640884
PCM1|S93	1.0718324	0.09172386
PCM1|S960	0.8061945	-0.06635822
PCM1|S991	1.1026753	0.13847236
PCM1|T1557	1.0	0.0
PCM1|T79	1.0	0.0
PCMTD1|S226	1.0	0.0
PCNP|S118	1.0	0.0
PCNP|S146	1.0	0.0
PCNP|S53	1.0	0.0
PCNP|S77	1.0816423	0.101436414
PCNP|T138	1.0	0.0
PCNT|S1653	1.1003706	0.10394024
PCNT|S1814	1.004659	0.0037020412
PCNT|S2177	1.0015464	0.003601748
PCNT|S2192	1.0002377	-0.0045768926
PCNT|S2214	1.0277956	0.029190158
PCNT|S3274	0.9769034	-0.026155338
PCNT|S44	0.99011135	-0.009079745
PCNT|S682	1.0	0.0
PCNX3|S1025	1.0	0.0
PCNX3|S1909	0.9836986	-0.013773583
PCNX3|S1955	0.9595039	-0.040240828
PCNX3|S246	0.9733599	-0.032099165
PCNX3|S287	0.93574643	-0.05039499
PCNX3|S402	0.98496693	0.0047597615
PCNX3|S505	1.0	0.0
PCNX3|T370	1.0	0.0
PCYT1A|S233	1.0539575	0.099065684
PCYT1A|S315	1.0568252	0.04217031
PCYT1A|S315_S319	1.0	0.0
PCYT1A|S329	1.0111206	0.023389028
PCYT1A|S329_S331	1.0	0.0
PCYT1A|S331	1.1157842	0.14409381
PCYT1A|S343	1.1081648	0.13462508
PCYT1A|S347	0.98777604	0.04701225
PDAP1|S176	0.93062145	0.0034182402
PDAP1|S178	1.0269095	0.021194056
PDAP1|S57_S60_S63	1.0	0.0
PDAP1|S60	1.0110865	0.02431672
PDAP1|S60_S63	0.9825811	-0.015232646
PDAP1|S63	1.0137049	0.057046097
PDCD11|S1498	1.052211	0.057243757
PDCD4|S299	1.0	0.0
PDCD4|S309	1.0	0.0
PDCD4|S323	0.9690204	-0.031428657
PDCD4|S443	1.0	0.0
PDCD4|S457	1.1412303	0.10701067
PDCD4|S53_S54_S57	1.0	0.0
PDCD4|S62	1.0	0.0
PDCD4|S67_S68_S71	1.0	0.0
PDCD4|S76	0.9299875	-0.0536087
PDCD5|S119	1.0295353	0.0476921
PDCD5|S51	0.9906456	-0.015569076
PDCL|S20	1.0	0.0
PDCL|S25	0.9757573	-0.027994702
PDE3A|S312	0.8586105	-0.05260631
PDE3A|S408	1.0	0.0
PDE3A|S428	0.97775877	-0.023583433
PDE3A|S520	1.0021975	0.017918292
PDE3B|S318	0.97845745	-0.010011118
PDE4A|S119	1.0	0.0
PDE4A|S126	1.0	0.0
PDE4A|S183	1.0	0.0
PDE4A|S276	1.0	0.0
PDE4A|S320	1.0	0.0
PDE4B|S118	1.0	0.0
PDE4B|S304	1.0	0.0
PDE4DIP|S195	1.0	0.0
PDE4DIP|S275	1.0	0.0
PDE4D|S126	1.0	0.0
PDE4D|S54	1.0	0.0
PDE5A|S86	1.1062827	0.099281795
PDE7A|S84	0.95512456	0.007423785
PDE8A|S385	1.0	0.0
PDE8A|S457	1.0543467	0.06879366
PDE8B|S462	1.0	0.0
PDGFRB|S641	1.0	0.0
PDHA1|S293	1.0487274	0.06269094
PDHA1|S293_S300	0.99987626	-0.0021173724
PDHA1|S295	1.0647064	0.08512147
PDHA1|S300	1.088335	0.14641339
PDIA6|S480	1.0	0.0
PDLIM1|S118	1.0105779	0.015560753
PDLIM1|S130	1.0230505	0.048394408
PDLIM1|S90	0.9847615	0.05918294
PDLIM2|S373	1.0	0.0
PDLIM2|S374	1.0	0.0
PDLIM2|S379	1.0	0.0
PDLIM2|S384	1.0	0.0
PDLIM2|S384_S387	1.0	0.0
PDLIM2|S387	1.0	0.0
PDLIM2|S404	1.0	0.0
PDLIM2|S411	1.0	0.0
PDLIM2|S447	1.0	0.0
PDLIM2|S516	1.0	0.0
PDLIM2|T507	1.0	0.0
PDLIM2|T529	1.0	0.0
PDLIM3|S170	1.0	0.0
PDLIM3|S18	1.1620371	0.16267093
PDLIM3|S216	1.0	0.0
PDLIM3|S237	1.0	0.0
PDLIM3|S89	1.0283612	0.045192458
PDLIM3|S89_S93	1.0	0.0
PDLIM3|S93	1.0570772	0.09964807
PDLIM4|S11	1.1330395	0.15526973
PDLIM4|S112	1.1505474	0.20745854
PDLIM4|S120	1.150865	0.17642473
PDLIM4|S165	1.0	0.0
PDLIM4|S87	1.0	0.0
PDLIM5|S111	1.0	0.0
PDLIM5|S214	0.9624904	-0.03616581
PDLIM5|S228	1.1245599	0.14444694
PDLIM5|S309_S313	1.0	0.0
PDLIM5|S313	1.0050478	0.006923991
PDLIM5|S362	1.0101742	0.03639834
PDLIM5|T290	1.0	0.0
PDLIM5|T417	1.0	0.0
PDLIM7|S109	1.0	0.0
PDLIM7|S111	1.1095959	0.075869724
PDLIM7|S217	1.0227294	0.017952971
PDLIM7|S247	1.0484067	0.044202246
PDLIM7|S247_T251	1.0	0.0
PDLIM7|S60	1.0	0.0
PDLIM7|T161	1.0	0.0
PDLIM7|T251	1.0072317	0.045491792
PDPK1|S241	0.9799493	-0.0040609255
PDS5A|S1195	0.94405395	-0.07315848
PDS5A|S1305	0.9822671	-0.011284273
PDS5A|T1208	1.0154117	0.009761447
PDS5B|S1162_S1166	1.0	0.0
PDS5B|S1166	1.0357581	0.046902373
PDS5B|S1182	1.0395169	0.05254872
PDS5B|S1257	0.96081966	-0.036570862
PDS5B|S1283	1.0527583	0.06081498
PDS5B|S1334	0.96926934	-0.03287895
PDS5B|S1358	1.1032691	0.11947218
PDS5B|S1383	1.050065	0.061514188
PDS5B|T1220	1.0	0.0
PDS5B|T1381_S1383	1.0	0.0
PDXDC1|S742	1.0	0.0
PDXDC1|S764	1.0	0.0
PDXDC1|S771	1.0	0.0
PDXDC1|T399	1.0	0.0
PDXDC1|T676	1.0	0.0
PDZD2|S1005	1.057352	0.055325862
PDZD2|S1270	1.1312565	0.11229853
PDZD2|S1850	1.0	0.0
PDZD2|S2037	1.0670911	0.06884276
PDZD2|S2341	1.0	0.0
PDZD2|S2489	1.0	0.0
PDZD2|S2521	1.0	0.0
PDZD2|S514	1.0010328	0.0030844803
PDZD2|S543	1.0	0.0
PDZD2|S850	1.0	0.0
PDZD2|S920	1.0040416	0.0034888093
PDZD2|S944	1.0533859	0.05355519
PDZD2|S944_S948	1.0	0.0
PDZD2|S971	1.0833726	0.083313696
PDZD8|S1071	1.0	0.0
PDZD8|S496	1.0	0.0
PDZD8|S521	0.9935645	0.019924482
PDZRN3|S374	1.0	0.0
PDZRN3|S472	1.0	0.0
PDZRN3|S774	1.1852274	0.23591155
PDZRN3|T517	1.0	0.0
PEA15|S111	1.0	0.0
PEA15|S137	1.0	0.0
PEAK1|S1001	1.0	0.0
PEAK1|S1081	1.0	0.0
PEAK1|S1217	0.9668993	-0.020761881
PEAK1|S1250	1.0751837	0.08747618
PEAK1|S281	0.9642947	0.0074999584
PEAK1|S370	1.0	0.0
PEAK1|S587	1.0	0.0
PEAK1|S779	1.0	0.0
PEAK1|S792	1.0199107	0.017411623
PEAK1|T1151	0.98756593	-0.015187783
PEAK1|T1165	1.0353603	0.0023533592
PEAK1|T852	1.0	0.0
PEAK1|Y635	0.94123924	-0.050235994
PEAR1|S1029	0.98517895	-0.01489936
PEBP1|S52	1.1151961	0.18149713
PEBP1|S54	1.071565	0.08093505
PEBP1|T42	1.0	0.0
PECAM1|S653	0.9427712	-0.04591914
PELP1|S1093	1.0	0.0
PELP1|S1123	1.0	0.0
PELP1|S527_S531	1.0	0.0
PELP1|S531	1.0	0.0
PELP1|S708	1.0	0.0
PELP1|T1132	1.0	0.0
PELP1|T795	1.0	0.0
PEPD|T487	1.0	0.0
PER1|S592	1.0	0.0
PER1|S704	1.0	0.0
PER1|S815	0.98041224	-0.012354006
PER1|S830	1.0	0.0
PER2|S977	0.9838757	0.0056376704
PEX14|S232	1.0	0.0
PEX14|S335	1.0733485	0.111413285
PEX14|S44	0.9813512	-0.033721846
PEX19|S35	1.0	0.0
PEX19|S66	1.0087208	0.047884244
PEX1|S1181	1.0766987	0.08899087
PEX1|S1211	1.002368	0.016615821
PEX5|S294	1.0	0.0
PFKFB2|S466	1.0214467	0.042755097
PFKFB2|S493	1.1641419	0.18090278
PFKFB3|S22	1.0	0.0
PFKFB3|S461	1.1390148	0.12460267
PFKFB3|S461_S467	1.0	0.0
PFKL|S377	1.0498897	0.05016593
PFKL|S427	1.0	0.0
PFKM|S377	1.047275	0.053702272
PFKP|S378	1.0	0.0
PFKP|S386	1.0002025	0.05484807
PGAM1|S118	0.9910572	0.007821157
PGAM1|S14	0.912466	-0.026807858
PGAM1|S31	1.0569113	0.03787367
PGAM1|Y92	1.0	0.0
PGK1|S203	1.1048002	0.07463043
PGK1|Y196	0.94915134	-0.042549867
PGLS|S49	1.2402887	0.37412244
PGM1|S117	0.9737648	0.0029865392
PGM1|S505	1.0717945	0.12652564
PGM1|T115_S117	1.0	0.0
PGM2L1|S175	1.0353466	0.05595944
PGM2L1|T173	1.0	0.0
PGM2|S165	1.0395328	0.07650281
PGM2|S186	1.0883766	0.103264324
PGM2|T163	1.0	0.0
PGM3|S92	1.0	0.0
PGM5|S122	0.94723094	5.7404995e-05
PGM5|T120	1.0	0.0
PGRMC1|S181	1.220729	0.21004622
PGRMC1|S57	1.2501574	0.278003
PGRMC1|T74	1.0257396	0.07601594
PGRMC2|S114	1.0	0.0
PGRMC2|S128	1.0	0.0
PGRMC2|S232	1.0	0.0
PGRMC2|T235	1.0	0.0
PGR|S162	1.0	0.0
PGR|S81	1.0	0.0
PHACTR1|S237	1.0	0.0
PHACTR1|S467	0.9628809	-0.037476446
PHACTR1|T104	0.9881418	-0.0073013706
PHACTR2|S248	1.0	0.0
PHACTR2|S34	1.0	0.0
PHACTR2|S533	1.0	0.0
PHACTR2|S571	1.0	0.0
PHACTR4|S118	0.93796325	-0.031466097
PHACTR4|S131	1.0	0.0
PHACTR4|S291	1.0	0.0
PHACTR4|S443	0.9708454	-0.03523144
PHACTR4|S464	1.0035998	0.057671193
PHACTR4|S590	1.0339324	0.037854094
PHACTR4|S628	0.96405524	-0.052065708
PHACTR4|T432	1.0	0.0
PHB|S151	1.0594399	0.06395732
PHB|Y249	1.0	0.0
PHC1|S664	0.96862	-0.025557991
PHC1|S664_S669	1.0	0.0
PHC1|S669	0.9905964	-0.0064280867
PHC1|T922	0.9404076	-0.05750966
PHC2|S676	1.0	0.0
PHC2|S705	1.0	0.0
PHC2|S723	1.0	0.0
PHC3|S263	0.9933814	0.020959597
PHC3|S315	1.0	0.0
PHC3|S616	1.00755	0.012901166
PHC3|S842	1.001322	0.04324212
PHC3|T609	1.0062916	0.0046262415
PHC3|T609_S616	1.0	0.0
PHC3|T609_T614	1.0	0.0
PHETA1|S226	1.0	0.0
PHF10|S327	0.9905865	0.0020356805
PHF10|S36	1.0697889	0.06878584
PHF10|S50	1.0635172	0.08865845
PHF12|S662	0.9878021	-0.010622228
PHF12|T586	1.0	0.0
PHF12|T671	0.8973959	-0.090933025
PHF12|T880	1.0	0.0
PHF14|S290	0.8771502	-0.13349858
PHF14|S298	0.9278031	-0.05838301
PHF14|S298_S302	1.0	0.0
PHF14|S302	1.0413953	0.07474333
PHF14|S308	0.94015104	0.007084788
PHF14|S530	1.0503336	0.027473861
PHF14|S835	0.9146521	-0.07542202
PHF14|T287	0.9918229	-0.005363175
PHF14|T287_S290	1.0	0.0
PHF1|S20	1.0158511	0.009123049
PHF1|S420	1.0	0.0
PHF1|S515	1.0	0.0
PHF20L1|T394	1.0	0.0
PHF20|S488	1.0583993	0.021137869
PHF20|S902	0.9828433	-0.017804466
PHF21A|S447_S455	1.0	0.0
PHF21A|S455	1.0	0.0
PHF23|T26	1.0	0.0
PHF2|S1056	1.0205957	0.008749801
PHF2|S474	1.0235251	0.024395809
PHF2|S474_T479	1.0	0.0
PHF2|S625	0.81404597	-0.20701869
PHF2|S681	1.1036355	0.13820821
PHF2|S705	0.98616385	0.008333108
PHF2|S853	0.9635982	-0.018054947
PHF2|S882	1.1172259	0.14404097
PHF2|S899	1.0656612	0.09809752
PHF3|S1045	1.0	0.0
PHF3|S1554	1.0	0.0
PHF3|S1810	1.0	0.0
PHF3|S195	1.0	0.0
PHF6|S145	1.0111227	0.010501722
PHF6|S199_S203	1.0	0.0
PHF8|S1021	1.0323004	0.038488753
PHF8|S1021_S1024	1.0	0.0
PHF8|S804	1.1178421	0.16753809
PHF8|S854_S857	1.0	0.0
PHF8|S857	1.0284781	0.033243418
PHF8|S880	1.0913352	0.0838854
PHF8|T886	1.0016503	0.005879707
PHGDH|S349	1.073823	0.074144974
PHGDH|T78	0.89169776	-0.08293165
PHIP|S1281_S1283	1.0	0.0
PHIP|S1283	1.0741127	0.07407284
PHIP|S1315	1.0884168	0.051506307
PHIP|S1783	1.0899066	0.12887983
PHIP|S674	0.93628055	-0.07131658
PHIP|S879_S880_S881	1.0	0.0
PHIP|S911	1.1197478	0.14039785
PHKA1|S758	1.1781046	0.23553826
PHKA1|S985	1.0	0.0
PHKA2|S1015	1.0072261	0.009153815
PHKA2|S724	1.0	0.0
PHKA2|S729	0.90474707	0.014465503
PHKB|S27	0.9624332	-0.0072279684
PHKB|S34	1.0	0.0
PHLDB1|S1017	1.1409888	0.15880865
PHLDB1|S223	1.0	0.0
PHLDB1|S324	1.1248287	0.13934608
PHLDB1|S381	1.0	0.0
PHLDB1|S404	1.0127442	0.015096471
PHLDB1|S430	1.1812314	0.24734423
PHLDB1|S443	1.0523291	0.10252739
PHLDB1|S461	0.97321653	0.016817916
PHLDB1|S470	1.0064561	0.08007689
PHLDB1|S489	0.9600703	0.055499796
PHLDB1|S501	1.0	0.0
PHLDB1|S51	1.0730854	0.0827436
PHLDB1|S518_S520	1.0	0.0
PHLDB1|S520	1.0521219	0.0527079
PHLDB1|S539	0.9844841	-0.016573502
PHLDB1|S551	1.0	0.0
PHLDB1|S555	1.0	0.0
PHLDB1|S578	1.0985825	0.102285646
PHLDB1|S578_S583	1.0	0.0
PHLDB1|S583	1.0062668	0.047954816
PHLDB1|S638	1.0234762	0.021158071
PHLDB1|S654	1.0	0.0
PHLDB1|S678	1.2500428	0.22704059
PHLDB1|S678_S682	1.0	0.0
PHLDB1|S682	1.0	0.0
PHLDB1|S971	1.0006021	0.0134729035
PHLDB1|T1011	1.0	0.0
PHLDB1|T428	1.0	0.0
PHLDB2|S100	1.0	0.0
PHLDB2|S184	1.0	0.0
PHLDB2|S231	1.0	0.0
PHLDB2|S239	1.0	0.0
PHLDB2|S361	1.0	0.0
PHLDB2|S411	1.0	0.0
PHLDB2|S411_S414	1.0	0.0
PHLDB2|S414	1.0524639	0.08195705
PHLDB2|S442	1.0	0.0
PHLDB2|S516	1.0	0.0
PHLDB2|S528	1.0	0.0
PHLDB2|S540	1.0	0.0
PHLDB2|S98	1.0	0.0
PHLDB2|T136	1.0	0.0
PHLDB2|T431	1.0	0.0
PHLDB2|T577	1.0	0.0
PHLDB2|T601	1.0	0.0
PHLPP1|S425	1.0143034	0.013351578
PHPT1|S33	1.027458	0.04595303
PHRF1|S1032_S1034	1.0	0.0
PHRF1|S1034	0.95468384	-0.028998503
PHRF1|S1124	0.91108614	-0.036479026
PHRF1|S1142	1.0089836	0.012471997
PHRF1|S1202	0.95244646	-0.03730544
PHRF1|S1229	0.980782	-0.005818424
PHRF1|S1359_S1360	1.0	0.0
PHRF1|S1360	1.0054328	0.009427927
PHRF1|S1371	0.9729095	-0.025955439
PHRF1|S814	0.9932488	-0.007176304
PHRF1|S864	1.0	0.0
PHRF1|S867	0.90994936	-0.070401736
PHRF1|S915	0.9687412	-0.024218988
PHRF1|S915_T917	1.0	0.0
PHRF1|S936	1.0408489	0.0027642495
PHRF1|S936_S948	1.0	0.0
PHRF1|S973	0.9335324	-0.053315174
PHRF1|S991	0.94289255	-0.054201584
PHYHIPL|S12	0.8598054	-0.13564445
PHYHIPL|S15	0.84091455	-0.13730726
PHYHIPL|S25	1.29424	0.2909575
PI4K2A|S462	1.0310405	0.07527798
PI4K2A|S47	0.9915	0.011506687
PI4K2A|S47_S51	1.0	0.0
PI4K2A|S51	1.0204313	0.021735787
PI4K2B|S17	0.94118154	-0.057188638
PI4K2B|S45	0.902232	-0.034669835
PI4K2B|S466	1.0	0.0
PI4KA|S1405	1.0	0.0
PI4KA|S1435	1.0	0.0
PI4KA|S1436	0.95489275	-0.06953712
PI4KA|S230	0.98361677	-0.012545354
PI4KA|S256	0.87783056	-0.14811145
PI4KA|S256_S257	1.0	0.0
PI4KA|S265	1.0551368	0.05893171
PI4KA|T250	1.0	0.0
PI4KB|S266	0.97071856	-0.031170627
PI4KB|S277	1.0	0.0
PI4KB|S294	1.0	0.0
PI4KB|S413	1.0	0.0
PI4KB|S428	0.9591223	-0.019495709
PI4KB|S496	1.0	0.0
PI4KB|S496_T502	1.0	0.0
PI4KB|S511	1.0368345	0.040124994
PIAS1|S490	1.0	0.0
PIAS1|S505	1.0	0.0
PIAS4|T99	1.0	0.0
PICALM|S16	1.1043096	0.07015536
PICALM|S315	1.0849687	0.13395947
PIEZO1|S1391	0.97499585	-0.022305956
PIEZO1|S1621	1.0241041	0.042908993
PIEZO1|S1646	1.0105338	0.073221676
PIGB|S39	1.0694935	0.09461457
PIGR|S673	1.2271808	0.30515578
PIGR|S682	1.0478171	0.20192027
PIGR|S708	1.0	0.0
PIGR|S735	1.3467973	0.33395022
PIK3AP1|S642	1.0	0.0
PIK3AP1|S682	1.0	0.0
PIK3AP1|S759	1.1043377	0.10833744
PIK3C2B|S13	1.0	0.0
PIK3C2B|S155	1.0	0.0
PIK3R1|Y452	1.0	0.0
PIK3R1|Y467	1.0296122	0.045598723
PIK3R1|Y556	1.0	0.0
PIK3R1|Y580	0.97781765	-0.015129595
PIK3R4|S853	0.98158216	-0.00945316
PIK3R5|S458	1.0487629	0.04159762
PIK3R5|S478	1.0	0.0
PIK3R6|S358	0.900709	-0.08633259
PIKFYVE|S1452	1.0	0.0
PIKFYVE|S1549	0.957769	-0.037529007
PIKFYVE|S1657	1.0	0.0
PIKFYVE|S1754	0.9246324	-0.038510755
PIMREG|S16	1.1027964	0.11624498
PIP4K2B|S319	1.0111477	0.012570609
PIP4K2B|T322	0.9620545	-0.04156848
PIP4K2B|T322_S326	1.0	0.0
PIP4P1|S169	1.0	0.0
PIP5K1A|S418	1.0	0.0
PIP5K1A|S56	1.0	0.0
PIP5K1A|S68	1.041402	0.029225376
PITPNC1|S299	0.9390505	-0.07921733
PITPNM1|S300	1.0	0.0
PITPNM1|S373	1.1861348	0.20409057
PITPNM1|S593	1.0046141	0.019717796
PITPNM1|S593_S600	1.0	0.0
PITPNM2|S1277	1.1264156	0.16099274
PITPNM2|S1313	1.0602821	0.053992826
PITPNM2|S644	1.0705117	0.10612513
PITPNM2|S872	1.0	0.0
PITPNM3|S109	1.0	0.0
PITPNM3|S321	0.8710051	-0.07603234
PITPNM3|S871	1.0	0.0
PITPNM3|S907	0.8107643	-0.19920093
PITPNM3|S946	0.9027738	-0.1267376
PJA1|S15	1.0	0.0
PJA1|S210	1.0	0.0
PJA1|S71	1.0	0.0
PJA1|T222	1.0	0.0
PJA2|S216	0.9383598	-0.047691576
PJA2|S253	1.0225297	0.02104874
PKD2|S166	0.95032966	-0.04503438
PKD2|S812	0.91882926	-0.06033891
PKM|S111	1.0	0.0
PKM|S127	1.1514513	0.18582363
PKM|S201	1.0	0.0
PKM|S202	1.0	0.0
PKM|S249	1.1797439	0.21164334
PKM|S276	1.0	0.0
PKM|S323	1.0	0.0
PKM|S37	1.2147859	0.20993786
PKM|S437	1.0775663	0.10193502
PKM|S511	1.0	0.0
PKM|Y148	1.0	0.0
PKM|Y222	1.0	0.0
PKN1|S533	1.0	0.0
PKN1|S537	1.0185564	0.019676302
PKN1|S69	0.9647516	-0.025702532
PKN1|S916	0.78118557	-0.07867997
PKN2|S110	0.9858674	-0.0063794353
PKN2|S21	1.0846963	0.18216226
PKN2|S302	1.0	0.0
PKN2|S306	1.0	0.0
PKN2|S360	1.0606736	0.0971793
PKN2|S535	1.0	0.0
PKN2|T124	1.0	0.0
PKN2|T903	1.0	0.0
PKN2|T910	1.0	0.0
PKN3|S544	1.0055338	0.00505843
PKN3|T860	1.0	0.0
PKP1|S142	1.0	0.0
PKP1|S155	1.2489482	0.27194625
PKP1|S205	1.0	0.0
PKP1|S225	1.0	0.0
PKP1|S739	1.3113017	0.25919643
PKP2|S102	1.0	0.0
PKP2|S140	1.0	0.0
PKP2|S151	1.0424672	0.07772745
PKP2|S151_S154_S155	1.0	0.0
PKP2|S154_S155	1.0257924	0.02926213
PKP2|S164	0.91251975	-0.07326024
PKP2|S172	0.9822298	0.005023375
PKP2|S197	1.0237709	0.15026176
PKP2|S251	0.9495821	0.05007924
PKP2|S329	0.939169	-0.03473863
PKP2|S358	1.0	0.0
PKP2|S71	0.8055784	-0.16893442
PKP2|S82	1.0491568	0.07384666
PKP3|S110	1.0	0.0
PKP3|S138	1.0	0.0
PKP3|S187	1.0	0.0
PKP3|S211	1.0	0.0
PKP3|S253	1.0	0.0
PKP3|S328_S329	1.0	0.0
PKP3|S329	1.0	0.0
PKP4|S179	1.0	0.0
PKP4|S213	0.9320946	-0.06293919
PKP4|S221	0.9328739	-0.059726622
PKP4|S231	1.010716	0.02257376
PKP4|S233	1.0	0.0
PKP4|S281	0.95809615	0.00078338827
PKP4|S314	0.8802953	-0.040130846
PKP4|S327_S337	1.0	0.0
PKP4|S337	1.0709633	0.09062128
PKP4|S406	0.94266653	-0.0628761
PKP4|S447	0.92651063	-0.1455495
PKP4|S511	1.0	0.0
PKP4|S512	0.954076	-0.03346691
PKP4|S75	0.9975583	0.0034968692
PKP4|S775	1.0	0.0
PKP4|S776	1.0	0.0
PKP4|T412	1.0	0.0
PLA2G4A|S377	1.0	0.0
PLA2G4A|S437	0.9407846	-0.028169515
PLA2G4A|S667	1.0	0.0
PLA2G4A|S669	1.0	0.0
PLA2G4A|S727	1.0150393	0.036865056
PLA2G4C|S347	1.0	0.0
PLAA|S50	1.0434126	0.031835403
PLCB2|S943	1.0	0.0
PLCB2|S949	1.0	0.0
PLCB2|S954	1.0	0.0
PLCB3|S1105	1.0251256	0.05596598
PLCB3|S474	1.0152102	0.015748605
PLCB3|S537	1.1188184	0.11445508
PLCD1|S12	1.0	0.0
PLCD1|S481	1.0	0.0
PLCD1|T478	1.0	0.0
PLCD3|S105	1.0	0.0
PLCD3|S489	1.0	0.0
PLCD3|S496	1.043611	0.069091834
PLCD3|T37	1.0	0.0
PLCE1|S1401	1.0	0.0
PLCE1|S752	1.0	0.0
PLCE1|S788	1.0	0.0
PLCG1|S1234	1.0	0.0
PLCG1|S1249	1.0	0.0
PLCG1|S1264	1.0	0.0
PLCH1|S1131	1.0	0.0
PLCH1|S1307	0.927106	-0.07826075
PLCH2|S595	1.0304726	0.055109516
PLCL1|S1079	0.9658682	-0.052791703
PLCL1|S47	0.9846931	-0.013680583
PLCL1|S569	0.88344043	-0.12048954
PLCL1|S77	1.0	0.0
PLCL1|S95	0.9546236	-0.057418976
PLCL1|T556	0.88996154	-0.10522079
PLCL1|T93_S95	1.0	0.0
PLCL2|S1113	0.9996413	0.017778851
PLCL2|S123	1.0593767	0.06988473
PLCL2|S17	1.0	0.0
PLCL2|T584	0.9935086	-0.0043295217
PLD1|S540	1.0793082	0.08682654
PLEC|S1047	0.9417863	0.028749747
PLEC|S125	1.0	0.0
PLEC|S1298	1.0	0.0
PLEC|S1325	1.0	0.0
PLEC|S1417	1.0	0.0
PLEC|S1435	1.0647871	0.11191957
PLEC|S1444	0.9749172	-0.023098545
PLEC|S149	1.0064878	0.0007467028
PLEC|S1554	1.0509694	0.059077654
PLEC|S1584	1.0	0.0
PLEC|S1595	1.0	0.0
PLEC|S1611	1.0	0.0
PLEC|S1622	1.0	0.0
PLEC|S1721	1.0425684	0.11678673
PLEC|S1732	0.98152244	0.042454567
PLEC|S1902	1.0	0.0
PLEC|S1929	1.0	0.0
PLEC|S2039	0.9129743	-0.040091544
PLEC|S21	1.0	0.0
PLEC|S2224	1.0	0.0
PLEC|S2251	1.0	0.0
PLEC|S2361	1.016856	0.01019762
PLEC|S24	1.0	0.0
PLEC|S2441	1.0	0.0
PLEC|S2468	1.0	0.0
PLEC|S2578	0.94955367	-0.021428287
PLEC|S2645	1.0	0.0
PLEC|S2665	1.0	0.0
PLEC|S2672	1.0	0.0
PLEC|S2692	1.0	0.0
PLEC|S2697	1.0	0.0
PLEC|S2724	1.0	0.0
PLEC|S2782	1.0177004	0.005449621
PLEC|S2802	1.0290234	0.05187472
PLEC|S2834	0.9997414	-0.016927881
PLEC|S2899	1.0	0.0
PLEC|S2926	1.0	0.0
PLEC|S3036	0.98100644	-0.02070398
PLEC|S3900	1.0	0.0
PLEC|S3927	1.0	0.0
PLEC|S4037	1.0493609	0.057882637
PLEC|S42	1.0	0.0
PLEC|S4237	1.0	0.0
PLEC|S4245	1.0	0.0
PLEC|S4249	1.0	0.0
PLEC|S4255	1.0	0.0
PLEC|S4259	1.0	0.0
PLEC|S4264	1.0	0.0
PLEC|S4272	1.0	0.0
PLEC|S4276	1.0	0.0
PLEC|S4286	1.0	0.0
PLEC|S4374	1.0	0.0
PLEC|S4382	0.9716624	0.0005492124
PLEC|S4386	1.1057602	0.10853884
PLEC|S4396	1.0545839	0.10469914
PLEC|S4476	1.0	0.0
PLEC|S4479	1.0	0.0
PLEC|S4481	1.0	0.0
PLEC|S4485	1.0	0.0
PLEC|S4505	1.0	0.0
PLEC|S4506	1.0	0.0
PLEC|S4508	1.0	0.0
PLEC|S4613	1.073472	0.10735819
PLEC|S4616	1.1325144	0.16302167
PLEC|S4618	1.0574267	0.0850803
PLEC|S4622	1.0505198	0.064851426
PLEC|S4642	1.005144	0.016332714
PLEC|S564	1.0	0.0
PLEC|S583	1.0	0.0
PLEC|S610	1.0	0.0
PLEC|S701	1.0	0.0
PLEC|S720	1.0057961	0.030005885
PLEC|S782	1.0	0.0
PLEC|S809	1.0	0.0
PLEC|S910	1.0	0.0
PLEC|S919	1.0	0.0
PLEC|S937	1.0	0.0
PLEC|T2749	1.0	0.0
PLEC|T2776	1.0	0.0
PLEC|T2886	1.0	0.0
PLEC|T3648	1.0	0.0
PLEC|T3675	1.0	0.0
PLEC|T3785	0.9679933	-0.05431407
PLEC|T3893	1.0	0.0
PLEC|T3920	1.0	0.0
PLEC|T4030	0.93189985	0.05980736
PLEC|T4486	1.0	0.0
PLEC|T4513	1.0	0.0
PLEC|T4623	1.0833911	0.08965787
PLEC|Y4478	1.0	0.0
PLEC|Y4505	1.0	0.0
PLEC|Y4615	1.0	0.0
PLEKHA1|S308	1.0	0.0
PLEKHA1|S332	1.0410568	0.080669336
PLEKHA1|S375	1.0	0.0
PLEKHA2|S182	1.0	0.0
PLEKHA2|S184	1.1042714	0.15620014
PLEKHA2|S314	0.94257784	-0.056119513
PLEKHA2|S349	1.0	0.0
PLEKHA2|S401	1.0320212	0.04862819
PLEKHA3|S211	0.9448568	-0.033407018
PLEKHA4|S164	1.0	0.0
PLEKHA4|S194	1.3312991	0.3695141
PLEKHA4|S213	1.0	0.0
PLEKHA4|S229_S241	1.0	0.0
PLEKHA4|S241	1.0	0.0
PLEKHA4|S552	1.0	0.0
PLEKHA4|S559	0.92490953	-0.08114415
PLEKHA4|S575	1.0	0.0
PLEKHA4|S723	1.0	0.0
PLEKHA4|T271	1.0	0.0
PLEKHA5|S382	0.9549571	-0.07090672
PLEKHA5|S410	1.0872427	0.1258132
PLEKHA5|S596	1.0	0.0
PLEKHA5|S607	1.0382811	0.035260864
PLEKHA5|S855	0.97150826	-0.006522998
PLEKHA5|S885	0.9974926	-0.0029575
PLEKHA5|S913	1.0	0.0
PLEKHA5|S933	0.9288755	-0.068681456
PLEKHA5|S933_S937	1.0	0.0
PLEKHA5|S937	0.92391807	-0.0778805
PLEKHA5|S943	1.0	0.0
PLEKHA5|S991	1.0	0.0
PLEKHA5|S991_S995	1.0	0.0
PLEKHA5|S995	1.0	0.0
PLEKHA6|S247	1.0	0.0
PLEKHA6|S247_S251	1.0	0.0
PLEKHA6|S251	1.0	0.0
PLEKHA6|S336	0.89785784	-0.10180227
PLEKHA6|S459	1.0262078	0.026738562
PLEKHA6|S461	0.9802149	-0.016515136
PLEKHA6|S777	1.1444855	0.10726795
PLEKHA6|S808	1.0079476	-0.004713439
PLEKHA6|S842	0.94891775	-0.061361935
PLEKHA6|S842_S848	1.0	0.0
PLEKHA6|S848	0.94278324	-0.049430482
PLEKHA6|S854	0.95357704	-0.044631347
PLEKHA6|S867	1.0881886	0.12848273
PLEKHA6|S940	1.0	0.0
PLEKHA7|S430	1.0239677	0.01711803
PLEKHA7|S448	1.0	0.0
PLEKHA7|S536	0.9823082	0.008863567
PLEKHA7|S556	0.8828336	-0.104131006
PLEKHA7|S569	1.0	0.0
PLEKHA7|S604	0.9561341	-0.038427036
PLEKHA7|S604_S612	1.0	0.0
PLEKHA7|S612	0.9724012	0.005519851
PLEKHA7|S867	1.0	0.0
PLEKHA7|S903	0.77695256	-0.23038293
PLEKHA7|S907	0.80059606	-0.19415227
PLEKHA7|S934	1.0	0.0
PLEKHF1|S205	1.0	0.0
PLEKHF2|S16	1.0060709	0.04008733
PLEKHG1|S610_S611	1.0	0.0
PLEKHG1|S998	1.0	0.0
PLEKHG2|S1261	0.9765271	-0.02254689
PLEKHG2|S450	1.0	0.0
PLEKHG2|S469	1.0	0.0
PLEKHG2|S482	1.0	0.0
PLEKHG2|T1257	1.0326416	0.030905405
PLEKHG2|T1257_S1261	1.0	0.0
PLEKHG2|T445	1.0	0.0
PLEKHG2|T445_S450	1.0	0.0
PLEKHG2|T466	0.9764945	-0.019973116
PLEKHG3|S1037	0.9981818	0.011833509
PLEKHG3|S1037_S1040	1.0	0.0
PLEKHG3|S1040	0.95245665	-0.046395086
PLEKHG3|S433	0.97190124	-0.024642775
PLEKHG3|S485_S488	1.0	0.0
PLEKHG3|S617_S618	1.0	0.0
PLEKHG3|S643	0.97707987	-0.010003436
PLEKHG3|S759	1.0	0.0
PLEKHG3|S76	0.91868657	0.019873844
PLEKHG4B|S1085	1.0	0.0
PLEKHG5|S249	0.9785581	-0.023603328
PLEKHH2|S1458	0.97273904	-0.027886642
PLEKHH2|S202	0.9890228	-0.011221858
PLEKHH2|S365	1.0	0.0
PLEKHH2|S459	0.97068244	-0.037140384
PLEKHH2|S549	1.0085722	0.00114602
PLEKHH2|S565	0.9759503	0.009689226
PLEKHH2|S869	0.8921704	-0.08104386
PLEKHH2|S93	1.0	0.0
PLEKHM1|S280	1.0	0.0
PLEKHM1|S435	0.99484855	-0.006522357
PLEKHM1|S482	1.0435505	0.07012003
PLEKHM2|S532	0.99294215	0.0006549647
PLEKHM3|S132	0.9856767	-0.014966264
PLEKHM3|S350	1.0	0.0
PLEKHO1|S170	1.0	0.0
PLEKHO1|S55	1.0	0.0
PLEKHO1|S99	1.0	0.0
PLEKHO2|S389	1.0755379	0.09125828
PLEKHO2|S439	0.9846935	-0.016124312
PLEKHO2|T261	1.0	0.0
PLEKHO2|T311	1.0082268	0.007314072
PLEKHS1|S103	1.0	0.0
PLEK|S117	1.0	0.0
PLG|S45	0.75906575	-0.14689155
PLG|S477	1.0	0.0
PLIN1|S130	1.3070407	0.3235014
PLIN1|S174	1.4555401	0.43713164
PLIN1|S382	1.4476206	0.4651527
PLIN1|S408	1.2703726	0.3062114
PLIN1|S436	1.1744851	0.16721413
PLIN1|S497	1.3267379	0.3264606
PLIN1|S81	1.150691	0.14897369
PLIN3|S130	1.0026724	0.0736274
PLIN3|S148	0.9734769	-0.0051955585
PLIN3|S196	1.0	0.0
PLIN3|S31	1.0961467	0.17517385
PLIN4|S238	1.2222447	0.1457138
PLIN5|S277	1.1682864	0.1976538
PLPP3|S19	0.91810536	-0.08655754
PLPP3|S297	0.99145985	-0.05417692
PLPP6|S63	1.002636	0.034568854
PLPP6|S70	1.0458266	0.008458208
PLS3|S293	0.9738794	-0.024562206
PLS3|S326	1.0	0.0
PLS3|S339	1.0381321	0.04262534
PLS3|Y127	1.0	0.0
PLXDC2|S446	1.0	0.0
PLXDC2|S457	1.0	0.0
PLXNB2|S1244	1.0702235	0.059006527
PLXNB2|S1570	0.9485861	-0.04461718
PLXNC1|S978	1.0170417	0.10782368
PML|S36	1.0742959	0.08933473
PML|S36_S38_S40	1.0	0.0
PML|S38	0.9694043	-0.027543712
PML|S403	1.0521951	0.08047569
PML|S403_S408_T409	1.0	0.0
PML|S403_T409	1.0	0.0
PML|S432	1.0	0.0
PML|S445	1.0	0.0
PML|S456_S457	1.0	0.0
PML|S457	1.0	0.0
PML|S470	1.0	0.0
PML|S470_S479	1.0	0.0
PML|S470_S479_S482	1.0	0.0
PML|S479	1.0	0.0
PML|S48	1.1187317	0.117728084
PML|S480	0.66844314	0.1516838
PML|S482	1.0	0.0
PML|S493	0.95728445	0.034988623
PML|S504_S505	1.0	0.0
PML|S505	1.0366917	0.061381795
PML|S518	0.9918258	-0.0006606132
PML|S518_S527	0.9915245	-0.012586785
PML|S518_S527_S530	1.0	0.0
PML|S518_S527_S535	1.0	0.0
PML|S527	0.9867803	-0.008260515
PML|S530	0.91805595	-0.07140378
PML|S565	1.0143833	0.018784363
PML|S583	0.8832383	-0.11619446
PML|S672	1.0	0.0
PML|S771	1.0	0.0
PML|S8	0.97661066	-0.020223057
PML|T409	0.9335232	-0.038785495
PML|T580_S583	1.0	0.0
PMS2|S445	0.8892461	-0.10836686
PNISR|S211	0.9085431	-0.08243709
PNISR|S311_S313_S321	1.0	0.0
PNKP|T118	1.0155213	0.032481834
PNKP|T118_T122	1.0	0.0
PNN|S100	0.8802082	-0.10657439
PNN|S347	0.78829813	-0.15316094
PNN|S381	0.87292224	-0.11552759
PNN|S413	0.96214414	-0.01769562
PNN|S443	1.0042733	0.0067226025
PNN|S450	1.0	0.0
PNN|S458	1.0	0.0
PNN|S552	1.0149044	0.015903577
PNN|S66	0.98147184	-0.025033869
PNN|S690	0.9235513	-0.056497417
PNN|S96_S100	1.0	0.0
PNPLA2|S404	0.9961861	-0.016917065
PNPLA2|S428	0.94666266	-0.039816625
PNPLA6|S116	0.99584115	-0.008300391
PNPLA6|S354	0.98296785	-0.01782758
PNPLA6|S420	0.9607549	-0.004972584
PNPLA7|S1313	0.9932079	-0.0070267967
PNPLA7|S380	1.0	0.0
PNPO|S241	1.0293528	0.04023068
PNP|S33	1.0	0.0
POC1B|S279	1.0	0.0
POF1B|S123	1.0	0.0
POF1B|S413	1.0	0.0
POF1B|S495	1.2577294	0.28448072
POF1B|S56	1.3382715	0.33606234
POF1B|S93	1.0	0.0
POGZ|S1338	0.96405846	-0.05027621
POGZ|S1364	0.8966369	-0.10464524
POGZ|S416	1.0	0.0
POGZ|S419	1.0	0.0
POGZ|S425	1.0415651	0.04606079
POGZ|S445	0.9795427	-0.021123163
POGZ|S746	1.0593857	0.0875191
POLA1|T225	1.0	0.0
POLD3|S268	1.0	0.0
POLD3|S307	1.0201658	0.0507372
POLD3|S458	1.0	0.0
POLDIP3|S292	1.0	0.0
POLM|S12	0.990059	-0.019132959
POLR1A|S1429	0.91517377	0.022615846
POLR1A|T357	0.96157855	-0.025877424
POLR1A|Y1427	1.0	0.0
POLR2A|S1850	0.9824942	0.006183793
POLR2A|S1878	1.0034609	0.0039293543
POLR2A|S1899	0.99218404	-0.009171732
POLR2A|S1917	0.9616202	-0.011578087
POLR2A|S1931	1.0	0.0
POLR3C|S217_S218	1.0	0.0
POLR3C|S218	1.0	0.0
POLR3E|S161_S162	1.0	0.0
POLR3E|S503	1.0	0.0
POLR3GL|S140	1.0	0.0
POLR3GL|T139_S140	1.0	0.0
POM121C|S180_T182	1.0	0.0
POM121C|S4	1.0	0.0
POM121C|S432	1.0	0.0
POM121C|T182	1.0	0.0
POM121|S180_T182	1.0	0.0
POM121|S4	1.0	0.0
POM121|S432	1.0	0.0
POM121|T182	1.0	0.0
POP1|S367	0.9401673	-0.04841071
POP1|S730	0.95068735	-0.040645055
POSTN|T715	1.0	0.0
POSTN|T745	1.0	0.0
POTEF|S1068	0.97231877	-0.02443121
POTEF|S733	1.0	0.0
POTEI|S1065	0.9636298	-0.034261234
POTEI|S1068	0.9871888	-0.011803267
POTEI|S733	0.96433955	-0.036475774
POTEJ|S1028	1.0	0.0
POTEJ|S1031	1.0	0.0
POU2F1|S347	1.0	0.0
POU2F1|S382	1.0	0.0
POU2F1|S397	1.0	0.0
POU2F1|S460	1.0	0.0
POU2F2|S26	1.0	0.0
POU2F2|S55	0.7448469	-0.25193942
PPA2|S317	1.0221997	0.030095482
PPAN-P2RY11|S359	1.0	0.0
PPAN|S358	1.0	0.0
PPFIA1|S242	0.9372762	-0.0557013
PPFIA1|S666	0.934395	-0.06624371
PPFIA1|S708	0.9569258	-0.02447285
PPFIA1|S763	1.0203193	0.033771
PPFIA1|S77	0.9745024	-0.018615078
PPFIA1|T572	0.9311129	-0.065648004
PPFIA3|S1164	1.0	0.0
PPFIA3|S17	1.0543559	0.04947583
PPFIA3|S207	1.0	0.0
PPFIA3|S508	1.0	0.0
PPFIA3|S683	1.1231878	0.057694558
PPFIA3|S75	1.0	0.0
PPFIA3|T714	1.0089082	0.008990417
PPFIBP1|S37	0.94892037	-0.025040833
PPFIBP1|S37_S40	1.0	0.0
PPFIBP1|S37_T39	1.0	0.0
PPFIBP1|S40	0.98472255	-0.013978061
PPFIBP1|S435	1.0	0.0
PPFIBP1|S449	1.0	0.0
PPFIBP1|S509	1.0	0.0
PPFIBP1|S523	1.0	0.0
PPFIBP1|S532	1.0	0.0
PPFIBP1|S534	1.0	0.0
PPFIBP1|S548	1.0	0.0
PPFIBP1|S573	1.0	0.0
PPFIBP1|S763	1.0	0.0
PPFIBP1|S788	1.0	0.0
PPFIBP1|S902	1.0	0.0
PPFIBP1|S959	1.0	0.0
PPFIBP1|T39	0.99022406	-0.010918763
PPFIBP2|S275	1.0	0.0
PPFIBP2|S329	1.0797372	0.11825285
PPFIBP2|S385_S387	1.0	0.0
PPFIBP2|S387	1.0092453	0.04937407
PPFIBP2|S414	1.0623989	0.09151699
PPFIBP2|S512	1.1299741	0.15026934
PPHLN1|S110	1.0	0.0
PPHLN1|S133	0.98981935	0.009387884
PPHLN1|S172	1.1939247	0.085641384
PPHLN1|T128	1.0	0.0
PPID|S198_S201	1.0	0.0
PPIG|S290	0.86816716	-0.10545301
PPIG|S356_T358	1.0	0.0
PPIG|S397	0.86724335	-0.083499126
PPIG|S413_S415	1.0	0.0
PPIG|S415	0.80413324	-0.15700833
PPIG|S544_S546	1.0	0.0
PPIG|S546	0.924464	-0.059171584
PPIG|S628_S630_S631	1.0	0.0
PPIG|S687	0.93497443	-0.01510387
PPIG|S696	0.84726	-0.12688176
PPIG|S744_S745	1.0	0.0
PPIG|S744_S745_T748	1.0	0.0
PPIG|T358	0.8614416	-0.1323607
PPIG|T611	0.9598576	-0.035097554
PPIL4|S178	0.99379855	0.044036895
PPIP5K1|S1073	0.9121619	-0.088530764
PPIP5K1|S1152	1.0235673	0.030815423
PPIP5K1|S944	1.0601722	0.09316039
PPIP5K1|S987	1.0500507	0.060503628
PPIP5K2|S1006	0.97237104	-0.05077521
PPIP5K2|S1016	0.9350827	-0.067360856
PPIP5K2|S1108	1.1319851	0.118866354
PPIP5K2|S1180	1.0	0.0
PPIP5K2|S38	0.94567347	-0.05167702
PPL|S14	1.0036247	0.102758996
PPL|S1614	1.0	0.0
PPL|S1657	1.1023303	0.14768872
PPL|S1670	0.95013046	-0.042617332
PPL|S830	0.9824719	-0.007351673
PPL|S887	1.119481	0.13699748
PPM1A|S190	1.0	0.0
PPM1A|S320	1.0	0.0
PPM1B|S195	1.0404356	0.020297766
PPM1B|S386	1.1165929	0.11124033
PPM1E|S535	0.8714023	-0.12775058
PPM1G|T122	1.0	0.0
PPM1H|S124	1.1161207	0.12670673
PPM1H|S211	1.0	0.0
PPM1J|S25	1.0	0.0
PPM1K|S248	0.9562243	-0.04460146
PPM1M|S27	1.0	0.0
PPME1|S15	1.0	0.0
PPME1|S249	1.0	0.0
PPP1CA|S325	1.0	0.0
PPP1CA|T320	0.9673286	-0.025190623
PPP1CA|T331	1.0	0.0
PPP1CB|S311	1.0	0.0
PPP1CB|T316	0.9534649	-0.03908673
PPP1R10|S313	0.87386817	-0.12870212
PPP1R10|S398	1.0972327	0.08998744
PPP1R10|S451	1.025822	0.0006596739
PPP1R10|S545	0.8033021	-0.20590611
PPP1R10|T256	1.0028402	-0.0038648841
PPP1R11|S77	0.95699114	-0.02818567
PPP1R11|T109	1.0	0.0
PPP1R12A|S292	1.0	0.0
PPP1R12A|S299	0.95606667	-0.026426133
PPP1R12A|S336	0.96717507	0.002470429
PPP1R12A|S422	1.0200144	0.04417621
PPP1R12A|S445	1.0158479	0.036042802
PPP1R12A|S507	0.973632	-0.009525698
PPP1R12A|S509	1.0	0.0
PPP1R12A|S618	1.0084903	0.0066435034
PPP1R12A|S668	1.0633821	0.088419855
PPP1R12A|S862	1.0191966	0.042780798
PPP1R12A|S862_S871	1.0	0.0
PPP1R12A|S871	0.9842071	0.010220782
PPP1R12A|S903	0.99677813	0.089546055
PPP1R12A|S908	0.90273994	-0.08719589
PPP1R12A|S910	1.0397058	0.022100868
PPP1R12A|S995	0.9795389	-0.011720602
PPP1R12B|S1008	1.0	0.0
PPP1R12B|S151	1.0	0.0
PPP1R12B|S21	1.0	0.0
PPP1R12B|S21_S25	1.0	0.0
PPP1R12B|S43	1.0	0.0
PPP1R12B|S772	1.0	0.0
PPP1R12B|S900	1.0	0.0
PPP1R12B|T869	1.0	0.0
PPP1R12C|S407	0.94039655	-0.03910091
PPP1R12C|S427	0.96070296	-0.040018275
PPP1R12C|S452	0.8995044	-0.08686004
PPP1R12C|S508	1.0	0.0
PPP1R12C|S509	1.0014757	-0.003590285
PPP1R12C|S532	1.0044361	0.0075106598
PPP1R13B|S335	0.9065298	-0.09337882
PPP1R13B|S486	0.9922345	-0.0078124856
PPP1R13B|S681	0.9452156	-0.05567071
PPP1R13L|S102	1.0	0.0
PPP1R13L|S113	0.97259295	-0.015557842
PPP1R13L|S134	1.1245071	0.12927273
PPP1R13L|S158	1.0	0.0
PPP1R13L|S183_S187	1.0	0.0
PPP1R13L|S187	0.9924343	-0.0045280335
PPP1R13L|S280	0.8709189	-0.13547209
PPP1R13L|S332	1.0	0.0
PPP1R13L|S395	0.85856354	-0.12450953
PPP1R13L|S526	1.0	0.0
PPP1R13L|S567	1.0040504	0.005453104
PPP1R13L|T173	1.0	0.0
PPP1R13L|Y109	1.0	0.0
PPP1R14A|S101	1.0	0.0
PPP1R14A|S128	0.99590033	0.0028778566
PPP1R14A|S26	0.9886205	0.1289785
PPP1R14C|S33	0.9559918	-0.041782796
PPP1R18|S125	1.064732	0.08370584
PPP1R18|S125_S133	1.0	0.0
PPP1R18|S175	1.1208547	0.12841536
PPP1R18|S195	1.0445547	0.05832716
PPP1R18|S224	0.99581254	0.053986184
PPP1R18|S368	1.0196348	0.05131067
PPP1R18|S398	1.0	0.0
PPP1R18|S401	1.0	0.0
PPP1R18|S432	0.93248403	-0.061003804
PPP1R18|S468	1.0	0.0
PPP1R1B|S102	1.1387725	0.14480332
PPP1R1B|S45_S46	1.0	0.0
PPP1R1B|S46	1.0	0.0
PPP1R1B|S58	1.0	0.0
PPP1R1B|T34	1.0	0.0
PPP1R2|S101_S102	1.0	0.0
PPP1R2|S121_S122	1.0	0.0
PPP1R2|S122	0.99911195	0.034754038
PPP1R2|S87	0.94341713	-0.043729495
PPP1R35|S47	0.9569984	-0.041973896
PPP1R35|S52	1.0285288	0.013305421
PPP1R37|S597	1.0	0.0
PPP1R3D|S133	0.83499503	-0.18981674
PPP1R3D|S23	1.0091031	0.012971879
PPP1R3D|S25	1.0555749	0.13504082
PPP1R3D|S28	1.0	0.0
PPP1R3D|S46	1.056314	0.08700039
PPP1R3D|S74	1.0485348	0.0566618
PPP1R3E|S16	1.0406728	-0.01242418
PPP1R3E|S33	1.1248488	0.090778336
PPP1R3E|S66	1.0534295	0.040076245
PPP1R3G|S166	1.1134871	0.14717093
PPP1R3G|S86	0.9911796	0.057365317
PPP1R7|S12	0.99532986	0.01822086
PPP1R7|S24	1.0056533	0.0060655177
PPP1R7|S24_S27	0.9975708	-0.0014384456
PPP1R7|S27	0.9999057	0.03872549
PPP1R7|S322	0.9934208	-0.0045030047
PPP1R7|S47	0.94835776	-0.053562418
PPP1R9A|S1153	1.0	0.0
PPP1R9A|S1250	1.0	0.0
PPP1R9A|S862	1.0	0.0
PPP1R9B|S100	1.0484192	0.041572247
PPP1R9B|S192	1.0251079	0.029468924
PPP1R9B|S205	1.0165358	-0.0014033085
PPP2R3A|S155	1.0	0.0
PPP2R5A|S38	0.9519	-0.02429345
PPP2R5C|S39	1.0	0.0
PPP2R5C|S513	1.0	0.0
PPP2R5C|T440	1.0	0.0
PPP2R5D|S573	1.0428839	0.09331819
PPP2R5D|S88_S89	1.0	0.0
PPP2R5D|T461	1.0	0.0
PPP2R5E|S30	0.9051198	-0.11089316
PPP3CA|S492	0.99503076	0.0009231058
PPP3CB|S472	1.0	0.0
PPP3CB|S479	1.0	0.0
PPP3CC|S472	1.0	0.0
PPP3CC|S492	1.0	0.0
PPP4R2|S102	1.0	0.0
PPP4R2|S161	1.0	0.0
PPP4R2|S307	1.0	0.0
PPP4R2|T116	1.0	0.0
PPP4R3A|S117	0.9937365	-0.024849558
PPP4R3A|S685	1.0	0.0
PPP4R3A|S728	1.0	0.0
PPP4R3A|S755_S758	1.0	0.0
PPP4R3A|S758	1.0	0.0
PPP6R1|S529_S530_S531	1.0	0.0
PPP6R1|S530_S531	1.0	0.0
PPP6R1|S759	0.9970314	-0.0025641806
PPP6R1|S877	1.0	0.0
PPP6R2|S289	1.0765585	0.10946595
PPP6R2|S771	0.97077316	0.06907793
PPP6R2|S796	1.0	0.0
PPP6R2|S870	1.0	0.0
PPP6R3|S617	0.9544601	-0.025140623
PPP6R3|T631	0.99905837	0.0018514702
PQBP1|S247	0.9727003	-0.016723879
PQLC1|S110	1.165914	0.107211314
PRAG1|S234	0.9818323	-0.011372052
PRAG1|S263	1.0	0.0
PRAG1|S285	1.0	0.0
PRAG1|S653	0.96479213	-0.032801535
PRAG1|S696	1.0518016	0.1612468
PRAG1|S740	1.026092	0.043781385
PRAG1|S745	1.0069854	0.03733642
PRAG1|S782	0.9437272	-0.053370148
PRAG1|S889	0.95501095	-0.045866884
PRAG1|S907	1.0	0.0
PRAM1|S204	0.96175575	-0.03265244
PRAM1|S334	0.9672961	-0.050630122
PRAM1|S358	0.95954555	-0.07256133
PRAM1|S389	0.994687	-0.0066514793
PRAM1|S407	0.99667954	0.00070212083
PRAM1|S473	0.96052396	-0.025771333
PRAM1|S484	0.9873056	-0.018655945
PRC1|T440	1.0	0.0
PRC1|T481	0.91063046	-0.10298554
PRCC|S114	1.0	0.0
PRCC|S157	1.013205	0.024024915
PRCC|S157_S159	1.0	0.0
PRCC|S209	1.0	0.0
PRCC|S209_S212	1.0	0.0
PRCC|S241	1.0	0.0
PRCC|S267	0.97889626	0.0025066468
PRCC|T261_S267	1.0	0.0
PRDM16|S537	1.0	0.0
PRDM1|S272	1.0	0.0
PRDM1|S288	1.0	0.0
PRDM2|S442	1.0	0.0
PRDM2|S595	1.0	0.0
PRDX1|S30	1.0732968	0.078960635
PRDX2|S112	0.9057851	-0.07232502
PRDX2|T120	0.8981857	-0.10312037
PRDX5|S182	1.0	0.0
PRDX5|S34	1.0	0.0
PRDX5|T97	1.0	0.0
PRDX6|T177	1.0141407	0.020944668
PRDX6|T44	1.1179565	0.110866785
PRELP|S322	0.87393045	-0.12352892
PREX1|S1001	1.0	0.0
PREX1|S1200	1.0087011	0.014692765
PREX1|S1256	1.0	0.0
PREX1|S1277	1.0	0.0
PREX1|S319	1.0520691	0.049784634
PRG4|S151	1.0	0.0
PRICKLE1|S597	1.0	0.0
PRICKLE2|S319	1.0	0.0
PRICKLE2|S463	1.0	0.0
PRICKLE2|S571	1.1623074	0.16384937
PRICKLE2|S642	1.0	0.0
PRICKLE2|S753	1.1682701	0.19028153
PRICKLE3|S369	1.0	0.0
PRICKLE3|S407	1.0	0.0
PRICKLE3|S423	1.0	0.0
PRIMPOL|S126	1.0	0.0
PRKAA1|S460	1.0	0.0
PRKAA1|S482	1.0	0.0
PRKAA2|S377	1.0921799	0.10447381
PRKAA2|S491	1.1895214	0.20694888
PRKAB1|S108	1.0100272	0.026011435
PRKAB1|S40	1.0	0.0
PRKAB1|S49	1.0	0.0
PRKAB1|S96	1.00527	0.045120507
PRKAB2|S108	1.0	0.0
PRKAB2|S158	1.0336888	0.011184199
PRKACA|S339	0.9793171	-0.022510506
PRKACA|S415	1.0	0.0
PRKACA|Y407	1.0	0.0
PRKAG2|S113	1.0231133	0.022395482
PRKAG2|S117	1.0	0.0
PRKAG2|S122	1.2602983	0.32808065
PRKAG2|S65	1.0	0.0
PRKAG2|S65_S71	1.0	0.0
PRKAG2|S71	1.0662433	0.07469888
PRKAG2|S73	1.0	0.0
PRKAG2|S78	1.0	0.0
PRKAR1A|S14	1.0	0.0
PRKAR1A|S83	1.0827096	0.10569155
PRKAR1B|S83	1.0080842	0.0055233557
PRKAR2A|S58	0.970545	-0.028490143
PRKAR2A|S78	0.89891386	-0.071669266
PRKAR2A|S78_S80	1.013776	0.016325139
PRKAR2A|S80	0.9885505	0.0023267844
PRKAR2A|S99	0.8678244	-0.09504046
PRKAR2A|T54	0.94469863	-0.041314583
PRKAR2A|T54_S58	1.0	0.0
PRKAR2B|S114	0.97628707	0.06981788
PRKAR2B|S83_S85	1.0	0.0
PRKAR2B|T69	1.2670299	0.2626738
PRKCA|S226	1.016513	0.041335303
PRKCA|S319	0.95141435	0.009890462
PRKCA|T497	1.0	0.0
PRKCA|T638	1.0	0.0
PRKCA|Y195	1.0	0.0
PRKCB|S660	1.0	0.0
PRKCB|T500	1.0	0.0
PRKCB|T641	1.0	0.0
PRKCB|T642	1.0773915	0.12220578
PRKCD|S130	1.0	0.0
PRKCD|S133	1.038759	0.03760668
PRKCD|S304	0.98054916	-0.031341247
PRKCD|S645	1.0746925	0.0897309
PRKCD|S664	0.96549624	0.057423003
PRKCD|T141	1.0	0.0
PRKCD|Y313	0.97812366	-0.028687587
PRKCE|S346	1.0	0.0
PRKCE|S368	0.9351425	-0.08789949
PRKCE|T710	0.90363693	-0.038021058
PRKCH|S317	1.0004387	-0.008061086
PRKCH|T656	0.918104	-0.07832242
PRKCI|T564	1.0	0.0
PRKCQ|S287	1.0	0.0
PRKCQ|S649	1.0	0.0
PRKCQ|S659	1.0	0.0
PRKD1|S205	1.0624294	0.06668214
PRKD1|S205_S208	1.0	0.0
PRKD1|S208	1.1119303	0.093570076
PRKD1|S249	1.005964	0.0121775875
PRKD1|S742	0.92009336	-0.080186516
PRKD1|S750	1.0	0.0
PRKD2|S197	0.9919138	-0.012462596
PRKD2|S214	0.91427916	-0.07608864
PRKD2|S375	1.0	0.0
PRKD2|S710	0.97802085	-0.010253633
PRKD2|S876	1.0	0.0
PRKD3|S252	0.89432126	-0.0883156
PRKD3|S27	0.98743194	-0.011369093
PRKD3|S364	0.9449058	-0.05140893
PRKD3|S391	1.0445653	0.045707162
PRKD3|S41	0.961399	-0.04734879
PRKD3|S41_S44	1.0	0.0
PRKD3|S731_S735	1.0	0.0
PRKD3|S735	0.87307376	-0.09006033
PRKD3|T535	1.0	0.0
PRKDC|S2612	1.0399976	0.03566729
PRKDC|S2695	1.0	0.0
PRKDC|S3205	0.94630283	-0.04805289
PRKDC|S3995	1.0	0.0
PRKDC|S4026	1.0632874	0.071066804
PRKDC|S893	0.92921495	0.022946607
PRKDC|T2609	1.0	0.0
PRKG1|S64	1.0	0.0
PRKG2|S431	0.77510697	-0.22702685
PRKRA|S130	0.97617084	-0.017773282
PRKRA|S167	1.0654992	-0.056838077
PRKRA|S18	1.0754707	0.081640676
PROSER2|S179	0.8796623	-0.12526992
PROSER2|S18	1.0384017	0.06353524
PROSER2|S212	0.9220748	-0.054050706
PROSER2|S382	1.0	0.0
PROSER2|S400	1.0	0.0
PROSER2|S43	1.0335826	0.039761484
PROSER2|S8	1.0524143	0.016924195
PROSER2|T146	1.0	0.0
PROSER3|S356	1.0	0.0
PROSER3|S459	1.0	0.0
PROX1|S179	1.0115255	0.0038442595
PROX1|S511	1.0594915	0.06531233
PRPF31|T455	0.9608209	-0.042326305
PRPF38A|S193_S194	1.0	0.0
PRPF38A|S209	0.9511729	-0.02601319
PRPF38B|S266_S268_S272	1.0	0.0
PRPF38B|S318_S320	1.0	0.0
PRPF38B|S320	1.0	0.0
PRPF38B|S394	0.9939873	-0.0070071453
PRPF38B|S471_S473_S475	1.0	0.0
PRPF38B|S473_S475	1.0	0.0
PRPF38B|S527	0.9417673	-0.046840418
PRPF38B|S527_S529	1.0	0.0
PRPF38B|S529	0.97917956	-0.002079758
PRPF3|S133	0.97149134	-0.010362413
PRPF3|S619	0.97321856	-0.005742153
PRPF3|T167	1.0	0.0
PRPF3|T172	1.0	0.0
PRPF40A|S838_S840	1.0	0.0
PRPF40A|S838_S840_S843	1.0	0.0
PRPF40A|S838_S843	1.0	0.0
PRPF40A|S843	1.0	0.0
PRPF40A|S861	1.0	0.0
PRPF40A|S890_S893	1.0	0.0
PRPF40A|S911	1.0	0.0
PRPF40A|T328	1.0	0.0
PRPF40A|T346	1.0	0.0
PRPF40B|S785	1.0	0.0
PRPF40B|S853	1.0	0.0
PRPF40B|S870	1.0	0.0
PRPF40B|S873	1.0	0.0
PRPF4B|S142	0.9800308	-0.041927107
PRPF4B|S142_S144	1.0	0.0
PRPF4B|S144	0.9573426	-0.042724475
PRPF4B|S20	0.92074054	-0.11013878
PRPF4B|S20_S23	1.0	0.0
PRPF4B|S20_S23_S32	1.0	0.0
PRPF4B|S23	0.9100651	-0.096728235
PRPF4B|S23_S32	1.0	0.0
PRPF4B|S257	0.8764139	-0.07056504
PRPF4B|S277	0.9732868	-0.007492625
PRPF4B|S292_S294	1.0	0.0
PRPF4B|S294	0.9137988	-0.018775925
PRPF4B|S32	0.9150135	-0.094816916
PRPF4B|S32_S36	1.0	0.0
PRPF4B|S354_S356	1.0	0.0
PRPF4B|S366_S368	1.0	0.0
PRPF4B|S368	0.9742279	-0.01999989
PRPF4B|S387	0.92822057	-0.05637714
PRPF4B|S431	0.9308464	-0.05602475
PRPF4B|S431_S437	1.0	0.0
PRPF4B|S507	1.0	0.0
PRPF4B|S509	1.0037979	0.0053339843
PRPF4B|S569	0.9329005	-0.085360445
PRPF4B|S578_S580	1.0	0.0
PRPF4B|S580	0.8876303	-0.10278746
PRPF4B|S87	0.7721328	-0.18939774
PRPF4B|S87_S93	1.0	0.0
PRPF4B|S93	0.8875939	-0.09922414
PRPF4B|Y140_S142	1.0	0.0
PRPF4B|Y140_S144	1.0	0.0
PRPF4B|Y849	0.93935883	-0.05661508
PRPF6|T180	1.0	0.0
PRPH|S28	0.9502208	-0.049734924
PRPS1|S103	1.0	0.0
PRPSAP1|S141	1.0	0.0
PRPSAP1|S244	1.0	0.0
PRPSAP1|T131	1.0	0.0
PRPSAP2|S158	1.0	0.0
PRPSAP2|S179	1.0	0.0
PRPSAP2|S187	1.0	0.0
PRR12|S1077	1.0285279	0.0072977566
PRR12|S1135	0.96318966	-0.04256146
PRR12|S1308	1.0127066	0.012995285
PRR12|S1381_S1382	1.0	0.0
PRR12|S1568	0.998715	-0.003907691
PRR12|S1925	1.0	0.0
PRR12|S332	1.0	0.0
PRR12|S340	1.0089462	0.012748705
PRR12|S386	1.0	0.0
PRR12|S651	1.0233917	0.015321492
PRR12|S865	0.9665924	-0.019547015
PRR12|S917	1.0117996	0.020397795
PRR12|T1561	0.9862647	-0.016435891
PRR12|T1561_S1568	1.0	0.0
PRR12|T1705	1.0	0.0
PRR12|T224	1.0	0.0
PRR12|T686	1.0	0.0
PRR12|T738	1.0004975	-0.00117316
PRR14L|S1029	0.9957553	-0.014180336
PRR14L|S582	1.0	0.0
PRR14L|S600	1.0	0.0
PRR14|S277	1.0	0.0
PRR14|S93	0.9711874	-0.02305014
PRR14|T363	0.9017263	-0.09078611
PRR15|S114	1.0	0.0
PRR15|S49	1.0	0.0
PRR36|S1147	0.98543334	-0.024522478
PRR36|S1310	1.0	0.0
PRR36|S173	0.9909817	-0.009855014
PRR36|S229	0.8013876	-0.19474508
PRR36|T1082	1.0	0.0
PRR5|S263	1.0	0.0
PRRC2A|S1004	0.9461348	-0.062137485
PRRC2A|S1089	1.0012308	0.007250517
PRRC2A|S1089_S1092	1.0	0.0
PRRC2A|S1147	0.93774736	-0.059460577
PRRC2A|S1219	0.8065887	-0.10282755
PRRC2A|S146	1.0	0.0
PRRC2A|S166	1.023559	0.065097764
PRRC2A|S2113	1.0260965	0.027457472
PRRC2A|S342	0.9600008	-0.048649486
PRRC2A|S342_S350	1.0	0.0
PRRC2A|S350	0.96753097	-0.020604767
PRRC2A|S380	0.9408593	-0.054981038
PRRC2A|S380_S383	1.0	0.0
PRRC2A|S383	0.9790822	-0.017736008
PRRC2A|S456	0.9489708	-0.013195147
PRRC2A|S759_S761	1.0	0.0
PRRC2A|S761	0.9337639	-0.06342769
PRRC2A|T1347	0.82377297	-0.17522691
PRRC2A|T609	1.0102516	0.008172961
PRRC2A|T610	1.0033888	0.004133378
PRRC2A|T782	0.97501886	-0.04104018
PRRC2A|T825	1.0	0.0
PRRC2A|T878	0.9776051	-0.026902976
PRRC2B|S1136	1.0105153	0.012909875
PRRC2B|S1153	0.9869922	-0.014503641
PRRC2B|S1185	0.92742604	0.021955526
PRRC2B|S1395	0.9340464	-0.066901475
PRRC2B|S166	1.0	0.0
PRRC2B|S168	0.9983398	-0.00331441
PRRC2B|S226	0.94292116	-0.05918471
PRRC2B|S388	0.95937574	-0.008458339
PRRC2B|S416	0.95294994	-0.04791022
PRRC2B|S480	0.91274804	-0.055474658
PRRC2B|S556	0.8170063	-0.18164925
PRRC2B|S563	0.9741085	-0.026914334
PRRC2B|S613	0.993854	0.016207173
PRRC2B|S745	1.0	0.0
PRRC2B|S853	0.8770097	-0.05328242
PRRC2C|S1155	1.0	0.0
PRRC2C|S187	0.9163513	-0.07697029
PRRC2C|S2105	0.97153777	-0.005526675
PRRC2C|S395	1.0	0.0
PRRC2C|S500	1.0012562	-0.015215318
PRRC2C|S633	0.8994353	-0.10376717
PRRC2C|S878	1.0261005	0.02645234
PRRC2C|S924	1.004261	0.021363452
PRRC2C|S924_S926	1.0	0.0
PRRC2C|T2673	0.96022385	-0.10760175
PRRX1|S21	1.0	0.0
PRUNE2|S1803	1.0	0.0
PRUNE2|S1842	0.9209856	-0.10345487
PRUNE2|S2211	1.097839	0.09307402
PRUNE2|S2602	1.0	0.0
PRUNE2|S2866	1.2928375	0.2723043
PRUNE2|S576	1.0	0.0
PRUNE2|S586	0.9926798	-0.0022966568
PRUNE2|S595	1.0	0.0
PRUNE2|S597	1.1723825	0.1778783
PRUNE2|S699	1.0743802	0.05225771
PRUNE2|S737	1.0	0.0
PRUNE2|S918	1.0	0.0
PRUNE2|T2331	1.0	0.0
PRX|S1082	0.9178628	-0.10305382
PRX|S1401	0.8678081	-0.23868121
PRX|S1439	0.9288165	-0.068735644
PSD4|S109	0.97821474	-0.021661548
PSD4|S134_S143	1.0	0.0
PSD4|S143	1.0553195	0.059939
PSEN1|S367	0.90559864	-0.07434841
PSEN1|S43	0.9112907	-0.08955007
PSEN1|T327	1.0	0.0
PSIP1|S105_S106	1.0	0.0
PSIP1|S106	1.2739114	0.29413983
PSIP1|S129	1.165324	0.23174039
PSIP1|S171	1.0	0.0
PSIP1|S177	0.97350067	-0.031613626
PSIP1|S206	1.0310445	0.07427775
PSIP1|S273_S275	1.0	0.0
PSIP1|S275	1.0885754	0.17442249
PSIP1|T122	1.1503097	0.19192429
PSIP1|T122_S129	1.0	0.0
PSMA1|S110	1.0090686	0.0040582935
PSMA5|S16	0.9476168	-0.036192484
PSMA5|S56	1.0303315	0.024048252
PSMB10|S230	1.0433484	0.04689443
PSMC1|T53	0.99008954	-0.009408193
PSMC3|S281_T293_S298	1.0	0.0
PSMD11|S14	1.0028837	0.04044444
PSMD1|S296	0.9968904	-0.021667972
PSMD1|S315	0.9381233	-0.06875336
PSMD1|T273	0.9453912	-0.048813008
PSMD1|T311	0.94637805	-0.045407355
PSMD1|T311_S315	1.0	0.0
PSMD2|S147	1.0497864	0.041954804
PSMD2|S16	0.9843121	-0.025059713
PSMD2|S363	1.00107	-0.003704254
PSMD4|S266	1.072588	0.15319958
PSMF1|S152	1.0	0.0
PSMF1|S153	0.9462745	0.0007847014
PSPC1|S409	1.0	0.0
PSPC1|S477	1.0612451	0.10067057
PSTPIP1|S303	1.0	0.0
PSTPIP1|S321	1.0	0.0
PTAFR|S339	1.0173998	0.01972576
PTBP1|S141	1.0225513	0.029991902
PTBP1|S459	1.0	0.0
PTBP2|S316	1.0	0.0
PTBP3|S426	1.0	0.0
PTDSS2|S16	1.0191692	0.0418045
PTEN|S294	0.92700875	-0.050968073
PTGES3|S104	1.0	0.0
PTGES3|S113	1.0046792	0.008722108
PTGES3|S117	1.0	0.0
PTGES3|S152	1.0	0.0
PTGES3|S152_S155	1.0	0.0
PTGES3|S48	1.0	0.0
PTGIS|S221	1.0	0.0
PTGR1|S20	1.0317091	0.030045722
PTGR2|S270	1.0	0.0
PTK2B|S375	0.9372757	-0.062330402
PTK2B|S778	1.0	0.0
PTK2B|T842	1.0	0.0
PTK2|S29	1.0021971	0.0058698882
PTK2|S722	1.0100969	0.012293992
PTK2|S910	0.9968313	0.03506448
PTK2|Y570	1.0910987	0.10138271
PTMS|S13	1.1045513	0.09633444
PTMS|S5	1.065077	0.08702333
PTOV1|S36	1.1377041	0.16988228
PTOV1|S53	1.1432316	0.18014221
PTPDC1|S492	1.0	0.0
PTPDC1|S601	1.0	0.0
PTPN11|S36	1.0	0.0
PTPN11|Y546	0.94585115	-0.082831204
PTPN11|Y580	1.0	0.0
PTPN11|Y584	0.9787767	-0.017273176
PTPN12|S19	1.0	0.0
PTPN12|S332	1.0	0.0
PTPN12|S342	0.9577716	0.030033894
PTPN12|S435	0.8961029	0.0053064507
PTPN12|S449	0.910479	-0.029597005
PTPN12|S468	1.0	0.0
PTPN12|S603	0.98245674	-0.0111417
PTPN12|S603_S606	1.0	0.0
PTPN12|S603_S606_S608	1.0	0.0
PTPN12|S606	0.98067296	-0.007146139
PTPN12|S661	1.0	0.0
PTPN12|S673	1.0400535	0.048930332
PTPN12|T509	1.0074869	0.018739605
PTPN12|T578	1.0	0.0
PTPN13|S1033	1.0955814	0.091489196
PTPN13|S1063	1.0	0.0
PTPN13|S1210	1.0	0.0
PTPN13|S1210_S1213	1.0	0.0
PTPN13|S2013	1.0	0.0
PTPN13|S240	1.0872554	0.08505618
PTPN13|S890	0.9515573	-0.051013276
PTPN13|S926	1.0	0.0
PTPN14|S312	1.0	0.0
PTPN14|S314	1.1391147	0.15610598
PTPN14|S432	1.0	0.0
PTPN14|S593	1.1133556	0.10581244
PTPN14|S593_S594	1.0	0.0
PTPN14|S594	1.2184538	0.20776369
PTPN14|S620	1.0	0.0
PTPN14|S642	1.0448282	0.045389708
PTPN14|S760	1.0978725	0.12391285
PTPN14|S807	1.0	0.0
PTPN14|S809	1.0526769	0.04860899
PTPN14|S831	1.0	0.0
PTPN14|T323	1.0	0.0
PTPN1|S15	1.0405359	0.07993005
PTPN1|S295	1.0	0.0
PTPN1|S352	0.9219387	-0.06977323
PTPN1|S50	1.0757878	0.09326933
PTPN21|S590	0.97373277	-0.031722445
PTPN21|S637	1.0097568	0.012614403
PTPN21|S658	1.0047829	-0.008669527
PTPN21|S673	1.0061939	-0.0002294772
PTPN21|S797	1.0050751	-0.0017975018
PTPN22|S550	1.0	0.0
PTPN23|S358	1.0	0.0
PTPN23|S621	1.0	0.0
PTPN2|S321	1.0	0.0
PTPN2|S327	1.0	0.0
PTPN3|S204	1.0	0.0
PTPN3|S226_S228	1.0	0.0
PTPN3|S228	1.0	0.0
PTPN3|S241	1.0	0.0
PTPN3|S294	1.0	0.0
PTPN3|S335	0.87644285	-0.114029914
PTPN3|S357_S359	1.0	0.0
PTPN6|S10	1.035987	0.070814066
PTPN7|S118	1.0	0.0
PTPN7|S217	1.0	0.0
PTPN7|T140	1.0	0.0
PTPRA|S185	0.8659604	-0.15559646
PTPRA|S189	0.9934395	0.009183009
PTPRA|Y798	1.0140643	-0.03014702
PTPRC|S975	1.1275811	0.14222114
PTPRG|S815	1.0	0.0
PTPRN2|S322	1.0	0.0
PTPRU|S843	1.0	0.0
PTPRU|S853	1.109371	0.11004086
PTS|S19	1.0827588	0.07725666
PTTG1|S165	0.9443022	-0.056409758
PUM1|S124	0.9874479	-0.009832975
PUM1|S209	1.0	0.0
PUM1|S229	1.0210081	0.020430008
PUM1|S247	1.0738481	0.08183074
PUM1|S709	0.9401061	-0.012733953
PUM1|S75	0.9457085	-0.018035583
PUM1|S806	1.0546428	0.061466787
PUM1|S98	1.0	0.0
PUM1|T112	1.0	0.0
PUM2|S126	1.0	0.0
PUM2|S26	1.0	0.0
PUM2|S531	1.0	0.0
PUM2|S80	1.0	0.0
PURA|S182	0.9108058	-0.076565325
PURA|S256	1.0056323	0.013517533
PURB|S101	0.99929214	0.016412865
PUS7|T616	1.0	0.0
PWP1|S485	1.0352874	0.047035147
PWP1|S50	0.96646	-0.017883342
PWP1|S50_S57	1.0	0.0
PWP1|S50_T55	1.0	0.0
PWP1|T55_S57	1.0	0.0
PWP1|T86	1.0	0.0
PWWP2A|S116_S119	1.0	0.0
PWWP2A|S81	1.0435444	0.093969844
PWWP2B|S206	0.9915675	0.0058429367
PWWP2B|S250	1.0179641	0.018389506
PWWP2B|S447	1.0439062	0.03661983
PWWP2B|S60	1.0	0.0
PXK|S431	1.0	0.0
PXN|S103	1.0	0.0
PXN|S106	1.0008495	-0.052769974
PXN|S126_S130	1.0	0.0
PXN|S137	0.9876986	-0.007430116
PXN|S143	0.9877199	0.016134549
PXN|S244	1.0	0.0
PXN|S258	1.1398373	0.18070017
PXN|S272	1.1011903	0.3308888
PXN|S533	1.0622143	0.091084056
PXN|Y118	0.98970634	-0.028087463
PXN|Y88	1.0	0.0
PYCARD|S46	1.0	0.0
PYGB|S430	1.0	0.0
PYGL|S396	1.0	0.0
PYGO1|S34	1.0	0.0
PYGO2|S97	1.0	0.0
PYGO2|T302	1.00646	0.04140658
PYM1|S116	1.0	0.0
QARS|S70	1.0	0.0
QKI|S211	1.0	0.0
QKI|S69	1.0	0.0
QSER1|T1341_S1348	1.0	0.0
QSOX1|S426	0.96067154	-0.06696141
R3HDM1|S111	1.0	0.0
R3HDM1|S261_S262	1.0	0.0
R3HDM1|S282	0.9486217	-0.018263675
R3HDM1|S381	0.97821194	-0.013387271
R3HDM2|S263	0.9830699	-0.017589202
R3HDM2|S283	1.0	0.0
R3HDM2|S37	1.0	0.0
R3HDM2|S393	1.0	0.0
RAB10|T73	0.98336625	-0.012563428
RAB11B|S52	1.0	0.0
RAB11FIP1|S156	1.0910028	0.114622876
RAB11FIP1|S199	1.0	0.0
RAB11FIP1|S199_S202	1.0	0.0
RAB11FIP1|S202	1.0045642	0.07421108
RAB11FIP1|S234	1.0495687	0.054725066
RAB11FIP1|S315	1.1090028	0.11738608
RAB11FIP1|S357	1.144212	0.18394452
RAB11FIP1|S382	1.0	0.0
RAB11FIP1|S435	1.0680351	0.07398688
RAB11FIP1|S545	1.0525434	0.054486953
RAB11FIP2|S150	1.0	0.0
RAB11FIP2|S277	0.9698049	-0.028870044
RAB11FIP2|S382	1.0	0.0
RAB11FIP2|S388	1.0	0.0
RAB11FIP3|S102	1.0	0.0
RAB11FIP3|S52	1.0	0.0
RAB11FIP5|S176	1.0337168	0.06407439
RAB11FIP5|S283	1.1198913	0.15359116
RAB11FIP5|S286	1.0	0.0
RAB11FIP5|S307	0.9867848	0.0093542645
RAB11FIP5|S367	1.0332172	0.032340046
RAB11FIP5|S395	0.9904604	-0.009140925
RAB11FIP5|S396	1.0	0.0
RAB11FIP5|S397	1.0	0.0
RAB11FIP5|S494	1.0	0.0
RAB12|S21	1.0136745	0.0712293
RAB12|S25	1.0095254	0.018885974
RAB13|S178	0.99651426	-0.0045783636
RAB14|S180	0.967885	-0.032073826
RAB14|T67	1.0	0.0
RAB18|S173	1.0	0.0
RAB1A|S114	1.0365325	0.040288817
RAB1A|T75	0.99429715	-0.0052758935
RAB1B|S111	1.0	0.0
RAB1B|S179	0.99500895	-0.0053876927
RAB1B|T72	1.0	0.0
RAB27A|S206	0.9273307	-0.07349092
RAB2B|S192	0.94939715	-0.05339685
RAB31|S36	1.0	0.0
RAB3GAP1|S379	1.0052823	0.035425566
RAB3GAP1|S934	1.0	0.0
RAB3GAP2|S450	0.8742412	-0.100165226
RAB3IL1|S168	0.96458584	-0.03816134
RAB3IL1|S179	1.0	0.0
RAB3IL1|S68	1.0131731	0.012134739
RAB3IP|S147	1.0	0.0
RAB40C|S262	1.0	0.0
RAB44|S115	0.9355243	-0.06662602
RAB44|S509	1.0	0.0
RAB44|T403	0.8392594	-0.15751655
RAB44|T434	1.0	0.0
RAB5C|S157	1.0	0.0
RAB6A|S151	1.0	0.0
RAB6A|S44	1.0	0.0
RAB6A|T21	1.0	0.0
RAB7A|S72	0.97488636	0.04954436
RAB8A|S181	0.95353127	-0.030073442
RAB8A|S181_S185	1.0	0.0
RAB8A|S185	1.0018911	0.0073903208
RAB8A|T64	1.0	0.0
RAB8A|T72	0.9908089	-0.01019188
RABEP1|S246	1.0	0.0
RABEP1|S374_S377	1.0	0.0
RABEP1|S377	1.0290966	0.04144241
RABEP1|S407	0.9194884	-0.06562338
RABEP1|S410	0.9955452	0.019341512
RABGAP1L|S490	1.0	0.0
RABGAP1|S360	0.9876131	0.00020449728
RABGAP1|S42	0.99422336	0.0013618977
RABGAP1|S56	0.96381223	0.04334012
RABGAP1|T996	1.0245756	0.033579692
RABGEF1|S146	1.0	0.0
RABGEF1|S404	1.0	0.0
RABGEF1|S414	1.0	0.0
RABL6|S403	1.0	0.0
RABL6|S426_S428	1.0	0.0
RABL6|S471_S472	1.0	0.0
RABL6|S493	1.0	0.0
RABL6|S597_T600	1.0	0.0
RABL6|S626	1.0	0.0
RABL6|S641_S642	1.0	0.0
RAC1|T186	1.0	0.0
RACGAP1|S203	0.9305149	-0.024866952
RACGAP1|T342	0.9280916	-0.045775972
RACGAP1|T580	1.0	0.0
RAD18|S471	1.1687846	0.1604155
RAD18|S99	1.0	0.0
RAD21|S153	1.0	0.0
RAD21|S175	0.8919846	-0.107675076
RAD21|S545	0.97351295	-0.02079292
RAD21|T394	0.99149483	-0.0029553894
RAD50|S635	0.8375528	-0.16898271
RAD54L2|S1421	1.0	0.0
RAD54L2|T1260	0.9994073	0.002600626
RAD9A|S252	1.0	0.0
RADIL|S598	0.94374627	-0.05681148
RAF1|S29	0.95954823	-0.05547748
RAF1|S321	1.0	0.0
RAF1|S621	1.0061454	0.013425867
RAF1|S641	1.0	0.0
RAF1|T330	1.0	0.0
RAI14|S11	1.0029923	-0.005851143
RAI14|S281	0.9698678	-0.030636186
RAI14|S286	1.0	0.0
RAI14|S293	0.9814704	-0.036182556
RAI14|S300	0.9860227	-0.014388929
RAI14|S318	1.0128	0.055357635
RAI14|S358	1.0143604	0.014031529
RAI14|S412	0.9989207	-0.0048387065
RAI14|S419	0.99293286	-0.004417741
RAI14|S667	1.0132076	0.025104571
RAI14|T249	1.0	0.0
RAI14|T297	1.0148598	0.003404818
RAI1|S1013	0.95217824	-0.04630593
RAI1|S1164	1.0271001	0.026032522
RAI1|S1266	1.0412697	0.07904183
RAI1|S1358	1.0	0.0
RAI1|S1374	1.0093161	0.015817963
RAI1|S683	1.0135517	0.017893441
RAI1|S805	1.0139333	0.016857665
RAI1|S892	0.9859739	-0.021366145
RALBP1|S29	1.0012709	0.02590821
RALBP1|S463	0.98756176	-0.0007753539
RALBP1|S48_S62	1.0	0.0
RALBP1|S62	1.0	0.0
RALBP1|S645	1.0275146	0.053685386
RALBP1|S92_S93	1.0	0.0
RALGAPA1|S1083	1.0	0.0
RALGAPA1|S1319_S1320	1.0	0.0
RALGAPA1|S2117	1.0	0.0
RALGAPA1|S342	0.964131	-0.034662373
RALGAPA1|S711	1.0	0.0
RALGAPA1|S721	0.9805378	-0.020443134
RALGAPA1|S734	1.0177	0.025046103
RALGAPA1|S740	1.1147562	0.11164416
RALGAPA1|S773	1.0011106	0.038289744
RALGAPA1|T754	1.0727706	0.1502296
RALGAPA2|S1593	1.0	0.0
RALGAPA2|S373	0.9881191	-0.004282304
RALGAPA2|S820	1.0048662	0.020328436
RALGAPA2|S821	0.9863192	-0.0070017106
RALGAPB|S359	0.94213784	-0.021598993
RALGAPB|S377	1.0	0.0
RALGAPB|S720	1.009786	0.019723265
RALGAPB|T363	0.99758124	0.011515749
RALGAPB|T378	1.0	0.0
RALGAPB|T379	0.97415483	-0.017869538
RALGPS2|S296	1.1205568	0.12342244
RALGPS2|S308	0.95007175	-0.03764814
RALGPS2|S315	1.0322652	0.03395185
RALGPS2|S315_S329	1.0	0.0
RALGPS2|S329	1.1406785	0.15434474
RALGPS2|S343	1.1546984	0.14854449
RALGPS2|S37	1.2019013	0.22758472
RALGPS2|S422	1.044114	0.05029678
RALGPS2|T326	1.0419817	0.042779487
RALGPS2|T326_S329	1.0	0.0
RALGPS2|T361	1.1002101	0.13013992
RALY|S106	0.85075665	-0.069749065
RALY|S119	1.0	0.0
RALY|S135	1.045941	0.0607385
RALY|T135	1.0	0.0
RALY|T151	1.0	0.0
RAMAC|S36	0.98130614	-0.0021244802
RAMAC|S86	0.9890994	-0.015482606
RANBP10|S248	1.0	0.0
RANBP1|S137	1.0	0.0
RANBP1|S265	1.0	0.0
RANBP2|S128	1.0	0.0
RANBP2|S1374	1.0	0.0
RANBP2|S1400	0.9785547	-0.021301905
RANBP2|S1456	1.0253832	0.027373994
RANBP2|S1509	1.0	0.0
RANBP2|S1613	0.9406126	-0.040267017
RANBP2|S1672	1.0	0.0
RANBP2|S1731	1.0	0.0
RANBP2|S1894	1.0	0.0
RANBP2|S1903	1.0	0.0
RANBP2|S1955	1.0	0.0
RANBP2|S21	1.0352336	0.046526585
RANBP2|S2280	1.0672417	0.051010985
RANBP2|S2297	1.0	0.0
RANBP2|S2462	1.0	0.0
RANBP2|S2510	0.9942267	-0.037173912
RANBP2|S2668	0.99178076	-0.02529544
RANBP2|S2900	0.85966635	-0.11531315
RANBP2|S394	1.0139253	0.0062683187
RANBP2|S837	0.98353064	-0.016451351
RANBP2|S955	0.9472886	-0.06693112
RANBP2|T1393	1.0	0.0
RANBP2|T1396	0.8574979	-0.12633936
RANBP2|T1412	0.96980476	-0.03357427
RANBP2|T1644	1.0	0.0
RANBP2|T1703	1.0	0.0
RANBP2|T2153	1.0	0.0
RANBP2|T2293	1.0	0.0
RANBP2|T2450	0.99758875	-0.0022962843
RANBP2|T2458_S2462	1.0	0.0
RANBP2|T799	1.0	0.0
RANBP3|S108	0.9642754	-0.027581198
RANBP3|S211	0.9730931	0.024152717
RANBP3|S221	0.92299205	-0.07808807
RANBP3|S239	1.0	0.0
RANBP3|S265	1.0	0.0
RANBP3|S328	1.0	0.0
RANBP3|S333	1.0856818	0.058561582
RANBP3|S40	1.0	0.0
RANGAP1|S24	1.0	0.0
RANGAP1|S427	1.0	0.0
RANGAP1|S428	1.0	0.0
RANGAP1|S442	1.0	0.0
RAN|S135	0.9478889	-0.041272473
RAP1B|S39	1.0151883	0.018695801
RAP1GAP2|S45	1.0	0.0
RAP1GAP2|S7	1.1578109	0.09543073
RAP1GAP2|S9	0.8578824	-0.043205712
RAP1GAP2|T578	1.0	0.0
RAP1GAP|S505	1.0	0.0
RAP1GAP|S516	1.0	0.0
RAP1GAP|S541	1.0	0.0
RAP1GAP|S548	1.0	0.0
RAP1GAP|S554	1.0	0.0
RAP1GAP|S563	1.0	0.0
RAP1GAP|S579	1.0	0.0
RAP1GAP|S605_S606	1.0	0.0
RAPGEF1|S10	1.0	0.0
RAPGEF1|S298	1.0	0.0
RAPGEF1|S328	1.0	0.0
RAPGEF1|S352	1.0072997	0.0052286545
RAPGEF1|S355	1.0	0.0
RAPGEF1|S377	1.0	0.0
RAPGEF1|S388	1.0	0.0
RAPGEF1|S480	1.0	0.0
RAPGEF2|S1080	1.0	0.0
RAPGEF2|S1121	1.0	0.0
RAPGEF2|S1217	1.0	0.0
RAPGEF2|S1241	1.0	0.0
RAPGEF2|S1362	1.0	0.0
RAPGEF3|S864	0.94425094	-0.055167492
RAPGEF5|T357	1.0	0.0
RAPGEF6|S1102	1.0	0.0
RAPGEF6|S230	1.024395	0.024810536
RAPH1|S1010	1.0	0.0
RAPH1|S1033	1.0	0.0
RAPH1|S1154	0.85865504	-0.13286379
RAPH1|S1183	0.93336165	-0.074528396
RAPH1|S54	1.0	0.0
RAPH1|S571	1.0685527	0.11030887
RAPH1|S597	1.0	0.0
RAPH1|S610	1.0	0.0
RAPH1|S845	1.0	0.0
RAPH1|S853	1.0	0.0
RAPH1|S853_S856	1.0	0.0
RAPH1|S894	1.0	0.0
RAPH1|S996	1.0469267	0.05810151
RAPH1|T1153	0.9798532	-0.019569814
RAPH1|T805	1.0	0.0
RASAL2|S1005	1.0	0.0
RASAL2|S1260	1.0	0.0
RASAL2|S159	1.0	0.0
RASAL2|S804	1.0	0.0
RASAL2|S806	1.0	0.0
RASAL2|S971	1.0	0.0
RASAL2|T761	1.0	0.0
RASAL3|S51	1.0461847	0.051011812
RASAL3|S72	1.0113504	0.020994779
RASAL3|S831	1.047175	0.03911227
RASAL3|S841	1.1589097	0.14097935
RASAL3|S865	1.154032	0.104188554
RASAL3|S988	1.1415348	0.19280519
RASEF|S393	1.0	0.0
RASGRF2|S633	1.0	0.0
RASGRF2|S718	1.0	0.0
RASGRF2|S746	1.0	0.0
RASGRF2|T770	1.0	0.0
RASGRP2|S123	1.0	0.0
RASGRP2|S576	0.9960974	0.0008324889
RASGRP2|S578	0.9103153	-0.0906352
RASGRP2|S587	0.9134562	-0.08916911
RASGRP2|T134	1.0	0.0
RASIP1|S326	1.0491974	0.058851175
RASIP1|S328	1.0174387	0.09242537
RASIP1|S328_S331	1.0630766	0.06350097
RASIP1|S41	1.0098716	0.011417732
RASIP1|S419	0.9986564	0.002306953
RASIP1|S90	0.95313406	-0.06718604
RASSF2|S145	1.0579543	0.004605747
RASSF2|S170	1.0203536	0.018039212
RASSF4|S141	1.0958579	0.112714715
RASSF4|S168	1.0	0.0
RASSF6|S147	1.0	0.0
RASSF7|S232	1.0	0.0
RASSF8|S129	1.0001734	-0.00761621
RASSF8|S387	1.1958417	0.19135778
RASSF8|T131	1.0	0.0
RAVER1|S34	1.0	0.0
RAVER1|S584	1.0	0.0
RAVER1|S634	1.0	0.0
RAVER1|S697	1.0	0.0
RAVER1|T480	1.0	0.0
RAVER1|T505	1.0	0.0
RB1CC1|S222	1.0072733	0.06119376
RB1CC1|S237	0.9677846	-0.016055888
RB1CC1|S624	1.0	0.0
RB1|S249	0.9499706	-0.058467925
RB1|S249_T252	1.0	0.0
RB1|S37	1.0	0.0
RB1|S788	1.0	0.0
RB1|S807	1.115423	0.106759705
RB1|S807_S811	1.0	0.0
RB1|T356	1.04199	-0.0006246554
RB1|T373	0.8314341	-0.16159436
RB1|T821	0.9544895	-0.04515999
RB1|T821_T826	1.0	0.0
RB1|T826	1.0	0.0
RBAK|S78	0.9381709	-0.05971108
RBBP4|S355	1.0	0.0
RBBP5|S223	1.0	0.0
RBBP5|S350	0.8159444	-0.20239788
RBBP5|S370	1.0	0.0
RBBP5|S497	1.0	0.0
RBBP6|S1145	1.0	0.0
RBBP6|S1179	0.97896343	-0.020731455
RBBP6|S1294	1.0	0.0
RBBP6|S1328	0.9020513	-0.085772306
RBBP6|S360	1.0	0.0
RBBP6|S516	0.94826233	-0.04510099
RBBP6|S748_S750	1.0	0.0
RBBP6|S770_S772	1.0	0.0
RBBP6|S772	0.88579655	-0.113943465
RBBP6|S781	1.0	0.0
RBBP6|S815	1.0	0.0
RBBP6|S839	1.0	0.0
RBBP6|S873	1.0	0.0
RBBP6|T1434	1.0	0.0
RBBP6|T1468	1.0	0.0
RBBP6|T950	1.0	0.0
RBBP6|T984	0.8423774	-0.14176804
RBBP6|Y1268	1.0	0.0
RBBP7|S139	1.0	0.0
RBBP7|S398	1.0	0.0
RBBP7|S95	1.0	0.0
RBBP8NL|S196	1.0884848	0.092691004
RBBP8NL|S262	0.98347163	-0.01746478
RBBP8NL|S487	1.1286502	0.13059875
RBBP8NL|S645	1.1129512	0.12285163
RBBP8|S163	1.0	0.0
RBBP8|S539	1.0	0.0
RBBP8|S568	1.0	0.0
RBBP8|T315	1.0247351	0.050427757
RBFOX2|S26	1.0	0.0
RBFOX2|T67	1.0	0.0
RBL1|S640	1.0	0.0
RBL1|T332	1.0	0.0
RBL1|T385	1.0	0.0
RBL2|S1035	1.0	0.0
RBL2|S1110	1.0	0.0
RBL2|S1112	1.0140586	0.033710543
RBL2|S413	0.9827494	-0.015863648
RBL2|S413_T417	1.0	0.0
RBL2|S639	1.0137832	0.01396157
RBL2|S639_T642	1.0	0.0
RBL2|S688	0.9906286	-0.00868381
RBL2|S948_S952	1.0	0.0
RBL2|S952	0.9940173	0.023410395
RBL2|T642	0.9529055	-0.04394659
RBM10|S138	1.0	0.0
RBM10|S154	1.0	0.0
RBM10|S30	1.0	0.0
RBM10|S788	1.0	0.0
RBM10|S798_S801	1.0	0.0
RBM10|S798_S801_S803	1.0	0.0
RBM10|S801	1.0	0.0
RBM10|S801_S803	1.0	0.0
RBM10|S803	1.0	0.0
RBM10|S862	1.0	0.0
RBM10|S910	1.0	0.0
RBM10|T951	1.0	0.0
RBM12B|S250	0.94943655	-0.035741355
RBM12B|S250_S254	1.0	0.0
RBM12B|S254	0.9726277	-0.007998944
RBM12B|S278_S280	1.0	0.0
RBM12B|S280	0.98637	-0.009275953
RBM12B|S575	0.999077	0.0074997684
RBM12B|S591	0.9751827	-0.027331475
RBM12B|S638	0.95753384	-0.041962188
RBM12B|S710	0.98583305	-0.008422655
RBM12B|S710_S718	1.0	0.0
RBM12B|S718	0.9360475	-0.06548854
RBM12B|S839	0.9363111	-0.050127376
RBM12B|T276_S278_S280	1.0	0.0
RBM12|S352	1.0	0.0
RBM12|S375	1.0236061	0.0154178245
RBM12|S420_S422_S424	1.0	0.0
RBM12|S422_S424	1.0	0.0
RBM12|S424	0.97201025	-0.03973458
RBM14|S215	1.0034231	0.0015178409
RBM14|S215_S220	1.0	0.0
RBM14|S220	1.0	0.0
RBM14|S256	0.92530525	-0.06376168
RBM14|S582	0.9659709	-0.02941743
RBM14|S618	1.0125701	-0.012619871
RBM14|S620	0.91691744	-0.109179154
RBM14|T206	0.8939495	-0.069690004
RBM14|T572	0.8665061	-0.1269795
RBM15B|S106	1.0	0.0
RBM15B|S109	0.97570246	-0.00750482
RBM15B|S113	1.0	0.0
RBM15B|S147	0.99081206	-0.011103119
RBM15B|S265_S267	1.0	0.0
RBM15B|S267	1.007005	0.0002903822
RBM15B|S552	1.0164068	0.072648145
RBM15B|S562	0.92260224	-0.033108693
RBM15B|S609	0.92068714	-0.055383433
RBM15B|T532	1.0275129	0.03753066
RBM15|S109	0.8846846	-0.026624829
RBM15|S125	1.0	0.0
RBM15|S128	0.98354226	-0.017690944
RBM15|S292_S294	1.0	0.0
RBM15|S294	0.9375547	-0.04808642
RBM15|S365	0.9458578	-0.050926253
RBM15|S622	0.877583	-0.087802164
RBM15|S656	0.8859545	-0.10612352
RBM15|S656_S659	1.0	0.0
RBM15|S670	0.810244	-0.09880921
RBM15|S670_S674	1.0	0.0
RBM15|S674	0.9448183	-0.002912486
RBM15|S700	0.9038888	-0.08503328
RBM15|S741	0.91576755	-0.0828079
RBM15|S781	0.9850768	-0.011928631
RBM15|T568	0.9282933	-0.06257545
RBM17|S155	0.99223185	-0.0041361335
RBM17|S169	0.95459837	-0.01717513
RBM17|S222	1.0005842	0.006051123
RBM17|T71	0.9303865	-0.0681005
RBM23|S128	0.9494568	-0.053291194
RBM23|S149	1.0587173	0.07460871
RBM25|S583	0.9278615	-0.040723827
RBM25|S677	1.0050939	0.05295937
RBM25|S683	1.0	0.0
RBM25|S703	0.94347554	-0.06454489
RBM26|S127	0.9308497	-0.056243747
RBM26|S164	0.98131996	0.01529353
RBM26|S518	1.0196071	0.042756528
RBM26|S523	1.0	0.0
RBM27|S1020	1.0207546	0.021177176
RBM27|S120	0.94455975	-0.049124386
RBM27|S566	1.0	0.0
RBM27|T447	0.94693094	-0.04465605
RBM33|S1045	1.0	0.0
RBM33|S205	0.9428232	-0.04921159
RBM33|S41	1.0	0.0
RBM33|S765	0.9546338	-0.041592233
RBM33|S973	0.9072543	-0.105940714
RBM34|S14	0.9586202	-0.00052879145
RBM34|S28	0.997072	-0.0015647514
RBM39|S136	0.9749182	-0.016544081
RBM39|S337	1.0318302	0.0435852
RBM39|S97	0.833845	-0.14622843
RBM39|Y95	1.0001127	0.0002485919
RBM42|S135	0.9521243	-0.015800416
RBM4|S86	0.9802662	0.004601803
RBM5|S576	0.96506387	-0.07440216
RBM5|S59	0.95807743	-0.033609986
RBM5|S621_S624	1.0	0.0
RBM5|S624	0.9969419	0.007573529
RBM5|S78	1.0044383	-0.0025361981
RBM5|Y57	1.0	0.0
RBM6|S1025	0.99605286	0.057557654
RBM6|S362	0.96777135	-0.010814784
RBM6|S746	1.0	0.0
RBM6|S891	1.0141523	0.015671032
RBM7|S137	0.94848764	-0.05535732
RBM7|S156	1.0	0.0
RBM7|S205	1.0	0.0
RBM8A|S42	0.9457127	-0.037902895
RBM8A|S56	0.9775978	-0.014774619
RBMS2|S106	1.0	0.0
RBMXL1|S124	1.0	0.0
RBMXL1|S161	0.9899921	-0.008738088
RBMXL1|S189	1.0	0.0
RBMXL1|S208	1.0142435	0.0048799133
RBMXL1|S249	1.0	0.0
RBMXL1|S323	0.9770418	-0.010506508
RBMXL1|S351	0.9405206	-0.045293592
RBMXL1|S58	1.0	0.0
RBMXL1|S88	0.99346894	0.013309606
RBMXL1|Y206	1.0	0.0
RBMX|S102	1.0	0.0
RBMX|S124	1.0	0.0
RBMX|S165	0.9974638	-0.0028934919
RBMX|S189	0.92126364	-0.0844304
RBMX|S208	0.9224694	-0.052406006
RBMX|S249	1.0030642	0.010552719
RBMX|S323	1.0483141	0.050869912
RBMX|S332	0.94937456	-0.03407827
RBMX|S352	0.9744046	0.019400189
RBMX|S58	1.0453206	0.0405468
RBMX|S88	1.0617906	0.09563712
RBMX|Y206	1.0	0.0
RBP1|S20	1.0	0.0
RBP1|S23	1.0	0.0
RBPMS|S14	1.0646133	0.06280954
RBPMS|T113	1.0	0.0
RBPMS|T118	0.986074	-0.014495755
RBSN|S230	0.98298115	-0.01120946
RBSN|S541	1.0	0.0
RC3H1|S772	1.0	0.0
RC3H2|S1119	1.0	0.0
RC3H2|S808	1.0	0.0
RCAN1|S137	1.0	0.0
RCAN1|S82	1.0	0.0
RCAN1|S82_S86	1.0	0.0
RCAN1|S86	1.0	0.0
RCAN3|S148_S152	1.0	0.0
RCAN3|S152	0.989985	-0.010447875
RCC1|S11	1.0088488	0.025284491
RCC1|S47	1.0	0.0
RCN1|S80	1.158786	0.15936168
RCN2|S225	1.0	0.0
RCOR1|S127	1.0	0.0
RCOR1|S139	0.9915641	-0.008601022
RCOR1|S260	1.0002737	-0.012909541
RCOR1|S460	0.9805074	-0.01701753
RCOR2|S202	1.0812926	0.06850635
RCOR2|S63	0.9750842	-0.046483327
RCOR3|S214	1.0	0.0
RCOR3|S433_T434	1.0	0.0
RCSD1|S105	1.0	0.0
RCSD1|S105_S108	1.0	0.0
RCSD1|S116_S120	1.0	0.0
RCSD1|S120	1.0024123	0.0064441646
RCSD1|S177	1.054218	0.09658779
RCSD1|S179	1.0785778	0.13883756
RCSD1|S216	1.0270373	0.054548334
RCSD1|S267_S268	1.0	0.0
RCSD1|S284	1.014286	0.051435433
RCSD1|S298	1.0	0.0
RCSD1|S333	1.0	0.0
RCSD1|S351	1.1251051	0.1279247
RCSD1|S68	1.0	0.0
RDX|S249	1.0	0.0
RDX|S533	1.0374684	0.060034268
RDX|Y270	1.0	0.0
RECQL4|S251	0.9916569	-0.0060130623
RECQL4|S27	1.0287298	0.030936554
RECQL4|S89	1.0	0.0
RECQL5|S488_S491	1.0	0.0
RECQL5|S491	0.91148925	-0.065812714
RECQL5|S727	1.0	0.0
RECQL5|S815	0.9859416	0.031756334
RECQL|S608	1.0	0.0
REEP1|S159	1.0	0.0
REEP3|S210	1.058504	0.07452971
REEP3|T201	1.0	0.0
REEP3|Y209	1.0	0.0
REEP4|S152	1.0180836	0.07021887
REEP4|S194	0.98231244	-0.008343184
REEP4|S194_T196	1.0	0.0
REEP4|S194_T196_S202	1.0	0.0
REEP5|T178	1.0	0.0
RELA|S235	1.0	0.0
RELB|S116	1.0	0.0
RELB|S37	1.0	0.0
RELB|T103	1.0	0.0
RELCH|S180	0.91400754	-0.06792211
RELCH|S453	0.91733116	-0.06220738
RELL1|S161	1.0	0.0
RELL1|S244	1.0	0.0
RELL1|T261	1.0	0.0
REM1|S18	0.959252	-0.042481214
REM1|S18_T19	1.0	0.0
RENBP|S416	1.0321134	0.033684045
REPS1|S143	0.9899689	-0.0043047518
REPS1|S170	0.97570634	-0.019057237
REPS1|S272	1.0099003	0.02513335
REPS1|S392	1.0205629	0.016046084
REPS1|S534	1.0	0.0
REPS1|S535	1.0	0.0
REPS1|S562	0.9835056	0.009403045
REPS1|S682	1.0	0.0
REPS1|S709	0.98123497	0.034335926
REPS1|S736	0.8142179	-0.13513239
REPS1|S740	1.0	0.0
REPS1|S767	1.0	0.0
REPS1|Y275	1.0	0.0
REPS2|S493	1.142832	0.1531515
REPS2|S543	1.0	0.0
REPS2|S544	1.0136847	0.05538874
REPS2|S631	0.9245886	-0.069254324
REPS2|T478	1.0	0.0
REPS2|T479	1.0	0.0
RERE|S1106_S1113_S1115	1.0	0.0
RERE|S40	1.0	0.0
RERE|S594	0.9633393	-0.0007878077
RERE|S600	0.9968153	-0.0045878068
RERE|S613	0.965589	-0.009229854
RERE|S656	0.99573714	0.017407086
RERE|S679	1.0087055	0.03294165
RERE|S679_S681	1.0	0.0
REST|S864	1.0596397	0.056579255
REST|S971	1.0	0.0
RETREG1|S281	1.1126932	0.1294762
RETREG2|S178	1.0	0.0
RETREG2|S385	0.9759315	0.0155797545
RETREG3|S258_S260	1.0	0.0
RETREG3|S26	0.93437254	-0.007271628
RETREG3|S313	0.9122669	-0.07810178
RETREG3|S313_S320	1.0	0.0
RETREG3|S320	0.8316876	-0.12038634
RETREG3|T283_S285_S288	1.0	0.0
RETREG3|T307_S320	1.0	0.0
RETREG3|T310_S313_S320	1.0	0.0
REV3L|S1646	1.0	0.0
REV3L|S1889	1.0	0.0
REXO1|S358	1.0	0.0
REXO1|S610	1.019128	0.014889086
RFC1|S108	0.9887678	-0.009685476
RFC1|S29	1.0122366	0.028192187
RFC1|S368	1.0145484	0.0388221
RFC1|S69_S71	1.0	0.0
RFFL|S226	0.98146045	-0.006363962
RFFL|S226_S229	1.0	0.0
RFFL|S240	1.039141	0.06792968
RFFL|S39	1.0	0.0
RFLNB|S71	1.0	0.0
RFTN1|S199	0.98301333	0.012527961
RFTN1|S220	0.96685016	-0.0727839
RFTN1|S450	1.0246853	0.0011364416
RFTN1|S521	1.0	0.0
RFTN1|S555	0.864185	-0.097128205
RFTN2|S470	1.0531244	0.04856994
RFX3|S664	0.9026868	-0.096061245
RFX3|S674_S678	1.0	0.0
RFX5|S185	1.0162693	0.017643986
RFX5|S308	1.0	0.0
RFX5|S347	1.0	0.0
RFX5|S605	1.0	0.0
RFX7|S1166_S1168	1.0	0.0
RFX7|S1178	1.0	0.0
RFX7|S299	1.0	0.0
RFX7|S322	1.0	0.0
RFX7|S418	1.0	0.0
RFXAP|S132	0.95924276	-0.03805635
RGCC|S75	1.0389148	0.05444623
RGCC|S87	1.0820467	0.05978706
RGCC|S89	1.008383	0.0073521826
RGCC|S91	1.0159258	0.012708454
RGCC|S97	1.0382389	0.04010828
RGL1|S518	1.0	0.0
RGL2|S409	0.9421105	-0.03421614
RGL3|S569	1.0	0.0
RGL3|S569_S573	1.0	0.0
RGS10|S16	1.0	0.0
RGS10|S41	1.0	0.0
RGS12|S172	1.0598518	0.05974406
RGS12|S483	1.0	0.0
RGS12|S661	0.96155936	-0.03936999
RGS12|S671	0.95420176	-0.025242317
RGS12|S849	1.0	0.0
RGS12|S850	0.98845816	-0.016514681
RGS12|S879	0.873093	-0.12467377
RGS14|S20	1.0314633	0.021152476
RGS14|S203	1.084625	0.09744326
RGS14|S218	0.92767596	-0.06822858
RGS14|S288	1.037176	0.0450622
RGS14|S478	1.0	0.0
RGS3|S564	1.0	0.0
RGS3|S696	1.0	0.0
RGS3|S833	1.0	0.0
RGS3|S833_S836	1.0	0.0
RGS3|S897	1.0	0.0
RGS3|S934	1.0	0.0
RHBDF1|S283	1.0	0.0
RHBDF1|S390	0.88592154	-0.100321226
RHBDF1|T180	1.0	0.0
RHBDF2|S100	1.0	0.0
RHBDF2|S114	1.0	0.0
RHBDF2|S148	1.0	0.0
RHBDF2|S227	1.0	0.0
RHBDF2|S280	1.0	0.0
RHBDF2|S299	1.0	0.0
RHBDF2|S356	1.0	0.0
RHBDF2|S61	1.0	0.0
RHBDF2|S84	1.0	0.0
RHEB|S175	0.9812827	-0.015086806
RHOC|S152	1.0099969	0.0620785
RHPN2|S616	1.0	0.0
RHPN2|S639	1.0	0.0
RHPN2|S642	1.0339615	0.049820177
RHPN2|S652	0.893876	-0.10604226
RHPN2|S654	0.9150319	-0.08380571
RHPN2|T606	1.255377	0.28198412
RIC1|S1000	1.0	0.0
RIC1|S1037	0.9631279	-0.013533984
RIC8A|S502	0.9810243	-0.010320397
RICTOR|S1177	1.0	0.0
RICTOR|S1284	0.9935651	-0.0060259076
RICTOR|S1302	1.0	0.0
RICTOR|S1307	1.0	0.0
RICTOR|S1313	1.0085737	0.007946457
RICTOR|S1409	1.0	0.0
RICTOR|S1412	1.0	0.0
RICTOR|S1420	1.0	0.0
RICTOR|S1503	1.0	0.0
RICTOR|S1615	1.0	0.0
RICTOR|S21	0.99575466	-0.0024511265
RIF1|S1422	1.025599	0.02086109
RIF1|S1454	1.0	0.0
RIF1|S1542	1.0250254	0.03884405
RIF1|S1579	1.1763352	0.14959116
RIF1|S1616	0.7963409	-0.16116695
RIF1|S1688	0.9835314	0.09261373
RIF1|S1688_S1693	1.0	0.0
RIF1|S1873	1.076171	0.100631595
RIF1|S2144	0.97588503	-0.044642583
RIF1|S2161	1.1159163	0.12307714
RIF1|S2172	0.9361092	-0.054471258
RIF1|S2172_S2176	1.0	0.0
RIF1|S2176	1.0	0.0
RIF1|S2205	1.0302043	0.036320347
RIF1|S2367	1.0	0.0
RIF1|S782	0.9706296	-0.032621562
RIN1|S333	1.0642868	0.07278985
RIN1|S351	1.150201	0.17111818
RIN2|S415	1.0	0.0
RIN2|S535	1.0	0.0
RING1|S229	1.0258461	0.04226839
RING1|S38	0.98262286	-0.017801603
RING1|T220	1.0261616	0.026378877
RIOK1|S21_S22	1.0	0.0
RIOK1|S22	1.0005513	0.015988044
RIOK2|S337	1.0271449	0.039238624
RIOK2|S350	0.89400643	-0.08715539
RIOK2|S380	0.987717	-0.0014574154
RIOK2|S380_S382	1.0	0.0
RIOK2|S442	1.0424339	0.044650044
RIPK1|S157	1.0	0.0
RIPK1|S253	1.0	0.0
RIPK1|S320	0.9739656	0.039316427
RIPK1|S416	0.9833973	-0.011429514
RIPK2|S363	0.9319287	-0.05125227
RIPK2|S393	1.0	0.0
RIPK2|S527	1.0041281	0.021533882
RIPK2|S531	1.0395842	0.07762169
RIPK3|S227	1.0354574	0.03963168
RIPK3|S316	1.0399488	0.050337087
RIPK3|S339	1.0857551	0.10506612
RIPK3|T224_S227	1.0	0.0
RIPK4|S372	1.0	0.0
RIPOR1|S351	1.0311905	0.037605464
RIPOR1|S367	1.0	0.0
RIPOR1|S417	1.0	0.0
RIPOR2|S50	1.0	0.0
RIPOR2|S552	1.0	0.0
RIPOR2|S62_S66	1.0	0.0
RIPOR2|S66	1.0	0.0
RLF|S41	0.9571683	-0.035160426
RLF|S632	1.0586799	0.068379454
RLIM|S230	0.96341103	-0.03687204
RLIM|S276	1.0	0.0
RMDN3|S46	1.0360848	0.07252737
RMI1|S292	1.0	0.0
RNF113A|S253	0.93327665	-0.052135784
RNF113A|S84_S85	1.0	0.0
RNF139|S634_T635	1.0	0.0
RNF14|S348	1.0	0.0
RNF14|S451	0.9815729	-0.012795677
RNF168|S134	1.0175238	0.038372576
RNF168|S470	1.0630972	0.049284637
RNF169|S247	0.91090435	-0.071069986
RNF169|S339	0.97096974	0.023290686
RNF169|S403	0.99703526	-0.0001482421
RNF169|S693	0.9976806	-0.026528593
RNF20|S136	1.0009412	-0.000880184
RNF20|S136_S138	1.0	0.0
RNF20|S138	1.0505719	0.03914085
RNF213|S1258	1.0621997	0.060617264
RNF213|S217	0.95834744	-0.03967886
RNF213|S43_S45	1.0	0.0
RNF213|S82	1.1053592	0.26703498
RNF213|S88	1.239051	0.20834115
RNF213|T84	1.0	0.0
RNF214|S154	1.0	0.0
RNF214|S176	1.006412	0.012132182
RNF214|S200	1.0	0.0
RNF214|S47	1.0	0.0
RNF214|S501	1.0	0.0
RNF214|S530	1.0	0.0
RNF214|S54	1.0	0.0
RNF216|S476	1.0	0.0
RNF216|S776	1.0	0.0
RNF219|S210	1.0940038	0.031329285
RNF219|S553	1.0	0.0
RNF219|S561	1.0	0.0
RNF25|S450	0.96386015	-0.020030735
RNF2|S41	0.9367239	-0.055420045
RNF31|S232	1.0	0.0
RNF31|S315	1.0	0.0
RNF31|S689	1.0	0.0
RNF34|S169	1.0011966	0.0124337105
RNF34|S254	0.93001395	-0.07120974
RNF4|S94_S95	1.0	0.0
RNPC3|S108	0.9120734	-0.04974021
RNPC3|S381	1.0	0.0
RNPS1|S155_S157	1.0	0.0
ROBO1|S940	0.97842455	-0.012147919
ROBO1|T1240	1.0618346	0.08323041
ROCK1|S1105	0.97222644	-0.009985426
ROCK1|S1341	1.015721	0.048941005
ROCK1|T1180	1.0	0.0
ROCK2|T1126	1.0	0.0
RP2|S15	1.0	0.0
RPA1|S371	1.0	0.0
RPA1|S384	1.1149397	0.14806804
RPA2|S246	1.0	0.0
RPAP1|S519	1.0	0.0
RPAP1|S72	1.0	0.0
RPAP1|T321	1.0	0.0
RPAP2|S414	1.0	0.0
RPAP3|S447	1.0	0.0
RPGR|S418	1.0097626	0.0019692827
RPGR|S756	1.0	0.0
RPL11|S29	1.0	0.0
RPL11|T47	1.0	0.0
RPL12|S38	1.0072986	-0.049442004
RPL13|S140	0.98146904	-0.021329181
RPL15|S34	1.0104535	0.0302193
RPL15|S97	0.9946611	-0.0029958528
RPL15|T197	0.9915631	-0.019610954
RPL18A|S123	0.96237	-0.016905587
RPL18A|S71	0.89244735	-0.09665905
RPL18A|T24	1.0	0.0
RPL24|S86	1.0088731	0.018671012
RPL24|T83	1.0010691	0.020769557
RPL27A|S68	0.9323094	-0.05784941
RPL30|S10	1.0119743	0.037600476
RPL34|S12	0.9504837	-0.03197987
RPL3|S13	0.96832925	-0.03369608
RPL7A|S209	0.9917761	-0.008024631
RPLP0|S304_S307	1.0029458	0.0027246566
RPLP2|S16	1.0	0.0
RPLP2|S17	1.0847923	0.06995495
RPLP2|S79	0.9807417	-0.015915787
RPLP2|S86	1.0214361	0.021568568
RPP30|S251	1.0	0.0
RPP38|S253	1.0	0.0
RPRD1A|S120	1.0	0.0
RPRD1A|S156	1.0292656	0.03581814
RPRD1B|S134	0.9708726	-0.024789063
RPRD2|S1073	1.0	0.0
RPRD2|S330_T332	1.0	0.0
RPRD2|S348	1.0	0.0
RPRD2|S588	1.0	0.0
RPRD2|S732	1.0	0.0
RPRD2|S740	1.0	0.0
RPRD2|S743	1.0	0.0
RPRD2|S902	1.0	0.0
RPRD2|S914	1.0	0.0
RPRD2|S939	1.0	0.0
RPRD2|T332	1.0	0.0
RPRD2|T697	1.0	0.0
RPRD2|T741	1.0	0.0
RPS10|S130	0.9946748	-0.006743501
RPS10|S146	1.0121586	0.040102355
RPS10|Y12	1.0	0.0
RPS13|S48	1.0	0.0
RPS20|S93	1.0	0.0
RPS20|T9	1.0	0.0
RPS26|T96	0.97384465	-0.023464775
RPS27A|S57	0.86447036	-0.13923286
RPS27|S11	0.9523749	-0.07113334
RPS27|S27	0.9074368	-0.08943025
RPS27|S78	0.92622674	0.009863942
RPS28|S23	0.8164348	-0.07658386
RPS2|S264	0.95293105	-0.044114582
RPS2|S281	0.9417805	-0.05679974
RPS2|T278	1.0	0.0
RPS3|T220	0.9100703	-0.0786662
RPS3|T221	0.93707585	-0.05027774
RPS5|S142	1.068701	0.0655209
RPS6KA1|S230	1.0	0.0
RPS6KA1|S372	1.0	0.0
RPS6KA1|S389	1.0	0.0
RPS6KA1|S696	1.0	0.0
RPS6KA1|T234	1.0	0.0
RPS6KA1|T368_S372	1.0	0.0
RPS6KA1|T582	1.0	0.0
RPS6KA1|Y585	1.0	0.0
RPS6KA3|S227	0.93581384	-0.038055144
RPS6KA3|S369	0.99343276	-0.005563487
RPS6KA3|S386	1.0	0.0
RPS6KA3|S415	1.089754	0.17304559
RPS6KA3|S715	1.0185249	0.04875014
RPS6KA3|T231	0.96444404	-0.033060316
RPS6KA3|T365_S369	1.0	0.0
RPS6KA3|T365_S369_S375	1.0	0.0
RPS6KA3|T577	1.0	0.0
RPS6KA3|Y580	1.0	0.0
RPS6KA4|S347	0.8588468	-0.14626434
RPS6KA4|S628	1.0	0.0
RPS6KA4|S676	1.0	0.0
RPS6KA4|S715	1.0	0.0
RPS6KA4|S739	1.0	0.0
RPS6KA4|T22	0.8602319	-0.16367221
RPS6KA4|T681	1.0	0.0
RPS6KB1|S418_T421_S424	1.0	0.0
RPS6KB1|S424	1.0	0.0
RPS6KB1|T421_S424	1.0	0.0
RPS6KB2|S423	1.0212855	-0.061013285
RPS6KC1|S411	1.0	0.0
RPS6KC1|S411_S415	1.0	0.0
RPS6KC1|S415	1.0	0.0
RPS6KC1|S437	1.0	0.0
RPS6KC1|S516	1.0	0.0
RPS6KC1|S584	1.0	0.0
RPS6KC1|S593_S596	1.0	0.0
RPS6KC1|S596	1.0	0.0
RPS6KC1|S632	1.0	0.0
RPS6KC1|S655	1.0	0.0
RPS6KC1|S860	1.0	0.0
RPS6|S235_S236	1.0	0.0
RPS8|T130	0.9791007	-0.010560802
RPSA|S43	1.011527	0.006329903
RPTOR|S561	1.0	0.0
RPTOR|S701	1.0	0.0
RPTOR|S701_S705	1.0	0.0
RPTOR|S705	1.0	0.0
RPTOR|S719	1.0073946	0.0068372968
RPUSD2|S68	1.0178092	0.018580422
RRAD|S39	0.9606081	-0.05294525
RRAD|T52	1.0	0.0
RRAGC|S382	0.94888693	-0.004145269
RRAGC|S95	1.0484998	0.0009533704
RRAGC|T381	0.95917684	-0.0074499534
RRAGC|T394	1.0036653	0.0024842953
RRAS2|S109	1.0	0.0
RRBP1|S185	1.0	0.0
RRBP1|S526	1.0	0.0
RRBP1|S843_S844	1.0	0.0
RREB1|S1122	1.0176597	0.035328228
RREB1|S1167	1.0431254	0.02526404
RREB1|S1167_S1174_S1175	1.0	0.0
RREB1|S1219	0.98111445	-0.020236218
RREB1|S1238	0.9712133	0.009647211
RREB1|S1320	1.018341	0.017338395
RREB1|S1475	0.47335127	-0.47902554
RREB1|S1575	0.74966824	-0.23403537
RREB1|S161	0.94358015	-0.053134233
RREB1|S1653	0.9237886	-0.0820707
RREB1|S175	1.001789	-0.008970219
RREB1|S175_S180	1.0	0.0
RREB1|S36	1.0460994	0.05383027
RREB1|S42	1.0	0.0
RRM2|S20	0.90036625	-0.099069595
RRN3|S140_S142	1.0	0.0
RRN3|S44	0.8764089	-0.09930032
RRP12|S1019	1.0	0.0
RRP12|T77	0.98293495	-0.011307518
RRP12|T88	1.0	0.0
RRP15|S67	1.0	0.0
RRP1B|S245	1.0227022	0.03838463
RRP1B|S513	1.0547063	0.023981342
RRP1|S383	0.89836204	-0.09491378
RRP36|S73	0.9334574	-0.0642878
RRP8|S104	0.9667501	-0.011502491
RRP8|S104_S106	1.0	0.0
RRP8|S106	0.93782425	-0.036679406
RRP8|S126	0.948594	-0.035167463
RRP8|S223	0.99927217	-0.011864145
RRP8|S62_S64	1.0	0.0
RRP9|S50_S51_S53	1.0	0.0
RSBN1|T236	1.0451378	0.040681027
RSF1|S1153	1.0	0.0
RSF1|S1258	0.9426426	-0.076664604
RSF1|S1282	0.83022386	-0.16660969
RSF1|S1310	0.9294221	-0.06532785
RSF1|S1325	0.9452538	-0.059496246
RSF1|S1345	0.9394287	-0.051465843
RSF1|S1359_S1375	1.0	0.0
RSF1|S1370	1.0	0.0
RSF1|S1375	0.82254493	-0.16867694
RSF1|S392	1.0	0.0
RSF1|S397	1.1351798	0.08986967
RSF1|S604	0.95650554	-0.017691443
RSF1|S622	0.98468125	-0.019797962
RSF1|S622_T628	1.0	0.0
RSF1|S748	0.9778267	-0.022613045
RSF1|S874	1.0	0.0
RSF1|T1305	1.0287796	0.051803444
RSF1|T1305_S1310	1.0	0.0
RSF1|T241	1.0	0.0
RSL1D1|S361	1.0941502	0.10082271
RSL1D1|S427	1.0841666	0.07830789
RSL1D1|S443	0.9726158	-0.02767746
RSPH3|T243	0.9779854	-0.028394457
RSPH4A|S86	0.90339094	-0.09747048
RSPH4A|T69	1.0	0.0
RSRC2|S104	1.0001775	0.004105785
RSRC2|S104_S105	1.0	0.0
RSRC2|S105	0.9699989	-0.022246024
RSRC2|S32	1.0246501	0.056104332
RSRC2|S376	1.0	0.0
RTCB|S300	0.998342	-0.001549654
RTEL1|S847	0.9421977	-0.061263908
RTF1|S650	0.9836864	-0.0217106
RTF1|S697	0.9908439	0.024408985
RTKN|S106	1.1367465	0.15668467
RTKN|S106_S115	1.0	0.0
RTKN|S232	0.94775766	-0.061448246
RTKN|S30	0.99083585	-0.028379278
RTKN|S520	0.9632978	-0.032701213
RTKN|S529	0.9729334	-0.02624927
RTKN|S543	1.0120156	0.018838316
RTN1|S352	1.0302387	0.023769474
RTN1|S48	0.90605867	-0.09412975
RTN1|S487	0.9991073	0.010605565
RTN1|T300	0.98660713	-0.011846889
RTN4|S107	0.97341603	-0.048259683
RTN4|S121	0.99429685	-0.020879952
RTN4|S129	1.0	0.0
RTN4|S181	0.95247936	-0.04075171
RTN4|S991	1.0	0.0
RUBCN|S137	1.0	0.0
RUBCN|S197	1.0	0.0
RUBCN|S350	1.0	0.0
RUBCN|S410	1.0262033	0.044529505
RUBCN|S528	1.0	0.0
RUFY1|S165	1.0612502	0.036729977
RUFY1|S618	0.9868204	0.0086771
RUFY1|S63	1.0510077	0.099435255
RUFY1|S694	1.0	0.0
RUFY1|T74	1.0087135	0.011292078
RUFY3|S34	1.0	0.0
RUNDC1|S71	0.94328314	-0.055532396
RUNX1T1|S390	1.0	0.0
RUNX1|S21	1.0859103	0.08954265
RUNX1|S212	1.1592133	0.16089457
RUNX1|T14	1.0838656	0.09697898
RUNX1|T14_S17	1.0	0.0
RUNX1|T18	1.0	0.0
RUNX2|S28	1.0	0.0
RUNX2|S340	1.0	0.0
RUNX3|T28	1.0	0.0
RUNX3|T28_S31	1.0	0.0
RUSC2|S519	1.0068882	0.010256462
RUSC2|S536	0.9972645	-0.008457891
RUSC2|S574	0.97644675	-0.023777232
RWDD2B|S246	1.0	0.0
RYBP|S123_S127	1.0	0.0
RYBP|S123_S127_S130	1.0	0.0
RYBP|S99	1.0778375	0.096681364
S100A13|S32	1.1195087	0.15862332
S100A13|S62	1.0	0.0
S100A9|T113	1.1104716	0.080007404
S100PBP|S72_S73	1.0	0.0
SAAL1|S6	1.0340874	0.060360707
SACS|S4117	1.0	0.0
SAE1|S12	1.0439049	0.049510714
SAE1|S185	1.0	0.0
SAFB2|S109	0.960446	-0.031499423
SAFB2|S207	0.9665659	-0.002187053
SAFB2|S226	1.0	0.0
SAFB2|S233	0.99510056	0.0074730664
SAFB2|S234	1.0460799	0.04648989
SAFB2|S246	0.9899939	-0.0066834013
SAFB2|S287	0.9713922	-0.015381272
SAFB2|S513	0.87024426	-0.12287498
SAFB2|S563_S565	1.0	0.0
SAFB2|S787	0.8986584	-0.09939338
SAFB2|S818	1.0099806	0.0072472324
SAFB|S209	0.9495935	-0.05301523
SAFB|S227	1.0	0.0
SAFB|S234	0.99360245	-0.0042896676
SAFB|S235	1.0	0.0
SAFB|S247	1.0	0.0
SAFB|S288	1.0	0.0
SAFB|S383	1.0362759	0.050199505
SAFB|S383_S384	1.0	0.0
SAFB|S384	1.039176	0.054757282
SAFB|S507	0.9754026	-0.022881722
SAFB|S601	0.92687595	-0.067711994
SAFB|S601_S604	1.0	0.0
SAFB|S604	0.79303384	-0.14573775
SAFB|S794	1.0	0.0
SAMD1|S161	1.0310252	0.04618134
SAMD1|S261	0.93759227	-0.060847536
SAMD1|T107	0.9992274	0.0033177687
SAMD4A|S168	1.1320168	0.13059919
SAMD4A|S580	1.0364288	0.054624755
SAMD4A|S651	0.98431957	-0.013135888
SAMD4A|S665	1.0	0.0
SAMD4B|S172	1.0	0.0
SAMD4B|S238	1.0	0.0
SAMD4B|S252	0.99755996	-0.0015452511
SAMD4B|S271	0.94744	-0.022610934
SAMD4B|S557	1.064246	0.06351795
SAMD4B|S592	0.9785427	-0.025683226
SAMD4B|S600	0.99835956	-0.002348389
SAMD4B|S626	1.0	0.0
SAMD4B|S628	1.0209014	0.019402826
SAMD4B|T407	0.98010105	-0.021198183
SAMD9|S156	0.9589373	-0.037727315
SAMHD1|S278	1.0049343	0.00874195
SAMHD1|S33	1.0325894	0.039126843
SAMHD1|S581	1.0	0.0
SAMHD1|T21	1.0793775	0.07504879
SAMHD1|T557	1.0	0.0
SAMHD1|T592	1.0	0.0
SAMSN1|S22	1.0	0.0
SAMSN1|S23	1.0675762	0.0884232
SAMSN1|S347	1.0	0.0
SAMSN1|S74	1.075617	0.08593126
SAMSN1|S90	1.0750519	0.08851351
SAP130|S465	0.9783288	-0.020825513
SAP130|S910	1.0	0.0
SAP130|T888_S890	1.0	0.0
SAP30BP|S147	1.0	0.0
SAP30BP|S43	0.92050344	-0.062117733
SAP30BP|S52	0.92686355	-0.0376869
SAP30|S131	1.0030576	0.0018398239
SAP30|S131_S138	1.0	0.0
SAP30|S138	0.9464665	-0.055452816
SAR1A|T139	1.0799782	0.14278676
SARM1|S54	1.0825156	0.082238466
SARM1|S548	0.9167056	-0.085900895
SARM1|S572	1.0741028	0.07506708
SART1|S348	0.99672216	-0.00449223
SART1|S448	0.89957744	-0.09457087
SART1|S474_S486	0.9651909	-0.03522452
SART1|S591_S596_S598	1.0	0.0
SART3|S769	1.0	0.0
SASH1|S203	1.0	0.0
SASH1|S342	1.0	0.0
SASH1|S362	1.0	0.0
SASH1|S397	1.0	0.0
SASH1|S45	1.0	0.0
SASH1|S462	1.0	0.0
SASH1|S569	1.0	0.0
SASH1|S676	1.0	0.0
SASH1|S698	1.0	0.0
SASH1|S768	1.0	0.0
SASH1|S776	1.0	0.0
SASH1|S878	1.0	0.0
SASH1|S92	1.0	0.0
SASH1|S968	1.0	0.0
SASH1|T344	1.0	0.0
SASH3|S243	1.0	0.0
SASH3|S27	1.2020478	0.28042898
SASH3|S38	1.0056121	0.012353248
SASH3|S7	1.0834349	0.08534674
SASH3|S7_S10	1.0	0.0
SASH3|S97	1.0815817	0.11438968
SATB2|S39	1.194752	0.18495232
SAV1|S102	1.0291831	0.03447507
SAV1|S90	1.0	0.0
SAV1|S94	1.02013	0.018634103
SBF1|S1077	1.0420927	0.029668605
SBF1|T1845	1.0	0.0
SBF2|S1085_S1087	1.0	0.0
SBNO1|S214	0.96308887	-0.03822078
SBNO1|S794	0.9249335	0.03075719
SCAF11|S1127	1.0	0.0
SCAF11|S338	0.95490026	-0.046367988
SCAF11|S405	0.9988459	0.011496742
SCAF11|S413	0.9684953	-0.03265625
SCAF11|S608	1.0350868	0.012800644
SCAF11|S687	1.015723	0.010501294
SCAF11|S776	0.965067	-0.021844856
SCAF11|S796	1.0101151	0.036352005
SCAF11|S816_S818	1.0	0.0
SCAF1|S498	0.98777634	-0.0034455832
SCAF1|S498_S500	1.0	0.0
SCAF1|S548	0.8906007	-0.106776364
SCAF1|S612_S614	1.0	0.0
SCAF1|S614	0.8865192	-0.09241871
SCAF1|S719	0.96831036	-0.025978584
SCAF1|S719_S725	1.0	0.0
SCAF1|S725	0.9798011	-0.014642938
SCAF1|S734	0.9154624	-0.07366534
SCAF1|S734_S738	0.9262426	-0.07431882
SCAF1|S874	0.93589944	-0.050172087
SCAF1|S929	1.0250509	0.024259536
SCAF1|S933_S936	1.0	0.0
SCAF1|S936	1.0215973	0.030348057
SCAF1|S963	0.94448316	-0.05471218
SCAF1|S965	1.0054069	0.03252566
SCAF1|T1001	1.0	0.0
SCAF1|T976	0.93617827	-0.05408727
SCAF1|T989	0.9576127	-0.04878959
SCAF1|T989_S992	1.0	0.0
SCAF4|S124	1.0	0.0
SCAF4|S139	1.0	0.0
SCAF4|T123	1.0	0.0
SCAF4|T134	1.0	0.0
SCAF8|S695	1.0	0.0
SCAMP3|S32	0.80955505	0.108176865
SCAMP3|S76	1.0130724	0.04420764
SCAPER|S185	0.988132	-0.01180983
SCAP|S566	1.0	0.0
SCAP|S595	1.0	0.0
SCARF1|S589	1.0747833	0.06435614
SCARF1|S714	0.95995766	-0.030407807
SCARF2|S653	1.208091	0.20111741
SCARF2|S687	0.99314135	-0.0016220687
SCARF2|S710_S718	1.0	0.0
SCARF2|S718	1.0096328	0.05839079
SCARF2|S742	0.98822707	0.0030367621
SCARF2|S856	1.0468704	0.05074054
SCCPDH|S217	1.0	0.0
SCEL|S10	0.86356175	-0.115307495
SCEL|S267	1.0	0.0
SCEL|S269	1.0	0.0
SCEL|S369	1.0	0.0
SCEL|S68	0.7938888	-0.16678306
SCEL|T112	1.0	0.0
SCFD1|S211	1.0	0.0
SCFD1|S224	1.0	0.0
SCG2|S268	1.0386175	0.037628304
SCG2|S555_S556	1.0	0.0
SCHIP1|S117	0.90381104	-0.10058169
SCHIP1|S317	1.0	0.0
SCLY|S129	1.0782518	0.09538045
SCML2|S499	0.96226627	-0.023453794
SCML2|S499_S511	1.0	0.0
SCML2|S511	0.97259706	-0.014558099
SCML2|S590	0.90359	-0.11416928
SCN7A|S905_S906	1.0	0.0
SCNM1|S148	1.0	0.0
SCRIB|S1140	1.0538117	0.06897413
SCRIB|S1220	0.9807676	-0.012556565
SCRIB|S1232	1.0367305	0.03971663
SCRIB|S1276	0.9563085	0.008030048
SCRIB|S1279	1.0	0.0
SCRIB|S1285	0.9854296	0.050291914
SCRIB|S1306	1.0	0.0
SCRIB|S1306_S1309	1.0	0.0
SCRIB|S1309	0.96912533	-0.030423848
SCRIB|S1348	0.9540588	-0.044976298
SCRIB|S1353	1.0	0.0
SCRIB|S1378	0.9206499	0.030545576
SCRIB|S1445	0.91680473	-0.08234588
SCRIB|S1448	0.899687	-0.057267435
SCRIB|S1475	0.9427827	-0.026120158
SCRIB|S1486	0.907765	-0.017790347
SCRIB|S1508	1.0539098	0.08519317
SCRIB|S1547	0.9498377	-0.049762245
SCRIB|S1561	0.9689354	-0.03742964
SCRIB|S1566	1.0105718	0.018974481
SCRIB|S23	1.0182947	0.02104359
SCRIB|S37	1.1387469	0.14978758
SCRIB|S502	0.9165974	-0.096558794
SCRIB|S504	0.86734766	-0.10781779
SCRIB|S668	1.0	0.0
SCRIB|S708	1.0278378	0.027276304
SCRIB|S835	1.0531679	0.055559058
SCRIB|S853	0.9547187	0.01124013
SCRIB|T1342	0.95614606	-0.042094573
SCRIB|T1342_S1348	1.0	0.0
SCRIB|T475	1.0	0.0
SCRIB|T607	1.0458345	0.008825897
SCRN2|T52	1.0128444	0.023780648
SCYL2|S622	1.0	0.0
SCYL2|S677	1.066204	0.086935
SCYL2|T708	1.0	0.0
SCYL3|S653	1.0	0.0
SDAD1|S548	1.0	0.0
SDC2|S187	0.96479887	-0.09409774
SDCBP|S60	1.0	0.0
SDCBP|Y46	1.0	0.0
SDCBP|Y56	1.0	0.0
SDCCAG8|S28	1.0	0.0
SDCCAG8|S4	0.97122556	-0.028171267
SDE2|S278	1.0121092	0.017638888
SDF4|T193	1.1190497	0.24255891
SEC14L1|T234	1.0	0.0
SEC16A|S1069	0.9865812	-0.01469914
SEC16A|S122	1.0	0.0
SEC16A|S1305	0.9670868	-0.054476727
SEC16A|S1327	1.0152224	0.008590912
SEC16A|S1347_S1350	1.0	0.0
SEC16A|S1350	0.99558747	0.008371798
SEC16A|S1356	0.9576884	-0.041037824
SEC16A|S1356_S1359	1.0	0.0
SEC16A|S1359	0.9865225	-0.012198327
SEC16A|S1398	1.0	0.0
SEC16A|S1436	1.0	0.0
SEC16A|S1437	1.0	0.0
SEC16A|S1964	0.9279883	-0.067115575
SEC16A|S2022	1.0	0.0
SEC16A|S2037	0.97092277	-0.028298274
SEC16A|S2037_S2042	1.0	0.0
SEC16A|S2042	1.0	0.0
SEC16A|S2081	1.0	0.0
SEC16A|S2081_S2083	1.0	0.0
SEC16A|S2083	0.9300437	-0.0736476
SEC16A|S2130	1.0	0.0
SEC16A|S314	0.97639513	-0.020333694
SEC16A|S331	1.0	0.0
SEC22B|S137	0.93280166	0.08329038
SEC22B|S164	0.95571595	-0.030699825
SEC22B|S168	0.7996421	-0.019298352
SEC23IP|S737	0.9786032	0.010965207
SEC23IP|S926	0.9478307	-0.04892435
SEC24B|S1189	1.0	0.0
SEC24B|T502	1.0	0.0
SEC24D|S267	1.0	0.0
SEC31A|S1049	1.0	0.0
SEC31A|S527	1.0104041	0.040963292
SEC31A|S527_S532	0.98841083	-0.010789191
SEC31A|S532	0.9446306	-0.022231625
SEC31A|S799	0.93967557	-0.026448447
SEC62|S307_S309_S313	1.0	0.0
SEC62|S313_S315	1.0	0.0
SEC62|S335	0.97585315	-0.00819727
SEC62|T158	1.0215054	0.056397606
SEC62|T375	0.89493346	-0.036231518
SEC63|S593_S597	1.0	0.0
SEC63|S597	0.907482	0.024579018
SEC63|T537	1.0	0.0
SECISBP2L|S344	1.0	0.0
SECISBP2|S295	1.0	0.0
SEH1L|S179	1.0	0.0
SELENBP1|S153	1.0	0.0
SELENOP|S266	0.9249467	-0.07775798
SELPLG|T409	1.0	0.0
SEMA4B|S653	1.0	0.0
SEMA4B|S680	1.0	0.0
SEMA4C|S760	1.0	0.0
SEMA4D|S788	1.0	0.0
SEMA4D|S833	1.0	0.0
SEMA4D|S857	0.9429005	-0.05804007
SENP1|S157	0.98677677	-0.012687459
SENP1|S57	0.9545043	-0.031228866
SENP2|S123	1.0	0.0
SENP2|S344	1.0	0.0
SENP3|S169	0.91586787	-0.07513413
SENP3|S169_S181	1.0	0.0
SENP3|S181	0.9194598	-0.06590981
SENP3|S188	1.0	0.0
SENP3|S212	0.965801	-0.005368809
SENP3|S232	0.9865817	-0.015594667
SENP3|S307	0.9653135	-0.027579939
SENP5|S465	1.0	0.0
SENP6|S328_S329	1.0	0.0
SENP6|S35	1.0	0.0
SENP6|S42	1.0	0.0
SENP6|S912	1.0	0.0
SENP7|S11	1.0481056	0.056391522
SENP7|S24	1.0432049	0.03508181
SENP7|S378_S379	1.0	0.0
SEPHS2|S109	1.0	0.0
SEPT10|S28	0.96585405	-0.033020366
SEPT10|S432	0.9847003	-0.017503249
SEPT10|S434	0.8909137	-0.09396097
SEPT1|S253	1.0	0.0
SEPT2|S218	1.0141275	0.012975232
SEPT2|S253	1.0	0.0
SEPT2|T14	1.0	0.0
SEPT4|S109	1.0	0.0
SEPT4|S109_S110	1.0	0.0
SEPT4|S317	1.0	0.0
SEPT4|T421	1.0	0.0
SEPT5|S225	1.1587408	0.19913925
SEPT5|S327	1.0	0.0
SEPT5|T13	1.0	0.0
SEPT5|T336	1.0	0.0
SEPT6|S388	1.0000261	0.01503871
SEPT6|S411	1.0	0.0
SEPT6|S416	0.9987018	-0.00037806423
SEPT6|T418	1.0	0.0
SEPT7|S333	1.0	0.0
SEPT7|S423	0.9854165	-0.022411121
SEPT7|T227	1.0	0.0
SEPT7|T425	1.0	0.0
SEPT9|S111	1.0	0.0
SEPT9|S160	1.0	0.0
SEPT9|S22	0.8943828	-0.07962506
SEPT9|S30	1.0133001	0.060899302
SEPT9|S327	0.99344164	-0.0065810014
SEPT9|S332	1.0552019	0.05634157
SEPT9|S482	1.0476491	0.04746128
SEPT9|S80	1.0	0.0
SEPT9|S82	1.0	0.0
SEPT9|S85	1.0	0.0
SEPT9|T142	1.0	0.0
SEPT9|T49	1.0	0.0
SERBP1|S202	1.0225791	0.022235814
SERBP1|S203	0.93674093	-0.05044407
SERBP1|S234	1.0393337	0.048300087
SERBP1|S25	1.0143865	0.013121065
SERBP1|S309	1.0	0.0
SERBP1|S315	1.0	0.0
SERBP1|S330	0.9973762	0.005402296
SERBP1|S53	1.0	0.0
SERBP1|S63	1.0	0.0
SERBP1|T237	1.0	0.0
SERINC1|S364	0.978774	-0.022092719
SERPINA10|S56	0.9951158	-0.018381676
SERPINA10|S56_S61	1.0	0.0
SERPINA1|S325	1.0	0.0
SERPINB1|S72	1.096931	0.09442601
SERPINB6|S155	1.0	0.0
SERPINC1|S68	0.9390806	0.0022484337
SERPINH1|S141	1.3854672	0.42639175
SETD1A|T1185	1.0	0.0
SETD1B|S1616_S1620	1.0	0.0
SETD1B|S1659_S1663	1.0	0.0
SETD1B|S211	1.0	0.0
SETD1B|T1005	1.0	0.0
SETD1B|T381	1.0	0.0
SETD2|S277	1.0	0.0
SETD2|S277_S279	1.0	0.0
SETD2|S279	1.0	0.0
SETD2|S414_S415_S417	1.0	0.0
SETD2|S488	1.0	0.0
SETD2|S570	1.0	0.0
SETD2|S580	1.0	0.0
SETD2|S632	1.0	0.0
SETD2|S664	1.0	0.0
SETD2|S710	1.0	0.0
SETD2|S87	1.0	0.0
SETD2|T1809	1.0	0.0
SETD3|S12	1.0572298	0.027276099
SETD5|S591	0.9831992	-0.015761644
SETD5|S72	1.0227005	0.03226703
SETD5|S852_T855	1.0	0.0
SETD5|S865	0.99883384	-0.001035336
SETDB1|S1066	0.9268485	-0.09061458
SETMAR|S369	1.0	0.0
SETX|S1017_S1019	1.0	0.0
SETX|S1366	0.76322746	-0.1363719
SETX|S1663	1.0	0.0
SETX|S1894	1.0	0.0
SETX|S2639	0.8986287	-0.10212018
SETX|S641	1.0	0.0
SETX|S642	1.0	0.0
SETX|S947	0.9619145	-0.027760671
SETX|S956	0.864568	-0.12363385
SET|S148	1.0	0.0
SET|S15	1.0	0.0
SET|S161	0.98005	-0.020368844
SET|S24	1.0	0.0
SET|S50	1.0	0.0
SET|S63	0.8426028	-0.14568143
SET|S7	0.8816707	-0.06307192
SF1|S112	1.0	0.0
SF1|S145	1.0	0.0
SF1|S20	1.0	0.0
SF1|S205_S207	1.0	0.0
SF1|S207	1.0	0.0
SF1|S427	1.0	0.0
SF1|S654	1.0	0.0
SF1|S80_S82	1.0	0.0
SF3A1|S329	0.96658957	-0.029272402
SF3A1|S359	0.9131438	-0.07842499
SF3A1|T350	0.9584725	-0.041798346
SF3A1|T383	1.0	0.0
SF3B1|S129	0.98575604	-0.018068131
SF3B1|S322	0.949657	-0.060386136
SF3B1|S349	0.98225045	-0.014880482
SF3B1|S400	1.0	0.0
SF3B1|S488	1.0599641	0.042540696
SF3B1|T142	1.0	0.0
SF3B1|T207	0.95777583	-0.048135754
SF3B1|T207_T211	1.0	0.0
SF3B1|T211	0.9003898	-0.1278325
SF3B1|T223	0.8962523	-0.08774052
SF3B1|T223_T227	1.0	0.0
SF3B1|T227	0.96320415	-0.033591814
SF3B1|T235	0.93860805	-0.05826779
SF3B1|T244	0.9824011	-0.06595681
SF3B1|T244_T248	1.0	0.0
SF3B1|T248	0.9630404	-0.033440433
SF3B1|T261	0.96528083	-0.018512564
SF3B1|T267_T273_T278	1.0	0.0
SF3B1|T273_T278	1.0	0.0
SF3B1|T278	0.83597964	-0.17179288
SF3B1|T296	0.918891	-0.04300422
SF3B1|T303	0.9747311	-0.018765291
SF3B1|T313	0.98377734	-0.009219867
SF3B1|T326	0.94648594	-0.044731904
SF3B1|T326_T328	0.92518646	-0.075050086
SF3B1|T328	0.9073867	-0.07980821
SF3B1|T350	0.9615995	-0.032904126
SF3B1|T426	0.9607026	-0.03323434
SF3B1|T436	1.0	0.0
SF3B2|S289	1.0172771	0.016969385
SF3B2|S307	1.0567908	0.05570282
SF3B2|S307_S309	1.0	0.0
SF3B2|S309	1.0226997	0.049031094
SF3B2|S343	0.9959402	0.009833608
SF3B2|S347	0.9811482	-0.00037843024
SF3B2|S431_S435_S436	1.0	0.0
SF3B2|S861	0.9881349	-0.013438557
SF3B2|T780	0.9398957	-0.03940659
SF3B3|T1200	1.0649685	0.054847475
SFN|S45	1.0	0.0
SFN|S64	1.0	0.0
SFN|S74	1.382833	0.39688015
SFPQ|S273	0.9468515	-0.059761133
SFPQ|S496	0.93696	-0.05413914
SFPQ|T687	0.85572135	-0.14497125
SFSWAP|S604	0.9365106	-0.04806423
SFT2D2|S9	1.0005263	0.14372213
SGIP1|S204	1.0	0.0
SGK3|S126	1.0872769	0.12441792
SGK3|S126_S129	1.0	0.0
SGK3|S129	1.0958247	0.07928626
SGPP1|S112	1.0165089	0.02175938
SGSM2|S444	1.0	0.0
SGTA|S77	1.0217721	0.05894562
SGTA|S77_T81	1.0	0.0
SGTA|T81	1.0506483	0.055312704
SH2B1|S580	1.054365	0.050387263
SH2B1|S96	1.0	0.0
SH2B2|S157	1.0466772	0.046004605
SH2B2|S310	1.0	0.0
SH2D3A|S123	1.0	0.0
SH2D3A|S125	1.1458749	0.1432815
SH2D3A|S147	1.0004234	0.0028882716
SH2D3A|S180	1.1467988	0.1814023
SH2D3A|S201	1.1259718	0.30205703
SH2D3A|S218	1.0	0.0
SH2D3C|S359	0.98825914	0.028986704
SH2D3C|S440	1.0168679	0.04019637
SH2D3C|S447	1.0	0.0
SH2D3C|S63	1.0	0.0
SH2D4A|S261	0.91388273	-0.14773786
SH2D4A|S315	0.9512147	-0.08452328
SH3BP1|S262	1.0	0.0
SH3BP1|S544	1.0156146	0.014003581
SH3BP1|S550	0.99926305	-0.0013296577
SH3BP1|T626	0.9790734	-0.022904074
SH3BP2|S225	0.9439035	-0.03093702
SH3BP2|S278	0.9637407	-0.02618749
SH3BP2|S416	0.9723265	-0.015764726
SH3BP2|S444	0.9346113	-0.07000613
SH3BP4|S11	0.9777413	-0.02318441
SH3BP4|S131	0.92049915	-0.07903052
SH3BP4|S246	1.0252197	0.09787943
SH3BP4|S271	1.0	0.0
SH3BP4|S279	0.937963	-0.00968974
SH3BP4|S296	0.8650228	-0.11643138
SH3BP5L|S142	1.0	0.0
SH3BP5L|S30	0.9101625	-0.06803536
SH3BP5L|S343	0.9114042	-0.029236257
SH3BP5L|S350	0.93344194	-0.026072793
SH3BP5L|S362	0.9339324	-0.060882416
SH3D19|S275	1.0	0.0
SH3D19|S369	1.0704831	0.06466424
SH3D19|S389	1.0926635	0.09748526
SH3D19|S65	1.0466923	0.040152814
SH3GLB2|S10	1.0570812	0.1706003
SH3KBP1|S10	1.0	0.0
SH3KBP1|S146	1.0	0.0
SH3KBP1|S193	1.0	0.0
SH3KBP1|S399	1.0	0.0
SH3KBP1|S42	1.0	0.0
SH3KBP1|S472	1.0	0.0
SH3KBP1|S550	1.0	0.0
SH3PXD2A|S1010	1.0	0.0
SH3PXD2A|S1028	1.0	0.0
SH3PXD2A|S351	1.0	0.0
SH3PXD2A|S378	1.0	0.0
SH3PXD2A|S519	1.0	0.0
SH3PXD2A|S539	1.0	0.0
SH3PXD2A|S565	1.0	0.0
SH3PXD2A|S974	1.0	0.0
SH3PXD2B|S291	1.0	0.0
SH3RF1|S304	1.0	0.0
SH3RF1|S724	1.0	0.0
SH3RF1|S772	1.0	0.0
SH3RF3|S797	0.92787236	-0.03650395
SHANK2|S1099	1.0	0.0
SHANK2|S1256	1.0	0.0
SHANK2|S1380	1.0	0.0
SHANK2|S1430	1.0	0.0
SHANK2|S1613	1.0	0.0
SHANK2|S1661	1.0	0.0
SHANK2|S1709	1.0	0.0
SHANK2|S1709_S1713	1.0	0.0
SHANK2|S831	1.0	0.0
SHANK2|S960	1.0	0.0
SHANK2|T1269	1.0	0.0
SHANK2|T1278	1.0	0.0
SHANK3|S1133	0.95780814	-0.02978519
SHANK3|S1158	1.0206279	0.017234914
SHANK3|S1165	0.96730286	-0.046202976
SHANK3|S1253	1.0	0.0
SHANK3|S1510	0.93233824	-0.07527771
SHANK3|S1529	0.9820989	-0.042207826
SHANK3|S1577	1.0	0.0
SHANK3|S375	0.94441664	-0.04267676
SHANK3|S388	0.9981158	-0.003171232
SHANK3|S395	1.0072303	0.009611392
SHANK3|S483	0.93494135	-0.060340576
SHANK3|S782	0.9730156	-0.0032268164
SHANK3|S891	1.0	0.0
SHANK3|T1234	0.96249515	-0.03382124
SHANK3|T1234_S1253	1.0	0.0
SHANK3|T913	1.0	0.0
SHARPIN|S143	1.0	0.0
SHARPIN|S146	1.0	0.0
SHARPIN|S165	0.9818593	0.010387157
SHARPIN|S312	1.0	0.0
SHB|S190	1.0	0.0
SHB|S211	1.0	0.0
SHB|S286_S289	1.0	0.0
SHB|S310	1.0184183	0.01808771
SHB|S388	1.1138083	0.1274622
SHC1|S139	0.93192816	-0.020819763
SHC1|S454	1.0	0.0
SHC1|T324	1.0	0.0
SHC3|S474	0.8931568	-0.09773031
SHCBP1|S42	1.0	0.0
SHE|S341	1.0577468	0.07147892
SHE|S69	1.0	0.0
SHE|S85	1.1642423	0.12639597
SHF|S135	1.0	0.0
SHKBP1|S144	1.0	0.0
SHROOM1|S133	1.0	0.0
SHROOM1|S188	1.0350393	0.025088388
SHROOM1|S224	0.98315793	0.04059125
SHROOM1|T103	1.0	0.0
SHROOM2|S1036	0.96642065	-0.023936052
SHROOM2|S1036_S1039	1.0	0.0
SHROOM2|S1039	0.9667528	-0.0195298
SHROOM2|S1173	1.0738125	0.08353945
SHROOM2|S1219	1.0	0.0
SHROOM2|S1425_S1427	1.0	0.0
SHROOM2|S313	1.0	0.0
SHROOM2|S422	1.0158478	0.04379452
SHROOM2|S764	1.0989487	0.13822147
SHROOM2|S779	1.0258368	0.04522073
SHROOM2|S851	1.092984	0.086305015
SHROOM2|S897	0.95312494	-0.046423253
SHROOM2|S974	0.98060393	-0.013572342
SHROOM3|S1021	0.94002	0.0050216974
SHROOM3|S1173	1.0782107	0.07664679
SHROOM3|S1221	0.97404474	0.016224656
SHROOM3|S1441	0.99663097	0.061728735
SHROOM3|S1497	0.96097326	-0.028765919
SHROOM3|S242	1.0	0.0
SHROOM3|S285	0.9017924	-0.05211341
SHROOM3|S439	1.0	0.0
SHROOM3|S439_S443	1.0	0.0
SHROOM3|S676	1.0760558	0.0722405
SHROOM3|S676_S677	1.0	0.0
SHROOM3|S677	1.0137367	0.025781458
SHROOM3|S910	0.9931787	0.034343425
SHROOM3|S910_S913	1.0	0.0
SHROOM3|T1205	1.0	0.0
SHROOM3|T576	1.0007927	0.004123896
SHROOM4|S100	1.0	0.0
SHROOM4|S1059	0.9840456	-0.008129363
SHROOM4|S282	0.9471698	-0.04494704
SHROOM4|S299	0.92395985	-0.075250685
SHROOM4|S629	1.0	0.0
SHROOM4|S686	1.0	0.0
SHTN1|S101	1.0	0.0
SHTN1|S249	1.0	0.0
SHTN1|S467	1.1083846	0.0804001
SHTN1|S473	1.0615113	0.10337289
SHTN1|S506	0.96738404	0.025080398
SHTN1|S534	0.9862545	-0.01485882
SHTN1|T537	0.89939606	-0.109500974
SIDT2|S389	1.0948902	0.10160589
SIGIRR|S383	1.2167205	0.23110205
SIGLEC10|S572	1.0	0.0
SIGLEC7|S406	1.1132315	0.13172817
SIGLEC7|S441	0.97662365	-0.026093908
SIK2|S358	1.1965793	0.24676287
SIK2|S379	0.99235326	-0.008107998
SIK2|S576	1.1169289	0.11291764
SIK2|S587	1.1192821	0.11699626
SIK3|S1022	1.0	0.0
SIK3|S1026	1.0	0.0
SIK3|S551	1.0015806	0.0031747494
SIK3|S591_S592	1.0	0.0
SIK3|S674	1.0	0.0
SIK3|S779	1.0	0.0
SIK3|S914	1.0	0.0
SIK3|S963	1.0	0.0
SIK3|T469	1.0021896	0.0029616263
SIN3A|S10	0.96912193	-0.04374259
SIN3A|S1112	1.0007628	0.016682612
SIN3A|S277	1.0	0.0
SIN3A|S277_T284	1.0	0.0
SIN3A|S399	1.0	0.0
SIN3A|S832	0.9613315	-0.019253928
SIN3A|S860	1.0071135	0.006429249
SIN3A|S940	1.0207338	0.02408888
SIN3A|T284	1.0	0.0
SIN3B|S122	1.0	0.0
SIN3B|T262	0.96334594	-0.037618194
SIPA1L1|S1078	1.0	0.0
SIPA1L1|S1127	1.0	0.0
SIPA1L1|S1170	1.0120949	0.03400914
SIPA1L1|S1181	0.93953717	-0.030309478
SIPA1L1|S1234	1.0	0.0
SIPA1L1|S1249	1.0	0.0
SIPA1L1|S1345	1.0	0.0
SIPA1L1|S1410_S1412	1.0	0.0
SIPA1L1|S1412	1.0	0.0
SIPA1L1|S1487	1.0	0.0
SIPA1L1|S1507	1.0	0.0
SIPA1L1|S1528	0.9616672	-0.025649646
SIPA1L1|S1547	1.0	0.0
SIPA1L1|S1564	1.0	0.0
SIPA1L1|S1582	1.0	0.0
SIPA1L1|S1611	1.0	0.0
SIPA1L1|S162	1.0089107	-0.003510711
SIPA1L1|S1626	1.0	0.0
SIPA1L1|S255	1.0863104	0.12037194
SIPA1L1|S288	0.9667976	-0.0034807438
SIPA1L1|S318	1.0181193	0.0016103066
SIPA1L2|S1244	1.0	0.0
SIPA1L2|S1304	1.0143658	0.013329165
SIPA1L2|S1461	1.1306833	0.14166117
SIPA1L2|S1478	1.2566242	0.2731515
SIPA1L2|S148	1.1098038	0.14422047
SIPA1L2|S1488	1.2571691	0.2584911
SIPA1L2|S1499	1.149596	0.14014569
SIPA1L2|S1549	1.2385929	0.22995983
SIPA1L2|S1650_S1652	1.0	0.0
SIPA1L2|S1652	1.1916555	0.17730321
SIPA1L2|S300	1.0	0.0
SIPA1L3|S100	1.0648497	0.09253918
SIPA1L3|S1135	0.9920984	-0.009448653
SIPA1L3|S1233	1.0	0.0
SIPA1L3|S1254	1.0451783	0.039115556
SIPA1L3|S1364	1.0476844	0.017388817
SIPA1L3|S146	1.0280594	0.02671013
SIPA1L3|S1544	0.97700363	0.0022340058
SIPA1L3|S158	1.0	0.0
SIPA1L3|S1619	1.0	0.0
SIPA1L3|S172	0.8428172	-0.1469349
SIPA1L3|S317	0.8357043	-0.16583812
SIPA1L3|S391	1.0	0.0
SIPA1|S304	1.0	0.0
SIPA1|S55	0.9876269	-0.009184184
SIPA1|S67	1.0324806	0.03870462
SIPA1|S74	1.0011841	0.0020791017
SIPA1|S817	0.9923039	-0.011564883
SIRT1|S47	0.9756324	-0.013426115
SIRT1|T719	0.9761849	-0.020846281
SIRT2|S366	1.0	0.0
SIRT2|S368	0.98621315	-0.010850768
SIRT2|S372	1.0	0.0
SIRT6|S276	1.0	0.0
SIRT6|S299	1.0	0.0
SIRT6|S303	1.0642198	0.06638588
SIRT6|T267	1.0	0.0
SIX4|S44	0.9600898	-0.04153519
SKA3|S155	1.166245	0.18243378
SKAP2|S283_S286	1.0	0.0
SKIV2L|S245	0.9372963	-0.056439925
SKIV2L|S256	0.97233856	-0.009867377
SKI|S383	1.0	0.0
SKI|S394	1.0	0.0
SKI|S480	1.0	0.0
SKP1|T131	0.95336705	0.118613586
SKP2|S64	0.97883266	-0.01727
SLAIN1|S261	1.0	0.0
SLAIN1|S320	1.0	0.0
SLAIN2|S147	1.0190631	-0.0028811174
SLAIN2|S234	1.0	0.0
SLAIN2|S349_S353_S357	1.0	0.0
SLAIN2|S377	1.0	0.0
SLAIN2|S391	1.0	0.0
SLAIN2|S413	1.1060872	0.12733197
SLAIN2|S433	1.0385408	0.037475944
SLAIN2|S48	0.9513389	-0.064160645
SLAIN2|S63	0.9978164	-0.038087767
SLBP|S147	1.0	0.0
SLBP|S20	1.0193849	0.051799204
SLBP|S20_S23	1.0	0.0
SLBP|S23	1.0210651	0.074527465
SLC11A2|S85	1.0	0.0
SLC12A2|S242	1.0	0.0
SLC12A2|S77	0.97643805	-0.0018444998
SLC12A2|T217	1.0	0.0
SLC12A4|S37	0.95926034	-0.040205374
SLC12A4|S51	1.0056871	0.017233258
SLC12A6|S1013	1.0	0.0
SLC12A6|S1055	1.0	0.0
SLC12A6|S21	1.0	0.0
SLC12A6|S25	1.0	0.0
SLC12A6|S45	1.0	0.0
SLC12A7|S108	0.9186125	-0.07108354
SLC12A7|S40	1.0463246	0.042262375
SLC12A7|S50	0.99823004	-0.010254942
SLC12A7|S62	0.9468439	-0.03234868
SLC12A7|S997	1.0018982	0.05353893
SLC12A7|T30	1.0117432	0.030264387
SLC12A7|T973	0.92809594	-0.063270114
SLC12A8|T485	1.1547247	0.1602666
SLC16A1|S461	1.0	0.0
SLC16A1|S467	0.94138247	-0.05141665
SLC16A1|S483	1.0454843	-0.025795786
SLC16A1|T466_S467	1.0	0.0
SLC16A3|S436	1.1141925	0.11805741
SLC1A3|S467	1.0	0.0
SLC1A5|S503	1.0	0.0
SLC20A2|S256	1.0308882	0.06729819
SLC20A2|S268	0.9444143	-0.028072441
SLC20A2|S316	1.0	0.0
SLC20A2|S324	0.999137	-0.0052748253
SLC25A46|T44_T45	1.0	0.0
SLC25A4|S42	1.0	0.0
SLC25A5|S42	0.89287823	-0.098982625
SLC25A5|T84	1.0	0.0
SLC25A6|S42	1.0	0.0
SLC26A2|S12	0.9114808	-0.09306661
SLC26A6|S731	1.0	0.0
SLC27A2|T524	1.0	0.0
SLC2A13|S6	1.0827307	0.088747285
SLC2A1|T234	1.0166237	0.019833025
SLC2A3|S475	1.0	0.0
SLC35A5|S394	1.0352542	0.09416783
SLC35B2|S422	1.0	0.0
SLC38A10|S802	1.0507716	0.04940235
SLC38A10|S965	1.0481608	0.13630792
SLC38A10|S997	0.9940695	0.027937502
SLC38A10|T772	1.0	0.0
SLC38A1|S52	1.1611075	0.23190974
SLC39A10|T536	1.0335675	0.07582006
SLC39A11|S125	0.96560836	-0.041075047
SLC39A7|S275_S276	1.0031426	0.0026628545
SLC39A7|S276	0.9010201	-0.06364556
SLC41A3|S13	1.0141288	0.0130752055
SLC43A1|S267	1.0738809	0.11700576
SLC43A2|S274	0.9716806	-0.022583049
SLC43A2|S297	1.0516077	0.103886224
SLC44A3|S639	1.1050504	0.11698158
SLC4A1AP|S312	1.0103462	0.02703297
SLC4A1AP|S466	1.0428402	0.05933166
SLC4A1AP|S712	1.0	0.0
SLC4A1AP|S82	0.98608756	-0.009363867
SLC4A1AP|Y464	1.0	0.0
SLC4A1|S356	1.0665722	0.05292864
SLC4A4|S1026_S1029	1.0	0.0
SLC4A4|S1026_S1029_S1034	1.0	0.0
SLC4A4|S1029_S1034	1.0	0.0
SLC4A4|S1034	1.1204926	0.11247508
SLC4A4|S1069	1.0255623	0.022044268
SLC4A4|S12	1.0383304	0.037542142
SLC4A4|S223	1.2672895	0.29867992
SLC4A4|S245	1.0498012	0.05304182
SLC4A7|S242	1.073887	0.105469994
SLC4A7|S251	1.0	0.0
SLC4A7|S267	1.0	0.0
SLC4A7|S292	1.0	0.0
SLC4A7|S93	1.0	0.0
SLC5A3|S559	1.0	0.0
SLC7A6OS|S16	0.9487148	-0.028480696
SLC7A6OS|S168	1.0	0.0
SLC8A1|S392	0.9880429	-0.011455314
SLC9A1|S599	1.0194874	0.014482587
SLC9A1|S599_S605	1.0	0.0
SLC9A1|S605	0.9844213	-0.0115486
SLC9A1|S693	1.13481	0.08965317
SLC9A1|S703	1.0056833	-0.039026115
SLC9A1|S726	0.9352541	-0.063961424
SLC9A1|S785	1.0574703	0.048885226
SLC9A1|S796	0.93992805	-0.04039888
SLC9A3R1|S247	1.0	0.0
SLC9A3R1|S269	0.9623132	-0.0063376883
SLC9A3R1|S280	0.78700155	-0.11810941
SLC9A3R1|S46	1.0	0.0
SLC9A3R2|S158	1.0	0.0
SLC9A3R2|S169	1.0	0.0
SLC9A3R2|S20	1.0	0.0
SLCO2B1|S298	1.0	0.0
SLCO2B1|T296	1.0	0.0
SLF2|S176	1.0	0.0
SLF2|S340	0.99572486	-0.014934963
SLF2|S555	1.0	0.0
SLF2|S68	1.0	0.0
SLF2|S701_S710_T711	1.0	0.0
SLF2|S710_T711	1.0	0.0
SLIRP|S100	1.0	0.0
SLIRP|T99_S100	1.0	0.0
SLK|S189	1.0	0.0
SLK|S340_S341	1.0	0.0
SLK|S347	1.0283316	0.030903475
SLK|S347_S348	1.0	0.0
SLK|S348	1.0249392	0.023657024
SLK|S354	1.0	0.0
SLK|S518	1.0409173	0.13464035
SLK|S565	1.0811328	0.09409848
SLK|S565_S571	1.0	0.0
SLK|S571	1.0365198	0.0490282
SLK|S655	0.89115626	-0.07215463
SLK|S777	1.0076364	-0.0020615738
SLK|S779	1.0438058	0.120914295
SLK|S818	1.0106195	0.0070519955
SLK|T1157	1.0	0.0
SLK|T569	1.053633	0.054188434
SLK|T814	1.0	0.0
SLMAP|S148	0.99073607	-0.0022164017
SLTM|S1002	0.9543503	-0.047041237
SLTM|S1014	0.9965443	-0.007006068
SLTM|S126	1.0	0.0
SLTM|S144	0.9900441	-0.0066887946
SLTM|S170	1.0	0.0
SLTM|S289	0.97117203	0.0037254065
SLTM|S543	1.0166678	0.01525421
SLTM|S553	1.0205376	0.028171575
SLTM|S909	1.0197431	0.01686078
SLTM|S93	1.0	0.0
SLTM|S93_S97	1.0	0.0
SLTM|S944	1.0426359	0.08969148
SLTM|T995	1.0	0.0
SLU7|S230	1.0	0.0
SLU7|S235	0.9489268	-0.055045277
SLU7|S250	1.0	0.0
SLX4|S1028	0.9981025	-0.0006215768
SLX4|S1044	1.0187541	0.019154508
SLX4|S1469	0.9495905	-0.024360556
SLX4|S467	1.0	0.0
SMAD1|S132	0.96665484	-0.027322287
SMAD2|T172	1.0	0.0
SMAP2|S189	1.0	0.0
SMARCA1|S116	1.0229495	0.037961267
SMARCA1|S119	1.1062992	0.11080323
SMARCA2|S1377	1.0402579	0.082634725
SMARCA2|S1512_S1516	1.0	0.0
SMARCA2|S1568	0.97789437	-0.0033045732
SMARCA2|S1568_S1572	1.0	0.0
SMARCA2|S1572	0.9831177	0.036035836
SMARCA2|S172	1.0168359	0.018827666
SMARCA2|S329	1.0416636	0.04073009
SMARCA2|S591	0.9824936	-0.022004047
SMARCA2|S666	1.0444379	0.04724277
SMARCA4|S1387	1.0	0.0
SMARCA4|S1417	0.92027146	-0.05076698
SMARCA4|S1422	0.97449803	-0.022962278
SMARCA4|S1452	0.9311076	-0.06997477
SMARCA4|S1597_S1601	1.0	0.0
SMARCA4|S1601	1.0	0.0
SMARCA4|S1627_S1631	1.0	0.0
SMARCA4|S610	0.94413203	-0.055239905
SMARCA4|S613	1.0	0.0
SMARCA4|S695	1.0733383	0.05374853
SMARCA4|S695_S699	1.0	0.0
SMARCA4|S699	0.9652922	-0.04862641
SMARCA5|S116	0.9720457	-0.0109670805
SMARCA5|S137	1.0249095	0.0659998
SMARCA5|S66	0.98736835	-0.013354132
SMARCA5|S825	1.0	0.0
SMARCA5|T113	0.9692363	-0.031837583
SMARCAD1|S124_S127	1.0	0.0
SMARCAD1|S127	0.98392344	-0.024925055
SMARCAD1|S127_S132	1.0	0.0
SMARCAD1|S146	1.0	0.0
SMARCAD1|S152	0.9773414	-0.02192134
SMARCAD1|S239_S242	1.0	0.0
SMARCAD1|S57	0.9142688	-0.096595064
SMARCAD1|S79	0.936184	-0.0690038
SMARCAD1|T54	0.966785	-0.016002696
SMARCAD1|T54_S57	1.0	0.0
SMARCAD1|T71	1.0311342	0.03589112
SMARCAL1|S112	1.0105591	0.011377226
SMARCAL1|S129	1.0	0.0
SMARCC1|S310	0.98759484	0.025610808
SMARCC1|S328	1.1590575	0.19519395
SMARCC1|S328_S330	1.0	0.0
SMARCC1|S328_S330_T335	1.0	0.0
SMARCC1|S357	0.982743	-0.015508199
SMARCC1|S573	1.0576599	0.056723442
SMARCC1|S816	1.0	0.0
SMARCC1|S822	1.0	0.0
SMARCC1|T828	1.0	0.0
SMARCC2|S283	0.958623	-0.03516518
SMARCC2|S283_S286	1.0	0.0
SMARCC2|S286	0.9701629	-0.024177937
SMARCC2|S302	1.0082445	0.011703605
SMARCC2|S302_S304	1.0	0.0
SMARCC2|S302_S304_S306	1.0	0.0
SMARCC2|S304	1.0068725	0.008256915
SMARCC2|S347	0.9662063	-0.018362595
SMARCC2|S367	1.0	0.0
SMARCC2|S387	0.99972904	-2.5154347e-06
SMARCC2|S813	0.93142915	-0.06618107
SMARCC2|S844	1.0	0.0
SMARCD2|T217	0.92759454	-0.052071195
SMC3|S1065_S1067	1.0	0.0
SMC3|S1067	0.9694934	0.00794429
SMC3|S1074	0.9986418	-0.007364207
SMC3|S1083	1.0272881	0.032448847
SMC4|S22	1.0203512	0.019978872
SMC4|S41	1.0053827	0.02761894
SMC5|S12	0.89520645	-0.101310275
SMC5|S35	0.967237	-0.028372556
SMCHD1|S1709	1.0235918	0.015191949
SMCHD1|S1974	1.0460125	0.04824006
SMCR8|S417	0.9083202	-0.029156392
SMCR8|S489	0.94194233	-0.029872833
SMCR8|S498	0.96149564	-0.020060007
SMCR8|S643	0.99244213	-0.022663401
SMCR8|S790	1.0	0.0
SMG1|S34	1.0	0.0
SMG1|S3556	0.9664031	-0.019552622
SMG1|T3550	1.0	0.0
SMG1|T3550_S3556	1.0	0.0
SMG1|T3573	1.0085213	0.010588641
SMG6|S332	1.049718	0.04072261
SMG6|S484	0.952197	-0.049365748
SMG6|S831	0.99953157	-0.0006935698
SMG6|T479	1.0	0.0
SMG7|S739	1.0	0.0
SMG8|S656	1.0	0.0
SMG9|S25	1.0	0.0
SMG9|S32	0.95690846	-0.013307819
SMG9|S53	0.98069984	-0.008173137
SMG9|T64	1.0	0.0
SMN1|S180	1.0	0.0
SMN1|S28	1.0526264	0.06034496
SMN1|S28_S31	1.0	0.0
SMN1|S31	1.014596	0.008926655
SMN1|T25_S28_S31	1.0	0.0
SMPD3|S203	0.74082613	-0.24217474
SMPD3|S209	0.87872624	-0.08362902
SMPD4|S690	1.0	0.0
SMPD4|S96	1.0	0.0
SMTNL2|S134	0.82151306	-0.18272714
SMTNL2|S344	0.8409115	-0.1505009
SMTN|S355	1.0	0.0
SMTN|S411	1.0	0.0
SMTN|S568	1.0	0.0
SMTN|S661	1.0	0.0
SMTN|S819	1.0	0.0
SMTN|S864	1.0	0.0
SNAP23|S110	0.9311921	-0.062077556
SNAP23|S161	1.0105331	0.07329402
SNAP23|S20	0.9923662	-0.004427506
SNAP29|S163	0.8950049	-0.0371405
SNAPC4|S599	1.0115807	0.009735128
SNAPC4|S68	0.9252377	-0.08488113
SNAPIN|S133	0.95037246	-0.013790439
SNAPIN|Y129	1.0	0.0
SNCG|T44	1.0	0.0
SND1|S150	0.98910856	0.0028494205
SND1|S426	0.96618927	-0.029894948
SND1|S645	0.99482733	-0.013266201
SND1|Y109	0.98788726	-0.008891149
SNIP1|S128	0.9061957	-0.08565735
SNIP1|S153	1.045007	0.069658875
SNIP1|S159	0.94747293	-0.048947975
SNIP1|S35	0.9846144	-0.0066307853
SNIP1|S52	1.0361141	0.049333803
SNIP1|S52_S54	1.0	0.0
SNIP1|S74_S76	1.0	0.0
SNIP1|S99	0.9648894	-0.02610683
SNRK|S351	1.0198971	0.026782235
SNRK|S362	1.0	0.0
SNRK|S390	1.0	0.0
SNRK|S482_S495	1.0	0.0
SNRK|S518	0.97234833	-0.02342912
SNRK|S607	0.9791813	-0.012196379
SNRK|S639	0.99478143	0.0075577837
SNRNP200|S225	0.999463	0.007360804
SNRNP70|S226	0.9438984	-0.039931513
SNRNP70|S266_S268	1.0	0.0
SNRNP70|S320	0.95056933	-0.05943252
SNRNP70|S410	0.9928976	-0.014524127
SNRNP70|Y126	1.0	0.0
SNRPA1|S197	1.0239506	0.0022477328
SNRPA|S115	1.0076871	-0.0036073404
SNRPA|T131	1.0	0.0
SNRPC|S17	1.0162429	3.1617747e-05
SNRPD2|T12	0.9689733	-0.03420059
SNTA1|S189	1.0066057	0.02926778
SNTA1|S189_S193	1.0	0.0
SNTA1|S200_S201	1.0	0.0
SNTB1|S205_S219	1.0	0.0
SNTB1|S219	0.96350354	0.018218305
SNTB1|S389	0.98180234	-0.0049466873
SNTB1|S87	0.8039561	-0.1693352
SNTB1|T214	1.029275	0.050246235
SNTB1|T214_S219	1.0	0.0
SNTB2|S110	1.0469345	0.09284413
SNTB2|S129	1.0707859	0.04772921
SNTB2|S222	1.0106593	-0.004918626
SNTB2|S222_S233	1.0	0.0
SNTB2|S224	1.0	0.0
SNTB2|S233	0.99239683	-0.0067047644
SNTB2|S393	0.97376156	-0.009428037
SNTB2|S395	1.0225412	0.02202843
SNTB2|S95	0.8857458	-0.051871143
SNTB2|S95_S110	1.0	0.0
SNU13|S118	1.0	0.0
SNU13|S122	0.9529704	-0.044659585
SNW1|S224	0.9305162	-0.067908004
SNW1|S224_S232	1.0	0.0
SNW1|S232	0.9968327	0.0032277005
SNX12|S73	1.0751864	0.073214546
SNX14|S433	1.0	0.0
SNX14|S435	1.0	0.0
SNX15|S227	0.98639	-0.013679222
SNX15|T148	1.0	0.0
SNX17|S389	1.0	0.0
SNX17|S395	1.0	0.0
SNX17|S401	1.0	0.0
SNX18|S199	1.0143051	0.01882861
SNX1|S188	1.1059341	0.14846516
SNX1|S280	1.0794196	0.07115048
SNX1|S368	1.0	0.0
SNX1|S72	1.0	0.0
SNX27|S26	0.98071843	-0.0061068945
SNX27|S51	1.0925943	0.12879382
SNX29|S268	0.9485627	0.026369503
SNX29|S291_S292	1.0	0.0
SNX29|S344	1.0294431	0.034126315
SNX29|S810	0.94603825	-0.048046142
SNX2|S117	0.97620183	0.01018937
SNX2|S119	0.8827697	-0.042355318
SNX2|S185	1.0402386	0.06181237
SNX2|S226	0.9185346	-0.07539872
SNX2|S277	1.0165051	0.012598846
SNX2|S365	0.9963592	7.04969e-05
SNX2|T104	1.0486491	0.03992773
SNX30|S16	1.0	0.0
SNX30|S40	1.0	0.0
SNX30|S67	0.97329074	-0.02302759
SNX33|S169	1.0472351	0.09730486
SNX33|S177	1.0	0.0
SNX3|S50	1.0	0.0
SNX4|S22	1.0	0.0
SNX5|S193	1.0313187	0.04953373
SNX6|S206	1.0	0.0
SNX6|S328	1.0	0.0
SNX9|S116	1.0315899	0.0033920428
SNX9|S183	1.0124961	0.02967386
SOAT1|S16	1.0424156	0.025359306
SOCS6|S311	1.0	0.0
SOD1|S99	1.0114747	0.018990964
SOD3|S195	0.8846868	-0.06579888
SOGA1|S1541	1.0	0.0
SOGA1|S1558	1.0	0.0
SOGA1|S175	1.0	0.0
SOGA1|S35	1.0	0.0
SON|S1026	0.93603843	-0.054856233
SON|S1051	1.0	0.0
SON|S1076	0.95381314	-0.031716216
SON|S142	0.99939185	0.0045713284
SON|S152	0.9818079	-0.010139797
SON|S154	0.9813129	-0.03748346
SON|S1556	0.93472743	-0.090637706
SON|S1697	0.94630855	-0.09819976
SON|S1769	1.0074677	0.021196574
SON|S2009	0.9343836	-0.067696795
SON|S2129	0.9896624	-0.009219493
SON|S2238	1.0	0.0
SON|S2247	1.0	0.0
SON|S2357	0.96241236	-0.026382634
SON|S283	1.0116103	0.020459158
SON|S94	0.9115414	-0.050899617
SON|T1555	0.9123748	-0.067828424
SON|T39	1.0	0.0
SON|T959	0.9849869	-0.011241341
SORBS1|S173	1.0	0.0
SORBS1|S205	1.0	0.0
SORBS1|S210	1.0	0.0
SORBS1|S233	1.0	0.0
SORBS1|S242	1.0	0.0
SORBS1|S257	1.0	0.0
SORBS1|S326	1.01556	0.04527777
SORBS1|S350	1.0166574	0.04175561
SORBS1|S357	1.0	0.0
SORBS1|S380	1.0	0.0
SORBS1|S412	1.0	0.0
SORBS1|S431	1.0	0.0
SORBS1|S437	1.0	0.0
SORBS1|S441	1.0	0.0
SORBS1|S444	1.0	0.0
SORBS1|S451	1.0	0.0
SORBS1|S460	1.0	0.0
SORBS1|S465	1.1048671	0.13284753
SORBS1|S478	1.0	0.0
SORBS1|S481	1.0301182	0.03591956
SORBS1|S516	1.0	0.0
SORBS1|S526	1.0	0.0
SORBS1|S531	1.0	0.0
SORBS1|S535	1.0	0.0
SORBS1|S57	1.0	0.0
SORBS1|S588	1.0	0.0
SORBS1|S635	1.0	0.0
SORBS1|S665	1.0042645	0.0036627422
SORBS1|S89	0.98968863	-0.009175684
SORBS1|T382	1.0	0.0
SORBS1|T476	1.0	0.0
SORBS1|T713	1.0	0.0
SORBS2|S13	1.0	0.0
SORBS2|S134	1.0	0.0
SORBS2|S163	1.0	0.0
SORBS2|S198	1.0	0.0
SORBS2|S271	1.0	0.0
SORBS2|S27_S28	1.0	0.0
SORBS2|S28	1.0	0.0
SORBS2|S40	1.0	0.0
SORBS2|S417	1.0	0.0
SORBS2|S468	1.0	0.0
SORBS2|S471	1.0	0.0
SORBS2|S572_S574	1.0	0.0
SORBS2|S574	1.0	0.0
SORBS2|S58	1.0880116	0.09408798
SORBS2|S645	1.0	0.0
SORBS2|S680	1.0	0.0
SORBS3|S13	1.0	0.0
SORBS3|S348	0.9901984	0.059406642
SORBS3|S368	1.0690109	0.07802671
SORBS3|S373	1.0349873	0.08042222
SORBS3|S395	1.029458	0.03080942
SORBS3|S530	0.9543541	-0.038201813
SORBS3|S544	0.906347	-0.08586262
SORBS3|S544_S545	1.0	0.0
SORBS3|S563	1.0	0.0
SORBS3|S606	1.0	0.0
SORD|S206	1.1307188	0.12824282
SORT1|S814	0.84613484	-0.15364619
SOS1|S1078_S1082	1.0	0.0
SOS1|S1082	0.9949113	-0.008151073
SOS1|S1134	0.9932069	0.012543063
SOS1|S1161	0.9527	-0.027567388
SOS1|S1178	1.0024788	0.0018390275
SOS1|S1210	0.97723335	-0.015513438
SOS1|S1275	1.0	0.0
SOS1|S401	0.88594973	-0.03937392
SOS2|S1035	1.0	0.0
SOS2|S1315	0.95367724	-0.047446515
SOWAHB|S106	0.968331	-0.03402713
SOWAHB|S166	0.99968547	0.0036142343
SOWAHB|S271	1.0184511	0.021688335
SOWAHC|S213	1.0104527	0.042187665
SOWAHC|S513	1.0243871	0.02498345
SOX10|S45	1.0	0.0
SOX13|S310	1.0515765	0.06935011
SOX13|S324	0.9892757	-0.010342301
SOX13|S83	1.0307568	0.0380401
SOX5|S11	1.0	0.0
SOX5|S128	1.0	0.0
SOX5|S360	1.0	0.0
SOX5|S429	1.0	0.0
SOX5|T121	1.0	0.0
SOX6|S126	1.0	0.0
SOX6|S139	1.0	0.0
SOX6|S479	1.0	0.0
SOX9|S199	1.1998253	0.19509237
SP100|S157	1.1349524	0.14315142
SP100|S171	1.0281656	-0.004417121
SP100|S18	0.9886821	0.0041212323
SP100|S180	1.0386052	0.043274052
SP100|S274	1.0	0.0
SP100|S362	1.0071725	-0.025883263
SP100|S407_S409_S410	1.0	0.0
SP100|S409_S410	0.9757209	-0.025482351
SP100|S410	1.0384023	0.09204898
SP100|S476	1.0076348	-0.003929253
SP110|S244	1.0311602	0.033472452
SP110|S250	1.0	0.0
SP110|S256	1.0987785	0.10167926
SP110|S262	1.0	0.0
SP110|S380	1.1046864	0.10328927
SP110|S386	1.0	0.0
SP140L|S155	1.0	0.0
SP140|S277	1.1776016	0.3318275
SP140|S291	1.1691884	0.2708065
SP1|T42	1.0	0.0
SP2|S78	1.0	0.0
SP2|T55	1.0	0.0
SP3|S563	1.0	0.0
SP3|S73	0.9085702	-0.09096287
SP3|T115	1.0	0.0
SP4|S29	1.0	0.0
SPAG1|S347	1.1097084	0.09486911
SPAG1|S418	1.022047	0.008259055
SPAG1|S423	1.0	0.0
SPAG7|S114	1.0132022	0.013648042
SPAG7|S158	1.0	0.0
SPAG7|S202	0.8986877	-0.10426502
SPAG9|S109	1.0	0.0
SPAG9|S1188	1.0078237	0.017629044
SPAG9|S1238	0.9621118	-0.040468138
SPAG9|S1262	1.0	0.0
SPAG9|S183	1.0	0.0
SPAG9|S203	1.0	0.0
SPAG9|S203_T217	1.0	0.0
SPAG9|S251	0.9548398	-0.041267008
SPAG9|S265	1.0	0.0
SPAG9|S265_S268	1.0	0.0
SPAG9|S318	1.0	0.0
SPAG9|S332	1.0563174	0.03421269
SPAG9|S493	1.0008028	-0.00044518837
SPAG9|S705	0.9979031	0.111556605
SPAG9|S730	1.0049183	0.014536092
SPAG9|S733	1.0641973	0.05546812
SPAG9|S813	1.0	0.0
SPAG9|T217	1.0168488	-0.02942581
SPAG9|T226	1.0995035	0.06704265
SPAG9|T292	1.0	0.0
SPAG9|T348	1.0	0.0
SPAG9|T586	1.0	0.0
SPARCL1|S151	1.0	0.0
SPARCL1|S198	0.9526722	-0.03206725
SPARCL1|S272	1.0	0.0
SPARCL1|S295	1.0963184	0.18838681
SPARCL1|S414	1.0884353	0.150537
SPARCL1|S59	0.87925535	-0.119334824
SPARCL1|S76_S80	1.0	0.0
SPARCL1|S80	1.0498861	0.07425583
SPARCL1|S80_S84	1.0	0.0
SPARCL1|S84	0.9947146	0.066678755
SPARCL1|S92	1.0559323	0.16368356
SPART|S524	1.0	0.0
SPATA13|S254	1.0	0.0
SPATA13|S739	1.0	0.0
SPATA18|S101	0.9777201	-0.03851871
SPATA18|S202	0.86935574	-0.120166
SPATA18|S244	1.0	0.0
SPATA18|S274	0.9975457	-0.024715483
SPATA18|S507	0.9667835	-0.04870417
SPATA18|S507_S509	1.0	0.0
SPATA2L|S217	1.0744643	0.07912022
SPATA2L|S252	1.0	0.0
SPATA2L|S317	0.9915501	0.014631715
SPATA2|S253	0.9066808	-0.063242495
SPATA6|S219	1.0	0.0
SPATA6|S265	0.79707974	-0.20252506
SPATA6|S343	1.0	0.0
SPATA6|S354	0.79695296	-0.21412852
SPATS2L|S135	1.0	0.0
SPATS2L|S159	1.0399008	0.015856454
SPATS2L|S338	1.000038	0.064952336
SPATS2L|S455	1.0458194	0.043592032
SPATS2L|S526	1.0	0.0
SPATS2L|S531	0.88111234	-0.11414832
SPATS2|S47	1.0	0.0
SPDL1|S555	0.9989644	0.024375511
SPECC1L|S171	0.9990339	0.031213691
SPECC1L|S220	0.9670385	-0.015062482
SPECC1L|S384	0.86717826	-0.0814084
SPECC1L|S384_S385	1.0	0.0
SPECC1L|S868	1.016612	0.024416791
SPECC1L|S881	0.9946311	-0.0078897495
SPECC1L|S922	1.0	0.0
SPECC1|S120	1.0	0.0
SPECC1|S131	1.0	0.0
SPECC1|S241	1.0305736	0.0285494
SPECC1|S55	0.97827834	-0.025597097
SPECC1|S847	0.9870289	-0.014684209
SPECC1|S863	1.0	0.0
SPECC1|S914	1.0259336	0.01600987
SPECC1|T78	1.0	0.0
SPEG|S1172	1.0011022	0.00066865655
SPEG|S2037	1.0135263	-0.013465626
SPEG|S2410	1.0	0.0
SPEG|S2458	1.0	0.0
SPEG|S313	1.0	0.0
SPEG|S390	1.0	0.0
SPEG|S419	1.0	0.0
SPEG|S453	0.9996876	0.0016110493
SPEG|S488	1.0387704	0.03370861
SPEG|T2844	1.0	0.0
SPEG|T449_S453	1.0	0.0
SPEN|S1006	1.0108148	0.06148779
SPEN|S1062	0.97701555	-0.004429405
SPEN|S1222	1.0	0.0
SPEN|S1252	0.9112394	-0.10566617
SPEN|S1268	0.97449154	-0.013781604
SPEN|S1268_S1278	1.0	0.0
SPEN|S1278	1.0008923	0.0012949618
SPEN|S1287	1.0	0.0
SPEN|S1380	0.99769425	0.00019975622
SPEN|S1380_S1382	1.0	0.0
SPEN|S1918	0.97039837	-0.035171255
SPEN|S2101	0.9439491	-0.033095293
SPEN|S2120	0.9429558	-0.04625449
SPEN|S2126	0.99435896	-0.011164586
SPEN|S2159	1.0	0.0
SPEN|S2493	0.9970408	-0.0040476904
SPEN|S623	0.9554285	-0.018210197
SPEN|S725	1.0012668	0.015731374
SPEN|S725_S727	1.0	0.0
SPEN|S727	0.93211424	-0.043037515
SPEN|S736	0.9814818	0.0017010479
SPEN|S736_S740	1.0	0.0
SPEN|S749	0.95250124	-0.04528863
SPEN|S847	0.96566373	-0.031845167
SPEN|T1619	0.98593515	0.0016803661
SPEN|T1619_S1622	1.0	0.0
SPEN|T2460	1.0	0.0
SPHK2|S328	1.0	0.0
SPHK2|S355	1.0	0.0
SPICE1|S477	1.0	0.0
SPICE1|S640	0.9624169	-0.028843137
SPICE1|S760	0.99188405	-0.00992978
SPICE1|S760_S764	1.0	0.0
SPICE1|S764	1.0020552	0.0024045974
SPICE1|S800	0.95930743	-0.039202295
SPICE1|T235	0.98558396	-0.0048330734
SPIDR|S15	1.0008949	0.0037792625
SPIN1|S124	1.0429106	0.056854874
SPIN1|S199	1.0310966	0.038779873
SPINDOC|S148_S152	1.0	0.0
SPINDOC|S248_S251	1.0	0.0
SPINDOC|S251	0.95476353	-0.049838495
SPINDOC|S308	0.9932118	-0.0066194707
SPINDOC|T49	1.0	0.0
SPIRE1|S267	1.0	0.0
SPIRE1|S330_S331	1.0	0.0
SPIRE1|S330_S331_S333	1.0	0.0
SPN|S351	1.029155	0.034039717
SPN|S351_S355	1.0	0.0
SPN|S355	1.1473538	0.08326761
SPN|S363	0.96193576	-0.032661863
SPN|S368	1.0547674	0.051214993
SPN|T341	0.97433805	-0.015906982
SPOCK2|S72	1.0	0.0
SPP1|S191	1.064645	0.09251088
SPP1|S195	1.0927827	0.059777204
SPP1|S215	1.0	0.0
SPP1|S215_S219	1.0	0.0
SPP1|S219	1.2248374	0.24142577
SPP1|S234	1.0528387	0.036130432
SPP1|S254	1.067667	0.030815162
SPP1|S254_S258	1.0	0.0
SPP1|S254_S263	1.0	0.0
SPP1|S258	1.1065675	0.11415853
SPP1|S263	1.0647107	0.105580986
SPP1|S275_S280	1.0	0.0
SPP1|S62_S63	1.0	0.0
SPP1|S63	1.1672808	0.08199044
SPP1|T190	1.0844277	0.08675101
SPP2|S96	0.71232647	-0.20556074
SPRED1|S238	0.8841644	-0.10719117
SPRED2|S203	1.0	0.0
SPRR1A|T11	1.0	0.0
SPRR1B|T11	1.0	0.0
SPRR2D|S38	1.0	0.0
SPRR2D|S60	1.0	0.0
SPRY4|S125	0.9879924	-0.0097606955
SPRY4|S280	0.9558644	-0.054391667
SPR|S103	1.0236353	0.026128206
SPR|S145	0.9933539	0.0057585477
SPTA1|S1284	0.8664454	-0.037773423
SPTA1|S2269	0.99379367	-0.005167432
SPTA1|S261	0.9505031	-0.04688846
SPTA1|S510	0.93147475	-0.06730217
SPTA1|S992	1.0	0.0
SPTAN1|S1031	0.96961886	0.011459538
SPTAN1|S1075	1.0	0.0
SPTAN1|S1197	1.0	0.0
SPTAN1|S1211	1.0	0.0
SPTAN1|S1217	1.0182805	0.035588924
SPTAN1|S1231	0.9733739	-0.016025996
SPTAN1|S1271	1.0	0.0
SPTAN1|S1282	1.0	0.0
SPTAN1|S1286	1.0	0.0
SPTAN1|S1291	0.9298183	-0.061256096
SPTAN1|S1302	0.94904083	-0.04884928
SPTAN1|S1303	1.0	0.0
SPTAN1|S1306	1.0367744	0.05803037
SPTAN1|S1318	1.0	0.0
SPTAN1|S1322	0.969526	-0.023445206
SPTAN1|S1323	0.9185679	-0.054168306
SPTAN1|S1338	1.0095189	0.049332388
SPTAN1|S1413	1.0	0.0
SPTAN1|S1456	1.0	0.0
SPTAN1|S1459	1.0	0.0
SPTAN1|S1476	1.0	0.0
SPTAN1|S1479	1.0	0.0
SPTAN1|S1530	1.0	0.0
SPTAN1|S1550	1.0808843	0.080679186
SPTAN1|S1615	1.0150129	0.0064254906
SPTAN1|S2046	1.0	0.0
SPTAN1|S2051	1.0	0.0
SPTAN1|S2066	0.9546443	-0.026428292
SPTAN1|S2071	1.0	0.0
SPTAN1|S572	0.9793509	-0.020284837
SPTAN1|T2005	1.0	0.0
SPTAN1|T2020	1.0	0.0
SPTBN1|S1044	1.0	0.0
SPTBN1|S1224	1.0	0.0
SPTBN1|S1375	1.0	0.0
SPTBN1|S1388	0.94897217	0.049964517
SPTBN1|S14	1.0	0.0
SPTBN1|S1434	1.0	0.0
SPTBN1|S2035	1.0	0.0
SPTBN1|S2089	1.0	0.0
SPTBN1|S2102	1.0509293	0.07867859
SPTBN1|S2115	1.0242019	0.05181132
SPTBN1|S2115_S2125	1.0	0.0
SPTBN1|S2125	1.0	0.0
SPTBN1|S2128	0.94723994	-0.0387872
SPTBN1|S2128_S2138	1.0	0.0
SPTBN1|S2138	1.0048944	0.019577643
SPTBN1|S2156	1.0	0.0
SPTBN1|S2171	1.0	0.0
SPTBN1|S2328	1.0	0.0
SPTBN1|S2341	0.98623085	0.029460203
SPTBN1|S2345	1.0	0.0
SPTBN1|S244	1.0	0.0
SPTBN1|S257	0.92874986	-0.089127265
SPTBN1|S320	1.0	0.0
SPTBN1|S433	1.0	0.0
SPTBN1|S678	1.0	0.0
SPTBN1|S812	1.0	0.0
SPTBN1|T1449	1.0	0.0
SPTBN1|T2182	1.0	0.0
SPTBN1|T2315	1.0	0.0
SPTBN1|T2328	0.9383215	-0.03712934
SPTBN2|S2171	0.9561106	-0.044507936
SPTBN2|S2254	1.206072	0.25570053
SPTBN2|S2359	0.98924255	-0.014674563
SPTBN2|T2354	0.9868437	-0.013960128
SPTBN4|S2236	0.9910572	-0.028024457
SPTBN4|S2254	1.0690684	0.014133696
SPTBN4|S2272	1.0	0.0
SPTB|S1226	0.9329881	-0.07316696
SPTB|S2114	1.0948968	0.10784629
SPTB|S2299	1.0	0.0
SPTB|S36	0.891426	-0.066812724
SQOR|S343	0.90695864	-0.09625516
SQOR|T342	1.0509424	0.07582047
SQSTM1|S152	1.1250732	0.16944562
SQSTM1|S207	1.0	0.0
SQSTM1|S24	1.0680152	0.1279613
SQSTM1|S272	1.1707025	0.18219863
SQSTM1|S28	0.9223445	-0.090635516
SQSTM1|S328_S332	1.0	0.0
SQSTM1|S332	1.3039277	0.29775003
SQSTM1|S361_S365	1.0	0.0
SQSTM1|S365_S366	1.0	0.0
SQSTM1|T269	1.1422819	0.18705846
SQSTM1|T269_S272	1.0236427	0.0218856
SRCAP|S1859	0.9369752	-0.060869373
SRCAP|S1862	1.0	0.0
SRCAP|S1882	1.0	0.0
SRCAP|S2430	0.9758603	0.012527434
SRCAP|S258	1.0406249	0.045615323
SRCAP|S2725	1.0243889	0.0035630958
SRCAP|S274	0.91436136	-0.083573885
SRCAP|S2869	0.90662277	-0.09708164
SRCAP|S3016	0.9523478	-0.05134293
SRCAP|S3126	1.0	0.0
SRCAP|S3148	0.9525814	-0.052718576
SRCAP|S562_S568	1.0	0.0
SRCAP|S562_S568_T572	1.0	0.0
SRCAP|T572	1.0	0.0
SRCIN1|S1003	1.0	0.0
SRCIN1|S45	1.0	0.0
SRCIN1|S513	1.0	0.0
SRCIN1|S844	1.0064695	0.005835933
SRCIN1|S866	1.0	0.0
SRCIN1|S987	1.0591885	0.06113069
SRC|S17	1.1557682	0.16201992
SRC|S75	0.95287275	-0.025076628
SRC|Y419	0.8777396	-0.12131506
SREBF2|S469	1.0	0.0
SRFBP1|S203	0.9945541	-0.005518796
SRFBP1|S264	0.9499528	-0.03502999
SRF|S224	1.0184301	0.03411014
SRGAP1|S906	1.0127288	0.015134413
SRGAP1|S917	0.98259455	-0.0138472775
SRGAP1|S932	0.8950313	-0.102791786
SRGAP2|S1012	1.0	0.0
SRGAP2|S206	1.0229864	0.0397382
SRGAP2|S993	1.0	0.0
SRGAP3|S413	1.0	0.0
SRGAP3|S834	1.0	0.0
SRGAP3|S850	1.0	0.0
SRGAP3|S924	1.0	0.0
SRGAP3|S930	1.0	0.0
SRI|S172	1.0224409	0.02740119
SRP54|S451	1.0406439	0.10213719
SRP68|S16	0.9411925	-0.0583753
SRP68|S27	0.9936689	-0.012482577
SRP72|T510	1.0	0.0
SRP9|S34	1.0758013	0.0042147827
SRPK1|S309_S311	1.0	0.0
SRPK1|S311	0.9650171	-0.011576463
SRPK1|S51	1.0451261	0.014066487
SRPK2|S380	0.9457138	-0.058558352
SRPK2|S494	1.0718672	0.07817467
SRPRA|S268_S269_S270	1.0	0.0
SRRM1|S207_S209	1.0	0.0
SRRM1|S207_S209_S211	1.0	0.0
SRRM1|S209_S211	1.0	0.0
SRRM1|S234	1.0	0.0
SRRM1|S260	0.91922915	-0.044110347
SRRM1|S292	0.91096306	-0.07936219
SRRM1|S389	0.95968336	-0.01611596
SRRM1|S389_S391	1.0	0.0
SRRM1|S389_S391_S393	1.0	0.0
SRRM1|S389_S393	0.94366956	-0.05535881
SRRM1|S402	0.9561325	-0.028151564
SRRM1|S402_T406	1.0	0.0
SRRM1|S414	0.96046346	0.001389043
SRRM1|S414_T416	1.0	0.0
SRRM1|S429	0.95712215	-0.028487638
SRRM1|S429_S431	1.0	0.0
SRRM1|S448	1.0	0.0
SRRM1|S448_S450	1.0	0.0
SRRM1|S450	0.95320946	-0.009831836
SRRM1|S450_S452	1.0	0.0
SRRM1|S461	1.0	0.0
SRRM1|S461_S463	1.0	0.0
SRRM1|S463	0.9393345	-0.04569944
SRRM1|S463_S465	1.0	0.0
SRRM1|S465	0.98594916	0.003679278
SRRM1|S476	1.0	0.0
SRRM1|S478	0.9736286	-0.015302462
SRRM1|S550	1.0	0.0
SRRM1|S561	1.0	0.0
SRRM1|S561_S563	1.0	0.0
SRRM1|S563	1.0	0.0
SRRM1|S563_S565	1.0	0.0
SRRM1|S572	1.0	0.0
SRRM1|S572_S574	1.0	0.0
SRRM1|S574	1.0	0.0
SRRM1|S574_S576	1.0	0.0
SRRM1|S609	1.0	0.0
SRRM1|S611	1.0	0.0
SRRM1|S628	0.96631604	-0.024258735
SRRM1|S630	1.0	0.0
SRRM1|S638	1.0050291	0.021143062
SRRM1|S638_S640	1.0	0.0
SRRM1|S640	1.0	0.0
SRRM1|S640_S642	1.0	0.0
SRRM1|S648_S650	1.0	0.0
SRRM1|S650	1.0	0.0
SRRM1|S650_S652	1.0	0.0
SRRM1|S652	1.0	0.0
SRRM1|S665	1.020589	0.057726122
SRRM1|S665_S667	1.0	0.0
SRRM1|S667	1.0	0.0
SRRM1|S667_S669	1.0	0.0
SRRM1|S687	1.0	0.0
SRRM1|S689	1.0	0.0
SRRM1|S695	0.970962	-0.02303215
SRRM1|S695_S697	1.0	0.0
SRRM1|S697_S699	1.0	0.0
SRRM1|S708	1.0	0.0
SRRM1|S710	1.0	0.0
SRRM1|S725	0.99613446	0.0034028543
SRRM1|S725_S727	1.0	0.0
SRRM1|S727	1.0	0.0
SRRM1|S737_T739	1.0	0.0
SRRM1|S739_T741	1.0	0.0
SRRM1|S750	1.0	0.0
SRRM1|S750_S752	1.0	0.0
SRRM1|S750_S752_S755	1.0	0.0
SRRM1|S750_S755	1.0	0.0
SRRM1|S752	0.9770769	-0.01580983
SRRM1|S752_S754	1.0	0.0
SRRM1|S752_S754_S757	1.0	0.0
SRRM1|S752_S757	1.0	0.0
SRRM1|S754	0.9760976	-0.027316855
SRRM1|S764	1.0	0.0
SRRM1|S764_S766_S768	1.0	0.0
SRRM1|S766	1.0	0.0
SRRM1|S766_S768_S770	1.0	0.0
SRRM1|S768	1.0	0.0
SRRM1|S770	1.0	0.0
SRRM1|S803_T805_S809	1.0	0.0
SRRM1|S805_T807_S811	1.0	0.0
SRRM1|S886	1.0	0.0
SRRM1|S888	1.0	0.0
SRRM1|T220	0.9551761	-0.019197986
SRRM1|T584_T586	1.0	0.0
SRRM1|T586	1.0	0.0
SRRM1|T586_T588	1.0	0.0
SRRM1|T593	1.0	0.0
SRRM1|T593_S595	1.0	0.0
SRRM1|T595	1.0	0.0
SRRM1|T595_S597	1.0	0.0
SRRM1|T626	1.0	0.0
SRRM1|T626_S628	1.0	0.0
SRRM1|T628_S630	1.0	0.0
SRRM1|T884_S886	1.0	0.0
SRRM1|T886_S888	1.0	0.0
SRRM2|S1012	1.0	0.0
SRRM2|S1014	0.81535095	-0.099601924
SRRM2|S1064	0.834664	-0.1239493
SRRM2|S1083	0.9840904	0.016834032
SRRM2|S1103	0.9451576	-0.040002566
SRRM2|S1112	0.9447535	-0.037416633
SRRM2|S1122	1.0263898	0.030260328
SRRM2|S1124	1.0046844	0.024026643
SRRM2|S1132	0.9540585	-0.0012111396
SRRM2|S1152	0.9899113	0.007594983
SRRM2|S1179	0.95998394	-0.03979293
SRRM2|S1188	1.0	0.0
SRRM2|S1219	0.8777015	-0.06981646
SRRM2|S1318_S1320	1.0	0.0
SRRM2|S1320	0.9704937	-0.027075859
SRRM2|S1320_S1326	1.0	0.0
SRRM2|S1326	1.0296687	0.029166989
SRRM2|S1329	0.91388625	-0.06468522
SRRM2|S1368	1.0	0.0
SRRM2|S1387	0.9128926	-0.074797146
SRRM2|S1401_S1404	1.0	0.0
SRRM2|S1404	0.9910507	0.008473827
SRRM2|S1419	0.981392	-0.015017306
SRRM2|S1419_S1421	1.0	0.0
SRRM2|S1421	0.98236775	-0.00022371027
SRRM2|S1424	0.93559086	-0.05149633
SRRM2|S1441	0.9385112	-0.049810246
SRRM2|S1463	0.9783083	-0.012463547
SRRM2|S1478	0.8240874	-0.15098315
SRRM2|S1497_S1499	1.0	0.0
SRRM2|S1499	0.9484433	-0.03714322
SRRM2|S1517	0.9333544	-0.06493163
SRRM2|S1517_S1519	1.0	0.0
SRRM2|S1519	0.96852195	-0.061012637
SRRM2|S1579_S1581_S1582	1.0	0.0
SRRM2|S1596_S1598	1.0	0.0
SRRM2|S1600_S1601	1.0	0.0
SRRM2|S1601	0.9444066	-0.037613716
SRRM2|S1616_S1618	1.0	0.0
SRRM2|S1694	0.9268789	-0.048930503
SRRM2|S1727_S1729	1.0	0.0
SRRM2|S1762_S1764	1.0	0.0
SRRM2|S1818	0.94281524	-0.037241444
SRRM2|S1822_S1824	1.0	0.0
SRRM2|S1842_T1844	1.0	0.0
SRRM2|S1854_S1857	1.0	0.0
SRRM2|S1854_T1856_S1857	1.0	0.0
SRRM2|S1857	0.9641903	0.0025083006
SRRM2|S1864_S1866_S1869	1.0	0.0
SRRM2|S1866_S1869	1.0	0.0
SRRM2|S1869	0.8929173	-0.08860394
SRRM2|S1876_S1878	1.0	0.0
SRRM2|S1878_T1880	1.0	0.0
SRRM2|S1923_S1925	1.0	0.0
SRRM2|S1925	0.8519274	-0.12766106
SRRM2|S1925_T1927	1.0	0.0
SRRM2|S1946_S1948	1.0	0.0
SRRM2|S1948	1.0	0.0
SRRM2|S1948_T1950	1.0	0.0
SRRM2|S1958_S1960	1.0	0.0
SRRM2|S1960	1.0	0.0
SRRM2|S1960_T1962	1.0	0.0
SRRM2|S1984_T1986_S1987	1.0	0.0
SRRM2|S1996_T1998_S1999	1.0	0.0
SRRM2|S2008_T2010_S2011	1.0	0.0
SRRM2|S2018_S2020_T2022	1.0	0.0
SRRM2|S2020_T2022	1.0	0.0
SRRM2|S2030_S2032	1.0	0.0
SRRM2|S2032	0.9756605	-0.02017868
SRRM2|S2032_T2034	1.0	0.0
SRRM2|S2044_S2046	1.0	0.0
SRRM2|S2067_T2069_S2071	1.0	0.0
SRRM2|S2090_T2092	1.0	0.0
SRRM2|S2100_S2102_T2104	1.0	0.0
SRRM2|S2132	0.9392869	-0.025019487
SRRM2|S2272	0.9374718	-0.05211191
SRRM2|S2314	1.0	0.0
SRRM2|S2343	1.0	0.0
SRRM2|S2382	0.9139572	-0.030846408
SRRM2|S2398	0.9282305	-0.0815877
SRRM2|S2407_T2409	1.0	0.0
SRRM2|S2426	0.95671135	-0.008177189
SRRM2|S2449	0.9240474	-0.049056623
SRRM2|S250	0.9221764	-0.073868945
SRRM2|S2581	0.96335363	-0.026392313
SRRM2|S2675_S2677	1.0	0.0
SRRM2|S2690	1.0119175	0.009529321
SRRM2|S2692	0.9457873	-0.05101384
SRRM2|S2694	1.0261184	0.05877885
SRRM2|S2702	0.9871161	0.010206945
SRRM2|S2702_S2706	1.0	0.0
SRRM2|S2727_S2729	0.9761864	-0.026397506
SRRM2|S295_S297	1.0	0.0
SRRM2|S295_S300	1.0	0.0
SRRM2|S297	0.92015177	-0.057739973
SRRM2|S333	0.90686685	-0.08159169
SRRM2|S351	0.96262264	-0.021578733
SRRM2|S353	0.9336936	-0.049709395
SRRM2|S404	0.87876886	-0.12007474
SRRM2|S404_S408	1.0	0.0
SRRM2|S424	0.88888496	-0.104354866
SRRM2|S435_S436_S437	1.0	0.0
SRRM2|S436_S437_S440	1.0	0.0
SRRM2|S440	0.97812706	-0.023328483
SRRM2|S472_S474	1.0	0.0
SRRM2|S484_S486	0.9844243	-0.0143631855
SRRM2|S508_S510	1.0	0.0
SRRM2|S534_S536	1.0	0.0
SRRM2|S536	0.96784955	-0.022445552
SRRM2|S743_S745_S746	1.0	0.0
SRRM2|S778	0.90702933	-0.0547585
SRRM2|S778_S780	1.0	0.0
SRRM2|S778_S780_S782	1.0	0.0
SRRM2|S780	0.94288176	-0.07616477
SRRM2|S783	0.93709314	-0.03669345
SRRM2|S857	0.9945974	-0.0043799016
SRRM2|S864	0.96225184	-0.029395191
SRRM2|S871_S875_S876	1.0	0.0
SRRM2|S875_S876	1.0	0.0
SRRM2|S876	0.8475535	-0.15426964
SRRM2|S950_S952_S954	1.0	0.0
SRRM2|S952_S954	1.0	0.0
SRRM2|S954	0.8535381	-0.09754201
SRRM2|S974	0.9703948	-0.0017733698
SRRM2|S994	0.9533012	0.034617957
SRRM2|T1003	0.94282514	-0.046302583
SRRM2|T1003_S1012	1.0	0.0
SRRM2|T1003_S1014	1.0	0.0
SRRM2|T1177	0.92313904	-0.077666946
SRRM2|T1208	0.9336897	-0.06688428
SRRM2|T1413	0.9818152	-0.010394354
SRRM2|T1413_S1415	1.0	0.0
SRRM2|T1434	0.9535095	-0.030127332
SRRM2|T1472	1.0104529	0.043623727
SRRM2|T1492	0.8962073	-0.0991808
SRRM2|T1511	1.0	0.0
SRRM2|T1531	0.9517089	-0.030116873
SRRM2|T1880	0.9050956	-0.112174354
SRRM2|T1927	0.94504666	-0.0890203
SRRM2|T1950	1.0	0.0
SRRM2|T1962	1.0	0.0
SRRM2|T2034	0.98391616	0.005346955
SRRM2|T2104	0.97011715	-0.03952796
SRRM2|T2289	0.7703505	-0.120594956
SRRM2|T2316	0.9714359	-0.022303168
SRRM2|T2397	1.0255971	0.025283348
SRRM2|T2409	0.97032636	-0.015664577
SRRM2|T2738_S2740	1.0	0.0
SRRM2|T367	0.9489983	-0.00757486
SRRM2|T848	1.016217	0.017439878
SRRM2|T866	0.94765425	-0.030900769
SRRM2|T983	0.9171059	-0.054275345
SRRT|S136	0.99991363	-0.028053865
SRRT|S26	0.89762366	-0.06992945
SRRT|S492	1.0	0.0
SRRT|S67	0.96982753	-0.021400433
SRRT|S67_S74	1.0	0.0
SRRT|S74	0.93939126	-0.040885594
SRRT|T543	1.0	0.0
SRSF10|S129_S131_S133	1.0	0.0
SRSF10|S131_S133	0.92678195	-0.065821506
SRSF10|S133	0.9148638	-0.0539475
SRSF10|S147	1.038396	0.040560428
SRSF10|S155_S157_S159	1.0	0.0
SRSF10|S156_S158	1.0	0.0
SRSF10|S156_S158_S160	1.0	0.0
SRSF10|S158	0.91724336	-0.017801685
SRSF10|S158_S160	1.0	0.0
SRSF10|S160	0.9007498	-0.06910956
SRSF10|S23	0.9411834	-0.05207793
SRSF10|S249_S251_S253	1.0	0.0
SRSF11|S207	0.9011257	-0.070831
SRSF11|S463	1.0	0.0
SRSF11|S471	1.0	0.0
SRSF12|S223	0.95459574	-0.051287815
SRSF1|S199	0.8866681	-0.05130155
SRSF1|S234_S238	1.0	0.0
SRSF2|S187_S189_S191	1.0	0.0
SRSF2|S189_S191	1.0	0.0
SRSF2|S191	0.877606	-0.18096183
SRSF2|S98	1.0	0.0
SRSF3|S108	0.93513304	-0.038197726
SRSF3|S5	0.90720654	-0.06447112
SRSF3|S95	0.9611844	-0.040035833
SRSF4|S116	0.93354064	-0.011152312
SRSF4|S179	1.0261228	0.026632758
SRSF4|S269	0.9975479	0.005252793
SRSF4|S431	0.9160802	-0.05488613
SRSF4|S78	0.9988473	0.013839093
SRSF5|S120	0.88127536	-0.12644829
SRSF5|S227_S229_S231	1.0	0.0
SRSF5|S229_S231_S233	1.0	0.0
SRSF5|S248_S250	1.0	0.0
SRSF5|S250	0.9538808	-0.03190409
SRSF5|S250_S253	1.0	0.0
SRSF5|S86	1.0	0.0
SRSF6|S122	1.0	0.0
SRSF6|S265	0.9727552	-0.046261206
SRSF6|S303	1.011924	0.0065632816
SRSF6|S314	0.99226546	0.023389397
SRSF6|S314_S316	1.0	0.0
SRSF6|S316	0.9185065	0.031132817
SRSF6|S45	0.9822409	-0.016950723
SRSF9|S195_S197_S199	1.0	0.0
SRSF9|S197_S199	1.0	0.0
SRSF9|S204	0.91651416	-0.049528476
SRSF9|S211	1.0203745	0.030348878
SRSF9|S211_S216	1.0	0.0
SRSF9|S211_Y214	1.0	0.0
SRSF9|S216	1.0092168	0.006631322
SSBP3|S320	1.0	0.0
SSBP3|T333	1.0	0.0
SSB|S366	0.9895959	0.021013068
SSB|S94	1.0	0.0
SSB|T389	1.0	0.0
SSH1|S1042	1.0	0.0
SSH1|S515	0.97189367	-0.019374494
SSH1|S583	1.0170425	-0.003999176
SSH1|S834	1.0	0.0
SSH1|S889	1.0127618	0.0059997016
SSH1|S897	1.0228682	0.017161243
SSH2|S487	0.94784033	-0.04005595
SSH2|S784	0.9670979	-0.029384285
SSH2|T870	1.0	0.0
SSH3|S37	0.9617218	0.03400685
SSH3|S484	1.0206494	0.02223975
SSH3|S602	0.9688123	-0.011936778
SSH3|S649	0.93223083	-0.07332984
SSH3|S9	1.0911824	0.12364687
SSH3|T17	1.0	0.0
SSH3|T79	1.0343655	0.033592265
SSR1|S254	1.0290095	0.023981936
SSR1|S268	0.95365685	-0.0473495
SSR1|T260	1.0336674	0.029193597
SSR3|S105	0.93287027	0.031176947
SSR3|S11	0.92584944	-0.0569571
SSRP1|S444	0.992981	-0.026867604
SSRP1|S657	1.0388086	0.10072199
SSRP1|S659	1.0234811	0.13547854
SSRP1|Y441	0.99424034	-0.0052378485
SSSCA1|S41	1.0	0.0
SSX2IP|S312	1.0812143	0.09990289
SSX2IP|S540	0.98109895	-0.02089711
ST13|S156	1.0193124	0.08971541
ST13|S75_S76	1.0	0.0
ST13|S75_S76_S79	1.0	0.0
ST13|S76_S79	1.0	0.0
ST13|S79	0.99192184	0.020688193
ST5|S105	1.116082	0.11487839
ST5|S182	1.0	0.0
ST5|S357	1.0	0.0
ST5|S48	0.9756496	-0.0216101
ST5|S515	1.0	0.0
ST5|S622	0.9212806	-0.072076775
ST5|S673	1.0	0.0
ST5|Y501	1.0	0.0
STAC2|S48	1.0	0.0
STAC2|S78	1.0	0.0
STAG1|S1062	1.0214698	0.040765483
STAG1|S1065	1.092261	0.10443306
STAG1|S1093	0.9956368	0.0056815892
STAG1|T1108	1.0	0.0
STAG2|S1061	0.95127606	-0.03942438
STAG2|S1198	1.0	0.0
STAG2|T1056	1.0	0.0
STAG2|T1112	0.95239836	-0.06871978
STAM|S124	1.0	0.0
STARD13|S125	1.0	0.0
STARD13|S146	1.0	0.0
STARD13|S163	1.0	0.0
STARD13|S306	1.0	0.0
STARD13|S403	1.0	0.0
STARD13|S441	1.0	0.0
STARD13|S564	1.0	0.0
STARD3NL|S193	1.0159771	0.060201194
STARD3NL|S214	1.010222	0.008340507
STARD3NL|S214_S218	1.0	0.0
STARD3NL|S218	0.9966117	0.013741802
STARD3NL|S27	1.0	0.0
STAT1|S162	1.0	0.0
STAT1|S532	1.1320128	0.16772479
STAT1|S640	1.0	0.0
STAT1|S727	0.9567676	-0.0060677323
STAT2|T800	1.0	0.0
STAT3|S726	1.0	0.0
STAT3|S727	0.92912734	-0.019022178
STAT3|T714	1.0	0.0
STAT3|T714_S727	1.0	0.0
STAT3|T716	1.0	0.0
STAT3|Y705	1.0274107	0.044599045
STAT5A|S193	1.0222237	0.030094068
STAT5A|S780	1.130561	0.111396246
STAT5A|Y694	1.0	0.0
STAT5B|S193	1.0158708	0.018213935
STAT5B|Y699	1.0	0.0
STAU1|S315	1.0	0.0
STAU1|S95	1.0	0.0
STAU2|S188	0.98014104	-0.021484936
STAU2|S416	1.0263249	0.026093
STAU2|S440	1.0641048	0.060989954
STAU2|S455	0.97093564	-0.016764296
STAU2|S492	0.94778687	-0.05332759
STBD1|S145	0.96214235	-0.024530908
STBD1|S175	1.0797409	0.183627
STBD1|S188	0.95184493	-0.067336306
STEAP3|T477	1.0	0.0
STIM1|S257	0.8080068	-0.027613953
STIM1|S512	1.1016014	0.19548088
STIM1|S673	1.0	0.0
STIM1|S681	1.0	0.0
STIM1|S714	1.0	0.0
STIM1|S766	1.0	0.0
STIM2|S261	0.96520954	-0.021295188
STIM2|S346	0.95306313	-0.0035215076
STIM2|S526	1.0	0.0
STIM2|S531	1.0	0.0
STIM2|S547	1.0	0.0
STIM2|S611	1.0	0.0
STIM2|S617	1.0	0.0
STIM2|S629	1.0	0.0
STIM2|S634	1.0	0.0
STIM2|S669	1.0	0.0
STIM2|S727	1.0	0.0
STIP1|S481	1.0781529	0.07237389
STIP1|S528	1.0	0.0
STIP1|S63	1.0	0.0
STK10|S13	1.0268582	0.011528029
STK10|S20	0.9294743	-0.029288357
STK10|S417	0.85011953	-0.12023307
STK10|S438	0.96040136	0.015362903
STK10|S444	1.0	0.0
STK10|S454	0.93035114	-0.059801236
STK10|S514	1.0086093	0.03697003
STK10|S951	1.0	0.0
STK10|T952	1.0066402	0.017747197
STK11IP|S387	1.0228939	0.024184141
STK11IP|S482	1.0502641	0.04644713
STK11IP|S599	0.97851145	-0.017448358
STK11IP|S761	1.0198402	0.017661583
STK11IP|S773	0.9863717	-0.014478537
STK17A|S28	1.0	0.0
STK25|S278	1.0	0.0
STK32C|S10	1.0761012	0.081853636
STK32C|S10_S18	1.0	0.0
STK32C|S18	1.116332	0.1201492
STK33|S441	1.0178626	0.00074755505
STK38L|S454	1.0159814	0.0013752374
STK39|S370_S371	1.0	0.0
STK39|S385	1.117715	0.11222066
STK39|T354	1.1079849	0.13305026
STK3|S344	1.0	0.0
STK3|S43	1.0	0.0
STK3|S434	1.0	0.0
STK4|S320	1.0493808	0.045473527
STK4|S410	1.0	0.0
STK4|S414	1.0	0.0
STK4|S438	0.9871225	-0.025402319
STMN1|S16	1.1143448	0.15805095
STMN1|S16_S25	1.0	0.0
STMN1|S25	0.97116315	-0.07094796
STMN1|S31	1.0	0.0
STMN1|S38	0.97703016	0.036200758
STMN1|S46	1.1566402	0.18859878
STMN1|S63	1.0117404	0.101299345
STOML2|T282	1.0	0.0
STOML2|T327	0.9993714	0.0016275154
STOM|S10	0.88490385	0.103179604
STOM|T7_S10	1.0	0.0
STON2|S302	1.0	0.0
STON2|S342	1.0821505	0.08360515
STON2|S746	1.0	0.0
STON2|S762	1.0193152	0.008814036
STRAP|S312	1.0	0.0
STRIP1|S335	1.0039426	-0.00319554
STRIP1|S390	0.9697968	-0.031299286
STRIP1|S788	1.0	0.0
STRIP2|S354	0.9390781	-0.10943402
STRN3|S202	1.0060607	0.016420944
STRN3|S214	1.0	0.0
STRN3|S229	1.022534	0.017048301
STRN4|S206	1.0023514	0.0041317316
STRN4|S276	1.0	0.0
STRN4|S342	0.99925625	-0.0022991023
STRN|S245	1.020188	0.04763358
STRN|S259	1.0045577	0.005369239
STRN|T143	1.0	0.0
STT3B|S21	1.0149983	0.014251056
STT3B|S29	0.99871737	0.053858284
STT3B|S498	0.9253719	-0.07321278
STT3B|S498_S499	1.0	0.0
STUB1|S19	1.0640386	0.022691783
STUB1|S19_S23	1.0	0.0
STUB1|S23	0.9523412	-0.051760126
STUB1|S25	1.0	0.0
STUB1|S273	0.9828463	-0.018508637
STX10|S108	1.0	0.0
STX12|S142	1.0252105	0.012690621
STX16|S41	0.9966745	0.0937952
STX17|S289	0.9639186	-0.003114788
STX1A|S14	1.1816694	0.19702345
STX4|S117	0.9621228	-0.0025121367
STX4|S14_S15	1.0	0.0
STX4|S36	0.97239476	-0.024900073
STX4|Y115	1.0	0.0
STX6|S51	1.0	0.0
STX7|S129	1.0627761	0.049282163
STX7|S131	0.9948698	-0.017463166
STX7|S205	1.0	0.0
STX7|S45	1.0199496	0.028336171
STX7|T41	1.0	0.0
STX7|T79	1.0108112	0.019518455
STXBP4|S10	1.0	0.0
STXBP5|S1058	1.0	0.0
STXBP5|S1131	1.0280755	0.03973585
STXBP5|S692	0.93579835	-0.006121356
STXBP5|S759	1.0	0.0
STXBP5|S782	1.0942953	0.109614246
STXBP5|S785	1.0558689	0.067321494
SUB1|S104	1.0	0.0
SUB1|S118	0.9521992	-0.04669019
SUB1|S15	1.0263803	-0.012497712
SUB1|S15_S17	1.0	0.0
SUB1|S17	1.0698953	0.031304285
SUB1|S17_S19	1.0	0.0
SUB1|S19	1.0900009	0.027520724
SUCLA2|S279	0.9762141	-0.019991532
SUCO|S710	1.0	0.0
SUCO|S732	1.0	0.0
SUDS3|S45	0.94631153	-0.05075956
SUDS3|S45_T49	1.0	0.0
SUDS3|S45_T49_S53	1.0	0.0
SUFU|S346	1.0284873	0.03477412
SUGP1|S409	1.0474205	0.05335174
SUGP1|S409_S411	1.0	0.0
SUGP1|S411	0.95607674	-0.033254653
SUGP2|S224	1.0	0.0
SUGP2|S277	1.0677208	0.06581588
SUGP2|S315	0.91523093	0.02311294
SUGP2|S887	1.0147321	0.011506714
SUGT1|T265	0.98887354	-0.022775952
SUN1|S138	0.9707828	-0.045570787
SUN1|S48	1.0504092	0.091133855
SUN2|S30	0.9836825	-0.0139901955
SUPT16H|S1023	0.9666061	0.0038241758
SUPT16H|S650	1.0437357	0.05251659
SUPT16H|S979_S982	1.0	0.0
SUPT16H|S979_S982_S986	1.0	0.0
SUPT16H|S982	0.9145844	-0.113919176
SUPT16H|S982_S986	1.0	0.0
SUPT20H|S296	1.0	0.0
SUPT20H|S492	0.96254545	-0.039258223
SUPT20H|T494	0.96813446	-0.031050958
SUPT5H|S32_S36	1.0	0.0
SUPT5H|S666	0.96230537	-0.031866252
SUPT5H|T791	1.0	0.0
SUPT5H|T806	1.0	0.0
SUPT6H|S125	1.0228132	0.03669022
SUPT6H|S73_S75_S78	1.0	0.0
SUPT6H|T1523	0.9901116	-0.012638946
SUPT7L|S108	1.0063481	-0.0009766795
SUPT7L|S334	1.0	0.0
SURF2|T190	0.9769491	-0.009807157
SURF2|T195	0.9828809	-0.016641136
SURF6|S138	0.8885269	-0.10561107
SUSD5|S105	0.80145216	-0.20614523
SUZ12|S523	1.0	0.0
SUZ12|S560	1.0	0.0
SVIL|S1322	1.014781	0.021769825
SVIL|S221	0.97042066	-0.024439918
SVIL|S245	1.0034657	0.038092885
SVIL|S261_S270	1.0	0.0
SVIL|S263_S270	1.0	0.0
SVIL|S270	1.116361	0.12843516
SVIL|S313	1.0	0.0
SVIL|S479	1.0	0.0
SVIL|S494	1.0	0.0
SVIL|S50	1.0127295	0.023876335
SVIL|S535	1.0	0.0
SVIL|S644	1.0393687	0.034681972
SVIL|S707	1.0321268	0.01420717
SVIL|S888	1.0	0.0
SVIL|S896	1.0	0.0
SVIL|S961	0.9593722	-0.028156724
SVIL|T657	0.81307125	-0.17571197
SYAP1|S313	0.99039334	-0.019473603
SYAP1|T248	1.017478	0.037788987
SYDE1|S614_S616	1.0	0.0
SYDE2|S104	1.1295563	0.12228942
SYDE2|S1082	0.96529156	-0.058097605
SYDE2|S622	1.0165309	0.026514174
SYMPK|S1243	1.0280582	0.049713854
SYMPK|S1259	0.96378356	0.040226955
SYMPK|S494	0.9677026	-0.0006737922
SYMPK|T1257_S1259	1.0	0.0
SYN1|S427	1.0	0.0
SYN1|S605	0.792259	-0.20386605
SYN1|S67	1.0	0.0
SYN2|S425	1.0	0.0
SYNCRIP|S159	1.0	0.0
SYNCRIP|S249	1.0	0.0
SYNC|S26	1.0005631	-0.018800091
SYNC|S325	0.97807306	-0.014486508
SYNE1|S5872	1.0	0.0
SYNE1|S6104	1.0	0.0
SYNE1|S6263	1.0	0.0
SYNE1|S6305	1.0	0.0
SYNE1|S8152	1.0	0.0
SYNE1|S8234	1.0	0.0
SYNE1|S8261	1.0	0.0
SYNE1|T8312	1.0	0.0
SYNE2|S166	1.0058051	0.0034984143
SYNE2|S2030	1.0	0.0
SYNE2|S2420	1.112024	0.08971727
SYNE2|S2781	1.1061854	0.12672116
SYNE2|S2781_S2784	1.0	0.0
SYNE2|S3145	1.0010033	-0.00018897426
SYNE2|S4108	1.1212927	0.11809849
SYNE2|S4136	1.0164707	0.02341867
SYNE2|S4139	1.017016	0.022304744
SYNE2|S6349	1.1483847	0.14742607
SYNE2|S6361	1.1236439	0.14175162
SYNE2|S841	1.0160453	0.012535613
SYNJ1|S1374	1.0	0.0
SYNJ1|S1518	1.0	0.0
SYNJ1|S825	1.0	0.0
SYNJ1|T1173	1.0	0.0
SYNJ2|S954	1.0	0.0
SYNM|S1038	0.999687	0.0017672175
SYNM|S1044	0.9245018	-0.09674046
SYNM|S1044_S1049	1.0	0.0
SYNM|S1049	0.85459274	-0.14568228
SYNM|S1107	0.98511267	-0.0104318615
SYNM|S1132	0.98674834	-0.023765808
SYNM|S1181	1.0	0.0
SYNM|S1217	1.0	0.0
SYNM|S1241	1.0	0.0
SYNM|S1312	1.0	0.0
SYNM|S1504	1.0	0.0
SYNM|S1540	1.0	0.0
SYNM|S384	0.87624073	-0.08833792
SYNM|S584	1.0315493	0.024326276
SYNM|S653	0.96635216	-0.013530123
SYNM|S777	1.025099	0.055983603
SYNM|S913	1.0239308	0.024297917
SYNM|T598	1.0380929	0.029048527
SYNPO2|S1030	1.0	0.0
SYNPO2|S1048	1.0	0.0
SYNPO2|S1061	1.0	0.0
SYNPO2|S1079	1.0	0.0
SYNPO2|S1107	1.0	0.0
SYNPO2|S1195	1.0	0.0
SYNPO2|S1195_S1199	1.0	0.0
SYNPO2|S1199	1.0	0.0
SYNPO2|S1208	1.0	0.0
SYNPO2|S124	1.0	0.0
SYNPO2|S181	1.0	0.0
SYNPO2|S195	1.0	0.0
SYNPO2|S212	1.0	0.0
SYNPO2|S226	1.2632589	0.24358942
SYNPO2|S243	1.0	0.0
SYNPO2|S274	1.0153116	0.016069233
SYNPO2|S488	1.0	0.0
SYNPO2|S519	1.0	0.0
SYNPO2|S573	1.0	0.0
SYNPO2|S592	1.0	0.0
SYNPO2|S623	1.0282183	0.031439397
SYNPO2|S644	1.0	0.0
SYNPO2|S674	1.0	0.0
SYNPO2|S675	1.0028782	-0.0035220531
SYNPO2|S681	1.0	0.0
SYNPO2|S698	1.0	0.0
SYNPO2|S705	1.0871224	0.08912974
SYNPO2|S712	1.0	0.0
SYNPO2|S729	1.2769293	0.30098253
SYNPO2|S871	1.0	0.0
SYNPO2|S871_S875	1.0	0.0
SYNPO2|S875	1.0	0.0
SYNPO2|S899	1.0	0.0
SYNPO2|S902	1.1891295	0.16520384
SYNPO2|S902_S906	1.0	0.0
SYNPO2|S906	1.135943	0.14175102
SYNPO2|S930	1.043302	0.043919247
SYNPO2|S967	1.0	0.0
SYNPO2|S998	1.0	0.0
SYNPO2|T595	1.0	0.0
SYNPO2|T626	1.0052749	0.00793593
SYNPO2|T724	1.0	0.0
SYNPO2|T755	1.0	0.0
SYNPO2|T790	1.0	0.0
SYNPO2|Y591	1.0	0.0
SYNPO2|Y622	1.0	0.0
SYNPO|S1028	1.0	0.0
SYNPO|S1048	1.0	0.0
SYNPO|S1048_S1056	1.0	0.0
SYNPO|S1056	1.0	0.0
SYNPO|S1070	1.0	0.0
SYNPO|S1070_S1084	1.0	0.0
SYNPO|S1084	1.0	0.0
SYNPO|S1105	1.0	0.0
SYNPO|S1115	1.0	0.0
SYNPO|S263	1.0244236	0.08774661
SYNPO|S289	1.0048248	0.017269794
SYNPO|S501	1.0	0.0
SYNPO|S525	1.0420301	0.05462197
SYNPO|S580	1.0361593	0.04042917
SYNPO|S685	0.95010215	0.058450967
SYNPO|S754	0.98268616	0.022573512
SYNPO|S754_S758	1.0	0.0
SYNPO|S779_T783	1.0	0.0
SYNPO|S814	1.0	0.0
SYNPO|S819	1.0	0.0
SYNPO|S833	0.934801	-0.053560022
SYNPO|S854	0.95228904	-0.044320274
SYNPO|S882	0.9853375	-0.011486806
SYNPO|S909	0.9755444	0.0087602865
SYNPO|T461	1.1403192	0.16384564
SYNPO|T879	1.0	0.0
SYNPO|Y885	1.0	0.0
SYNRG|S1009	1.0	0.0
SYNRG|S1075	0.89727277	-0.09417914
SYNRG|S1087	1.0051105	-0.015053999
SYNRG|S674	1.0	0.0
SYNRG|S720	1.0	0.0
SYNRG|S734	1.0	0.0
SYNRG|S752	0.9131953	-0.06941896
SYNRG|S752_S756	1.0	0.0
SYNRG|S812	0.90936095	-0.07912892
SYNRG|S812_S817	1.0	0.0
SYNRG|S841	1.0	0.0
SYNRG|S919	1.0	0.0
SYNRG|T1022	1.0	0.0
SYT7|S52	1.0934085	0.111065745
SYTL1|S216	0.9470672	-0.05493528
SYTL1|S301	1.0	0.0
SYTL1|S392	0.923018	-0.07293662
SYTL2|S301	1.0	0.0
SYTL2|S344	1.0	0.0
SYTL2|S488	1.0	0.0
SYTL2|S511	1.0213715	0.03127245
SYTL2|S562	0.99282324	-0.005227436
SYTL2|S571	1.0	0.0
SYTL3|S185	1.0	0.0
SYTL3|S203	0.93837756	-0.048927024
SYTL3|S231	1.0809504	0.07874365
SYTL3|S243	1.0	0.0
SYTL3|T157	1.0	0.0
SYTL4|S201_S204	1.0	0.0
SYTL4|S221	1.0	0.0
SYTL4|S274	0.9488951	-0.049336076
SYTL4|S296	0.99866766	-0.004023841
SYTL4|S55	0.92172015	-0.044827763
SYTL5|S147	1.129461	0.13206719
SZRD1|S107	1.0471611	0.057052102
SZRD1|S37_S39	1.0	0.0
SZRD1|S39	1.0	0.0
SZT2|S1152	1.0	0.0
SZT2|S1594	1.0	0.0
SZT2|S1660	1.0	0.0
SZT2|S1768	1.0	0.0
SZT2|S2079	1.0	0.0
SZT2|S2902	1.0	0.0
SZT2|T2377	1.0	0.0
TAB1|S378	1.0	0.0
TAB2|S372	1.0	0.0
TAB2|S524	1.0	0.0
TAB3|S126	1.0	0.0
TAB3|S385	1.0	0.0
TACC1|S119	1.0	0.0
TACC1|S147	1.0	0.0
TACC1|S163	1.0	0.0
TACC1|S169	1.0	0.0
TACC1|S190	1.0	0.0
TACC1|S234	1.0	0.0
TACC1|S60	1.0	0.0
TACC1|S682	1.0	0.0
TACC2|S1287	1.0	0.0
TACC2|S1562	1.0776948	0.08344251
TACC2|S2181	1.0	0.0
TACC2|S2226	1.2095025	0.24088849
TACC2|S2246	1.0	0.0
TACC2|S2276	1.0	0.0
TACC2|S2317	1.1926563	0.19717847
TACC2|S473	1.1783931	0.34647942
TACC2|S493	1.0	0.0
TACC2|S712	1.0	0.0
TACC2|S749	1.087904	0.08780307
TACC2|S769	1.0	0.0
TACC2|S962	1.0609872	0.077917665
TACC3|S317	1.0025702	-0.0039843908
TACC3|S434	1.0002759	-0.02850622
TACC3|S71	0.89786106	-0.068456285
TACC3|T228	1.0	0.0
TADA3|S280	1.0	0.0
TADA3|S338	1.0	0.0
TAF12|S51	0.9883961	0.0264723
TAF12|T43_S51	1.0	0.0
TAF15|S177	1.0	0.0
TAF15|S94	1.0	0.0
TAF1|T1703	1.0	0.0
TAF3|S183	0.97012246	-0.00798853
TAF3|S243	1.0	0.0
TAF3|S297	0.9720888	-0.008281768
TAF3|S667	1.0	0.0
TAF3|S755	0.9678385	-0.04157433
TAF3|T339	0.91632473	-0.07929192
TAF3|T364	0.96035683	-0.038717166
TAF4|S543	1.0	0.0
TAF6L|S501	0.9838095	-0.017299153
TAF6|S569	1.0	0.0
TAF6|S690	1.0	0.0
TAF6|S690_T697	1.0	0.0
TAF7|S159	0.9930342	-0.0075316112
TAF7|S171	0.9525667	-0.037995264
TAF7|S200	0.986545	-0.010071777
TAF7|S201	0.9826205	-0.012984781
TAF7|S213	1.0349046	0.058614273
TAF7|S264	0.9644824	-0.024386292
TAGAP|S400	1.032576	0.0029262044
TAGAP|S490	1.0	0.0
TAGAP|S59	1.0	0.0
TAGAP|S68	0.94524306	-0.044659957
TAGAP|S714	1.0	0.0
TAGLN2|S163	0.9655853	0.18973665
TAGLN2|S185	0.9061815	-0.03198869
TAGLN|S166	0.9690442	0.1818433
TAGLN|S181	1.066177	0.09868664
TAGLN|S186	1.1051675	0.13229056
TAGLN|S85	1.0	0.0
TAGLN|Y193	1.0	0.0
TALDO1|S237	1.153061	0.2676519
TANC1|S1496	1.0	0.0
TANC1|S207	1.0	0.0
TANC1|S214	1.0	0.0
TANC1|S270	0.9872545	0.0001332532
TANC1|S313	1.0454866	0.04739777
TANC1|S67	1.0311197	0.04430311
TANC1|S85	1.0	0.0
TANC1|T680	1.0	0.0
TANC2|S1530	1.0692273	0.06737461
TANC2|S1530_S1534	1.0	0.0
TANC2|S1545	1.0892164	0.0868034
TANC2|S1579	1.0	0.0
TANC2|S1827	0.9638693	-0.03717925
TANC2|S238	0.9528195	-0.045702856
TANK|S126	1.0	0.0
TANK|S129	0.9506242	-0.0123324515
TANK|S178	0.88138664	-0.11518766
TANK|S208	0.9015932	-0.059831925
TANK|S225	1.0163113	0.027105045
TANK|S354	1.0	0.0
TAOK1|S417	0.98927355	-0.011652407
TAOK1|S421	0.9253251	-0.032286208
TAOK1|S9	1.0	0.0
TAOK1|S965	0.97692543	-0.0015102376
TAOK2|S1002	1.0	0.0
TAOK2|S1011	1.0	0.0
TAOK2|S486	1.074567	0.09154308
TAOK2|S656	1.0061915	-0.008180464
TAOK2|S9	1.0	0.0
TAOK3|S324	0.97876024	-0.01137406
TAOK3|S324_S331	1.0	0.0
TAOK3|S331	1.0213426	0.012712751
TAP1|S439	1.0364016	0.04103902
TARDBP|S292	0.99149185	-0.0023222351
TARS|S39	1.1159047	0.1203698
TATDN2|S299	1.0	0.0
TATDN2|S70	0.99074787	-0.0015379007
TAX1BP1|S624	1.0	0.0
TAX1BP1|S641	1.0	0.0
TAX1BP3|S61	1.0815003	0.083325505
TBC1D10A|S390	1.0	0.0
TBC1D10A|S414	1.0	0.0
TBC1D10B|S132	0.9708186	-0.006183797
TBC1D10B|S22	0.972492	-0.025671879
TBC1D10B|S658	1.0196037	0.0121603785
TBC1D10B|S661	1.0	0.0
TBC1D10B|S678	0.9039591	-0.06279082
TBC1D10B|S687	1.0	0.0
TBC1D10B|S799	1.0	0.0
TBC1D14|S103	1.0	0.0
TBC1D14|S91	0.96772116	-0.012912258
TBC1D15|S70	1.017966	0.062380128
TBC1D16|S155	1.0	0.0
TBC1D16|S260	1.0019577	0.009970835
TBC1D17|S602	1.0	0.0
TBC1D1|S235	1.0	0.0
TBC1D1|S237	1.0906283	0.118168466
TBC1D1|S503	1.1007376	0.09037843
TBC1D1|S507	1.1165237	0.11352505
TBC1D1|S527	1.0	0.0
TBC1D1|S585	1.0	0.0
TBC1D1|S614	1.2387002	0.2228082
TBC1D1|S627	1.108144	0.11487539
TBC1D1|S743	1.0	0.0
TBC1D1|T596	1.0	0.0
TBC1D22A|T21	1.0	0.0
TBC1D22B|S132	1.0851142	0.102518946
TBC1D22B|S141	1.0434191	0.1471343
TBC1D22B|S154	1.0152408	0.0044437707
TBC1D22B|S58	1.1077118	0.11740066
TBC1D23|S469	1.0227569	0.024553703
TBC1D23|S474	1.0134383	-0.018828515
TBC1D23|S507	0.8991109	0.08449586
TBC1D23|S520	0.9944766	0.1394523
TBC1D23|T514	1.0	0.0
TBC1D24|S28	0.9480865	-0.04746912
TBC1D24|S480	1.1033593	0.117061086
TBC1D25|S522	1.0	0.0
TBC1D2B|S155	1.0365218	0.03614202
TBC1D2B|S338	1.0	0.0
TBC1D2B|S473	0.9467521	-0.05077451
TBC1D2B|T277	1.0	0.0
TBC1D2|S436	1.0	0.0
TBC1D2|T186	1.0	0.0
TBC1D2|T290	1.054677	0.058983006
TBC1D4|S341	0.9323709	-0.006492856
TBC1D4|S566	1.1780981	0.18399021
TBC1D4|S570	1.1417313	0.18855019
TBC1D4|S588	1.0869721	0.18186016
TBC1D4|S588_S591	1.047678	0.04759178
TBC1D4|S597	1.2234727	0.20574029
TBC1D4|S666	1.0219213	0.12883402
TBC1D4|S691	1.0	0.0
TBC1D4|S719	1.0	0.0
TBC1D4|T642	1.0	0.0
TBC1D5|S43	0.9863403	0.01443826
TBC1D5|S460	1.050629	0.056442276
TBC1D5|S522	0.9122957	-0.025834978
TBC1D5|S563	1.0	0.0
TBC1D5|S563_S566	1.0	0.0
TBC1D5|S566	1.0	0.0
TBC1D5|S576	1.0	0.0
TBC1D5|S586	1.0	0.0
TBC1D5|S752	1.0	0.0
TBC1D5|S796	1.0	0.0
TBC1D9B|S1121	1.0	0.0
TBC1D9B|S411	1.0401603	0.096343376
TBC1D9B|S432	0.9972316	0.0013373557
TBC1D9B|S432_S435	1.0	0.0
TBC1D9B|S435	1.006627	-0.00829431
TBC1D9B|S442	0.8803758	0.10431872
TBC1D9B|S463	1.0142708	0.012177325
TBC1D9B|S796	1.0557829	0.03776569
TBC1D9|S471	0.87620854	-0.10708829
TBCB|S123	1.0	0.0
TBCB|S31	1.0891145	0.095852874
TBCC|S168	1.0	0.0
TBCC|S199	0.99323285	-0.009261484
TBCC|S80	1.0	0.0
TBCEL|S41	1.0	0.0
TBKBP1|S335	0.91445833	-0.08318781
TBKBP1|S365	1.0	0.0
TBKBP1|S385	1.0	0.0
TBKBP1|S504	1.0356706	0.043928776
TBKBP1|S97	0.9117326	-0.10687041
TBX2|S360	1.0617424	0.07884954
TBX2|S379	0.9297105	-0.06678422
TBX2|S653	1.0850343	0.094938874
TBX2|S653_S657	1.0	0.0
TBX2|S657	1.0972209	0.103558786
TBX2|S676	1.0149835	-0.0052179913
TBX2|S705_S710	1.0	0.0
TBX2|S94	1.0	0.0
TBX3|S351_S355	1.0	0.0
TBX3|S418	1.0	0.0
TBX3|S436	1.0	0.0
TBX3|S660	1.0	0.0
TC2N|S156	1.1522125	0.22609872
TC2N|S168	0.9734131	-0.017592864
TC2N|S174	1.0905719	0.06935501
TC2N|S191	1.0	0.0
TC2N|S218	1.2044096	0.19951728
TCEA1|S100	0.9481531	-0.019785875
TCEA1|S81	0.99262357	0.02044702
TCEA1|S97	0.97654295	-0.041387785
TCEA1|T96	1.0	0.0
TCEA3|S115	0.9794729	0.014371719
TCEAL1|S123	1.0	0.0
TCEAL1|S28	1.0	0.0
TCEAL3|S121	1.0	0.0
TCEAL3|S121_S125	1.0	0.0
TCEAL3|S125	1.0	0.0
TCEAL3|S135	1.0	0.0
TCEAL3|S30	1.0	0.0
TCEAL3|S65	1.0481168	0.059382413
TCEAL4|S102	1.0502422	0.05170304
TCEAL4|S13	1.0724304	0.07219513
TCEAL4|S67	0.9639079	-0.03504222
TCEAL5|S127	1.1700593	0.19169055
TCEAL5|S127_S131	1.0	0.0
TCEAL5|S131	1.165662	0.22042575
TCEAL5|S36	1.0	0.0
TCEAL6|S121	1.0	0.0
TCEAL6|S125	1.0	0.0
TCEAL6|S30	1.0	0.0
TCF12|S67	1.0282756	0.04038798
TCF12|S98	1.0	0.0
TCF12|T313	1.0067177	0.010813729
TCF20|S1005	0.9134148	-0.07711959
TCF20|S1122	1.0	0.0
TCF20|S1259	1.0	0.0
TCF20|S1322	0.9226912	-0.07065926
TCF20|S1335	1.0233655	0.021918785
TCF20|S1522	1.0289142	0.03648059
TCF20|S1792	0.69098514	-0.17752372
TCF20|S538	0.87807363	-0.10764478
TCF20|S559	0.98421574	0.00093819166
TCF20|S574	0.9007684	-0.06850819
TCF20|S640	1.0021707	0.040414095
TCF20|S871	0.996319	-0.011021093
TCF20|T1671	1.0060341	0.030493502
TCF20|T635	1.0	0.0
TCF25|S602	0.966492	-0.035209835
TCF3|S139	1.0	0.0
TCF3|S379	0.96707225	-0.047889777
TCF3|S514	1.0	0.0
TCF4|S318	0.87021345	-0.13904732
TCF4|S355	1.0	0.0
TCF4|S515	0.9884188	-0.008831004
TCF4|S92	1.0032291	0.0067236354
TCF7L2|S177_S179	1.0	0.0
TCF7L2|S179	1.0	0.0
TCOF1|S1036	1.0	0.0
TCOF1|S1073	1.0	0.0
TCOF1|S1111	1.0449609	0.05464015
TCOF1|S1191	1.0	0.0
TCOF1|S1228	1.101501	0.114588
TCOF1|S1313	1.0	0.0
TCOF1|S1339	1.0	0.0
TCOF1|S1341	1.0	0.0
TCOF1|S1350	1.0515257	0.08575882
TCOF1|S1373	1.0	0.0
TCOF1|S1376	0.9952917	0.005642173
TCOF1|S1378	1.1102363	0.173165
TCOF1|S1410	1.0112535	0.048880406
TCOF1|S156	1.0406896	0.069229096
TCOF1|S233	1.0173546	0.04800187
TCOF1|S381	1.0939653	0.106842086
TCOF1|S446	1.0	0.0
TCOF1|S583	0.9949613	5.2365813e-05
TCOF1|S906	1.0616305	0.10641169
TCOF1|T249	0.9910641	-0.0039104843
TCOF1|T316	1.0	0.0
TCOF1|T533	0.9573098	0.006230729
TCOF1|T914	1.0	0.0
TDRD3|S349	1.0	0.0
TDRD3|S438	1.0	0.0
TDRD3|S538	1.0	0.0
TDRD3|S628	1.0	0.0
TDRD7|S245	1.0	0.0
TDRKH|T252	1.0	0.0
TEAD1|S102	1.0646414	0.061564554
TEAD3|S148	1.0001442	-0.003430092
TECR|S58	1.0	0.0
TENT2|S62	1.0	0.0
TEP1|S397	1.0339706	0.046246618
TERF2IP|S154	1.0123577	0.013230993
TERF2IP|S203	1.0143961	0.049296923
TERF2IP|S36	1.0775523	0.07451722
TERF2IP|T230	0.9812841	-0.018413257
TERF2|S365	1.0042622	0.013569223
TESK2|S286	1.0	0.0
TES|S168	0.95920527	-0.04465958
TEX10|T32	1.0	0.0
TEX2|S295	1.0	0.0
TEX2|S353	1.0508947	0.05303135
TEX2|S538	1.0	0.0
TEX2|S794	1.019882	0.018566275
TFAM|S161	1.0	0.0
TFAP2C|S252	1.0	0.0
TFAP2C|S434	1.4225162	0.4162612
TFAP4|S124	1.0854869	0.10305355
TFAP4|S139	0.95826626	-0.04582569
TFAP4|T37	1.0027204	0.003410997
TFCP2|S353	0.89063716	-0.12468278
TFE3|S229	1.0	0.0
TFE3|S443	1.0	0.0
TFE3|S443_S451	1.0	0.0
TFE3|S451	1.0	0.0
TFEB|S123_S128_S136	1.0	0.0
TFEB|S136	1.0	0.0
TFEB|S437	1.0	0.0
TFEB|S469	0.9529864	-0.050285034
TFG|S164	1.0126704	0.015296959
TFG|S166	1.0	0.0
TFG|S193	0.9646237	-0.03651353
TFG|S193_S197	1.0	0.0
TFG|S197	0.932775	-0.044835836
TFIP11|S210	0.93779546	-0.035066478
TFIP11|S392	0.9739584	-0.0112711275
TFIP11|S59	0.8949797	-0.08638076
TFIP11|S98	0.9558889	-0.04574572
TFPT|S171	1.0	0.0
TFPT|T198	1.0	0.0
TFRC|S34	0.9874921	0.103881136
TGFB1I1|S137	0.9504835	-0.05737228
TGFB1I1|S137_S141	1.0	0.0
TGFB1I1|S137_S143	1.0	0.0
TGFB1I1|S143	0.9831041	-0.0150709385
TGFB1I1|S164	1.1034572	0.09645597
TGFB1I1|S186	1.0	0.0
TGFB1I1|S192	0.9477464	-0.053654518
TGFB1I1|S192_S194	1.0	0.0
TGFB1I1|S194	0.9652181	-0.03143239
TGFB1I1|S216	1.0	0.0
TGFB1I1|S403	0.8613572	-0.010851178
TGFB1I1|S418	1.0441002	0.052806146
TGFB1I1|S68	0.979065	-0.010205831
TGFB1I1|T33	1.0	0.0
TGFBI|S649	1.0137123	0.20013319
TGFBR2|S573	1.0	0.0
TGFBRAP1|S855	1.027291	0.022854218
TGM2|S216	1.0418769	0.05839828
TGOLN2|S224	1.0283368	0.0077882125
TGOLN2|S71	1.0106759	0.078425094
TGS1|S154	1.009209	0.021049194
TGS1|S405_T407_S412	1.0	0.0
TGS1|S85_S89	1.0	0.0
TGS1|S89	1.0411178	0.040579118
THBS2|S238	1.0	0.0
THEMIS2|T593	1.0	0.0
THOC1|S560	0.93942535	-0.088108264
THOC2|S1364	0.94069237	-0.06075708
THOC2|S1393	0.91631913	-0.09287984
THOC2|S1417	0.99826807	-0.0059518428
THOC2|S1486	0.98060215	0.0013393847
THOC2|S1514_S1516	1.0	0.0
THOC2|S1516	0.90618247	-0.11756476
THOC2|S1520	0.99053043	-0.0066868654
THOC2|T1285	0.9681554	-0.029542346
THOC2|T1385	1.0	0.0
THOC2|T1443	0.9483822	-0.052435618
THOC5|S28	0.980913	0.008148729
THOC5|S307_S312_S314	1.0	0.0
THOC5|S312_S314	1.0	0.0
THOC5|T328	0.9639188	-0.053341467
THOP1|S16	1.0	0.0
THRAP3|S240	0.90664196	-0.092836544
THRAP3|S243	0.93729085	-0.03486252
THRAP3|S248	0.9012751	-0.067231044
THRAP3|S248_S253	1.0	0.0
THRAP3|S253	0.9238392	-0.0537209
THRAP3|S315_S320	1.0	0.0
THRAP3|S320	0.8857837	-0.04070684
THRAP3|S339	1.0294377	0.030450614
THRAP3|S377	0.97949094	-0.013189622
THRAP3|S379	0.9514483	-0.033696294
THRAP3|S53_S55	1.0	0.0
THRAP3|S55	0.88429946	-0.08238778
THRAP3|S575	1.031708	0.06103508
THRAP3|S672	0.9050565	-0.04103703
THRAP3|S682	0.8963312	-0.070284046
THRAP3|S698	0.911731	-0.077279314
THRAP3|S891	1.0150412	0.008301774
THRAP3|S928	0.9222292	-0.05870489
THRAP3|S928_S939	1.0	0.0
THRAP3|S939	0.90995145	-0.08419804
THRAP3|S939_T941	1.0	0.0
THRAP3|T487	0.9701239	-0.031387556
THRAP3|T874	1.1387967	0.07529036
THRAP3|Y873	1.0	0.0
THRA|S12	0.99703616	-0.020248985
THSD1|S453	0.9830027	-0.016954893
THSD1|S655	0.85783666	-0.15319517
THSD4|S197	1.0	0.0
THUMPD1|S119	0.98889744	-0.014103417
THUMPD1|S270	1.0	0.0
THUMPD1|S86	0.96847016	0.01062194
THUMPD1|S86_S88	1.0	0.0
THUMPD1|S88	0.9650005	0.030556535
TIA1|T83	0.98149264	-0.01781202
TIAL1|T102	1.0	0.0
TIAM1|S1412	1.0	0.0
TIAM1|S231	1.0834444	0.088994466
TIAM1|S52	1.0	0.0
TIAM1|T1431	1.0	0.0
TIAM1|T1456	1.0	0.0
TIMELESS|S1120	1.0	0.0
TIMELESS|S1148	1.0	0.0
TIMELESS|S1172	1.0	0.0
TINF2|S295	1.0	0.0
TJAP1|S300	0.96162766	-0.030665422
TJAP1|S320	1.0	0.0
TJAP1|S345	1.0	0.0
TJAP1|T422	0.96471816	-0.008536666
TJP1|S1035	1.0	0.0
TJP1|S1055	1.0	0.0
TJP1|S1115	1.0	0.0
TJP1|S1178	1.0	0.0
TJP1|S1202	1.0	0.0
TJP1|S1282	1.0	0.0
TJP1|S129	1.0	0.0
TJP1|S1337	1.0	0.0
TJP1|S1417	1.0	0.0
TJP1|S179	0.9429219	-0.056321878
TJP1|S179_S182_S183	1.0	0.0
TJP1|S182_S183	1.0	0.0
TJP1|S216	1.0	0.0
TJP1|S245	1.0	0.0
TJP1|S333	1.0	0.0
TJP1|S341	1.0	0.0
TJP1|S621	1.0	0.0
TJP1|S684	1.0	0.0
TJP1|S916	1.0	0.0
TJP1|S975	1.0	0.0
TJP1|S979	1.0	0.0
TJP1|T1726	1.0	0.0
TJP2|S1017	1.0	0.0
TJP2|S1159	1.0304445	0.0575104
TJP2|S1190	1.0	0.0
TJP2|S130	1.0443068	0.046646997
TJP2|S150	0.99333596	-0.008064749
TJP2|S161	1.0	0.0
TJP2|S163	0.80456036	-0.17297207
TJP2|S170	1.0366261	0.05668497
TJP2|S174	1.050618	0.06527131
TJP2|S181	1.0	0.0
TJP2|S194	1.0	0.0
TJP2|S201	1.0	0.0
TJP2|S205	1.0	0.0
TJP2|S244	0.8923621	-0.045305476
TJP2|S275	1.0	0.0
TJP2|S325	1.0696999	0.027698103
TJP2|S356	1.0	0.0
TJP2|S492	1.0	0.0
TJP2|S530	1.0	0.0
TJP2|S702	0.8721872	-0.08839752
TJP2|S733	1.0	0.0
TJP2|S944	1.0	0.0
TJP2|S986	1.0766379	0.061151054
TJP2|S997	1.0	0.0
TJP2|T1027	0.8227089	-0.17346352
TJP2|T1058	1.0	0.0
TJP2|T486	1.0	0.0
TJP3|S112	1.0368599	0.05337401
TJP3|S164	1.0817087	0.09036629
TJP3|S164_S169	1.0	0.0
TJP3|S203	1.0672745	0.10039058
TJP3|S212	1.0	0.0
TJP3|S319	1.0028353	0.0039414475
TJP3|S319_S323	1.0	0.0
TJP3|S319_S327	1.0	0.0
TJP3|S327	1.083223	0.10635159
TJP3|S346	0.9834442	-0.009607531
TJP3|S489	1.0	0.0
TJP3|S591	0.95223475	-0.0060165944
TJP3|S854	1.0	0.0
TJP3|S856	0.98471344	0.028889868
TJP3|S884	1.0	0.0
TKT|S295	1.043559	0.062228173
TKT|T287	1.06524	0.07209365
TLE1|S249	1.0	0.0
TLE1|S273_S277	1.0	0.0
TLE1|S277	1.0	0.0
TLE2|S295	1.0	0.0
TLE3|S203	1.1053438	0.11301647
TLE3|S217	1.013699	0.029644
TLE3|S240	1.1484741	0.15552127
TLE3|S245	1.1516536	0.11955854
TLE3|S263	1.0806327	0.093378104
TLE3|S263_S267	1.0	0.0
TLE3|S267	1.03248	0.049506377
TLE3|S286	1.0953357	0.10043832
TLE3|T259	1.0	0.0
TLE4|S222	0.9152793	-0.062260542
TLE4|S292	0.9367725	-0.039335288
TLK1|S159	1.024014	0.0298595
TLK1|S33_T38	1.0	0.0
TLK1|T38	1.032658	0.031927034
TLK2|S134	0.9849531	-0.014809228
TLK2|S94	0.966384	-0.042858813
TLK2|S99	1.0930856	0.097860254
TLN1|S1021	0.88229626	-0.084358364
TLN1|S1164	1.0042387	0.017707627
TLN1|S1201	0.69199497	-0.13569856
TLN1|S1225	0.9851235	0.022312704
TLN1|S1260	1.0	0.0
TLN1|S1333	1.0	0.0
TLN1|S1503	0.99534285	-0.003410007
TLN1|S1508	1.0	0.0
TLN1|S1589	1.0	0.0
TLN1|S1641	0.97918016	-0.029208502
TLN1|S1940	1.0	0.0
TLN1|S2040	0.9390749	-0.015359845
TLN1|S2162	1.0697589	0.089360036
TLN1|S2338	0.91117764	-0.11117917
TLN1|S425	1.0015627	0.017031573
TLN1|S446	0.9318743	-0.06305998
TLN1|S45	1.0	0.0
TLN1|S620	1.0283375	0.026453605
TLN1|S729	0.96407795	-0.012827905
TLN1|S883	0.916238	-0.0360022
TLN1|S945	1.0	0.0
TLN1|S979	1.035893	0.010419857
TLN1|S981	0.9933254	-0.011925545
TLN1|T1263	0.9710908	-0.006194828
TLN1|T150	1.0	0.0
TLN1|T2270	1.02091	0.013839445
TLN1|T78	1.0273468	0.026080351
TLN1|Y26	0.98057437	-0.015345569
TLN1|Y436	1.0	0.0
TLN1|Y70	1.0001693	0.0023253704
TLN2|S1023	0.9995235	-0.005207052
TLN2|S646	1.0118827	0.0075548827
TLN2|T1843	1.0154669	0.044709466
TMBIM1|S83	0.93105155	-0.054266162
TMC4|S103	1.0	0.0
TMC4|T42	1.0	0.0
TMC5|S184	0.96536267	-0.04656137
TMC5|S79	0.9334706	-0.024625551
TMC5|S998	0.9363779	-0.068891816
TMCC1|S134	1.0011667	-0.053175192
TMCC1|S382	1.0099274	0.03366008
TMCC1|S382_S392	1.0	0.0
TMCC1|S414	0.98762393	-0.005174204
TMCC3|S216	1.086254	0.11447592
TMCC3|S226	1.0	0.0
TMCC3|S46	1.2235302	0.1889034
TMED8|S158	1.0	0.0
TMEM100|S121	0.97766274	-0.013118748
TMEM102|S246	0.9488279	-0.04775767
TMEM115|S320	0.84598404	-0.15969677
TMEM115|T329	0.98319143	-0.017441913
TMEM131|S1155	0.9771611	-0.009557905
TMEM131|S1604	1.0	0.0
TMEM131|S1649	1.0029461	0.012646349
TMEM131|S1669	1.0	0.0
TMEM131|S1863	0.92649305	-0.049372304
TMEM132A|S530	1.0	0.0
TMEM132A|S914	1.0	0.0
TMEM134|S53	1.1097269	0.11560465
TMEM134|S70	1.0	0.0
TMEM134|S93	1.102852	0.12690574
TMEM163|S12	0.8692474	-0.1315895
TMEM163|S57	0.7605796	-0.2336478
TMEM179B|S192	1.0	0.0
TMEM184B|S388	0.97447073	0.027543718
TMEM201|S454	0.99150676	0.022789681
TMEM209|S201	1.0	0.0
TMEM209|S98	0.97410536	-0.042086307
TMEM214|T97	1.0	0.0
TMEM237|S25	1.0230291	0.024840444
TMEM237|S49	0.97645336	-0.025413048
TMEM237|S62	0.91401416	-0.011908366
TMEM238|S154	0.9504557	-0.021837443
TMEM245|S327	1.0401995	0.045623686
TMEM245|T36	0.9848339	-0.014473639
TMEM40|S153	1.0	0.0
TMEM51|S115	0.9402183	0.024784494
TMEM51|S182	1.0496914	0.04267292
TMEM51|S192	1.0	0.0
TMEM51|T234	1.0524112	0.03828484
TMEM87A|S414	1.0	0.0
TMEM87A|S430	1.0	0.0
TMEM87A|S479	1.0	0.0
TMEM87B|S534	1.0	0.0
TMEM94|S225	1.0	0.0
TMEM94|S231_S235	1.0	0.0
TMEM94|S235	1.0	0.0
TMEM94|S444_S445	1.0	0.0
TMEM94|S454_S455	1.0	0.0
TMEM94|S455	1.0	0.0
TMEM94|S467	1.0	0.0
TMEM9B|S68	1.0	0.0
TMF1|S112	1.0	0.0
TMF1|S199	0.94851285	-0.022808235
TMF1|S328	0.98456895	0.000169232
TMF1|S330	1.033188	0.029427098
TMF1|S344	0.98719156	0.0018271621
TMF1|S72	1.0	0.0
TMF1|S77	0.99720657	-0.0011177051
TMF1|T364	1.0	0.0
TMOD3|S25	0.9917126	0.0005410804
TMPO|S159	1.0465226	0.067494415
TMPO|S159_T160	1.0074064	0.004238799
TMPO|S168	1.0566951	0.074616104
TMPO|S184	1.0349602	0.041103445
TMPO|S272	1.0	0.0
TMPO|S306	0.9086979	-0.09336014
TMPO|S351	1.0096279	0.027292214
TMPO|S385	1.1372283	0.2115604
TMPO|S66_S67	1.0	0.0
TMPO|S66_S67_T74	1.0	0.0
TMPO|S67	0.9637988	-0.0101109715
TMPO|T160	1.0955434	0.14141363
TMPO|T208	0.8361295	-0.12969887
TMPO|T74	1.066726	0.0987645
TMPRSS13|S70	1.0	0.0
TMSB4X|S31	1.0	0.0
TMSB4X|T34	1.0	0.0
TMX1|S226	1.0	0.0
TMX1|S228	1.0	0.0
TMX1|S247	0.9753027	0.021741182
TMX1|S270	0.9009049	0.08746002
TMX2|S250	1.0	0.0
TMX2|T247	1.0	0.0
TMX4|S251	1.0772564	0.065772526
TMX4|S251_S259	1.0	0.0
TMX4|S259	1.0	0.0
TNC|S65	0.9430178	0.007900889
TNC|S65_S72	1.0	0.0
TNC|S70	1.1516694	0.1771694
TNC|S70_S72	1.0	0.0
TNC|S72	1.1946197	0.28553605
TNC|S903	1.0527246	0.08751981
TNFAIP2|S632	0.9090704	-0.09088582
TNFAIP2|S68	0.9571832	-0.04049309
TNFAIP3|S381	1.0	0.0
TNFAIP3|S573_S575	1.0	0.0
TNFAIP3|S645	1.0747598	0.08693268
TNFRSF19|S241	0.94856775	-0.054484054
TNFRSF21|S541	1.0	0.0
TNIK|S611	1.0	0.0
TNIK|S659	1.0	0.0
TNIK|S678	1.1034027	0.10801789
TNIK|S992	1.0	0.0
TNIK|T181	1.0	0.0
TNIP1|S403	1.0030022	0.0046075764
TNIP1|S627	1.0187566	0.019384498
TNIP2|S261	1.0	0.0
TNIP2|S7	1.1294746	0.13799879
TNK1|S468	1.0	0.0
TNK1|S502	1.1802801	0.20041929
TNK2|Y347	1.0	0.0
TNKS1BP1|S1004	0.9666571	-0.021651994
TNKS1BP1|S1008	1.1151847	0.14496595
TNKS1BP1|S1024	1.01454	0.021604028
TNKS1BP1|S1029	0.90298325	-0.073637195
TNKS1BP1|S1073	0.898255	-0.099709675
TNKS1BP1|S1103	0.8758061	-0.07409165
TNKS1BP1|S1138	0.9735556	-0.045426663
TNKS1BP1|S1158	0.98944056	0.08832817
TNKS1BP1|S1297	0.8931155	-0.043283287
TNKS1BP1|S1328	0.9982307	-0.0029642044
TNKS1BP1|S1383	0.98634607	-0.0047387807
TNKS1BP1|S1383_S1385	1.0	0.0
TNKS1BP1|S1385	0.94799435	-0.0419995
TNKS1BP1|S14	0.97333074	-0.028483542
TNKS1BP1|S1473_S1476	1.0	0.0
TNKS1BP1|S1533	1.0757122	0.08241381
TNKS1BP1|S1545	1.0392418	0.076553605
TNKS1BP1|S1554	0.9567825	-0.03391276
TNKS1BP1|S1620	1.0429746	0.060975745
TNKS1BP1|S1620_S1621	1.0	0.0
TNKS1BP1|S1621	1.0629711	0.08762464
TNKS1BP1|S1652	0.9074941	-0.070327386
TNKS1BP1|S1666	0.9583921	0.028289383
TNKS1BP1|S178	0.91889215	-0.035568897
TNKS1BP1|S221	0.8654215	0.004011527
TNKS1BP1|S221_S228	1.0	0.0
TNKS1BP1|S228	0.92236775	-0.030829994
TNKS1BP1|S244	1.1398069	0.16327107
TNKS1BP1|S429	0.96491635	0.07469661
TNKS1BP1|S429_S435	1.0	0.0
TNKS1BP1|S435	0.9023173	-0.06280524
TNKS1BP1|S437	0.9727638	0.033290617
TNKS1BP1|S494	0.95709467	-0.009231205
TNKS1BP1|S494_S498	1.0	0.0
TNKS1BP1|S498	0.912479	-0.06873414
TNKS1BP1|S498_T501	1.0	0.0
TNKS1BP1|S601	1.0083363	0.020007849
TNKS1BP1|S672	1.0667858	0.078833744
TNKS1BP1|S691	0.88920176	-0.049075797
TNKS1BP1|S691_S695	1.0	0.0
TNKS1BP1|S717	1.0282358	0.022421068
TNKS1BP1|S724	1.0912619	0.16717094
TNKS1BP1|S746	1.0	0.0
TNKS1BP1|S753	1.0	0.0
TNKS1BP1|S836	0.9939457	0.01882328
TNKS1BP1|S851	1.0545555	0.0927201
TNKS1BP1|S872	1.0294194	0.10376584
TNKS1BP1|S882	1.0975261	0.39234015
TNKS1BP1|S893	0.98899895	0.04481195
TNKS1BP1|S920	1.1706244	0.19287205
TNKS1BP1|S936	1.0616573	0.21209805
TNKS1BP1|T1282	1.170024	0.14987731
TNKS1BP1|T131	0.9414983	-0.023966515
TNKS1BP1|T239	1.0715617	0.083223246
TNPO2|S355	0.9664897	-0.033518806
TNRC18|S1127	0.9735592	-0.015834583
TNRC18|S1127_S1136	1.0	0.0
TNRC18|S1510	1.0	0.0
TNRC18|S1540	0.9564702	-0.04370706
TNRC18|S1857	0.9720806	-0.0017782045
TNRC18|S1925	1.0	0.0
TNRC18|S1989	0.86735064	-0.12718533
TNRC18|S2543	1.0	0.0
TNRC18|S263	0.9416152	-0.031437557
TNRC18|S2771	0.9674304	-0.05797044
TNRC18|S333	1.0	0.0
TNRC18|S416	1.0	0.0
TNRC18|S611	1.0	0.0
TNRC18|S991_S995_S999	1.0	0.0
TNRC18|S999	0.9479774	-0.031340554
TNRC18|T2146	0.9476954	-0.03717242
TNRC6A|S1536	1.0	0.0
TNRC6A|S1820	1.0	0.0
TNRC6A|S991	0.98532325	-0.009173157
TNRC6B|S1432	1.0	0.0
TNRC6B|S1816	0.99102354	-0.023159415
TNRC6B|S1832	0.9881505	-0.015297626
TNRC6B|S803	0.92407674	-0.0493806
TNRC6B|S879	0.9540255	-0.0346533
TNRC6C|S1033	1.0	0.0
TNRC6C|S1355	1.0	0.0
TNRC6C|S465	0.9636107	-0.035205286
TNRC6C|S568	1.0	0.0
TNRC6C|S714	1.0400131	0.040461708
TNS1|S1035	1.0	0.0
TNS1|S1106	1.0	0.0
TNS1|S1111	1.0	0.0
TNS1|S1113	1.0779016	0.08079172
TNS1|S1164	1.0	0.0
TNS1|S1177	0.94260687	-0.04816627
TNS1|S1179	1.0	0.0
TNS1|S1192	0.8945367	-0.0018393333
TNS1|S1256	1.0	0.0
TNS1|S1269	1.0749958	0.11991911
TNS1|S1284	1.0	0.0
TNS1|S1294	1.0	0.0
TNS1|S1301	1.0	0.0
TNS1|S1307	1.028244	0.0142127145
TNS1|S1314	1.0008992	0.0018914422
TNS1|S1368	1.0	0.0
TNS1|S1380	1.0	0.0
TNS1|S1381	1.0604017	0.079351984
TNS1|S1387	1.0	0.0
TNS1|S1393	1.016917	-0.0055472353
TNS1|S1400	0.9580727	-0.048907913
TNS1|S1410	1.0	0.0
TNS1|S1433	1.0	0.0
TNS1|S170	1.0	0.0
TNS1|S338	1.0549272	0.08073751
TNS1|S433	0.91483665	-0.07431365
TNS1|S445	1.019917	0.1086127
TNS1|S465	1.0	0.0
TNS1|S471	1.0	0.0
TNS1|S583	1.0140066	0.011778701
TNS1|S621	0.92155516	-0.047425915
TNS1|S681	1.0	0.0
TNS1|S681_T688	1.0	0.0
TNS1|S692	1.0044333	0.011661658
TNS1|S701	1.0	0.0
TNS1|S701_S708	1.0	0.0
TNS1|S733	1.0010188	0.016986484
TNS1|S742	0.97210824	-0.020543447
TNS1|S756	0.98413	0.00014404692
TNS1|S764	0.86134094	-0.13044906
TNS1|S772	0.885222	-0.11446084
TNS1|S783	0.981276	-0.0036357976
TNS1|S899	0.9489471	-0.05251237
TNS1|S899_S907	1.0	0.0
TNS1|S907	1.0067198	0.0063389568
TNS1|S907_S915	1.0	0.0
TNS1|S915	0.9077642	-0.071148254
TNS1|S915_S920	1.0	0.0
TNS1|S926	1.0	0.0
TNS1|S948	1.0	0.0
TNS1|S962	0.98696744	-0.0045361044
TNS1|S963	0.95877606	-0.036928676
TNS1|S971	1.0882107	0.072291635
TNS1|T1176_S1179	1.0	0.0
TNS1|T1189_S1192	1.0	0.0
TNS1|T1315	1.0	0.0
TNS1|T688	0.9891216	-0.012966357
TNS1|T775	0.8874836	-0.1130728
TNS1|T860	1.0660734	0.090791635
TNS1|T959	1.0	0.0
TNS1|Y339	1.0	0.0
TNS1|Y903	1.0068839	0.005370755
TNS2|S1001	1.0	0.0
TNS2|S1013	1.0	0.0
TNS2|S128	1.0	0.0
TNS2|S130	1.0	0.0
TNS2|S43	1.0	0.0
TNS2|S491	1.0	0.0
TNS2|S821	1.0	0.0
TNS2|S830	0.9562485	-0.03877556
TNS2|S830_S835	1.0	0.0
TNS2|S835	0.9424098	-0.061885305
TNS2|S840	1.0	0.0
TNS2|S842	1.0	0.0
TNS2|S845	1.073006	0.089289784
TNS2|S941	0.96104753	0.003831401
TNS2|S951	1.0	0.0
TNS2|T101	1.0	0.0
TNS2|T1192	1.0	0.0
TNS2|Y493	1.0	0.0
TNS3|S1149	0.9621115	-0.056166288
TNS3|S1154	0.93233883	-0.06520284
TNS3|S1441	1.036157	0.13885613
TNS3|S332	1.0381168	0.03795374
TNS3|S418	0.8802801	-0.1269349
TNS3|S440	1.0	0.0
TNS3|S660	1.0348057	0.037196163
TNS3|S690	0.9427778	-0.03812758
TNS3|S732	1.0	0.0
TNS3|S776	1.0	0.0
TNS3|S811	1.0	0.0
TNS3|S850	0.88392955	-0.073058054
TNS3|S901	0.99559855	-0.004695425
TNS3|T1214	1.0	0.0
TNS3|T656	1.0	0.0
TNS4|S350	1.0	0.0
TNXB|S3649	0.93358713	-0.06317989
TNXB|T3648	1.0	0.0
TOB2|S222	1.069038	0.07148449
TOE1|S428	0.9331293	-0.07224013
TOM1L1|S323	0.9235676	-0.0690382
TOM1L2|S110	1.0	0.0
TOM1L2|S160	0.9337629	-0.065489314
TOM1L2|S344	1.0	0.0
TOM1L2|S429	1.0	0.0
TOM1L2|T114	1.0	0.0
TOM1|S127	1.0	0.0
TOM1|S160	0.9245942	-0.06899289
TOM1|S160_T164	1.0	0.0
TOM1|S322	1.0	0.0
TOM1|S355	0.931172	0.05299369
TOM1|S359	1.078137	0.077247985
TOM1|T154	1.0	0.0
TOM1|T164	0.91718364	-0.08416007
TOMM34|S186	1.0115687	0.033454902
TOMM70|S91	0.94771135	-0.020972267
TOMM70|S96	0.98710364	-0.013969692
TOMM70|T85_S91	1.0	0.0
TONSL|S719	1.0933071	0.11295229
TOP1|S394	1.00108	0.0027352069
TOP2A|S1106	0.9997478	0.04703552
TOP2A|S1213	1.1827431	0.18657783
TOP2A|S1247	0.9731181	0.0075043277
TOP2A|S1351_S1354	1.0	0.0
TOP2A|S1354	1.1438894	0.13884693
TOP2A|S1374	1.0412303	0.16079691
TOP2A|S1374_S1377	1.0	0.0
TOP2A|S1377	1.0567658	0.19471394
TOP2B|S1331	1.0	0.0
TOP2B|S1337	1.0	0.0
TOP2B|S1337_S1339	1.0	0.0
TOP2B|S1339	1.0	0.0
TOP2B|S1370	1.0	0.0
TOP2B|S1395	1.0	0.0
TOP2B|S1395_S1408	1.0	0.0
TOP2B|S1395_T1398	1.0	0.0
TOP2B|S1408	1.0	0.0
TOP2B|S1436	1.0	0.0
TOP2B|S1444	1.0	0.0
TOP2B|S1447	1.0	0.0
TOP2B|S1449	1.1346002	0.09615067
TOP2B|S1461	0.96955013	-0.041601956
TOP2B|S1466	1.0479943	0.0682147
TOP2B|S1468	1.0	0.0
TOP2B|S1471	1.0617518	0.06514267
TOP2B|S1517	1.0	0.0
TOP2B|S1517_S1519	1.0	0.0
TOP2B|S1517_S1519_S1521	1.0	0.0
TOP2B|S1519	1.0	0.0
TOP2B|S1519_S1521	1.0	0.0
TOP2B|S1545	1.0	0.0
TOP2B|S1545_S1547	1.0	0.0
TOP2B|S1547	1.0	0.0
TOP2B|S1576	1.0152535	0.015832894
TOP2B|T1287	1.0	0.0
TOP2B|T1312	1.0	0.0
TOP2B|T1398	1.0	0.0
TOPORS|S45	1.0	0.0
TOPORS|S585	0.9907108	0.0063513992
TOPORS|S98	0.98992515	-8.3371175e-05
TOR1AIP1|S135	1.0	0.0
TOR1AIP1|S135_S143	1.0	0.0
TOR1AIP1|S143	0.8177348	-0.13637368
TOR1AIP1|S154_S156_S157	1.0	0.0
TOR1AIP1|S156_S157	0.9989403	-0.004111879
TOR1AIP1|S316	1.0	0.0
TOR1AIP1|S79	0.9919072	-0.12092357
TOR1AIP2|S120	1.0037916	0.008181297
TOR4A|S63	1.0	0.0
TOR4A|S97	1.0014681	0.005082364
TP53BP1|S1030	1.0	0.0
TP53BP1|S1033	1.0	0.0
TP53BP1|S1072	1.0	0.0
TP53BP1|S1073	1.0	0.0
TP53BP1|S1099	1.0	0.0
TP53BP1|S1099_S1106	1.0	0.0
TP53BP1|S1106	1.0	0.0
TP53BP1|S1119	1.0	0.0
TP53BP1|S1431	1.0	0.0
TP53BP1|S1431_S1435	1.0	0.0
TP53BP1|S1435	1.0	0.0
TP53BP1|S1467	1.0	0.0
TP53BP1|S1623	1.0	0.0
TP53BP1|S1678	1.3643088	0.39514065
TP53BP1|S1683	1.0	0.0
TP53BP1|S227	1.0	0.0
TP53BP1|S270	1.0	0.0
TP53BP1|S285	1.0	0.0
TP53BP1|S299	1.0	0.0
TP53BP1|S371	1.0	0.0
TP53BP1|S384	1.0	0.0
TP53BP1|S385	1.0	0.0
TP53BP1|S403	1.0	0.0
TP53BP1|S505	1.0	0.0
TP53BP1|S505_S512	1.0	0.0
TP53BP1|S512	1.0	0.0
TP53BP1|S530	0.98753625	-0.011646741
TP53BP1|S557	1.0	0.0
TP53BP1|S571	1.0	0.0
TP53BP1|S585	1.0	0.0
TP53BP1|S664_S665_S667	1.0	0.0
TP53BP1|S68	1.0	0.0
TP53BP1|S729	1.0	0.0
TP53BP1|S732	1.0	0.0
TP53BP1|S776	1.0	0.0
TP53BP1|S814	1.0	0.0
TP53BP1|S836	1.0	0.0
TP53BP1|S867	1.0	0.0
TP53BP1|T1614	1.0	0.0
TP53BP1|T1643	1.0	0.0
TP53BP1|T553	1.0	0.0
TP53BP1|T927	1.0	0.0
TP53BP1|Y527	1.0	0.0
TP53BP2|S302	1.0	0.0
TP53BP2|S486	1.0	0.0
TP53BP2|S575	1.0	0.0
TP53BP2|S582	1.0	0.0
TP53BP2|S704	1.0	0.0
TP53BP2|S720	1.0	0.0
TP53BP2|S789	1.0	0.0
TP53I11|S14	0.9960572	0.03928302
TPD52L1|S108	1.0	0.0
TPD52L1|S120	1.0	0.0
TPD52L1|S142	1.0	0.0
TPD52L1|S154	1.0	0.0
TPD52L1|S57	1.0	0.0
TPD52L1|S86	1.0556681	0.05503945
TPD52L2|S129	1.0	0.0
TPD52L2|S146	1.0	0.0
TPD52L2|S149	0.95593023	-0.03693953
TPD52L2|S157	1.0	0.0
TPD52L2|S166	0.9777043	0.04595564
TPD52L2|S169	1.0	0.0
TPD52L2|S177	1.0	0.0
TPD52L2|S189	1.0	0.0
TPD52L2|S21	1.0066212	0.030045468
TPD52L2|S96	0.9709288	-0.0035037934
TPD52L2|T23	0.9939749	0.014559655
TPD52|S176	1.0733858	0.09813064
TPD52|S36_S40	1.0	0.0
TPI1|S195	1.0	0.0
TPI1|S21	1.0	0.0
TPI1|S212	1.0	0.0
TPI1|S80	1.0	0.0
TPI1|T173	1.0	0.0
TPM1|S129	1.0	0.0
TPM1|S138	1.0	0.0
TPM1|S174	1.0472116	0.06113024
TPM1|S216	1.0	0.0
TPM1|S252	1.0	0.0
TPM1|S51	1.0	0.0
TPM1|S87	1.0	0.0
TPM2|S210	1.0	0.0
TPM2|S87	1.0348653	0.028082153
TPM3|S51	1.0	0.0
TPM4|S170	1.0298408	0.035823245
TPM4|S206	1.0	0.0
TPMT|S14	1.0893428	0.11812261
TPMT|S229	1.1116997	0.11233379
TPMT|Y13	1.0	0.0
TPPP3|S158	1.0	0.0
TPPP|S18	0.8079568	-0.18498723
TPPP|S32	0.8637006	-0.1047683
TPPP|S32_S35	1.0	0.0
TPPP|S45	0.90572745	-0.092525996
TPPP|T14	1.011536	0.009217926
TPPP|T14_S18	1.0	0.0
TPRN|S222	1.0	0.0
TPRN|S241	1.0	0.0
TPR|S1185	1.07781	0.04868947
TPR|S2155	0.92355174	-0.08585813
TPR|S379	0.9134551	-0.0749424
TPR|T1677	1.0	0.0
TPR|T2116	0.9666035	-0.047589537
TPR|T2137	0.88157815	-0.084796585
TPX2|S486	1.0	0.0
TPX2|S738	0.9781965	0.04072436
TPX2|T369	1.0	0.0
TPX2|T72	1.0	0.0
TRA2A|S100	0.8580225	-0.02026915
TRA2A|S173	1.0	0.0
TRA2A|S197	1.0	0.0
TRA2A|S197_S199	1.0	0.0
TRA2A|S20	0.96474886	-0.057868045
TRA2A|S236	0.97229594	-0.014872303
TRA2A|S260	0.97196805	-0.017288882
TRA2A|S260_S262	0.98817784	-0.012017923
TRA2A|S262	0.91701055	-0.1083678
TRA2A|S96_S98	1.0	0.0
TRA2A|S96_S98_S100	1.0	0.0
TRA2A|S98_S100	1.0	0.0
TRA2A|T139	1.0	0.0
TRA2A|T202	1.0394258	0.050294146
TRA2B|S20_S22	1.0	0.0
TRA2B|S20_S22_S26	1.0	0.0
TRA2B|S264	0.8580047	-0.075395234
TRA2B|S264_S266	0.9762045	-0.022057118
TRA2B|S266	0.88571846	-0.10982316
TRA2B|S29_T33	1.0	0.0
TRA2B|S95_S97	1.0	0.0
TRA2B|S95_S97_S99	1.0	0.0
TRA2B|S97_S99	1.0	0.0
TRA2B|S99	0.8764147	-0.10987082
TRA2B|T201	0.9916283	-0.0056599933
TRAF2|S102	1.0	0.0
TRAF3IP1|S410	1.0	0.0
TRAF3IP1|S491	1.0	0.0
TRAF3|S9	1.0	0.0
TRAF4|S426	0.97989565	-0.0051160473
TRAF7|S86	0.97338736	-0.02541047
TRAF7|S88	0.99644864	0.01021832
TRAF7|S94	1.0	0.0
TRAFD1|S209	1.0	0.0
TRAFD1|S278	1.0	0.0
TRAFD1|S327	1.0215579	0.043090113
TRAFD1|S415	1.00211	0.016808929
TRAFD1|S491	0.9916272	-0.064849615
TRAK1|S719	1.0105134	0.01730399
TRAK1|S919	1.0217692	0.021058172
TRAK2|S387	1.0	0.0
TRAK2|S420	0.9545417	-0.041128643
TRAK2|S889	1.0	0.0
TRAM1|S334	1.0	0.0
TRAM1|T326	1.0	0.0
TRANK1|S660	1.0	0.0
TRAP1|S401	1.0	0.0
TRAPPC10|S736	1.0	0.0
TRAPPC12|S182	0.8972347	-0.086449616
TRAPPC12|S184	0.9688663	0.002532832
TRAPPC8|S1090	1.008581	0.0022040799
TRAPPC8|S273	1.0013584	0.015786527
TRAPPC8|S279	1.0	0.0
TRAPPC8|S971	1.0	0.0
TRAPPC9|S953	0.97402793	-0.013850603
TRERF1|S491	1.1004735	0.11473474
TRERF1|S709	1.0	0.0
TRERF1|S735	1.0	0.0
TRIM11|S85	0.9945505	-0.004989975
TRIM16|S60	0.97254395	0.0075799944
TRIM16|S62	1.0	0.0
TRIM22|S379	1.0	0.0
TRIM22|S87	1.1488922	0.15660027
TRIM24|S110	1.0	0.0
TRIM24|S209	0.96950155	-0.03134412
TRIM24|S710	1.0	0.0
TRIM24|S777	1.0	0.0
TRIM24|S991	1.0	0.0
TRIM24|S991_S994	1.0	0.0
TRIM24|S994	1.0	0.0
TRIM25|S100	0.9078742	-0.03371497
TRIM25|T91	0.9652358	-0.032380246
TRIM28|S473	0.99835724	-0.02623182
TRIM28|S489	1.0	0.0
TRIM28|S50	0.9792004	0.042113062
TRIM28|S501	0.9942755	0.022477996
TRIM28|S683	0.9574822	-0.059560087
TRIM28|S697	1.0762473	0.039892048
TRIM28|S752	0.9899262	-0.013413993
TRIM28|S757	1.0813372	0.07794295
TRIM28|S823	1.0	0.0
TRIM28|S824	1.0	0.0
TRIM28|T541	0.9370295	-0.05477111
TRIM28|T620	1.0	0.0
TRIM29|S104	1.0	0.0
TRIM29|S21	1.0992717	0.091194
TRIM29|S489	1.2783426	0.24945821
TRIM2|S424	1.0654769	0.06375998
TRIM2|S424_S428	1.0	0.0
TRIM2|S428	1.132941	0.15199944
TRIM2|S440	1.0398569	0.03778592
TRIM2|S440_S443	1.0	0.0
TRIM2|S456	1.0	0.0
TRIM2|T371	0.99295974	-0.005839036
TRIM2|T371_S375	1.0	0.0
TRIM33|S1105	0.8675317	-0.12307822
TRIM33|S1119	0.96370435	-0.010704827
TRIM33|S862	0.9239163	-0.074642636
TRIM33|T1102_S1105	1.0	0.0
TRIM3|S427	1.0	0.0
TRIM3|S437	0.97674507	-0.014278326
TRIM3|S454	1.0	0.0
TRIM3|S454_S455	1.0	0.0
TRIM3|S455	1.0	0.0
TRIM3|S7	1.0318818	0.04085152
TRIM41|S447	1.0	0.0
TRIM47|S588	1.0048023	0.048449423
TRIM47|T72	1.0	0.0
TRIM56|S475	1.0001018	0.0032409576
TRIM56|T418	1.0017503	0.0054151304
TRIM56|T442	0.9856369	-0.010581328
TRIOBP|S1796	1.0104961	0.011862438
TRIOBP|S1925	1.0	0.0
TRIOBP|S1949	0.9949139	-0.0041297213
TRIOBP|S1955	1.0818666	0.060961496
TRIOBP|T1965	1.0165689	0.009335944
TRIO|S1724	1.012087	-0.017598866
TRIO|S1785_S1786	1.0	0.0
TRIO|S1818	0.9804599	-0.01788676
TRIO|S2282	1.0	0.0
TRIO|S2455	0.9641858	-0.043318775
TRIO|S2455_S2459	1.0	0.0
TRIO|S2476	1.0	0.0
TRIO|S2477	0.9914685	-0.008803869
TRIO|S2662	1.0	0.0
TRIP10|S296	1.0816017	0.08257456
TRIP10|S351	1.0	0.0
TRIP10|S354	0.99100494	-0.017022455
TRIP11|S1000	1.0	0.0
TRIP11|S1890	1.0	0.0
TRIP12|S1045	1.0	0.0
TRIP12|S1078	0.6562982	-0.3105621
TRIP12|S1161	1.0	0.0
TRIP12|S117_S119	1.0	0.0
TRIP12|S119	1.0	0.0
TRIP12|S1296	1.0	0.0
TRIP12|S1365_S1370	1.0	0.0
TRIP12|S142	1.0	0.0
TRIP12|S1424_T1425	1.0	0.0
TRIP12|S352_S354	1.0	0.0
TRIP12|S354	1.0	0.0
TRIP12|S382	1.0	0.0
TRIP12|S472	1.0	0.0
TRIP6|S215	1.0	0.0
TRIP6|S424	1.0	0.0
TRIP6|S92	1.0	0.0
TRIR|S114	1.0	0.0
TRIT1|S429	1.0	0.0
TRMT13|S379	1.0	0.0
TRMT13|S397	1.0620412	0.0821263
TRMT1L|S612	1.0892981	0.05042579
TRMT1|S625	1.0143142	0.01824087
TRMT1|Y622	1.0	0.0
TROVE2|S19	1.0134672	0.0132304765
TRPM4|S988	1.0	0.0
TRPM7|S1477	1.0108045	0.010742235
TRPM7|S1503	1.0	0.0
TRPM7|S1568	1.0	0.0
TRPS1|S131	1.0	0.0
TRPS1|S182	1.0	0.0
TRPS1|S220	1.0	0.0
TRPS1|S896	1.0	0.0
TRPS1|S982	1.0	0.0
TRPS1|T755	1.0	0.0
TRRAP|S2051	1.0168061	0.0024963238
TRRAP|S2530	0.9799944	-0.021483565
TSC1|S1080	0.9980823	0.0032564385
TSC1|S1100_S1102	1.0	0.0
TSC1|S427	1.0	0.0
TSC1|S487	1.0283967	0.0056990986
TSC1|S505	1.0359602	0.07306803
TSC1|S673	1.0	0.0
TSC22D2|S171	0.98539203	-0.018545382
TSC22D3|S10	1.0	0.0
TSC22D3|S188	1.0	0.0
TSC22D3|S42	1.0	0.0
TSC22D3|S73	1.0	0.0
TSC22D4|S104	1.0	0.0
TSC22D4|S123	1.0	0.0
TSC22D4|S165	0.9302028	0.04134603
TSC22D4|S215	1.0	0.0
TSC22D4|S279	1.0211457	0.019324636
TSC22D4|S370	1.0	0.0
TSC22D4|S49	1.0	0.0
TSC22D4|S62	1.0076392	0.017902441
TSC22D4|T211	0.8803254	-0.108376615
TSC22D4|T229	0.9293181	-0.07180458
TSC2|S1130	1.0029691	0.023600964
TSC2|S1132	0.961651	-0.0032510287
TSC2|S1155	1.0	0.0
TSC2|S1254	1.0	0.0
TSC2|S1346	1.0	0.0
TSC2|S1371	0.9767581	-0.023675531
TSC2|S1411	1.014805	0.029774707
TSC2|S1420	0.9975275	-0.0060691936
TSC2|S1452	0.98031306	0.0015377704
TSC2|S923	1.0	0.0
TSC2|S981	1.0	0.0
TSEN2|S215	1.0	0.0
TSEN54|S267	1.0	0.0
TSEN54|S76	1.0	0.0
TSG101|T220	1.0	0.0
TSHZ1|S489	1.0262519	0.02868972
TSHZ3|S463	1.0	0.0
TSHZ3|S682	1.0573964	0.057900757
TSNAX|S7	0.9308045	-0.07893399
TSNAX|T165	1.0	0.0
TSSC4|S93	1.0	0.0
TTC14|S629	0.8001309	-0.11664196
TTC25|S542	1.0	0.0
TTC25|S616	0.9808559	-0.011710133
TTC28|S2079	1.0	0.0
TTC28|S2108	1.047521	0.044025112
TTC28|S2120	1.0	0.0
TTC28|S28	0.9964993	0.013232685
TTC28|S47	1.0747066	0.08079724
TTC31|S278	0.94222033	-0.04850809
TTC31|S434	1.0	0.0
TTC33|S197	0.96213716	-0.016241957
TTC33|T194	0.9640674	-0.024614051
TTC33|T251	1.0	0.0
TTC3|S1009	1.0	0.0
TTC4|S51	1.0170498	-0.0021110657
TTC7A|S182	0.9767444	0.012755077
TTC7A|S51	1.0536073	0.057258796
TTC7A|S671	1.0	0.0
TTC7A|S721	1.0	0.0
TTC7B|S160	1.0191122	0.030156175
TTC7B|S202	1.0	0.0
TTC7B|S677_S678	1.0	0.0
TTC9|S105	1.0	0.0
TTC9|S15	1.0	0.0
TTF1|S487	0.9939125	-0.013078284
TTF1|S872	0.97049385	-0.031309612
TTF2|S396	1.0	0.0
TTK|S281	1.0	0.0
TTK|S435	1.0	0.0
TTK|S820	1.0	0.0
TTYH3|S437	1.021973	0.035670765
TTYH3|S496	1.032612	0.029366342
TUBA1A|S158	1.0	0.0
TUBA1C|S158	0.96428	-0.049932763
TUBA1C|S228	1.0	0.0
TUBA4A|S143	1.0	0.0
TUBA4A|S158	0.9160117	-0.100053646
TUBA4A|S325	1.0	0.0
TUBA4A|S340	1.0	0.0
TUBB2A|S75	1.0	0.0
TUBB2A|S95	1.0	0.0
TUBB3|S75	1.0	0.0
TUBB4A|S146	1.0	0.0
TUBB|S172	1.0	0.0
TUBB|S75	0.9526162	-0.033553343
TUBB|S95	1.0	0.0
TUT1|S682	1.0	0.0
TUT4|S156	1.0183976	-0.017121617
TUT4|S209	0.8842628	-0.09180312
TUT4|S831	1.0	0.0
TUT7|S132	1.0973387	0.10033801
TWF1|S143	0.9425916	-0.05438943
TWF2|S167	1.0493184	0.03389138
TWISTNB|S316	1.0037678	0.004181407
TWISTNB|S328	1.0	0.0
TXLNA|S495	1.12057	0.16144922
TXLNA|S515	1.062839	0.06512623
TXLNG|S105	0.8799548	-0.07426726
TXLNG|S97	1.0100485	0.03043908
TXNL1|S113	0.97412544	-0.012107178
TXNRD3|S32	0.9695771	-0.042767785
TXNRD3|S4	1.0386941	0.04205109
TYK2|S884	1.0	0.0
TYK2|Y292	1.0515975	0.040941883
TYMP|S50	1.0821385	0.088836536
TYMP|T151	1.0	0.0
TYMP|T154	1.0	0.0
U2AF1|S145	1.0	0.0
U2AF1|S19	1.0	0.0
U2AF2|S79	0.9054876	-0.0325511
U2AF2|T124	1.0	0.0
U2AF2|T126	1.0	0.0
U2AF2|T133	0.9672737	-0.034786686
U2SURP|S202	1.0	0.0
U2SURP|S244	1.0395557	0.01863503
U2SURP|S485	1.1628367	0.10486887
U2SURP|S67	0.90121764	-0.038486455
U2SURP|S731	1.0	0.0
U2SURP|S788_S800	1.0	0.0
U2SURP|S811	1.0	0.0
U2SURP|S946_S948_S951	1.0	0.0
U2SURP|S974	0.9308114	-0.0378697
U2SURP|T919	0.8891563	-0.07596355
UACA|S1340	1.0	0.0
UBA1|S1044	1.0	0.0
UBA1|S13	1.0095968	-0.024699176
UBA1|S46	0.94796556	-0.040751077
UBA1|S628	1.0	0.0
UBA1|S810	0.91320205	-0.07864201
UBA1|S816	0.9948793	-0.0024416496
UBA1|S816_S820	1.0	0.0
UBA1|S820	1.0	0.0
UBA1|S835	1.0	0.0
UBA2|S207	1.0989878	0.099500634
UBA2|S229	0.96771634	-0.029923066
UBA3|S336	1.0	0.0
UBA5|S358	1.0	0.0
UBA6|S36	0.95620066	-0.019842993
UBA7|S24	1.0828162	0.084823176
UBAC1|S332	1.0	0.0
UBAC1|S98	0.90041316	-0.06411116
UBAP1|S210	1.0	0.0
UBAP1|S269	1.0	0.0
UBAP1|S317	1.0	0.0
UBAP2L|S116	0.8877522	-0.10950842
UBAP2L|S416	1.059201	0.06234725
UBAP2L|S464	1.0	0.0
UBAP2L|S467	0.97439164	-0.006280958
UBAP2L|S859	1.0934395	0.090779185
UBAP2L|S870	1.0	0.0
UBAP2L|S992	1.0164425	0.038886867
UBAP2L|T843	1.0	0.0
UBAP2|S473	1.0108967	0.005384182
UBASH3B|S342	1.0	0.0
UBE2E2|S19	1.1008939	0.1166893
UBE2E3|S8	0.90435064	-0.06677855
UBE2J1|S184	1.0	0.0
UBE2J1|S266	0.9189784	-0.07650536
UBE2M|S28	0.990046	0.035562504
UBE2O|S115	1.0791384	0.074163765
UBE2O|S399	1.0164297	0.019210644
UBE2O|S411	1.0256108	0.02600826
UBE2O|S836	0.97903186	-0.021046236
UBE2O|S839	0.98128587	-0.016292438
UBE2O|S87_S89	1.0	0.0
UBE2O|S896	1.0159434	0.018119646
UBE2O|T838	1.0	0.0
UBE3C|S15	1.0	0.0
UBE3C|S672	1.0	0.0
UBE4B|S105	1.0358593	0.056142185
UBE4B|S124	1.0188947	0.02300977
UBE4B|S1265	1.0369291	0.035464127
UBE4B|S238	1.0	0.0
UBE4B|S31	0.96203095	-0.028494643
UBE4B|S803	1.1527061	0.1723145
UBE4B|S88	0.95464194	-0.04298521
UBE4B|S90	1.0	0.0
UBL7|S230	1.0304953	0.03551445
UBN1|S173	0.99971	0.02767034
UBN1|S173_S175	1.0	0.0
UBN1|S175	0.950973	-0.05236632
UBN1|S493	0.85694265	-0.04882552
UBN1|S660	0.917827	-0.07626164
UBN1|S821	1.0	0.0
UBN2|S11	1.0	0.0
UBN2|S1123	0.99029803	-0.011180907
UBN2|S13	0.9671855	-0.027421398
UBN2|S250_T252	1.0	0.0
UBN2|S584	1.002371	0.0060038283
UBR1|S1593	1.0030701	-0.003717348
UBR1|T21	1.0164216	0.01977612
UBR3|S1055	1.0150149	-0.0036061585
UBR4|S178	0.9433184	-0.029445205
UBR4|S181	0.99362403	0.005821642
UBR4|S3860	1.0	0.0
UBR4|T2724	1.0591314	0.071116
UBR5|S1549	0.89700705	-0.098030195
UBR5|S1990	0.9604441	-0.041766845
UBR5|S2011	0.98188454	-0.017330807
UBR5|S2241	0.9880992	-0.03043379
UBR5|S327	0.9664722	0.029047465
UBR5|S636	1.008989	0.013393549
UBR5|S636_T637	1.0	0.0
UBTF|S352	1.0	0.0
UBTF|S509	1.0	0.0
UBXN1|S199	1.0	0.0
UBXN1|S200	1.0	0.0
UBXN2B|S216	1.0880201	0.10783545
UBXN2B|S234_S235	1.0	0.0
UBXN2B|S235	1.1021947	0.100420676
UBXN6|S43	1.0	0.0
UBXN7|S106	0.84216785	-0.13418601
UBXN7|S280	0.8801335	-0.06509458
UBXN7|S288	1.0294304	0.024363637
UBXN7|S350	1.049973	0.05178108
UCHL3|S94	1.0	0.0
UCK1|S244	1.0	0.0
UCKL1|S56	1.0321882	0.021469329
UFD1|S224	1.0	0.0
UFD1|S242	1.0	0.0
UFD1|S247	1.0	0.0
UFD1|S294	1.0009079	-0.0014254061
UFD1|S299	1.0041595	0.16714431
UFL1|S458	0.9751164	-0.015845904
UGDH|S476	0.9726759	0.07907126
UGDH|T91	1.2721926	0.3211366
UGP2|S13	0.9347907	-0.040960655
UGP2|S448	1.0	0.0
UHRF1BP1L|S891	0.992997	-0.006240773
UHRF1BP1L|S953	0.93717337	-0.017867662
UHRF1BP1L|S989	1.0242804	0.037807934
UHRF1BP1|S918_S921_S922	1.0	0.0
UHRF1|S287	1.089714	0.09096326
UHRF2|S667	0.92535967	-0.04155941
UIMC1|S101	1.1393082	0.18933618
UIMC1|S350	0.9817055	-0.020471122
UIMC1|S44_S46	1.0	0.0
UIMC1|S627	1.0	0.0
UIMC1|S653	0.95052654	-0.04756913
UIMC1|S677	1.0085057	0.029745184
ULK1|S450	0.9594103	-0.021126999
ULK1|S477_S479	1.0	0.0
ULK1|S556	1.0	0.0
ULK1|S623	0.984715	-0.00813071
ULK1|S638	1.0	0.0
ULK1|T660	1.0	0.0
UMPS|S214	1.0406327	0.030013246
UNC13B|S176	1.0761088	0.07678219
UNC13B|S254	1.0637003	0.052580357
UNC13B|S359	1.0090545	0.015881618
UNC45A|S472	1.0	0.0
UNC5B|S517	1.0	0.0
UNC93B1|S547_S550	1.0	0.0
UNG|S23	1.0890942	0.08612793
UNG|T60	0.9504724	-0.018818107
UNKL|S15	1.0	0.0
UNKL|S347	1.0	0.0
UNK|S240	1.1098478	0.09778669
UNK|S380	1.0	0.0
UNK|S385	0.94474727	-0.033359416
UNK|Y236	1.0	0.0
UPF1|S1107	0.99287605	0.014827654
UPF2|T1088	0.98404074	-0.006503331
UPF3A|S200	1.0	0.0
UPF3B|S297	1.0	0.0
UQCRC1|S107	0.9349765	-0.04928088
URI1|S372	0.9913387	-0.020052971
URI1|S418	0.91914934	-0.057138097
USE1|S154	1.0	0.0
USF2|Y154	1.0	0.0
USH1C|S201	1.2306081	0.19475894
USO1|S862	1.0	0.0
USO1|S942	0.9757176	0.011134228
USO1|S953	1.0	0.0
USO1|S953_S963	1.0	0.0
USP10|S374	1.0	0.0
USP10|S551	1.0	0.0
USP10|S567_S580	1.0	0.0
USP10|S580	1.0	0.0
USP11|S648	1.0	0.0
USP13|S630	1.0	0.0
USP14|S108	1.0	0.0
USP14|S143	1.0203114	0.04984379
USP14|T52	1.0	0.0
USP15|S229	0.90429455	-0.09466399
USP15|S961_S965	1.0	0.0
USP16|S414	1.0	0.0
USP16|S415	0.98235524	-0.014217155
USP16|S551	0.9685707	-0.0295448
USP19|S225	1.0	0.0
USP19|S345	1.0	0.0
USP1|S292	1.0	0.0
USP1|S327	0.866112	-0.12864403
USP1|S67	1.0150675	0.013708557
USP20|S112	1.0	0.0
USP20|S132	1.0174335	0.0066729863
USP20|S132_S134	1.0	0.0
USP20|S333	1.0381125	0.11672604
USP20|S413	1.0	0.0
USP24|S1141	0.88432044	-0.104136564
USP24|S1285	0.9455435	0.0008327991
USP24|S1943	0.8828512	-0.11828038
USP24|S2047	1.0294002	0.040870726
USP24|S2604	0.9872689	-0.011437591
USP24|S63	1.0	0.0
USP25|T149	1.0	0.0
USP28|S1115	1.0	0.0
USP32|S1372	1.0	0.0
USP32|T1326	1.0	0.0
USP33|S132	1.0	0.0
USP33|S377	0.929485	-0.035586387
USP34|S2488	0.9810729	-0.019309588
USP34|S3358_S3359	1.0	0.0
USP34|S3406	1.0020972	0.00037049167
USP34|T3381	1.0113587	0.013545554
USP35|S613	1.0	0.0
USP36|S18	0.93355757	-0.06126242
USP36|S464	1.0	0.0
USP36|S546	1.0	0.0
USP36|S713	1.0	0.0
USP36|S742	0.9229144	-0.04383214
USP36|S807	1.0	0.0
USP36|S952	0.97518355	-0.022754174
USP39|S46	1.0	0.0
USP39|S82	0.9953873	0.0138732735
USP40|S1211	1.0	0.0
USP40|S448	1.0	0.0
USP42|S1007	0.9964015	-0.010805541
USP42|S1133	1.0	0.0
USP42|S1166	1.0098349	-0.00854886
USP42|S1219_S1222_S1226	1.0	0.0
USP42|S856	0.9831771	-0.014569993
USP42|S936	0.97983956	-0.014814148
USP43|S813	1.0	0.0
USP47|S1005	1.0	0.0
USP47|S812	1.0	0.0
USP47|S848	1.0	0.0
USP47|S890	1.0	0.0
USP47|S913	1.0	0.0
USP47|S993	1.0	0.0
USP47|S993_T995	1.0	0.0
USP4|S655	1.0210865	0.019212486
USP54|S1036	1.008992	0.008025059
USP54|S1531	1.0167401	0.015845196
USP54|S481	1.0	0.0
USP54|S603	1.0	0.0
USP54|S979	1.0	0.0
USP5|S783	1.1007895	0.1152399
USP5|T623	0.9545564	-0.019676091
USP6NL|S408	1.0	0.0
USP6NL|S413	1.0	0.0
USP6NL|S422	1.0	0.0
USP6NL|S432	1.0	0.0
USP6NL|S452	1.0	0.0
USP6NL|S602	1.0	0.0
USP6NL|S659	1.0	0.0
USP6NL|S733	1.0	0.0
USP6NL|Y655	1.0	0.0
USP7|S18	0.9914621	-0.013127198
USP7|S963	1.0	0.0
USP7|T54	1.0	0.0
USP8|S153	0.97256196	-0.03696334
USP8|S392	0.9978662	-0.0040632063
USP8|S452	1.0	0.0
USP8|S641	0.88388866	-0.11145746
USP8|S718	1.0205468	0.047103602
USP8|S719	0.9977906	0.0143450275
USP8|T379	1.0	0.0
USP8|T577	0.93026024	0.0030776334
USP9X|S1593	1.0	0.0
USP9X|S1600	1.0130988	0.024860192
USP9X|S1609	0.9549041	-0.027334062
USP9X|S2443	1.0114477	0.020741656
USP9X|S2563	1.0778605	0.06928778
USP9X|S588	0.9841777	0.00847581
UTP14A|S29_S31	1.0	0.0
UTP14A|S31	0.90992063	-0.037519433
UTP14A|S353_S355	1.0	0.0
UTP14A|S382_S385	1.0	0.0
UTP14A|S385	1.0	0.0
UTP14A|S393	1.0	0.0
UTP14A|S401	1.0	0.0
UTP18|S121	0.93218595	-0.053378142
UTP18|S121_S124	1.0	0.0
UTP20|S2601	0.95993024	-0.013217578
UTP20|T1741	0.9515679	-0.04477254
UTP3|S365	1.0076852	-0.006687764
UTP3|S365_S368	1.0	0.0
UTP3|S368	1.1430852	0.23044717
UTP3|S37	0.9392282	-0.056659356
UTRN|S10	1.0367457	0.042467162
UTRN|S1795_S1796	1.0	0.0
UTRN|S1866	0.9781852	0.011491065
UTRN|S2213	1.0	0.0
UTRN|S2223	1.0611823	0.061660893
UTRN|S295	1.020462	0.024216415
UTRN|S784	1.0049257	0.0057873344
UVSSA|S281_S287	1.0	0.0
VAC14|T11	1.0	0.0
VAMP2|S63	1.0	0.0
VAMP2|S77	1.0	0.0
VAMP3|S44	1.0	0.0
VAMP3|S58	1.0	0.0
VAMP3|S63	1.0	0.0
VAMP4|S30	1.0151429	0.029076453
VAMP5|S41	1.066638	0.08341352
VAMP8|S18	1.0	0.0
VAMP8|T48	1.0	0.0
VAMP8|T54	0.9602722	-0.040608123
VAPA|S209	1.0	0.0
VAPB|S156	1.0087491	0.06742353
VAPB|S158	1.112722	0.11233997
VAPB|S160	0.9525951	-0.040322214
VASP|S239	1.0	0.0
VASP|T284	1.0	0.0
VASP|T335	0.92820513	-0.06276873
VAV2|S771	1.0	0.0
VCAN|S1349	1.0	0.0
VCAN|S1349_S1351	1.0	0.0
VCAN|S1954	1.0	0.0
VCAN|S2116	1.1241845	0.1711597
VCAN|S2941	1.113824	0.0819689
VCAN|T2115_S2116	1.0	0.0
VCL|S260	1.0	0.0
VCL|S272	1.0335524	0.092148714
VCL|S275	1.020889	0.049184162
VCL|S288	1.0097164	0.018847037
VCL|S288_S290	1.0	0.0
VCL|S290	0.9659113	-0.0030727468
VCL|S345	1.0153502	0.0660751
VCL|S346	1.0421804	0.07638813
VCL|S357	0.9809134	-0.011400496
VCL|S434	1.0011204	0.025659405
VCL|S52	1.0	0.0
VCL|S566	0.96890855	0.06442797
VCL|S574	1.0364838	0.038505826
VCL|S579	1.0312331	-0.0033775812
VCL|S600	1.0	0.0
VCL|S721	0.8208767	-0.005747643
VCL|S726	1.0	0.0
VCL|S787	1.1707072	0.22172107
VCL|S795	1.0227883	0.0074843387
VCL|S809	1.0048727	0.01649836
VCL|S816	1.0141953	0.01325643
VCL|S97	1.0	0.0
VCL|T602	1.0	0.0
VCL|T603	1.0	0.0
VCL|T604	0.96276027	0.0123228505
VCL|Y692	1.0264598	0.026198067
VCL|Y822	1.0383989	0.035035085
VCPIP1|S1198	0.9668404	-0.03728898
VCPIP1|S768	1.0242257	0.06050739
VCP|S197	0.99353784	-0.005256627
VDAC1|S102	0.98330164	-0.015835047
VDAC1|S104	0.93712586	-0.026325723
VDAC2|S130	1.0	0.0
VDAC2|T128	1.0	0.0
VDAC2|T83	1.0	0.0
VEPH1|S353	0.9392099	-0.06394823
VGF|S420	0.8621967	-0.14704102
VGLL4|S13	1.0	0.0
VGLL4|S52	0.9888873	0.015989605
VGLL4|S59	1.0	0.0
VILL|S773	1.0	0.0
VIM|S144	1.0	0.0
VIM|S205	0.95334727	-0.023268033
VIM|S214	1.0068566	0.007969011
VIM|S22	0.9793736	0.03127341
VIM|S226	1.0	0.0
VIM|S25	0.93218666	-0.032847937
VIM|S278	1.1129856	0.115115814
VIM|S29	1.1421522	0.116732635
VIM|S299	1.0197856	0.026108295
VIM|S325	0.84538776	-0.08220422
VIM|S39	1.0451165	0.0793133
VIM|S412	1.0419015	0.043719683
VIM|S419	0.9281851	-0.033037294
VIM|S42	0.9988243	0.016490526
VIM|S420	0.9063891	-0.0709913
VIM|S430	0.9847059	0.109779835
VIM|S438	0.9573856	-0.005335146
VIM|S459	1.0789745	0.096109964
VIM|S5	1.0247762	-0.011447183
VIM|S51	0.8387032	-0.018782942
VIM|S56	1.0370628	0.086939804
VIM|S7	0.94673413	-0.0025788206
VIM|S72	0.9913907	0.056359455
VIM|S73	1.0311271	0.07783726
VIM|S83	0.95959663	-0.041947454
VIM|S87	1.0	0.0
VIM|T20	1.0317621	0.050040174
VIM|T336	1.0	0.0
VIM|T436	0.94302386	0.012707324
VIM|Y117	1.0462472	0.04608397
VIM|Y61	1.0	0.0
VIPAS39|S121	0.9881187	0.0051292228
VIPAS39|S121_S124	1.0	0.0
VIPAS39|T21	0.9804773	-0.021535441
VIRMA|S1579	1.0346131	0.04816061
VIRMA|S173	0.98606193	-0.015034336
VIRMA|T184	0.94456685	-0.057764478
VPS13B|S1033	1.0	0.0
VPS13B|S999_S1002	1.0	0.0
VPS13C|S1851	1.0	0.0
VPS13C|S3441	1.0	0.0
VPS13C|S3598	1.0	0.0
VPS13C|S3659	1.0	0.0
VPS13C|S694	1.0	0.0
VPS13D|S1038	1.0300846	0.025190696
VPS13D|S1042	1.0098509	0.0127411615
VPS13D|S1138	1.0135671	0.013894744
VPS13D|S1573	0.9383789	-0.06327859
VPS13D|S1598	1.044075	0.045666777
VPS13D|S1724	1.0517162	0.052542575
VPS13D|S1765	0.9706984	-0.034505304
VPS13D|S2079	0.923206	-0.07919638
VPS13D|S2455	1.0314028	0.060825326
VPS13D|S2671	1.0853434	0.17694764
VPS13D|S2983	1.0	0.0
VPS13D|S663	0.9755805	-0.01707451
VPS13D|T1761_S1765	1.0	0.0
VPS26B|S302	1.0088118	0.00322692
VPS26B|S304	0.95243317	-0.03164056
VPS26B|S330	0.93782437	-0.045298643
VPS45|S202	1.0	0.0
VPS4A|S351	1.0	0.0
VPS4A|S95	0.9965021	-0.025448836
VPS4A|S97	1.0306537	0.028893642
VPS4A|S97_S99	1.0	0.0
VPS4A|S99	1.0007776	0.006354991
VPS4B|S102	1.0467476	0.041209202
VPS4B|S102_S108	1.0	0.0
VPS4B|S358	1.0	0.0
VPS4B|S93	1.0290964	0.036050126
VPS50|S15	0.9331421	-0.051723905
VPS50|S19	1.0079741	0.012551326
VPS50|S494	1.0072466	0.007570654
VPS50|S496	1.0029469	0.0044259825
VPS50|S546	0.9036263	-0.09352508
VPS50|S559	0.9266591	-0.0763074
VPS50|S559_S561	1.0	0.0
VPS50|S595	1.0362399	0.01344531
VPS54|S35	1.0	0.0
VPS72|S127	0.9932139	-0.0055065816
VPS72|T103	1.0	0.0
VPS8|S26	1.0	0.0
VPS9D1|S116	0.95373434	-0.018518303
VRK1|S376	0.94993174	-0.02925929
VRK3|S136	0.9999099	-0.008313773
VSIR|S235	0.9781602	-0.008491848
VSIR|S235_S248	1.0	0.0
VSIR|S248	1.0	0.0
VSIR|S264	1.0433431	0.04269044
VSIR|S272	0.99717814	-0.014643045
VTI1B|S179	1.0	0.0
VTN|S364	1.0671992	0.06501879
VWA5A|S202	1.0	0.0
VWA5A|S634	1.0	0.0
VWA5A|S92	1.0	0.0
WAC|S12	1.0104612	0.013873441
WAC|S511	0.99104863	0.004998163
WAC|S53	1.0267752	0.07170255
WAC|S64	1.0543672	0.10176151
WAC|T293	0.99913675	0.0012620329
WAPL|S221	1.0414507	0.058669552
WAPL|S221_S226	1.0	0.0
WAPL|S459_S461	1.0	0.0
WAPL|S77	0.946196	-0.045444705
WASF2|S284	0.99163795	-0.0053657643
WASF2|S90	0.9655502	-0.032852147
WASF2|T129	0.9541676	-0.04396099
WASHC1|S217	1.0	0.0
WASHC2A|S1053_S1054	1.0	0.0
WASHC2A|S1075	0.98695505	-0.017268341
WASHC2A|S1087	0.9684041	0.0003020936
WASHC2A|S1114	0.9796505	-0.02116144
WASHC2A|S1144	1.0115162	0.011281335
WASHC2A|S158	1.0566406	0.07353425
WASHC2A|S158_S160	1.0	0.0
WASHC2A|S230_S238	1.0	0.0
WASHC2A|S238	0.9547608	-0.11078975
WASHC2A|S284	0.98768246	-0.008334527
WASHC2A|S288	0.9143166	-0.03978133
WASHC2A|S333	0.96640265	-0.02314259
WASHC2A|S352	0.9541105	-0.024829267
WASHC2A|S356	0.9611371	-0.015071257
WASHC2A|S375	1.0	0.0
WASHC2A|S498	0.96472806	-0.020531127
WASHC2A|S539	0.95336264	0.029427797
WASHC2A|S550	0.95273584	-0.009644612
WASHC2A|S619_S620	1.0	0.0
WASHC2A|S728	0.8075645	-0.15370142
WASHC2A|S802	0.9641868	-0.031535037
WASHC2A|S909	1.0	0.0
WASHC2A|S912	1.0	0.0
WASHC2A|T331_S333	1.0	0.0
WASHC2A|T799_S802	1.0	0.0
WASHC2A|T935	1.0	0.0
WASHC2C|S1053_S1054	1.0	0.0
WASHC2C|S1075	1.0	0.0
WASHC2C|S158	1.0	0.0
WASHC2C|S158_S160	1.0	0.0
WASHC2C|S284	1.0	0.0
WASHC2C|S288	0.99322957	-0.006668041
WASHC2C|S333	0.9745092	-0.026950203
WASHC2C|S352	1.0	0.0
WASHC2C|S356	1.0	0.0
WASHC2C|S375	1.0	0.0
WASHC2C|S498	1.0	0.0
WASHC2C|S539	0.98752856	0.062275767
WASHC2C|S544	1.0	0.0
WASHC2C|S619_S620	1.0	0.0
WASHC2C|S663	1.0	0.0
WASHC2C|S728	1.0	0.0
WASHC2C|S802	1.0	0.0
WASHC2C|S909	1.0	0.0
WASHC2C|S912	1.0	0.0
WASHC2C|S996	1.0	0.0
WASHC2C|T331_S333	1.0	0.0
WASHC2C|T799_S802	1.0	0.0
WASHC2C|T935	1.0	0.0
WASL|S426	1.0	0.0
WASL|S430	0.9117017	-0.059385385
WASL|Y256	0.881631	-0.05048692
WAS|Y291	1.0	0.0
WBP11|S181	1.0	0.0
WBP11|S237	0.9553258	-0.016875861
WBP11|S279_S283	1.0	0.0
WBP11|S353_S361	1.0	0.0
WBP11|S600	0.9045023	-0.0958268
WBP4|S258_S262	1.0	0.0
WBP4|S262	1.0546446	0.0745394
WBP4|S277	1.001568	0.052475076
WDCP|S690	0.9916086	-0.0094034765
WDFY1|S408	1.0	0.0
WDFY3|S1942	0.8843707	-0.073674746
WDFY3|S2278	0.9664235	-0.010929184
WDFY3|S2492	0.905506	-0.07965533
WDFY3|S3335	1.0499467	0.056596994
WDFY3|S3335_S3339	1.0	0.0
WDFY3|S3339	0.95964915	-0.02096551
WDFY4|S3123	0.9909156	-0.0038650879
WDHD1|S260	1.0	0.0
WDHD1|S284	1.0	0.0
WDHD1|S383	0.9653165	-0.037230004
WDHD1|S407	0.94715583	-0.037238475
WDHD1|S745	1.0	0.0
WDR13|S70	0.9118525	-0.081712455
WDR1|S11	1.0	0.0
WDR1|S322	1.0	0.0
WDR20|S373	1.0	0.0
WDR20|S404	1.0	0.0
WDR20|S422	1.0	0.0
WDR24|S470	0.92102164	-0.07272899
WDR24|S484	0.915059	-0.067146316
WDR24|S496	1.0044339	0.004593839
WDR24|T464	1.0	0.0
WDR24|T581	1.0	0.0
WDR26|S121	0.9705696	-0.016892951
WDR33|S1210	0.96001405	-0.037926376
WDR33|S1219	0.96524906	-0.03419763
WDR33|S1279	0.9657093	-0.03640949
WDR33|T1166	1.0	0.0
WDR37|S114	1.0	0.0
WDR43|S431	1.0285168	0.017683873
WDR43|S77	0.90086406	-0.05839712
WDR43|T394	1.0	0.0
WDR44|S262	0.9403703	0.008860293
WDR44|S344	0.9770491	-0.018299688
WDR44|S403	0.98995525	-0.0035819022
WDR44|S470_S471_S472	1.0	0.0
WDR44|S50	0.973233	-0.00067726633
WDR44|S561	1.0214639	0.03367723
WDR44|S565	1.0507792	0.055842407
WDR44|S81	1.0091748	0.013100855
WDR44|S96	0.9887712	-0.009577222
WDR44|T219	0.960403	-0.03938332
WDR44|T271	1.0	0.0
WDR44|T94	1.0	0.0
WDR46|S41	0.97796005	-0.022514177
WDR47|S319	1.0	0.0
WDR48|S529	1.0	0.0
WDR4|S390	1.0	0.0
WDR55|S14	1.0019898	0.047264993
WDR60|S247	1.0420877	0.042633027
WDR62|S1410	1.0	0.0
WDR70|S637	1.0	0.0
WDR75|S715_S718	1.0	0.0
WDR75|T629	1.0	0.0
WDR77|T5	0.96938396	-0.02918868
WDR7|S1456	1.0	0.0
WDR7|S935	1.0122716	0.02648109
WDR90|S349	0.9545736	-0.037889276
WDR91|S252	0.98468786	-0.022433296
WDR91|S293	1.0	0.0
WDTC1|S353	1.000467	0.006850775
WDTC1|S511	1.0567185	0.08798028
WEE1|S127	1.0	0.0
WEE1|S139	1.1972532	0.26076856
WEE1|S150	1.0552673	0.20630984
WEE1|S165	1.0095638	0.017332582
WEE1|S165_T173	1.0	0.0
WEE1|T190	1.073703	0.075272724
WIPF1|S214	1.0	0.0
WIPF1|S276	1.0	0.0
WIPF1|S340	0.98447084	-0.014560068
WIPF1|S350	1.0	0.0
WIPF1|S444	1.052158	0.05044156
WIPF1|T398	1.0	0.0
WIPF2|S155	1.0026674	0.018186377
WIPF2|S235	1.0	0.0
WIPF2|S267	0.9691625	-0.019798733
WIPF2|S385	1.0680803	0.022740437
WIPF2|S391	1.1026425	0.16665538
WIPF3|S149	1.1776099	0.16668117
WIPF3|S281	1.0	0.0
WIPF3|S412	1.1462113	0.13527822
WIPF3|T233	1.0	0.0
WIZ|S1087	1.0	0.0
WIZ|S1101	1.0	0.0
WIZ|S1122	1.0	0.0
WIZ|S1372	1.0	0.0
WIZ|S1384	1.0	0.0
WIZ|S1718	1.0	0.0
WIZ|S1755	1.0	0.0
WNK1|S1521	1.0	0.0
WNK1|S167	0.91103023	-0.08045647
WNK1|S170	0.9035673	-0.103890024
WNK1|S174	0.9566385	-0.044871792
WNK1|S185	0.95606554	-0.03843126
WNK1|S2238	1.0	0.0
WNK1|S2271_S2272	1.0	0.0
WNK1|S2272	1.0	0.0
WNK1|S2287_S2289	1.0	0.0
WNK1|S2287_S2289_S2292	1.0	0.0
WNK1|S2292	1.0	0.0
WNK1|S2630	1.0	0.0
WNK1|S2632	1.0	0.0
WNK1|S382	1.0	0.0
WNK1|S950	1.0	0.0
WNK1|T2505	1.0	0.0
WNK2|S1150	1.1616498	0.18447223
WNK2|S1818	1.0044677	0.005336273
WNK2|S1862	1.2065433	0.23793375
WNK2|S1889	1.0	0.0
WNK2|S560	1.2032737	0.20852555
WNK2|T2157	1.0	0.0
WNK3|S62	0.95741874	-0.04635829
WNK3|S734	0.92179567	-0.048378333
WRAP53|S26	1.0	0.0
WRAP53|S26_S30	1.0	0.0
WRAP53|S491	0.90704525	-0.08658026
WRAP53|S54	0.9893506	0.032822404
WRAP53|S85_S90	1.0	0.0
WRAP53|S90	0.9716839	0.008314875
WRNIP1|S153	0.98981297	-0.0059943274
WRNIP1|S65	1.001451	0.052057765
WRNIP1|S75	1.069343	0.049204513
WRNIP1|S91_S92	1.0	0.0
WRNIP1|T116	0.98111886	-0.039721105
WRN|S1133	1.1002603	0.09143456
WTAP|S290	1.0	0.0
WTAP|S305	1.0204852	0.01856525
WTAP|S306	1.0363598	0.050172698
WTIP|S88	0.995322	-0.010012486
WTIP|S96	1.0304415	0.030308349
WWC1|S651	1.0901617	0.09155934
WWC1|S876	0.9910597	-0.016849829
WWC1|S899	1.0	0.0
WWC1|S947	1.068238	0.07323991
WWC2|S1022	1.0744504	0.094371416
WWC2|S269	1.0	0.0
WWC3|S442	1.0215346	0.015746769
WWC3|S927	1.0262024	0.02791681
XAB2|S851	1.1012431	0.19598402
XAF1|S268	1.0	0.0
XIAP|S406	1.0	0.0
XIRP1|S1121	1.0	0.0
XIRP1|S205	1.1155841	0.07898639
XIRP1|S208	1.0	0.0
XIRP1|S295	1.0478287	0.11220699
XPC|S397_S398_S399	1.0	0.0
XPC|S515	0.9859816	-0.008053407
XPC|S61	1.0	0.0
XPC|S881_S882	1.0	0.0
XPC|S883_S884	1.0	0.0
XPC|S901	1.0	0.0
XPC|S94	1.0105057	0.041115448
XPO1|S395	0.9488677	-0.04955583
XPO4|S521	0.9297831	-0.0027941768
XRCC1|S241	1.029872	0.025162663
XRCC1|S266	1.0	0.0
XRCC1|S447	1.0	0.0
XRCC1|S461	0.89729524	-0.10618561
XRCC1|T453	1.0	0.0
XRCC4|S256	1.0195814	0.025412438
XRCC4|S260	1.060684	0.09589357
XRCC4|S299	1.0	0.0
XRCC5|S145	1.0	0.0
XRCC6|S27	0.99882114	-0.005170884
XRCC6|S477	1.0040624	-0.0033970098
XRCC6|S520	1.0513653	0.06656598
XRCC6|T455	1.0169214	-0.013303475
XRN1|S396	1.0	0.0
XRN2|S526	1.0	0.0
XRN2|S557	1.0	0.0
XRN2|S577	1.0	0.0
XRN2|S577_S579	1.0	0.0
XRN2|S579	1.0	0.0
XRN2|S756	1.0	0.0
XRN2|T517	1.0	0.0
YAP1|S109	1.0171998	0.027874576
YAP1|S164	1.038316	0.073246226
YAP1|S238	1.0	0.0
YAP1|S251	1.0	0.0
YAP1|S329	1.0	0.0
YAP1|S333	1.0	0.0
YAP1|S367	0.88431627	-0.1274159
YAP1|S382	1.0540748	0.060444616
YAP1|S61	0.9869376	0.026742073
YAP1|T119	1.0133984	0.0044237557
YAP1|T63	0.98833346	-0.009428135
YBX1|S102	0.90269357	-0.10203894
YBX1|S165	0.92779154	-0.046725325
YBX1|S174	1.0235443	0.020520313
YBX1|S174_S176	1.0	0.0
YBX1|S176	0.9235726	-0.06886831
YBX1|S314	0.9485123	-0.034717977
YBX3|S134	0.9796458	-0.059335772
YBX3|S201_S203_S204	1.0	0.0
YBX3|S324	1.0	0.0
YBX3|S346	1.0	0.0
YEATS2|S157	1.0	0.0
YEATS2|S447	0.982953	-0.018603599
YEATS2|S465	0.9999454	0.022087531
YEATS2|S473	0.9832001	-0.016830081
YEATS2|S519	1.0364662	0.029458785
YEATS2|S536	1.0316889	0.044363115
YEATS2|S575	1.0	0.0
YEATS2|S627	0.94460416	-0.05906358
YEATS2|T478	1.0021822	0.003712696
YLPM1|S756	1.0185729	0.019689118
YLPM1|S829	1.0347891	0.03154893
YRDC|S37	0.9825069	-0.008665137
YRDC|S60	1.0648791	0.05921539
YTHDC1|S146_T148	0.9674386	-0.034017365
YTHDC1|S308	0.78876054	-0.17012629
YTHDC1|S424	1.0	0.0
YTHDC1|T148	0.84071654	-0.13189955
YTHDC2|S1105_S1107	1.0	0.0
YTHDC2|S1107	1.0	0.0
YTHDC2|S1221	1.0	0.0
YTHDC2|S1267_S1269	1.0	0.0
YTHDC2|S1269	1.0	0.0
YTHDF1|S22	1.0	0.0
YTHDF1|S398	1.0	0.0
YTHDF2|S22	1.0	0.0
YTHDF2|S394	1.0873399	0.10611609
YTHDF2|S419	1.0	0.0
YTHDF2|S569	1.0	0.0
YTHDF3|S23	1.0	0.0
YTHDF3|S385	1.0	0.0
YTHDF3|S425	0.971468	-0.02889144
YWHAB|S47	1.0	0.0
YWHAB|S66	1.0	0.0
YWHAE|S210	0.9701407	-0.03481969
YWHAE|S46	1.0	0.0
YWHAE|T208	1.0	0.0
YWHAG|S46	1.0	0.0
YWHAG|S65	1.0	0.0
YWHAH|S145	1.0	0.0
YWHAH|S46	1.0	0.0
YWHAH|S65	1.0	0.0
YWHAQ|S45	0.8466146	-0.04954312
YWHAQ|S64	1.0	0.0
YWHAZ|S110	1.0	0.0
YWHAZ|S207	1.1206561	0.14692244
YWHAZ|S45	1.0	0.0
YWHAZ|S64	1.0411363	0.03851352
YWHAZ|T205	1.0	0.0
YWHAZ|Y128	1.0	0.0
YY1AP1|S654	1.0	0.0
YY1AP1|S667	1.0	0.0
YY1|S118	0.9933591	0.012756976
YY1|S247	0.9356728	-0.062090464
ZBED6|S381	0.97505516	0.010710205
ZBP1|S308	1.0	0.0
ZBTB14|S190	1.0	0.0
ZBTB1|S179	1.0	0.0
ZBTB1|S355_T356	1.0	0.0
ZBTB1|S393	1.0	0.0
ZBTB20|S432	1.0959065	0.10257896
ZBTB20|T211	1.1020142	0.12232975
ZBTB20|T305	1.0922091	0.082749836
ZBTB20|T690	1.0277627	0.03022329
ZBTB21|S409	1.0129772	0.006955605
ZBTB21|S411	1.0340861	0.029490767
ZBTB21|S422	1.0406818	0.052960776
ZBTB21|S434_S435	1.0	0.0
ZBTB21|S435	1.0608773	0.06736961
ZBTB21|S714	0.96987724	-0.03151607
ZBTB38|S1166	1.0	0.0
ZBTB38|S130	0.9902155	0.037769504
ZBTB3|S312	1.0	0.0
ZBTB40|S214	0.9937033	-0.0036050589
ZBTB44|S161	0.92917764	-0.048510842
ZBTB44|S194	0.9173373	-0.075213745
ZBTB47|T390	1.0156684	0.02391366
ZBTB4|S391	1.0	0.0
ZBTB7A|S337	1.1063658	0.12546016
ZBTB7A|S337_S341	1.0	0.0
ZBTB7A|S526	1.0668225	0.085843004
ZBTB7A|S549	1.0725943	0.055247605
ZBTB7B|S214	1.0	0.0
ZBTB7B|S521	1.0	0.0
ZC2HC1A|S179	1.4094139	0.502633
ZC2HC1A|S223	1.2809136	0.27669486
ZC2HC1A|S292	1.1029016	0.09867258
ZC2HC1A|S331	1.0	0.0
ZC3H11A|S108	0.96430844	-0.05292521
ZC3H11A|S132	0.9890779	-0.00815683
ZC3H11A|S171	1.0	0.0
ZC3H11A|S290	0.9099516	-0.09432693
ZC3H11A|S758	0.98045224	-0.022086332
ZC3H11A|S758_S759	1.0	0.0
ZC3H12C|S123	1.0	0.0
ZC3H12C|S469	0.92223686	-0.051287714
ZC3H12C|S612	0.95498383	-0.041632038
ZC3H13|S1010_S1014_S1017	1.0	0.0
ZC3H13|S1014_S1017	1.0	0.0
ZC3H13|S1017	0.9404663	-0.013181035
ZC3H13|S1208	0.9800284	-0.012046989
ZC3H13|S1208_S1210	1.0	0.0
ZC3H13|S1230_S1232	1.0	0.0
ZC3H13|S1240	0.9698435	-0.015519589
ZC3H13|S1364	0.93923163	-0.013982901
ZC3H13|S1366	0.99340713	-0.0076193535
ZC3H13|S1423	1.0	0.0
ZC3H13|S1438	1.0056258	0.0360186
ZC3H13|S1501	1.0	0.0
ZC3H13|S1502	1.0	0.0
ZC3H13|S198	0.98357594	0.04688859
ZC3H13|S207	1.0313711	0.03995532
ZC3H13|S207_S209	1.0	0.0
ZC3H13|S238	0.99300444	-0.01727042
ZC3H13|S242	0.9873391	0.0027336145
ZC3H13|S25	0.96716505	-0.036197398
ZC3H13|S265	0.99470335	-0.005739036
ZC3H13|S318_S325	1.0	0.0
ZC3H13|S356	1.0337682	0.055546734
ZC3H13|S370_S372	1.0	0.0
ZC3H13|S430	0.9977932	-0.0016517534
ZC3H13|S64	0.9989547	0.0006644878
ZC3H13|S77	0.9898417	0.020052033
ZC3H13|S831_S833_S837	1.0	0.0
ZC3H13|S845_S848_S853	1.0	0.0
ZC3H13|S845_S848_Y851	1.0	0.0
ZC3H13|S875_S877	1.0	0.0
ZC3H13|S877	1.0182706	0.0322059
ZC3H13|S943	1.0171448	0.027007451
ZC3H13|S986	1.0192	0.023209766
ZC3H13|S986_S993	1.0	0.0
ZC3H13|S993	0.88373065	-0.030613257
ZC3H13|T1033	1.002586	-0.0014077078
ZC3H13|T134_S137	1.0	0.0
ZC3H13|T263_S265	1.0	0.0
ZC3H13|T354_S356	1.0	0.0
ZC3H13|T364	1.0067776	0.033388134
ZC3H14|S309	1.0	0.0
ZC3H14|S343	1.0276955	0.024524312
ZC3H14|S375	1.0	0.0
ZC3H14|S409	1.002096	0.0017502884
ZC3H14|S481	1.0	0.0
ZC3H14|S515	0.95744807	-0.031149799
ZC3H14|S586	1.0	0.0
ZC3H14|S620	1.0331109	0.00047036615
ZC3H14|S665	1.0	0.0
ZC3H15|S231	1.0	0.0
ZC3H15|S351	1.017493	0.027682466
ZC3H15|S360	0.99005395	-0.007362674
ZC3H15|S381	0.94639635	-0.022562047
ZC3H18|S173	0.9513275	-0.04008446
ZC3H18|S34	0.9924282	-0.017779585
ZC3H18|S46	0.99181527	0.010032673
ZC3H18|S59_S67	1.0	0.0
ZC3H18|S67	1.0154424	0.027573869
ZC3H18|S67_S74	1.0	0.0
ZC3H18|S74	1.1084011	0.1258438
ZC3H18|S78	0.96883357	-0.037026264
ZC3H18|S78_S83	1.0	0.0
ZC3H18|S83	0.9502124	-0.053690724
ZC3H18|S866	1.0	0.0
ZC3H18|S892	1.0	0.0
ZC3H18|S917	1.0	0.0
ZC3H18|T162	1.0097761	0.022480566
ZC3H18|T701	1.0	0.0
ZC3H4|S1114	0.9963045	-0.0048696767
ZC3H4|S1269	0.97314954	-0.02599492
ZC3H4|S1269_S1275	1.0088415	0.00869427
ZC3H4|S1275	0.95560837	0.007915882
ZC3H4|S807_S808	1.0	0.0
ZC3H6|S1158	1.0655179	0.08610763
ZC3H7A|S738	1.0	0.0
ZC3H7A|T210	0.99622136	-0.003372237
ZC3H7B|S536	1.0	0.0
ZC3H8|S59	0.84207755	-0.16408621
ZC3HAV1|S257	1.0062096	0.028714567
ZC3HAV1|S275	0.9623127	-0.017947255
ZC3HAV1|S280	1.0	0.0
ZC3HAV1|S284	1.0339888	0.04030619
ZC3HAV1|S302	1.0744872	0.105752334
ZC3HAV1|S335	0.9600612	-0.01584622
ZC3HAV1|S346	1.0	0.0
ZC3HAV1|S361	1.0378608	0.033552103
ZC3HAV1|S378	0.8752922	-0.13012017
ZC3HAV1|S387	0.92228305	-0.053065006
ZC3HAV1|S469	1.0204673	0.02088373
ZC3HAV1|S492	1.0088575	0.007886961
ZC3HAV1|S494	0.9906678	-0.008394256
ZC3HAV1|S631	1.0289822	0.027337827
ZC3HAV1|T273	0.9913858	0.0055124457
ZC3HAV1|T375	1.0	0.0
ZC3HAV1|T393	1.0	0.0
ZC3HAV1|T403	1.0	0.0
ZC3HC1|S24	1.0052838	0.012215938
ZC3HC1|S278	1.0	0.0
ZC3HC1|S301	1.0	0.0
ZC3HC1|S311	1.0	0.0
ZC3HC1|S321	1.0052356	0.018656645
ZC3HC1|S335	0.96630806	-0.029488828
ZC3HC1|S344	0.9868277	-0.008159415
ZC3HC1|S354	0.947331	-0.051126808
ZC3HC1|S395	1.0073069	0.031617094
ZC3HC1|S62	0.9940989	0.0034459534
ZCCHC17|S136	1.0	0.0
ZCCHC17|S192	1.0	0.0
ZCCHC24|S65	1.0	0.0
ZCCHC2|S236	1.0342864	0.010514327
ZCCHC8|S350	1.0	0.0
ZCCHC8|S521	1.0	0.0
ZCCHC8|S581	1.0	0.0
ZCCHC8|T402	1.0	0.0
ZCCHC8|T415	1.0	0.0
ZCRB1|S155	1.0	0.0
ZDHHC18|S19	0.98889536	-0.008664008
ZDHHC20|S242	1.0	0.0
ZDHHC5|S274	1.0	0.0
ZDHHC5|S345	1.0	0.0
ZDHHC5|S345_T348	1.0	0.0
ZDHHC5|S380	0.98495626	7.1877585e-05
ZDHHC5|S398	0.9912904	-0.021065265
ZDHHC5|S415	1.0524392	0.030431572
ZDHHC5|S432	0.9663118	-0.005617235
ZDHHC5|S458	1.0	0.0
ZDHHC5|S529	0.9985181	0.00081402855
ZDHHC5|S543	1.0	0.0
ZDHHC5|S554	1.0005201	0.014298347
ZDHHC5|S621	0.78683805	-0.20798661
ZDHHC5|S636	0.95583713	-0.037013993
ZDHHC5|T348	0.97932184	-0.031526264
ZDHHC5|T659	1.0	0.0
ZEB1|S31_S33	1.0	0.0
ZEB1|S626	1.0	0.0
ZEB1|S659	1.0	0.0
ZEB1|T29_S31	1.0	0.0
ZEB2|S1098	1.0	0.0
ZEB2|S336	1.0	0.0
ZEB2|T34_S36_T38	1.0	0.0
ZFAND3|S129	1.1219891	0.10230945
ZFAND5|S48	1.0289301	0.050062988
ZFAND5|S58	0.9847087	-0.015973266
ZFC3H1|S1046	1.0231853	0.014449221
ZFC3H1|S1303_S1304	1.0	0.0
ZFC3H1|S28	1.0280275	0.03425246
ZFC3H1|S352	1.0099059	0.01840878
ZFC3H1|S655	1.0	0.0
ZFC3H1|T766	0.9721424	-0.043487158
ZFHX3|S1189	0.9966915	-0.026499039
ZFHX3|S2226_S2230	1.0	0.0
ZFHX3|S2230	1.000368	0.0042642145
ZFHX3|S2625	1.0075135	0.07345957
ZFHX3|S2896	1.0483376	0.04159286
ZFHX3|S3409	1.0	0.0
ZFHX3|S3432	1.0654211	0.114286706
ZFHX3|S3677	0.9699873	-0.026213154
ZFHX3|S426	0.92230123	-0.059577912
ZFHX3|S571	1.0	0.0
ZFP36L1|S192	1.0357199	0.02263204
ZFP36L1|S54	0.97873765	0.026184926
ZFP36L1|S90	1.0027598	0.012351444
ZFP36L1|S92	1.0688308	0.110407606
ZFP36L2|S123	0.92962205	-0.068165965
ZFP36L2|S125	0.86681676	-0.103535056
ZFP36L2|T38	1.0	0.0
ZFP36|S99	1.0	0.0
ZFP3|S63	0.9244789	-0.072738156
ZFP64|S547	0.9241021	-0.07809365
ZFP90|S511	1.0047295	0.0024367075
ZFP91|S101	1.046156	0.07040965
ZFP91|S103	0.988757	0.05905627
ZFP91|S83	1.0696528	0.082809314
ZFPL1|T223	1.0	0.0
ZFPM1|S786	0.98054343	0.0077101574
ZFPM1|S901	0.9593723	-0.037727162
ZFPM1|S901_S909	1.0	0.0
ZFR|S1054	0.8988837	-0.095473595
ZFX|S274	0.9703252	-0.03042405
ZFYVE16|S635	1.0	0.0
ZFYVE16|S939	0.8742284	-0.08971969
ZFYVE16|S946	0.9305333	-0.038775086
ZFYVE19|S144	1.1852407	0.19727439
ZFYVE19|S286	1.0	0.0
ZFYVE19|S354	1.0867212	0.09293594
ZFYVE26|S1742	1.0050818	0.007182995
ZFYVE26|S297	1.0252051	0.050613165
ZFYVE28|S304	1.0	0.0
ZGPAT|S353	1.0	0.0
ZHX1|S202	1.0616165	0.08003683
ZHX1|S648	1.0029991	0.001894469
ZHX2|S628	1.0	0.0
ZHX2|T37	0.9045393	-0.07601697
ZHX3|S680	0.9982704	-0.0048947027
ZHX3|S946	0.979227	-0.0144705605
ZKSCAN1|S13	1.0153155	0.035729684
ZKSCAN1|S208	0.9725339	-0.029386422
ZKSCAN1|S330	0.9419127	-0.060228832
ZKSCAN4|S44	1.0	0.0
ZKSCAN4|S501	1.0	0.0
ZKSCAN8|S12	1.0	0.0
ZKSCAN8|S177	0.99020207	0.00046193338
ZMIZ2|T522	1.0	0.0
ZMYM2|S305	0.9621301	-0.034796197
ZMYM2|S838	1.0208819	0.027527334
ZMYM2|S958	1.0	0.0
ZMYM3|S263_S267	1.0	0.0
ZMYM3|S287_S291	1.0	0.0
ZMYM3|S464	0.9856192	-0.005780115
ZMYM3|S51	1.0	0.0
ZMYM3|T795	1.0055226	0.000877279
ZMYM3|T817	1.0	0.0
ZMYM3|T826	1.0	0.0
ZMYM4|S1149	1.0	0.0
ZMYM4|S210	1.0	0.0
ZMYM4|S90	1.0	0.0
ZMYM4|S998	1.0	0.0
ZMYM4|T185	1.0	0.0
ZMYND11|S349	1.0	0.0
ZMYND11|S390	1.0	0.0
ZMYND8|S425	0.97198147	-0.034604426
ZMYND8|S444	0.896696	-0.099884465
ZMYND8|S460	0.9071957	-0.091270365
ZMYND8|S475	0.9692778	-0.024118999
ZMYND8|S523	0.9902762	-0.00047868653
ZMYND8|S547	0.96987087	0.0013799506
ZMYND8|S610	1.0	0.0
ZMYND8|S668	0.9555183	-0.03927067
ZMYND8|S737	1.0444367	0.036217578
ZMYND8|S756	0.86609626	-0.12993963
ZMYND8|T746_S756	1.0	0.0
ZNF106|S1025_S1026	1.0	0.0
ZNF106|S1205	1.0	0.0
ZNF106|S1279	1.0292879	0.027035234
ZNF106|S1302	1.0076755	0.006971907
ZNF106|S1328	1.0175164	0.007771986
ZNF106|S1370	1.0020443	0.004680872
ZNF106|S452	1.0	0.0
ZNF106|S859	0.9840561	-0.003566757
ZNF106|S861	0.9300315	-0.06791531
ZNF148|S301	1.0	0.0
ZNF148|S306	0.9598126	-0.03244105
ZNF148|S412	0.9275853	-0.032532632
ZNF185|S178	1.0	0.0
ZNF185|S194	1.0	0.0
ZNF185|S379	1.0	0.0
ZNF185|S466	1.0	0.0
ZNF185|T180	1.0	0.0
ZNF217|S441_S445	1.0	0.0
ZNF217|S795	1.0	0.0
ZNF217|S848	1.1048955	0.10640553
ZNF217|T648	1.0	0.0
ZNF219|S10_S16	1.0	0.0
ZNF219|S114	0.8526801	-0.11391592
ZNF219|S16	0.93624604	-0.064479455
ZNF219|S684	0.97357976	-0.024479587
ZNF219|S698	0.96388507	-0.008145231
ZNF22|S49	0.96346754	-0.048072264
ZNF263|S178	1.0	0.0
ZNF264|S150_S155	1.0	0.0
ZNF276|S160	1.0219785	0.025851443
ZNF276|S357_S360_S366	1.0	0.0
ZNF276|S378_S379	1.0	0.0
ZNF276|S378_S379_S382	1.0	0.0
ZNF280C|S80	0.91531235	-0.06222695
ZNF281|T888	1.0039548	0.002852293
ZNF282|S319	1.0001622	0.00037621026
ZNF316|S112	0.99474365	0.024893764
ZNF316|S22	1.0	0.0
ZNF318|S1037	0.92511123	-0.07502906
ZNF318|S1037_S1043	1.0	0.0
ZNF318|S1243	1.0131189	0.026703663
ZNF318|S1267	0.9476437	-0.053648658
ZNF318|S136	0.9267354	-0.037998304
ZNF318|S1558	1.0	0.0
ZNF318|S168_S173	1.0	0.0
ZNF318|S173	1.033894	0.031389672
ZNF318|S1856	1.0	0.0
ZNF318|S1896	0.8727221	-0.11284133
ZNF318|S2030_S2035	1.0	0.0
ZNF318|S2035	0.9663601	-0.011807106
ZNF318|S2075	1.0	0.0
ZNF318|S2091	1.0066735	0.012721645
ZNF318|S2101	0.9819193	0.006639174
ZNF318|S214	0.8690125	-0.11908861
ZNF318|S2189	0.96157676	-0.036626145
ZNF318|S2189_S2192	1.0	0.0
ZNF318|S2243	1.0	0.0
ZNF318|S464	0.9569881	-0.02145264
ZNF318|S501	1.0080373	0.014269182
ZNF318|S527	0.9275856	-0.039141
ZNF318|S69_S71	1.0	0.0
ZNF318|S709	0.9457286	-0.059975944
ZNF318|S79	1.0170373	0.02863022
ZNF318|S79_S81	1.0	0.0
ZNF318|S89_S91	1.0	0.0
ZNF318|T2085	1.0	0.0
ZNF326|S478	0.93620145	-0.079783194
ZNF326|S56	0.98752356	-0.011581474
ZNF335|S1007	1.0	0.0
ZNF335|S976	1.0	0.0
ZNF358|S146	1.0	0.0
ZNF358|S487	1.1387273	0.1828149
ZNF362|S404	1.0	0.0
ZNF384|S179	1.0	0.0
ZNF385B|S320	1.0	0.0
ZNF397|S142	0.9984709	-0.017297048
ZNF397|S182_S185	1.0	0.0
ZNF407|S1262	1.0001106	0.0020512932
ZNF408|T314	1.0	0.0
ZNF428|S99	1.0182474	0.02287518
ZNF428|T108	0.99382544	2.9908617e-05
ZNF446|S137	0.8801772	-0.110639684
ZNF451|S1027	0.98833835	-0.031397164
ZNF462|S1090	1.0	0.0
ZNF462|S1166	1.0161424	0.017448919
ZNF462|S1356	1.0	0.0
ZNF462|S1747	1.0687636	0.07639615
ZNF462|S2169_S2172	1.0	0.0
ZNF462|S2172	1.1451752	0.17358798
ZNF462|S350	1.0201213	0.020707253
ZNF462|S688	1.0084611	0.010595552
ZNF503|S102	1.0	0.0
ZNF503|S111	1.0	0.0
ZNF503|S285	1.0	0.0
ZNF507|S195	1.0570227	0.038226653
ZNF507|S404	0.98886913	-0.026274944
ZNF511|S185	1.0969044	0.07969995
ZNF512B|S409	0.945218	-0.02842111
ZNF512B|S63	1.0	0.0
ZNF512B|T852	1.0350096	0.03934203
ZNF516|S116	1.15127	0.14557768
ZNF518A|S655	0.9994796	-0.004076586
ZNF521|S1185	1.2020787	0.19851889
ZNF521|S273	1.169567	0.2000902
ZNF521|S53	1.0	0.0
ZNF521|S546	1.2041316	0.20602281
ZNF521|S605_S608	1.0	0.0
ZNF532|S307_S314	1.0	0.0
ZNF532|S314	0.9649382	-0.023826452
ZNF532|S434	0.9771548	-0.022268543
ZNF574|S254	1.0	0.0
ZNF574|S388	1.0	0.0
ZNF592|S1089	1.0	0.0
ZNF592|S1227	1.0	0.0
ZNF592|S142	1.0	0.0
ZNF592|S328_S331_S334	1.0	0.0
ZNF592|S331_S334	1.0	0.0
ZNF592|S334	1.0092124	0.023113484
ZNF592|S354	1.0	0.0
ZNF592|S573	0.99749047	-0.0051481617
ZNF592|S78	0.98282397	-0.022989297
ZNF598|S437	1.0	0.0
ZNF608|S1430	1.0	0.0
ZNF608|S1453	0.89447016	-0.10356776
ZNF608|S421	1.0896958	0.09873051
ZNF608|S440	1.0806112	0.074369185
ZNF608|S473	0.9360544	-0.047212653
ZNF608|S627	1.0195616	0.020301042
ZNF608|S627_T636	1.0	0.0
ZNF608|S895	1.0354927	0.03470111
ZNF608|T481	1.0521622	0.08420435
ZNF609|S1055	1.0231546	0.05550571
ZNF609|S1285	0.8777436	-0.11756302
ZNF609|S1313	0.99279815	0.006004729
ZNF609|S358	0.9702842	0.0003039197
ZNF609|S413	0.8320594	-0.16133624
ZNF609|S467	1.0180407	0.022165148
ZNF609|S491	1.0562375	0.0782872
ZNF609|S576	1.0368407	0.044539403
ZNF609|S576_S578	1.0	0.0
ZNF609|S743	1.0852664	0.08187164
ZNF609|S758	0.9944286	-0.017180212
ZNF609|S804	0.96559334	-0.0062348945
ZNF609|T746	1.0912791	0.11213837
ZNF618|S184	1.0	0.0
ZNF618|S216	1.0124667	0.006851923
ZNF618|S396	1.0	0.0
ZNF618|S429	1.1174278	0.11652123
ZNF622|S143	0.99208814	-0.008393557
ZNF622|S174	1.0	0.0
ZNF638|S1100	1.0	0.0
ZNF638|S128	0.9666541	-0.015731262
ZNF638|S1656	1.0	0.0
ZNF638|S1882	1.0	0.0
ZNF638|S299	1.0	0.0
ZNF638|S383	0.8792589	-0.092743374
ZNF638|S508_S510	1.0	0.0
ZNF638|S510	0.9621804	-0.023620801
ZNF638|S605	0.9856331	-0.013414235
ZNF639|S60	0.9027885	-0.1104968
ZNF639|S88	0.9948226	0.009270831
ZNF641|S412	1.0	0.0
ZNF644|S1000	0.9941734	-0.006512679
ZNF644|S1189	0.93749124	-0.07946467
ZNF652|S100	0.88902044	-0.05513915
ZNF652|S100_T103	1.0	0.0
ZNF652|S197	1.022047	0.018806849
ZNF652|S204	0.94181687	-0.054742333
ZNF652|S88	1.0	0.0
ZNF652|T103	0.89817196	-0.100498185
ZNF655|S80	1.0	0.0
ZNF687|S1057	0.93307406	-0.052227847
ZNF687|S1106	0.99270743	-0.0070434487
ZNF687|S1146	0.99612683	-0.0032994004
ZNF687|S1191	0.9744106	-0.015185346
ZNF687|S1211	0.9417876	-0.055338778
ZNF687|S140	1.0	0.0
ZNF687|S253	1.0113969	-0.0018559833
ZNF687|S266_S271	1.0	0.0
ZNF687|S266_S271_S275	1.0	0.0
ZNF687|S271	0.9625373	-0.033644497
ZNF687|S374	0.9746219	-0.023537593
ZNF687|S374_T377	1.0	0.0
ZNF687|S433	0.9965626	-5.914726e-05
ZNF687|S519	0.9664956	-0.03415591
ZNF687|T137_S140	1.0	0.0
ZNF687|T377	0.94713175	-0.073646024
ZNF691|S39	0.9868325	-0.012274701
ZNF703|S146	1.0	0.0
ZNF703|S180	1.0	0.0
ZNF703|S252	1.0757055	0.07694417
ZNF740|S44	0.9376141	-0.013241467
ZNF740|S72	1.0070486	0.007894088
ZNF746|S360	1.0	0.0
ZNF768|S125	0.8843204	-0.076868266
ZNF768|S132	1.0	0.0
ZNF768|S139	0.8444565	-0.094429426
ZNF768|S160	1.0101593	0.034110498
ZNF768|S83	0.9606331	-0.013376228
ZNF768|S90_S97	1.0	0.0
ZNF768|S97	0.94332623	-0.03936402
ZNF777|S604	0.9433369	-0.049639545
ZNF787|S46	0.96862143	-0.03212354
ZNF800|S647	1.0524076	0.062263027
ZNF827|S518	0.9854714	-0.013448737
ZNF830|S223	1.0	0.0
ZNF830|S225	1.0007993	-0.00026108397
ZNF830|S351	1.0336189	0.015013664
ZNHIT2|S115	1.0	0.0
ZNHIT2|T161	1.0	0.0
ZNHIT3|S80	0.96883893	-0.05290839
ZNHIT6|S25	1.04754	0.0690863
ZNRF1|S123	1.0025733	-0.0030103205
ZNRF2|S135	1.0344313	0.053544506
ZNRF2|S145	1.0	0.0
ZNRF2|S145_S151	1.0	0.0
ZNRF2|S151	1.0	0.0
ZNRF2|S19	1.0336308	0.039952192
ZNRF2|S82	1.015401	0.05358578
ZRANB2|S120	0.9542582	-0.038172945
ZRANB2|S143	1.0	0.0
ZRANB2|S153	0.9299363	-0.04502851
ZRANB2|S188	0.79832405	-0.1308444
ZRANB2|S305_S307	1.0	0.0
ZRANB2|S307	1.0	0.0
ZRANB2|S83	0.9542255	-0.053566486
ZRANB2|T303_S305_S307	1.0	0.0
ZRSR2|S349	0.9942382	0.0031163206
ZRSR2|S384	1.0010588	0.024377014
ZRSR2|Y347	1.0	0.0
ZSCAN18|S196	1.0	0.0
ZSCAN21|S208	1.0	0.0
ZSWIM8|S1130	1.1187481	0.10972107
ZSWIM8|S1135	1.0	0.0
ZSWIM8|S48	1.0670108	0.091771945
ZSWIM8|S48_S53	1.0	0.0
ZSWIM8|S53	0.9721285	-0.007847236
ZSWIM8|S567	0.94498736	0.0004814862
ZYX|S267	1.105845	0.12554663
ZYX|S267_T270	1.0	0.0
ZYX|S281	0.98599917	0.033515476
ZYX|S303	0.9728912	-0.029156914
ZYX|S308	0.9653166	-0.02658852
ZYX|S313	1.0	0.0
ZYX|S344	1.0012267	-0.016619746
ZYX|S505	1.0412718	0.063239075
ZYX|T270	1.0994906	0.09491188
ZZEF1|S1518	0.95330346	-0.04040547
ZZEF1|S1537_S1540	1.0	0.0
ZZEF1|S1801	1.0	0.0
ZZEF1|S2526	1.0	0.0
ZZZ3|S113	0.9055037	-0.092011034
ZZZ3|S606	1.0	0.0
