n_sites	signed_fraction_all	signed_fraction_responsive20	signed_fraction_predicted20	all_cosine	all_spearman	all_direction	responsive20_cosine	responsive20_spearman	responsive20_direction	predicted20_cosine	predicted20_spearman	predicted20_direction	top20_recall	top20_overlap_direction	response_auroc_abs_pred	pred_abs	real_abs	model	comparison_id	comparison_index	perturbation	target_genes	n_mapping_rows	retrieved_target_comparison	retrieved_target_baseline_comparison
41	1.0	1.0	1.0	0.6854252506729362	0.7135888501742162	0.8048780487804879	0.7695278121688902	0.38333333333333336	1.0	0.8195663136618045	0.7833333333333333	1.0	0.5555555555555556	1.0	0.7708333333333334	0.05977447847438204	0.823406367040262	ppko_v10b	p100_delta_00000	0	vorinostat	HDAC1;HDAC2;HDAC3;HDAC6	52		
41	0.0	0.0	0.0										0.1111111111111111		0.5	0.0	0.823406367040262	zero_vector	p100_delta_00000	0	vorinostat	HDAC1;HDAC2;HDAC3;HDAC6	52		
41	0.0	0.0	0.0										0.1111111111111111		0.5	0.0	0.823406367040262	direct_kinase_substrate	p100_delta_00000	0	vorinostat	HDAC1;HDAC2;HDAC3;HDAC6	52		
41	0.9512195121951219	1.0	1.0	0.1422604461284842	-0.05766550522648085	0.46153846153846156	-0.1647347773317146	0.19999999999999998	0.4444444444444444	0.5446556975729512	0.03333333333333333	0.3333333333333333	0.0		0.3055555555555556	0.00392924950608959	0.823406367040262	graph_heat_diffusion	p100_delta_00000	0	vorinostat	HDAC1;HDAC2;HDAC3;HDAC6	52		
41	0.975609756097561	1.0	1.0	0.1463931389743271	-0.09547038327526133	0.45	-0.5753814666252556	-0.33333333333333337	0.2222222222222222	0.6816689760599596	0.41666666666666663	0.3333333333333333	0.0		0.3541666666666667	0.0033469756037819514	0.823406367040262	rwr_signed_graph	p100_delta_00000	0	vorinostat	HDAC1;HDAC2;HDAC3;HDAC6	52		
41	0.975609756097561	0.8888888888888888	1.0	0.1504881356744505	0.2996515679442509	0.675	-0.017847691416678867	0.18333333333333335	0.625	0.695699712934197	0.26666666666666666	0.7777777777777778	0.0		0.15625	0.060639520243900576	0.823406367040262	ridge_signed_target	p100_delta_00000	0	vorinostat	HDAC1;HDAC2;HDAC3;HDAC6	52		
41	0.7804878048780488	0.6666666666666666	1.0	-0.018970067451929536	-0.16357493717752397	0.40625	-0.333579676550101	-0.05085476277156078	0.6666666666666666	0.20681058205352307	-0.06666666666666667	0.4444444444444444	0.0		0.23958333333333334	0.10672714445376541	0.823406367040262	retrieval_target	p100_delta_00000	0	vorinostat	HDAC1;HDAC2;HDAC3;HDAC6	52	decryptm_delta_00020	
41	0.8780487804878049	0.7777777777777778	1.0	0.124293565506336	0.14280737772674285	0.6111111111111112	0.10951086846292046	0.11715583722580122	0.5714285714285714	0.33640738769046064	0.13333333333333333	0.5555555555555556	0.0		0.3715277777777778	0.11414626969887716	0.823406367040262	retrieval_target_baseline	p100_delta_00000	0	vorinostat	HDAC1;HDAC2;HDAC3;HDAC6	52		decryptm_delta_00030
41	1.0	1.0	1.0	0.7641677347462775	0.7019163763066203	0.6829268292682927	0.9047715177417076	0.9166666666666666	1.0	0.9119891074803801	0.8499999999999999	1.0	0.6666666666666666	1.0	0.7986111111111112	0.06722859352281908	0.7884965233686494	ppko_v10b	p100_delta_00001	1	vorinostat	HDAC1;HDAC2;HDAC3;HDAC6	52		
41	0.0	0.0	0.0										0.3333333333333333		0.5	0.0	0.7884965233686494	zero_vector	p100_delta_00001	1	vorinostat	HDAC1;HDAC2;HDAC3;HDAC6	52		
41	0.0	0.0	0.0										0.3333333333333333		0.5	0.0	0.7884965233686494	direct_kinase_substrate	p100_delta_00001	1	vorinostat	HDAC1;HDAC2;HDAC3;HDAC6	52		
41	0.9512195121951219	1.0	1.0	-0.04717031570820391	-0.00923344947735192	0.46153846153846156	0.016906569463595672	-0.3	0.4444444444444444	-0.11253378928359081	-0.19999999999999998	0.4444444444444444	0.2222222222222222	0.5	0.59375	0.00392924950608959	0.7884965233686494	graph_heat_diffusion	p100_delta_00001	1	vorinostat	HDAC1;HDAC2;HDAC3;HDAC6	52		
41	0.975609756097561	1.0	1.0	-0.039835611121343685	0.2182926829268293	0.6	0.2530228743711838	0.08333333333333334	0.4444444444444444	-0.08837775919536336	0.39999999999999997	0.6666666666666666	0.3333333333333333	0.6666666666666666	0.5833333333333334	0.0033469756037819514	0.7884965233686494	rwr_signed_graph	p100_delta_00001	1	vorinostat	HDAC1;HDAC2;HDAC3;HDAC6	52		
41	0.975609756097561	1.0	1.0	0.13572565145127422	0.15156794425087108	0.5	0.6768567758076882	0.6666666666666667	0.7777777777777778	0.03925836760588599	0.18333333333333335	0.3333333333333333	0.1111111111111111	1.0	0.5902777777777778	0.060639520243900576	0.7884965233686494	ridge_signed_target	p100_delta_00001	1	vorinostat	HDAC1;HDAC2;HDAC3;HDAC6	52		
41	0.7804878048780488	0.7777777777777778	1.0	-0.36067192245919405	-0.23555491488626312	0.375	-0.6107476757874757	-0.5606743638663345	0.2857142857142857	-0.5646489148877625	-0.6	0.2222222222222222	0.3333333333333333	0.0	0.5277777777777778	0.10672714445376541	0.7884965233686494	retrieval_target	p100_delta_00001	1	vorinostat	HDAC1;HDAC2;HDAC3;HDAC6	52	decryptm_delta_00020	
41	0.8292682926829268	0.8888888888888888	1.0	0.26265126119934656	0.33391647135179425	0.7058823529411765	0.5705585158998521	0.31666666666666665	0.75	0.25263791998261803	0.39999999999999997	0.4444444444444444	0.2222222222222222	1.0	0.5590277777777778	0.1213672231065064	0.7884965233686494	retrieval_target_baseline	p100_delta_00001	1	vorinostat	HDAC1;HDAC2;HDAC3;HDAC6	52		decryptm_delta_00038
38	1.0	1.0	1.0	0.5764231819471098	0.6060838166101323	0.6842105263157895	0.627385343650193	0.4761904761904762	0.75	0.885339933115034	0.6666666666666669	1.0	0.625	1.0	0.6875	0.05310541055606384	0.588048364476938	ppko_v10b	p100_delta_00002	2	vorinostat	HDAC1;HDAC2;HDAC3;HDAC6	47		
38	0.0	0.0	0.0										0.25		0.5	0.0	0.588048364476938	zero_vector	p100_delta_00002	2	vorinostat	HDAC1;HDAC2;HDAC3;HDAC6	47		
38	0.0	0.0	0.0										0.25		0.5	0.0	0.588048364476938	direct_kinase_substrate	p100_delta_00002	2	vorinostat	HDAC1;HDAC2;HDAC3;HDAC6	47		
38	0.9473684210526315	0.875	1.0	0.018651254961214905	-0.20166320166320167	0.3888888888888889	-0.2964505165167626	-0.30952380952380953	0.42857142857142855	0.05412038950049052	-0.5952380952380953	0.375	0.125	0.0	0.37083333333333335	0.00423747510753432	0.588048364476938	graph_heat_diffusion	p100_delta_00002	2	vorinostat	HDAC1;HDAC2;HDAC3;HDAC6	47		
38	0.9736842105263158	1.0	1.0	0.02206186146703929	-0.11390742969690337	0.43243243243243246	-0.30805701322484186	-0.5952380952380953	0.25	0.06017341336541377	-0.11904761904761905	0.375	0.125	0.0	0.44166666666666665	0.003603070421006219	0.588048364476938	rwr_signed_graph	p100_delta_00002	2	vorinostat	HDAC1;HDAC2;HDAC3;HDAC6	47		
38	0.9736842105263158	1.0	1.0	-0.12387915169773615	0.013458802932487144	0.4594594594594595	0.1001124963948972	0.4285714285714286	0.625	-0.5933902212115351	0.523809523809524	0.125	0.0		0.32916666666666666	0.06171862859474985	0.588048364476938	ridge_signed_target	p100_delta_00002	2	vorinostat	HDAC1;HDAC2;HDAC3;HDAC6	47		
38	0.7894736842105263	0.75	1.0	-0.18914901025902506	-0.23766330029433994	0.36666666666666664	-0.3129449791722814	-0.3353353533357125	0.5	-0.37251426899329965	-0.28571428571428575	0.25	0.0		0.375	0.11156751462993653	0.588048364476938	retrieval_target	p100_delta_00002	2	vorinostat	HDAC1;HDAC2;HDAC3;HDAC6	47	decryptm_delta_00020	
38	0.8157894736842105	0.875	1.0	0.21938146134784647	0.21457680080895633	0.4838709677419355	0.5667870758861016	0.8571428571428572	0.8571428571428571	0.3449049593218538	0.023809523809523815	0.375	0.125	1.0	0.4166666666666667	0.12707409831254105	0.588048364476938	retrieval_target_baseline	p100_delta_00002	2	vorinostat	HDAC1;HDAC2;HDAC3;HDAC6	47		decryptm_delta_00038
40	1.0	1.0	1.0	0.6324608997383071	0.6384615384615385	0.6	0.852801283984808	0.6666666666666669	1.0	0.8822121339717661	0.7619047619047621	0.875	0.5	1.0	0.74609375	0.04615349808009341	1.0486746702343226	ppko_v10b	p100_delta_00003	3	vorinostat	HDAC1;HDAC2;HDAC3;HDAC6	51		
40	0.0	0.0	0.0										0.375		0.5	0.0	1.0486746702343226	zero_vector	p100_delta_00003	3	vorinostat	HDAC1;HDAC2;HDAC3;HDAC6	51		
40	0.0	0.0	0.0										0.375		0.5	0.0	1.0486746702343226	direct_kinase_substrate	p100_delta_00003	3	vorinostat	HDAC1;HDAC2;HDAC3;HDAC6	51		
40	0.95	0.875	1.0	-0.03517996171921076	0.15290806754221392	0.5	0.4601449500870264	0.5714285714285715	0.7142857142857143	-0.07740768125786025	0.2380952380952381	0.5	0.25	1.0	0.4765625	0.004026781981372618	1.0486746702343226	graph_heat_diffusion	p100_delta_00003	3	vorinostat	HDAC1;HDAC2;HDAC3;HDAC6	51		
40	0.975	1.0	1.0	-0.03169894969951706	0.08292682926829269	0.38461538461538464	0.4486396958920247	0.3571428571428572	0.5	-0.06617389984966268	0.4285714285714286	0.5	0.25	1.0	0.51953125	0.0034299232828715275	1.0486746702343226	rwr_signed_graph	p100_delta_00003	3	vorinostat	HDAC1;HDAC2;HDAC3;HDAC6	51		
40	0.975	1.0	1.0	0.026402700599603146	0.03133208255159475	0.41025641025641024	0.2847779965800351	0.023809523809523815	0.75	-0.07683964694945393	-0.30952380952380953	0.375	0.25	0.5	0.4765625	0.056534170359373095	1.0486746702343226	ridge_signed_target	p100_delta_00003	3	vorinostat	HDAC1;HDAC2;HDAC3;HDAC6	51		
40	0.775	0.625	1.0	-0.03738100194072905	-0.23000368467380428	0.3225806451612903	0.029906730491940207	-0.21957751641341997	0.4	0.11389692844771303	-0.14285714285714288	0.5	0.25	0.5	0.453125	0.10690728530753404	1.0486746702343226	retrieval_target	p100_delta_00003	3	vorinostat	HDAC1;HDAC2;HDAC3;HDAC6	51	decryptm_delta_00020	
40	0.875	0.75	1.0	-0.025217367594893014	-0.016338035371305945	0.5142857142857142	0.13566170231161168	-0.04790505047653036	0.6666666666666666	-0.12326287393911523	-0.2142857142857143	0.375	0.375	0.6666666666666666	0.546875	0.11544602571520954	1.0486746702343226	retrieval_target_baseline	p100_delta_00003	3	vorinostat	HDAC1;HDAC2;HDAC3;HDAC6	51		decryptm_delta_00030
36	1.0	1.0	1.0	0.3793682059452636	0.4172458172458173	0.6944444444444444	0.6275363474651463	0.5000000000000001	0.75	0.511811161225268	0.5714285714285715	0.875	0.375	1.0	0.6517857142857143	0.05847422336551568	0.5477881000066797	ppko_v10b	p100_delta_00004	4	curcumin	CREBBP;EP300	43		
36	0.0	0.0	0.0										0.0		0.5	0.0	0.5477881000066797	zero_vector	p100_delta_00004	4	curcumin	CREBBP;EP300	43		
36	0.0	0.0	0.0										0.0		0.5	0.0	0.5477881000066797	direct_kinase_substrate	p100_delta_00004	4	curcumin	CREBBP;EP300	43		
36	0.9722222222222222	1.0	1.0	0.008496487543264247	-0.21261261261261263	0.3142857142857143	0.027041499879056977	-0.523809523809524	0.25	0.022869993932964967	0.0	0.375	0.5	0.25	0.7276785714285714	0.0013718307645752424	0.5477881000066797	graph_heat_diffusion	p100_delta_00004	4	curcumin	CREBBP;EP300	43		
36	0.9722222222222222	1.0	1.0	-0.13200869091453515	-0.1317889317889318	0.37142857142857144	-0.4302899125443644	-0.28571428571428575	0.375	-0.23277248221437732	-0.6904761904761906	0.375	0.5	0.25	0.7008928571428571	0.0003953968847538489	0.5477881000066797	rwr_signed_graph	p100_delta_00004	4	curcumin	CREBBP;EP300	43		
36	0.9722222222222222	1.0	1.0	-0.11212510789615852	-0.1444015444015444	0.4	-0.14603148279321065	-0.2380952380952381	0.5	-0.47764961665085276	-0.6428571428571429	0.25	0.125	0.0	0.45089285714285715	0.06031680153682828	0.5477881000066797	ridge_signed_target	p100_delta_00004	4	curcumin	CREBBP;EP300	43		
36	0.75	0.75	1.0	-0.0920632557750565	0.19429900938044614	0.5185185185185185	-0.5454226465170485	-0.6347419188140273	0.5	-0.20432948226782113	0.5476190476190477	0.375	0.125	0.0	0.46875	0.09827688613182141	0.5477881000066797	retrieval_target	p100_delta_00004	4	curcumin	CREBBP;EP300	43	decryptm_delta_00020	
36	0.8888888888888888	1.0	1.0	-0.13190963507292183	-0.14204767915860955	0.375	-0.1610909793227175	-0.28571428571428575	0.5	-0.27891350953059846	-0.04761904761904763	0.375	0.25	0.5	0.625	0.1241305086037351	0.5477881000066797	retrieval_target_baseline	p100_delta_00004	4	curcumin	CREBBP;EP300	43		decryptm_delta_00030
36	1.0	1.0	1.0	0.6138569874550238	0.5395109395109395	0.6944444444444444	0.8405896021711449	0.5714285714285715	1.0	0.7816607729844808	0.7142857142857144	0.875	0.5	1.0	0.7321428571428571	0.04218484743291305	0.5648448866688542	ppko_v10b	p100_delta_00005	5	vorinostat	HDAC1;HDAC2;HDAC3;HDAC6	43		
36	0.0	0.0	0.0										0.25		0.5	0.0	0.5648448866688542	zero_vector	p100_delta_00005	5	vorinostat	HDAC1;HDAC2;HDAC3;HDAC6	43		
36	0.0	0.0	0.0										0.25		0.5	0.0	0.5648448866688542	direct_kinase_substrate	p100_delta_00005	5	vorinostat	HDAC1;HDAC2;HDAC3;HDAC6	43		
36	0.9444444444444444	0.875	1.0	0.24023415495393996	0.16911196911196916	0.5294117647058824	0.28058580031632985	-0.8095238095238096	0.2857142857142857	0.6688794501822238	0.7619047619047621	0.875	0.125	1.0	0.44642857142857145	0.004467478925657637	0.5648448866688542	graph_heat_diffusion	p100_delta_00005	5	vorinostat	HDAC1;HDAC2;HDAC3;HDAC6	43		
36	0.9722222222222222	1.0	1.0	0.2405119671906524	0.26151866151866154	0.5428571428571428	0.2809869262364344	-0.14285714285714288	0.375	0.6940470251844462	0.6190476190476191	0.625	0.125	1.0	0.42410714285714285	0.0038038330592245176	0.5648448866688542	rwr_signed_graph	p100_delta_00005	5	vorinostat	HDAC1;HDAC2;HDAC3;HDAC6	43		
36	0.9722222222222222	0.875	1.0	-0.022633314538882836	-0.08494208494208495	0.34285714285714286	0.4920998111882451	0.7619047619047621	0.7142857142857143	-0.4525121573785857	-0.8095238095238096	0.25	0.0		0.4642857142857143	0.06031680153682828	0.5648448866688542	ridge_signed_target	p100_delta_00005	5	vorinostat	HDAC1;HDAC2;HDAC3;HDAC6	43		
36	0.75	0.875	1.0	-0.17911274825847479	-0.0881998173422586	0.4444444444444444	-0.4878028977812902	-0.7619047619047621	0.2857142857142857	-0.3774960999953567	-0.04761904761904763	0.5	0.125	0.0	0.5803571428571429	0.09827688613182141	0.5648448866688542	retrieval_target	p100_delta_00005	5	vorinostat	HDAC1;HDAC2;HDAC3;HDAC6	43	decryptm_delta_00020	
36	0.8888888888888888	0.875	1.0	0.12443974573497686	0.03515776646446093	0.46875	0.4001088718181355	0.3571428571428572	0.5714285714285714	0.3091123629203301	0.19047619047619052	0.5	0.125	1.0	0.4263392857142857	0.1241305086037351	0.5648448866688542	retrieval_target_baseline	p100_delta_00005	5	vorinostat	HDAC1;HDAC2;HDAC3;HDAC6	43		decryptm_delta_00030
36	1.0	1.0	1.0	0.8338886678217744	0.8476190476190477	0.8055555555555556	0.9376919188503887	0.7380952380952381	1.0	0.9055788597770191	0.2142857142857143	1.0	0.5	1.0	0.8660714285714286	0.10004433873756272	0.7857314475501577	ppko_v10b	p100_delta_00006	6	curcumin	CREBBP;EP300	43		
36	0.0	0.0	0.0										0.125		0.5	0.0	0.7857314475501577	zero_vector	p100_delta_00006	6	curcumin	CREBBP;EP300	43		
36	0.0	0.0	0.0										0.125		0.5	0.0	0.7857314475501577	direct_kinase_substrate	p100_delta_00006	6	curcumin	CREBBP;EP300	43		
36	0.9722222222222222	1.0	1.0	-0.0044429098327747	-0.17245817245817247	0.5714285714285714	-0.3242134634092528	-0.7857142857142858	0.5	-0.01260041399061686	0.3571428571428572	0.625	0.125	0.0	0.41964285714285715	0.0011999841104142206	0.7857314475501577	graph_heat_diffusion	p100_delta_00006	6	curcumin	CREBBP;EP300	43		
36	0.9722222222222222	1.0	1.0	0.03895668973965856	-0.14105534105534107	0.5428571428571428	0.22136396260671543	-0.6666666666666669	0.625	0.10563944278100322	0.11904761904761905	0.625	0.125	1.0	0.48660714285714285	0.0003157959845828549	0.7857314475501577	rwr_signed_graph	p100_delta_00006	6	curcumin	CREBBP;EP300	43		
36	0.9722222222222222	0.875	1.0	-0.12348651629104086	-0.2	0.45714285714285713	-0.5474791409603166	-0.5000000000000001	0.2857142857142857	0.023118679103901897	0.38095238095238104	0.5	0.0		0.33035714285714285	0.060592520205924906	0.7857314475501577	ridge_signed_target	p100_delta_00006	6	curcumin	CREBBP;EP300	43		
36	0.7777777777777778	0.875	1.0	-0.10243453106422952	-0.07298244430377948	0.5357142857142857	0.012434023986384619	0.261904761904762	0.5714285714285714	-0.3299856692930077	-0.261904761904762	0.25	0.0		0.4575892857142857	0.11618953640572727	0.7857314475501577	retrieval_target	p100_delta_00006	6	curcumin	CREBBP;EP300	43	decryptm_delta_00020	
36	0.8055555555555556	0.75	1.0	-0.1853430705157398	-0.2572995386033765	0.3793103448275862	-0.1647658225442085	-0.08383383833392813	0.5	-0.6431021063745633	-0.7857142857142858	0.125	0.25	0.0	0.5089285714285714	0.11914073955267668	0.7857314475501577	retrieval_target_baseline	p100_delta_00006	6	curcumin	CREBBP;EP300	43		decryptm_delta_00038
36	1.0	1.0	1.0	0.7256758222647911	0.6795366795366796	0.8055555555555556	0.8070896105927087	0.9047619047619048	0.875	0.9257948849386863	0.8095238095238096	1.0	0.625	1.0	0.8571428571428571	0.05571947997668758	0.6599898093069593	ppko_v10b	p100_delta_00007	7	vorinostat	HDAC1;HDAC2;HDAC3;HDAC6	43		
36	0.0	0.0	0.0										0.125		0.5	0.0	0.6599898093069593	zero_vector	p100_delta_00007	7	vorinostat	HDAC1;HDAC2;HDAC3;HDAC6	43		
36	0.0	0.0	0.0										0.125		0.5	0.0	0.6599898093069593	direct_kinase_substrate	p100_delta_00007	7	vorinostat	HDAC1;HDAC2;HDAC3;HDAC6	43		
36	0.9444444444444444	0.875	1.0	0.08671086533682877	0.22213642213642215	0.5	0.4674307335067774	0.523809523809524	0.7142857142857143	0.3242863532094997	0.6904761904761906	0.375	0.0		0.15178571428571427	0.004367522359385399	0.6599898093069593	graph_heat_diffusion	p100_delta_00007	7	vorinostat	HDAC1;HDAC2;HDAC3;HDAC6	43		
36	0.9722222222222222	0.875	1.0	0.08793804921729387	0.14285714285714285	0.4857142857142857	0.5435941989196821	0.6904761904761906	0.5714285714285714	0.28563039199508417	0.6666666666666669	0.625	0.0		0.20535714285714285	0.003742381136450806	0.6599898093069593	rwr_signed_graph	p100_delta_00007	7	vorinostat	HDAC1;HDAC2;HDAC3;HDAC6	43		
36	0.9722222222222222	0.875	1.0	-0.08612384763733825	-0.10759330759330761	0.4	-0.13560023362331008	-0.14285714285714288	0.42857142857142855	0.0011148253963863134	0.2142857142857143	0.5	0.25	0.5	0.5714285714285714	0.060592520205924906	0.6599898093069593	ridge_signed_target	p100_delta_00007	7	vorinostat	HDAC1;HDAC2;HDAC3;HDAC6	43		
36	0.7777777777777778	0.75	1.0	0.012014256380238154	-0.1102500754376243	0.4642857142857143	0.19992649537694449	-0.10778636357219329	0.3333333333333333	0.18353374959767638	-0.2142857142857143	0.25	0.125	1.0	0.45535714285714285	0.11618953640572727	0.6599898093069593	retrieval_target	p100_delta_00007	7	vorinostat	HDAC1;HDAC2;HDAC3;HDAC6	43	decryptm_delta_00020	
36	0.8055555555555556	0.625	1.0	-0.022070821275304155	-0.05554156706799793	0.4827586206896552	0.05029913738979814	0.12198750911856665	0.6	-0.08212382315063592	-0.2380952380952381	0.5	0.5	0.5	0.5892857142857143	0.11914073955267668	0.6599898093069593	retrieval_target_baseline	p100_delta_00007	7	vorinostat	HDAC1;HDAC2;HDAC3;HDAC6	43		decryptm_delta_00038
30	1.0	1.0	1.0	0.5202036741395021	0.5612903225806452	0.7333333333333333	0.8204067973138921	0.942857142857143	0.8333333333333334	0.5986168331715009	0.8285714285714287	0.8333333333333334	0.3333333333333333	1.0	0.6805555555555556	0.07824274438122908	0.5142795510590077	ppko_v10b	p100_delta_00008	8	curcumin	CREBBP;EP300	36		
30	0.0	0.0	0.0										0.5		0.5	0.0	0.5142795510590077	zero_vector	p100_delta_00008	8	curcumin	CREBBP;EP300	36		
30	0.0	0.0	0.0										0.5		0.5	0.0	0.5142795510590077	direct_kinase_substrate	p100_delta_00008	8	curcumin	CREBBP;EP300	36		
30	0.9666666666666667	1.0	1.0	-0.009488857127695762	0.0460511679644049	0.5862068965517241	0.31073495308085536	0.6	0.5	-0.08256078208328757	-0.4285714285714286	0.5	0.0		0.4583333333333333	0.0012253092513882771	0.5142795510590077	graph_heat_diffusion	p100_delta_00008	8	curcumin	CREBBP;EP300	36		
30	0.9666666666666667	1.0	1.0	0.08649327054709817	0.09855394883203561	0.6206896551724138	0.2594811981512085	-0.3714285714285715	0.5	0.3290537049190454	0.3714285714285715	0.8333333333333334	0.16666666666666666	1.0	0.4027777777777778	0.00012826348232124473	0.5142795510590077	rwr_signed_graph	p100_delta_00008	8	curcumin	CREBBP;EP300	36		
30	0.9666666666666667	1.0	1.0	-0.0375808123427921	0.04916573971078977	0.4827586206896552	-0.0008151989988454791	0.2571428571428572	0.5	-0.17894345295470215	-0.3714285714285715	0.6666666666666666	0.0		0.4236111111111111	0.059726311328510445	0.5142795510590077	ridge_signed_target	p100_delta_00008	8	curcumin	CREBBP;EP300	36		
30	0.8	0.8333333333333334	1.0	-0.06087142497108321	0.10117330206942865	0.5833333333333334	-0.4360985189103827	-0.028571428571428574	0.8	-0.1597329424641093	0.2571428571428572	0.6666666666666666	0.16666666666666666	0.0	0.4965277777777778	0.11399574416379134	0.5142795510590077	retrieval_target	p100_delta_00008	8	curcumin	CREBBP;EP300	36	decryptm_delta_00020	
30	0.8666666666666667	1.0	1.0	0.15355761265973855	0.1302896130783413	0.6923076923076923	0.4601129089776237	0.08571428571428573	0.5	0.24423848258496778	0.028571428571428574	0.6666666666666666	0.16666666666666666	1.0	0.4583333333333333	0.10484619910518328	0.5142795510590077	retrieval_target_baseline	p100_delta_00008	8	curcumin	CREBBP;EP300	36		decryptm_delta_00030
28	1.0	1.0	1.0	0.728776765369796	0.6934865900383141	0.6785714285714286	0.8388043324535789	0.8285714285714287	0.8333333333333334	0.8670974525901305	1.0	1.0	0.3333333333333333	1.0	0.6666666666666666	0.04570801416411996	0.7899108893637147	ppko_v10b	p100_delta_00009	9	vorinostat	HDAC1;HDAC2;HDAC3;HDAC6	32		
28	0.0	0.0	0.0										0.0		0.5	0.0	0.7899108893637147	zero_vector	p100_delta_00009	9	vorinostat	HDAC1;HDAC2;HDAC3;HDAC6	32		
28	0.0	0.0	0.0										0.0		0.5	0.0	0.7899108893637147	direct_kinase_substrate	p100_delta_00009	9	vorinostat	HDAC1;HDAC2;HDAC3;HDAC6	32		
28	0.9285714285714286	1.0	1.0	-0.05358776145097303	0.06622879036672139	0.5384615384615384	-0.6457387517967391	-0.8857142857142858	0.16666666666666666	-0.2266551566089326	-0.14285714285714288	0.6666666666666666	0.0		0.3787878787878788	0.0054097667751964295	0.7899108893637147	graph_heat_diffusion	p100_delta_00009	9	vorinostat	HDAC1;HDAC2;HDAC3;HDAC6	32		
28	0.9642857142857143	1.0	1.0	-0.05568117344144952	-0.3273125342090859	0.37037037037037035	-0.7126144901038964	-0.8857142857142858	0.16666666666666666	-0.30285937429046267	-0.2	0.16666666666666666	0.0		0.32575757575757575	0.004570859764872434	0.7899108893637147	rwr_signed_graph	p100_delta_00009	9	vorinostat	HDAC1;HDAC2;HDAC3;HDAC6	32		
28	0.9642857142857143	1.0	1.0	0.21191846694921362	0.13081554460864805	0.5185185185185185	0.4792780476430193	0.3714285714285715	0.6666666666666666	0.48641525127220736	0.08571428571428573	0.5	0.16666666666666666	1.0	0.5151515151515151	0.05934027136702623	0.7899108893637147	ridge_signed_target	p100_delta_00009	9	vorinostat	HDAC1;HDAC2;HDAC3;HDAC6	32		
28	0.7857142857142857	1.0	1.0	-0.146923087132544	0.03519908762947367	0.45454545454545453	-0.42968303516476813	-0.7142857142857143	0.5	-0.2127527975238791	0.08571428571428573	0.3333333333333333	0.3333333333333333	0.5	0.6515151515151515	0.10772337485104799	0.7899108893637147	retrieval_target	p100_delta_00009	9	vorinostat	HDAC1;HDAC2;HDAC3;HDAC6	32	decryptm_delta_00020	
28	0.7857142857142857	0.8333333333333334	1.0	0.021167019751485282	-0.05994844611894735	0.5	0.49482131262997764	0.7714285714285715	0.8	0.025388291384553122	-0.2571428571428572	0.3333333333333333	0.16666666666666666	1.0	0.38257575757575757	0.1112503655520933	0.7899108893637147	retrieval_target_baseline	p100_delta_00009	9	vorinostat	HDAC1;HDAC2;HDAC3;HDAC6	32		decryptm_delta_00038
31	1.0	1.0	1.0	0.7386029685508848	0.5661290322580645	0.7096774193548387	0.8817351749291208	0.42857142857142866	1.0	0.8852090667913737	0.3214285714285715	1.0	0.7142857142857143	1.0	0.8869047619047619	0.08235837970559876	0.5107414304248749	ppko_v10b	p100_delta_00010	10	curcumin	CREBBP;EP300	36		
31	0.0	0.0	0.0										0.14285714285714285		0.5	0.0	0.5107414304248749	zero_vector	p100_delta_00010	10	curcumin	CREBBP;EP300	36		
31	0.0	0.0	0.0										0.14285714285714285		0.5	0.0	0.5107414304248749	direct_kinase_substrate	p100_delta_00010	10	curcumin	CREBBP;EP300	36		
31	0.967741935483871	1.0	1.0	-0.011681016920918625	-0.21612903225806454	0.6	-0.4781710081777645	-0.6785714285714287	0.7142857142857143	-0.02859545335747091	-0.03571428571428572	0.2857142857142857	0.2857142857142857	0.0	0.5833333333333334	0.0011884398282037887	0.5107414304248749	graph_heat_diffusion	p100_delta_00010	10	curcumin	CREBBP;EP300	36		
31	0.967741935483871	1.0	1.0	-0.11221763635205595	-0.30403225806451617	0.5666666666666667	-0.09876063526397001	0.03571428571428572	0.7142857142857143	-0.22122237448588566	-0.03571428571428572	0.14285714285714285	0.2857142857142857	0.5	0.4226190476190476	0.0001250918503611472	0.5107414304248749	rwr_signed_graph	p100_delta_00010	10	curcumin	CREBBP;EP300	36		
31	0.967741935483871	1.0	1.0	0.24229384499123602	0.06774193548387096	0.6333333333333333	0.3622339025666192	-0.5714285714285715	0.5714285714285714	0.7032092833012856	0.8214285714285715	0.7142857142857143	0.2857142857142857	1.0	0.6726190476190477	0.06241646258821411	0.5107414304248749	ridge_signed_target	p100_delta_00010	10	curcumin	CREBBP;EP300	36		
31	0.8387096774193549	0.8571428571428571	1.0	0.11580663626447588	0.17010135721157182	0.6153846153846154	-0.08075691802112626	-0.9642857142857145	0.6666666666666666	0.11922343356807413	0.642857142857143	0.42857142857142855	0.14285714285714285	0.0	0.5833333333333334	0.10480759157648971	0.5107414304248749	retrieval_target	p100_delta_00010	10	curcumin	CREBBP;EP300	36	decryptm_delta_00020	
31	0.8709677419354839	1.0	1.0	-0.0029588613364329975	-0.1848638680841576	0.37037037037037035	0.2647877832551372	-0.1785714285714286	0.42857142857142855	0.1293937767038392	0.25	0.5714285714285714	0.14285714285714285	1.0	0.5476190476190477	0.09595526778890241	0.5107414304248749	retrieval_target_baseline	p100_delta_00010	10	curcumin	CREBBP;EP300	36		decryptm_delta_00030
31	1.0	1.0	1.0	0.5238689318704799	0.46895161290322585	0.7096774193548387	0.6215931338073398	0.3571428571428572	0.8571428571428571	0.7258611596114005	0.5714285714285715	0.7142857142857143	0.2857142857142857	1.0	0.6071428571428571	0.04269709139912119	0.613885636411367	ppko_v10b	p100_delta_00011	11	vorinostat	HDAC1;HDAC2;HDAC3;HDAC6	36		
31	0.0	0.0	0.0										0.2857142857142857		0.5	0.0	0.613885636411367	zero_vector	p100_delta_00011	11	vorinostat	HDAC1;HDAC2;HDAC3;HDAC6	36		
31	0.0	0.0	0.0										0.2857142857142857		0.5	0.0	0.613885636411367	direct_kinase_substrate	p100_delta_00011	11	vorinostat	HDAC1;HDAC2;HDAC3;HDAC6	36		
31	0.9354838709677419	1.0	1.0	-0.040145617585663936	0.13629032258064516	0.6206896551724138	-0.18829487593226557	0.25	0.5714285714285714	-0.10944343275288489	0.0	0.2857142857142857	0.14285714285714285	0.0	0.44047619047619047	0.00497705741772361	0.613885636411367	graph_heat_diffusion	p100_delta_00011	11	vorinostat	HDAC1;HDAC2;HDAC3;HDAC6	36		
31	0.967741935483871	1.0	1.0	-0.03935119840430984	-0.0407258064516129	0.5666666666666667	-0.33317446422608527	-0.28571428571428575	0.42857142857142855	-0.07871406911980762	-0.21428571428571433	0.42857142857142855	0.2857142857142857	0.0	0.48214285714285715	0.0042129711214035906	0.613885636411367	rwr_signed_graph	p100_delta_00011	11	vorinostat	HDAC1;HDAC2;HDAC3;HDAC6	36		
31	0.967741935483871	1.0	1.0	0.12941480504031178	-0.0407258064516129	0.5333333333333333	0.23790835178754416	0.28571428571428575	0.5714285714285714	0.36571306851233165	-0.03571428571428572	0.7142857142857143	0.14285714285714285	1.0	0.49404761904761907	0.06241646258821411	0.613885636411367	ridge_signed_target	p100_delta_00011	11	vorinostat	HDAC1;HDAC2;HDAC3;HDAC6	36		
31	0.8387096774193549	0.8571428571428571	1.0	0.1507134260528668	0.0	0.5	0.22553630028044547	-0.14285714285714288	0.5	0.5008360000015758	0.6071428571428572	0.5714285714285714	0.2857142857142857	1.0	0.5	0.10480759157648971	0.613885636411367	retrieval_target	p100_delta_00011	11	vorinostat	HDAC1;HDAC2;HDAC3;HDAC6	36	decryptm_delta_00020	
31	0.8709677419354839	1.0	1.0	0.03663817592393232	-0.10837543358208802	0.5185185185185185	0.09931200868858515	-0.14285714285714288	0.7142857142857143	0.11241896430190647	0.3214285714285715	0.5714285714285714	0.2857142857142857	0.5	0.6428571428571429	0.09595526778890241	0.613885636411367	retrieval_target_baseline	p100_delta_00011	11	vorinostat	HDAC1;HDAC2;HDAC3;HDAC6	36		decryptm_delta_00030
29	1.0	1.0	1.0	0.11423246819428311	0.22266009852216745	0.5862068965517241	0.5296006870564607	0.2571428571428572	0.8333333333333334	0.17802243212167163	0.6	0.5	0.3333333333333333	1.0	0.5	0.035458849197060896	1.016196271468853	ppko_v10b	p100_delta_00012	12	Selumetinib	MAP2K1;MAP2K2	33		
29	0.0	0.0	0.0										0.5		0.5	0.0	1.016196271468853	zero_vector	p100_delta_00012	12	Selumetinib	MAP2K1;MAP2K2	33		
29	0.3103448275862069	0.5	1.0	-0.015997331571034248	0.1294436387009444	0.6666666666666666	-0.25175071898379	0.49377071987869414	0.3333333333333333	-0.15341972514063634	-0.4879500364742666	0.5	0.5	0.3333333333333333	0.6413043478260869	0.1420725512093511	1.016196271468853	direct_kinase_substrate	p100_delta_00012	12	Selumetinib	MAP2K1;MAP2K2	33		
29	1.0	1.0	1.0	-0.07975629883365927	-0.0881773399014778	0.5862068965517241	-0.4472703301267128	0.2571428571428572	0.16666666666666666	-0.21756415907937754	-0.48571428571428577	0.5	0.16666666666666666	0.0	0.5797101449275363	0.03149225489168485	1.016196271468853	graph_heat_diffusion	p100_delta_00012	12	Selumetinib	MAP2K1;MAP2K2	33		
29	0.9655172413793104	1.0	1.0	-0.07350014071301675	-0.04876847290640393	0.5357142857142857	-0.3833223589234436	0.2571428571428572	0.16666666666666666	-0.18414857514531177	-0.4285714285714286	0.5	0.16666666666666666	0.0	0.5507246376811594	0.03894971507858419	1.016196271468853	rwr_signed_graph	p100_delta_00012	12	Selumetinib	MAP2K1;MAP2K2	33		
29	0.9655172413793104	1.0	1.0	-0.4425768068669464	-0.3039408866995073	0.42857142857142855	-0.7774111352535503	-0.6571428571428573	0.16666666666666666	-0.5198295362034016	-0.2	0.5	0.3333333333333333	0.0	0.5579710144927537	0.05571128460096902	1.016196271468853	ridge_signed_target	p100_delta_00012	12	Selumetinib	MAP2K1;MAP2K2	33		
29	0.7931034482758621	0.6666666666666666	1.0	0.025285036424560342	0.1981465691000678	0.6956521739130435	-0.1510290750063131	0.23190841426097936	0.5	0.03257817911470401	-0.08571428571428573	0.6666666666666666	0.16666666666666666	0.0	0.47101449275362317	0.09937448578019595	1.016196271468853	retrieval_target	p100_delta_00012	12	Selumetinib	MAP2K1;MAP2K2	33	decryptm_delta_00020	
29	0.7931034482758621	0.6666666666666666	1.0	-0.345696507039106	-0.2820063530263137	0.43478260869565216	-0.8125265628162744	-0.9276336570439174	0.0	-0.4322084116567131	-0.4285714285714286	0.5	0.16666666666666666	0.0	0.4420289855072464	0.1148661786112292	1.016196271468853	retrieval_target_baseline	p100_delta_00012	12	Selumetinib	MAP2K1;MAP2K2	33		decryptm_delta_00038
29	1.0	1.0	1.0	0.5710444843555141	0.6197044334975368	0.7931034482758621	0.28845070358983826	-0.028571428571428574	0.6666666666666666	0.9011482845380621	0.942857142857143	0.8333333333333334	0.3333333333333333	1.0	0.463768115942029	0.03845263979044454	0.5378727612310442	ppko_v10b	p100_delta_00013	13	Nilotinib	ABL1;KIT;PDGFRB	33		
29	0.0	0.0	0.0										0.5		0.5	0.0	0.5378727612310442	zero_vector	p100_delta_00013	13	Nilotinib	ABL1;KIT;PDGFRB	33		
29	0.0	0.0	0.0										0.5		0.5	0.0	0.5378727612310442	direct_kinase_substrate	p100_delta_00013	13	Nilotinib	ABL1;KIT;PDGFRB	33		
29	0.9655172413793104	1.0	1.0	0.011796785682407723	0.06354679802955664	0.5714285714285714	-0.42746833795571637	-0.48571428571428577	0.3333333333333333	0.0110496195147418	0.3142857142857143	0.5	0.3333333333333333	0.0	0.5652173913043478	0.004332543049932956	0.5378727612310442	graph_heat_diffusion	p100_delta_00013	13	Nilotinib	ABL1;KIT;PDGFRB	33		
29	0.9655172413793104	1.0	1.0	0.044973801943533065	0.2162561576354679	0.6428571428571429	-0.32425359459017494	0.028571428571428574	0.5	0.10446595934274953	0.3142857142857143	0.6666666666666666	0.16666666666666666	0.0	0.572463768115942	0.0031119715317015953	0.5378727612310442	rwr_signed_graph	p100_delta_00013	13	Nilotinib	ABL1;KIT;PDGFRB	33		
29	0.9655172413793104	1.0	1.0	0.08630551350313868	0.11231527093596057	0.6071428571428571	-0.14478744831411497	-0.08571428571428573	0.5	0.18645268047872257	0.4285714285714286	0.5	0.3333333333333333	0.5	0.6304347826086957	0.0641502521717359	0.5378727612310442	ridge_signed_target	p100_delta_00013	13	Nilotinib	ABL1;KIT;PDGFRB	33		
29	0.7931034482758621	0.6666666666666666	1.0	0.26441363630987336	0.2273367003782301	0.6521739130434783	0.06287808718271064	0.4928053803045812	0.75	0.8256552260232146	0.2	0.8333333333333334	0.0		0.34782608695652173	0.09937448578019595	0.5378727612310442	retrieval_target	p100_delta_00013	13	Nilotinib	ABL1;KIT;PDGFRB	33	decryptm_delta_00020	
29	0.7931034482758621	0.8333333333333334	1.0	-0.3007643365117101	-0.29858041061645674	0.391304347826087	-0.7669848647919755	-0.942857142857143	0.0	-0.4651744567655503	-0.6	0.5	0.16666666666666666	0.0	0.48188405797101447	0.1148661786112292	0.5378727612310442	retrieval_target_baseline	p100_delta_00013	13	Nilotinib	ABL1;KIT;PDGFRB	33		decryptm_delta_00038
29	1.0	1.0	1.0	0.5556267354326987	0.6729064039408865	0.7931034482758621	0.5466524450454144	0.08571428571428573	0.8333333333333334	0.3450566724892244	0.14285714285714288	0.8333333333333334	0.5	0.6666666666666666	0.8260869565217391	0.05420136198016076	0.7478980111150906	ppko_v10b	p100_delta_00014	14	dactolisib	PIK3CA;PIK3CB;MTOR	33		
29	0.0	0.0	0.0										0.16666666666666666		0.5	0.0	0.7478980111150906	zero_vector	p100_delta_00014	14	dactolisib	PIK3CA;PIK3CB;MTOR	33		
29	0.0	0.0	0.0										0.16666666666666666		0.5	0.0	0.7478980111150906	direct_kinase_substrate	p100_delta_00014	14	dactolisib	PIK3CA;PIK3CB;MTOR	33		
29	0.9655172413793104	1.0	1.0	0.04218434833669651	-0.0817733990147783	0.42857142857142855	-0.3461885005471545	0.3714285714285715	0.3333333333333333	0.11514120734879463	-0.2	0.5	0.16666666666666666	0.0	0.37681159420289856	0.0008009752512423112	0.7478980111150906	graph_heat_diffusion	p100_delta_00014	14	dactolisib	PIK3CA;PIK3CB;MTOR	33		
29	0.9655172413793104	1.0	1.0	-0.17364036302110172	-0.16009852216748766	0.39285714285714285	-0.3072358632486976	0.3714285714285715	0.3333333333333333	-0.419909021991158	-0.5428571428571429	0.5	0.16666666666666666	0.0	0.38405797101449274	0.0005425032268719626	0.7478980111150906	rwr_signed_graph	p100_delta_00014	14	dactolisib	PIK3CA;PIK3CB;MTOR	33		
29	0.9655172413793104	1.0	1.0	0.07396337404209094	-0.03793103448275861	0.5714285714285714	0.16879212726385032	0.2571428571428572	0.5	0.2123182129133832	-0.08571428571428573	0.8333333333333334	0.5	0.6666666666666666	0.7536231884057971	0.05571128460096902	0.7478980111150906	ridge_signed_target	p100_delta_00014	14	dactolisib	PIK3CA;PIK3CB;MTOR	33		
29	0.7241379310344828	0.8333333333333334	1.0	-0.01310226946748973	0.1244468189001104	0.6666666666666666	-0.11986542129710319	-0.6571428571428573	0.6	-0.05049290158354813	-0.48571428571428577	0.5	0.3333333333333333	0.5	0.6702898550724637	0.09227674876757223	0.7478980111150906	retrieval_target	p100_delta_00014	14	dactolisib	PIK3CA;PIK3CB;MTOR	33	decryptm_delta_00010	
29	0.7241379310344828	0.8333333333333334	1.0	-0.01310226946748973	0.1244468189001104	0.6666666666666666	-0.11986542129710319	-0.6571428571428573	0.6	-0.05049290158354813	-0.48571428571428577	0.5	0.3333333333333333	0.5	0.6702898550724637	0.09227674876757223	0.7478980111150906	retrieval_target_baseline	p100_delta_00014	14	dactolisib	PIK3CA;PIK3CB;MTOR	33		decryptm_delta_00010
29	1.0	1.0	1.0	0.5547487198502573	0.5443349753694581	0.6551724137931034	0.8925429567537024	0.942857142857143	1.0	0.505297883012719	0.2	0.5	0.3333333333333333	1.0	0.5869565217391305	0.03821483151666049	0.49073731025745126	ppko_v10b	p100_delta_00015	15	vorinostat	HDAC1;HDAC2;HDAC3;HDAC6	33		
29	0.0	0.0	0.0										0.0		0.5	0.0	0.49073731025745126	zero_vector	p100_delta_00015	15	vorinostat	HDAC1;HDAC2;HDAC3;HDAC6	33		
29	0.0	0.0	0.0										0.0		0.5	0.0	0.49073731025745126	direct_kinase_substrate	p100_delta_00015	15	vorinostat	HDAC1;HDAC2;HDAC3;HDAC6	33		
29	0.9310344827586207	1.0	1.0	0.13315097450494623	0.3660098522167487	0.6296296296296297	0.25793761728229364	0.028571428571428574	0.5	0.3236674414859839	0.7142857142857143	0.8333333333333334	0.16666666666666666	1.0	0.47101449275362317	0.005317045000327228	0.49073731025745126	graph_heat_diffusion	p100_delta_00015	15	vorinostat	HDAC1;HDAC2;HDAC3;HDAC6	33		
29	0.9655172413793104	1.0	1.0	0.1276628369796289	0.15812807881773394	0.6071428571428571	-0.22277516078614532	-0.14285714285714288	0.3333333333333333	0.5108334413323893	0.942857142857143	0.6666666666666666	0.0		0.4927536231884058	0.004500973325916832	0.49073731025745126	rwr_signed_graph	p100_delta_00015	15	vorinostat	HDAC1;HDAC2;HDAC3;HDAC6	33		
29	0.9655172413793104	1.0	1.0	-0.15414989094105577	-0.09901477832512312	0.42857142857142855	-0.410484042446579	-0.4285714285714286	0.3333333333333333	-0.3656692143820401	0.08571428571428573	0.3333333333333333	0.16666666666666666	0.0	0.5289855072463768	0.05571128460096902	0.49073731025745126	ridge_signed_target	p100_delta_00015	15	vorinostat	HDAC1;HDAC2;HDAC3;HDAC6	33		
29	0.7931034482758621	0.8333333333333334	1.0	-0.06367553904721349	-0.19443595919182682	0.43478260869565216	-0.7348473729880984	-0.7714285714285715	0.2	0.09443745965058242	-0.3714285714285715	0.5	0.0		0.4166666666666667	0.09937448578019595	0.49073731025745126	retrieval_target	p100_delta_00015	15	vorinostat	HDAC1;HDAC2;HDAC3;HDAC6	33	decryptm_delta_00020	
29	0.7931034482758621	0.5	1.0	0.056581156616190176	-0.030179627253693223	0.43478260869565216	0.16796559626956856	0.5161002296110789	0.6666666666666666	0.24576306210289858	0.48571428571428577	0.6666666666666666	0.3333333333333333	0.5	0.358695652173913	0.1148661786112292	0.49073731025745126	retrieval_target_baseline	p100_delta_00015	15	vorinostat	HDAC1;HDAC2;HDAC3;HDAC6	33		decryptm_delta_00038
32	1.0	1.0	1.0	0.6643311558615175	0.7452346041055719	0.78125	0.7832873525435008	0.9285714285714288	1.0	0.8847331983600583	1.0	0.8571428571428571	0.5714285714285714	1.0	0.7942857142857143	0.042091475494089536	0.62628058437258	ppko_v10b	p100_delta_00016	16	vorinostat	HDAC1;HDAC2;HDAC3;HDAC6	39		
32	0.0	0.0	0.0										0.14285714285714285		0.5	0.0	0.62628058437258	zero_vector	p100_delta_00016	16	vorinostat	HDAC1;HDAC2;HDAC3;HDAC6	39		
32	0.0	0.0	0.0										0.14285714285714285		0.5	0.0	0.62628058437258	direct_kinase_substrate	p100_delta_00016	16	vorinostat	HDAC1;HDAC2;HDAC3;HDAC6	39		
32	0.9375	1.0	1.0	-0.07619861947434835	-0.0784457478005865	0.5	-0.04135830675040121	-0.25	0.5714285714285714	-0.4337640089379391	-0.4642857142857144	0.42857142857142855	0.0		0.21714285714285714	0.0048906496475005085	0.62628058437258	graph_heat_diffusion	p100_delta_00016	16	vorinostat	HDAC1;HDAC2;HDAC3;HDAC6	39		
32	0.96875	1.0	1.0	-0.07967151282568895	-0.20747800586510262	0.41935483870967744	0.0700052455058772	0.21428571428571433	0.5714285714285714	-0.4028392385679761	-0.7857142857142859	0.2857142857142857	0.0		0.3314285714285714	0.0041659486883673935	0.62628058437258	rwr_signed_graph	p100_delta_00016	16	vorinostat	HDAC1;HDAC2;HDAC3;HDAC6	39		
32	0.96875	0.8571428571428571	1.0	0.20132703870166602	0.20821114369501464	0.45161290322580644	0.30140280329392094	0.28571428571428575	0.5	0.7263485853851183	0.28571428571428575	0.8571428571428571	0.2857142857142857	1.0	0.4342857142857143	0.0586986742564477	0.62628058437258	ridge_signed_target	p100_delta_00016	16	vorinostat	HDAC1;HDAC2;HDAC3;HDAC6	39		
32	0.75	0.5714285714285714	1.0	-0.0007783608704746676	-0.18655899389808417	0.4583333333333333	0.10335750447728399	0.07412493166611012	0.5	0.1933778827702839	-0.1785714285714286	0.5714285714285714	0.14285714285714285	1.0	0.32857142857142857	0.09833763225469738	0.62628058437258	retrieval_target	p100_delta_00016	16	vorinostat	HDAC1;HDAC2;HDAC3;HDAC6	39	decryptm_delta_00020	
32	0.8125	0.7142857142857143	1.0	0.21801850526599453	0.23940548692772742	0.5769230769230769	0.3120183556455649	0.14414999403128945	0.6	0.08287546274621001	0.1785714285714286	0.42857142857142855	0.42857142857142855	0.6666666666666666	0.6114285714285714	0.11923476390074939	0.62628058437258	retrieval_target_baseline	p100_delta_00016	16	vorinostat	HDAC1;HDAC2;HDAC3;HDAC6	39		decryptm_delta_00038
33	1.0	1.0	1.0	0.19992540759366553	0.4712566844919786	0.7272727272727273	0.6444072489780582	0.9642857142857145	1.0	0.26663533904371695	0.6785714285714287	0.7142857142857143	0.2857142857142857	1.0	0.44505494505494503	0.046051458596731674	0.6108572433392206	ppko_v10b	p100_delta_00017	17	Selumetinib	MAP2K1;MAP2K2	37		
33	0.0	0.0	0.0										0.0		0.5	0.0	0.6108572433392206	zero_vector	p100_delta_00017	17	Selumetinib	MAP2K1;MAP2K2	37		
33	0.30303030303030304	0.14285714285714285	1.0	-0.10402123270037861	-0.19498260871016773	0.3	0.41707812101346786	0.20412414523193148	1.0	-0.6742665783234502	-0.11572751247156894	0.14285714285714285	0.0		0.38186813186813184	0.1347021930145495	0.6108572433392206	direct_kinase_substrate	p100_delta_00017	17	Selumetinib	MAP2K1;MAP2K2	37		
33	1.0	1.0	1.0	-0.011617700893443595	-0.11764705882352942	0.45454545454545453	0.47299656628321685	0.10714285714285716	0.7142857142857143	-0.022626607415356974	-0.1785714285714286	0.5714285714285714	0.14285714285714285	1.0	0.35714285714285715	0.02815418416532173	0.6108572433392206	graph_heat_diffusion	p100_delta_00017	17	Selumetinib	MAP2K1;MAP2K2	37		
33	0.9696969696969697	1.0	1.0	-0.015510448414115486	-0.1931818181818182	0.46875	0.509705588024163	0.10714285714285716	0.8571428571428571	-0.04396480819362726	0.14285714285714288	0.42857142857142855	0.0		0.2857142857142857	0.03481678406686831	0.6108572433392206	rwr_signed_graph	p100_delta_00017	17	Selumetinib	MAP2K1;MAP2K2	37		
33	0.9696969696969697	0.8571428571428571	1.0	-0.009860261091000506	-0.05882352941176471	0.5625	0.12476540615273357	-0.4642857142857144	0.3333333333333333	-0.030300543893731123	-0.39285714285714296	0.5714285714285714	0.14285714285714285	1.0	0.47802197802197804	0.05601609187821547	0.6108572433392206	ridge_signed_target	p100_delta_00017	17	Selumetinib	MAP2K1;MAP2K2	37		
33	0.7575757575757576	0.7142857142857143	1.0	0.03482991613824703	0.19000811245066185	0.64	0.061913162652860614	-0.41443123283995714	0.8	-0.031043270962129946	-0.3571428571428572	0.5714285714285714	0.2857142857142857	0.5	0.5274725274725275	0.10723910602091839	0.6108572433392206	retrieval_target	p100_delta_00017	17	Selumetinib	MAP2K1;MAP2K2	37	decryptm_delta_00020	
33	0.8181818181818182	0.8571428571428571	1.0	0.058583345006079895	0.08514240930363007	0.5925925925925926	0.26287326870599914	-0.1785714285714286	0.6666666666666666	0.05393666403850983	-0.28571428571428575	0.5714285714285714	0.42857142857142855	0.6666666666666666	0.6785714285714286	0.13591622493483804	0.6108572433392206	retrieval_target_baseline	p100_delta_00017	17	Selumetinib	MAP2K1;MAP2K2	37		decryptm_delta_00038
33	1.0	1.0	1.0	0.7693246733412614	0.7272727272727273	0.7272727272727273	0.954282540065026	0.9642857142857145	1.0	0.9024288343958408	1.0	0.8571428571428571	0.5714285714285714	1.0	0.8351648351648352	0.04560820367469481	0.46194607798348775	ppko_v10b	p100_delta_00018	18	Nilotinib	ABL1;KIT;PDGFRB	37		
33	0.0	0.0	0.0										0.14285714285714285		0.5	0.0	0.46194607798348775	zero_vector	p100_delta_00018	18	Nilotinib	ABL1;KIT;PDGFRB	37		
33	0.0	0.0	0.0										0.14285714285714285		0.5	0.0	0.46194607798348775	direct_kinase_substrate	p100_delta_00018	18	Nilotinib	ABL1;KIT;PDGFRB	37		
33	0.9696969696969697	0.8571428571428571	1.0	-0.23639466127225822	-0.2660427807486631	0.625	-0.37052535690089305	-0.6785714285714287	0.5	-0.6329127161249404	-0.5714285714285715	0.2857142857142857	0.14285714285714285	0.0	0.4065934065934066	0.0038563299306340264	0.46194607798348775	graph_heat_diffusion	p100_delta_00018	18	Nilotinib	ABL1;KIT;PDGFRB	37		
33	0.9696969696969697	0.8571428571428571	1.0	-0.22108820254044637	-0.14037433155080214	0.59375	-0.14662394587821717	-0.5714285714285715	0.5	-0.6930034628016132	-0.8214285714285715	0.42857142857142855	0.0		0.44505494505494503	0.002772857301820433	0.46194607798348775	rwr_signed_graph	p100_delta_00018	18	Nilotinib	ABL1;KIT;PDGFRB	37		
33	0.9696969696969697	1.0	1.0	-0.12499485800597511	-0.16711229946524064	0.28125	0.20752836046128217	-0.03571428571428572	0.5714285714285714	-0.48031375018246125	0.1785714285714286	0.14285714285714285	0.0		0.43956043956043955	0.06714859487802835	0.46194607798348775	ridge_signed_target	p100_delta_00018	18	Nilotinib	ABL1;KIT;PDGFRB	37		
33	0.7575757575757576	0.7142857142857143	1.0	-0.025760816292339738	-0.04190612931817077	0.48	0.159063734434299	0.41443123283995714	0.8	0.093225612666922	-0.07142857142857144	0.5714285714285714	0.14285714285714285	1.0	0.35714285714285715	0.10723910602091839	0.46194607798348775	retrieval_target	p100_delta_00018	18	Nilotinib	ABL1;KIT;PDGFRB	37	decryptm_delta_00020	
33	0.8181818181818182	0.7142857142857143	1.0	0.12399605657880923	0.21168280108363147	0.6296296296296297	0.11799200136597807	0.18018749253911182	0.6	-0.24227558387090065	-0.14285714285714288	0.5714285714285714	0.14285714285714285	0.0	0.489010989010989	0.13591622493483804	0.46194607798348775	retrieval_target_baseline	p100_delta_00018	18	Nilotinib	ABL1;KIT;PDGFRB	37		decryptm_delta_00038
33	1.0	1.0	1.0	0.5855984262944451	0.6594251336898396	0.7575757575757576	0.7817441985762139	0.642857142857143	1.0	0.7310312791658322	0.42857142857142866	0.8571428571428571	0.2857142857142857	1.0	0.6318681318681318	0.06590599175119265	0.8311535668644038	ppko_v10b	p100_delta_00019	19	dactolisib	PIK3CA;PIK3CB;MTOR	37		
33	0.0	0.0	0.0										0.0		0.5	0.0	0.8311535668644038	zero_vector	p100_delta_00019	19	dactolisib	PIK3CA;PIK3CB;MTOR	37		
33	0.0	0.0	0.0										0.0		0.5	0.0	0.8311535668644038	direct_kinase_substrate	p100_delta_00019	19	dactolisib	PIK3CA;PIK3CB;MTOR	37		
33	0.9696969696969697	1.0	1.0	0.1080793462471179	-0.06550802139037433	0.4375	0.244773268471797	0.5357142857142858	0.5714285714285714	0.4205835393704267	0.0	0.5714285714285714	0.0		0.4010989010989011	0.000711789852940373	0.8311535668644038	graph_heat_diffusion	p100_delta_00019	19	dactolisib	PIK3CA;PIK3CB;MTOR	37		
33	0.9696969696969697	1.0	1.0	-0.014958971865432201	-0.07185828877005349	0.40625	0.3770187591284438	0.5714285714285715	0.5714285714285714	-0.057794879840477174	-0.07142857142857144	0.5714285714285714	0.0		0.4230769230769231	0.000483301803921098	0.8311535668644038	rwr_signed_graph	p100_delta_00019	19	dactolisib	PIK3CA;PIK3CB;MTOR	37		
33	0.9696969696969697	1.0	1.0	-0.1854877865038452	-0.19418449197860962	0.375	-0.21976037952341992	-0.1785714285714286	0.2857142857142857	-0.20595031007532877	-0.42857142857142866	0.42857142857142855	0.42857142857142855	0.3333333333333333	0.6428571428571429	0.05601609187821547	0.8311535668644038	ridge_signed_target	p100_delta_00019	19	dactolisib	PIK3CA;PIK3CB;MTOR	37		
33	0.696969696969697	0.7142857142857143	1.0	-0.22559835292460828	-0.25572269266802955	0.4782608695652174	-0.3736715044964818	-0.054056247761733546	0.4	-0.46326775061426373	-0.42857142857142866	0.42857142857142855	0.14285714285714285	0.0	0.46703296703296704	0.08050945343336824	0.8311535668644038	retrieval_target	p100_delta_00019	19	dactolisib	PIK3CA;PIK3CB;MTOR	37	decryptm_delta_00010	
33	0.696969696969697	0.7142857142857143	1.0	-0.22559835292460828	-0.25572269266802955	0.4782608695652174	-0.3736715044964818	-0.054056247761733546	0.4	-0.46326775061426373	-0.42857142857142866	0.42857142857142855	0.14285714285714285	0.0	0.46703296703296704	0.08050945343336824	0.8311535668644038	retrieval_target_baseline	p100_delta_00019	19	dactolisib	PIK3CA;PIK3CB;MTOR	37		decryptm_delta_00010
33	1.0	1.0	1.0	0.481276410953156	0.38335561497326204	0.696969696969697	0.8531795705167956	0.9285714285714288	1.0	0.5223657927035185	0.14285714285714288	0.5714285714285714	0.2857142857142857	1.0	0.7142857142857143	0.045595443581767155	0.5264727793295275	ppko_v10b	p100_delta_00020	20	vorinostat	HDAC1;HDAC2;HDAC3;HDAC6	37		
33	0.0	0.0	0.0										0.0		0.5	0.0	0.5264727793295275	zero_vector	p100_delta_00020	20	vorinostat	HDAC1;HDAC2;HDAC3;HDAC6	37		
33	0.0	0.0	0.0										0.0		0.5	0.0	0.5264727793295275	direct_kinase_substrate	p100_delta_00020	20	vorinostat	HDAC1;HDAC2;HDAC3;HDAC6	37		
33	0.9393939393939394	1.0	1.0	-0.08375534163080348	-0.2917780748663102	0.4838709677419355	-0.326648557214619	-0.6071428571428572	0.0	-0.2463374125522536	-0.25	0.42857142857142855	0.2857142857142857	0.0	0.6263736263736264	0.0048281992000648545	0.5264727793295275	graph_heat_diffusion	p100_delta_00020	20	vorinostat	HDAC1;HDAC2;HDAC3;HDAC6	37		
33	0.9696969696969697	1.0	1.0	-0.08754778774207755	-0.44719251336898397	0.3125	-0.3175201725113442	-0.6071428571428572	0.0	-0.26814338172704166	-0.42857142857142866	0.2857142857142857	0.2857142857142857	0.0	0.6648351648351648	0.004146664768375724	0.5264727793295275	rwr_signed_graph	p100_delta_00020	20	vorinostat	HDAC1;HDAC2;HDAC3;HDAC6	37		
33	0.9696969696969697	1.0	1.0	-0.24192625719710678	-0.339572192513369	0.25	-0.22820423485283106	-0.25	0.5714285714285714	-0.37998694042022046	-0.3571428571428572	0.2857142857142857	0.2857142857142857	0.5	0.6263736263736264	0.05601609187821547	0.5264727793295275	ridge_signed_target	p100_delta_00020	20	vorinostat	HDAC1;HDAC2;HDAC3;HDAC6	37		
33	0.7575757575757576	0.5714285714285714	1.0	0.08535097131323256	-0.019859129556402216	0.56	0.1695492333102683	-0.2594372608313854	0.5	0.35167789150920176	0.7142857142857144	0.7142857142857143	0.14285714285714285	1.0	0.36538461538461536	0.10723910602091839	0.5264727793295275	retrieval_target	p100_delta_00020	20	vorinostat	HDAC1;HDAC2;HDAC3;HDAC6	37	decryptm_delta_00020	
33	0.8181818181818182	0.5714285714285714	1.0	0.08524767342454949	-0.14363591490789562	0.3333333333333333	0.3106785310115354	0.4076871241636057	0.75	-0.12620886753737123	-0.39285714285714296	0.2857142857142857	0.2857142857142857	0.5	0.41483516483516486	0.13591622493483804	0.5264727793295275	retrieval_target_baseline	p100_delta_00020	20	vorinostat	HDAC1;HDAC2;HDAC3;HDAC6	37		decryptm_delta_00038
32	1.0	1.0	1.0	0.4765683179628719	0.5476539589442815	0.625	0.831036495490421	0.8571428571428573	0.7142857142857143	0.6203362374075707	0.9642857142857145	1.0	0.42857142857142855	1.0	0.76	0.04383067927847151	0.558712130296044	ppko_v10b	p100_delta_00021	21	Selumetinib	MAP2K1;MAP2K2	38		
32	0.0	0.0	0.0										0.14285714285714285		0.5	0.0	0.558712130296044	zero_vector	p100_delta_00021	21	Selumetinib	MAP2K1;MAP2K2	38		
32	0.3125	0.14285714285714285	1.0	0.07230971630716618	0.13023295946890265	0.5	0.3308254498919092	0.6123724356957946	1.0	0.1793344733405415	-0.3086066999241838	0.42857142857142855	0.14285714285714285	1.0	0.3942857142857143	0.13213937846012414	0.558712130296044	direct_kinase_substrate	p100_delta_00021	21	Selumetinib	MAP2K1;MAP2K2	38		
32	1.0	1.0	1.0	0.049421065002328936	-0.0722140762463343	0.46875	0.20353630885928325	0.5714285714285715	0.42857142857142855	0.08702649304521558	0.10714285714285716	0.5714285714285714	0.2857142857142857	0.5	0.5485714285714286	0.028853871097638262	0.558712130296044	graph_heat_diffusion	p100_delta_00021	21	Selumetinib	MAP2K1;MAP2K2	38		
32	0.96875	1.0	1.0	0.05721476558146152	-0.022727272727272724	0.4838709677419355	0.5250601033043567	0.642857142857143	0.5714285714285714	0.10950625765015347	0.5	0.7142857142857143	0.14285714285714285	1.0	0.4742857142857143	0.03563526568235886	0.558712130296044	rwr_signed_graph	p100_delta_00021	21	Selumetinib	MAP2K1;MAP2K2	38		
32	0.96875	1.0	1.0	-0.06431210925866394	-0.08357771260997067	0.3870967741935484	0.14607939549310622	-0.3214285714285715	0.5714285714285714	-0.28074539287546724	-0.6071428571428572	0.2857142857142857	0.0		0.1657142857142857	0.062864639388863	0.558712130296044	ridge_signed_target	p100_delta_00021	21	Selumetinib	MAP2K1;MAP2K2	38		
32	0.78125	0.7142857142857143	1.0	-0.23419781036130963	-0.22771120946697163	0.36	-0.4717021740632959	0.03603749850782236	0.2	-0.48285626579187396	-0.7857142857142859	0.2857142857142857	0.2857142857142857	0.0	0.4685714285714286	0.09935398944071494	0.558712130296044	retrieval_target	p100_delta_00021	21	Selumetinib	MAP2K1;MAP2K2	38	decryptm_delta_00020	
32	0.78125	0.8571428571428571	1.0	-0.16043737435826524	-0.04311037460782473	0.44	-0.2125110908716917	-0.21428571428571433	0.6666666666666666	-0.4583631435399899	-0.3571428571428572	0.2857142857142857	0.14285714285714285	0.0	0.5428571428571428	0.11597059457562864	0.558712130296044	retrieval_target_baseline	p100_delta_00021	21	Selumetinib	MAP2K1;MAP2K2	38		decryptm_delta_00038
32	1.0	1.0	1.0	0.6378502804174734	0.6206011730205278	0.78125	0.6512971967449732	0.7857142857142859	0.5714285714285714	0.9135778583658953	0.42857142857142866	1.0	0.42857142857142855	1.0	0.5657142857142857	0.04157773328188341	0.72279151994735	ppko_v10b	p100_delta_00022	22	Nilotinib	ABL1;KIT;PDGFRB	38		
32	0.0	0.0	0.0										0.14285714285714285		0.5	0.0	0.72279151994735	zero_vector	p100_delta_00022	22	Nilotinib	ABL1;KIT;PDGFRB	38		
32	0.0	0.0	0.0										0.14285714285714285		0.5	0.0	0.72279151994735	direct_kinase_substrate	p100_delta_00022	22	Nilotinib	ABL1;KIT;PDGFRB	38		
32	0.96875	1.0	1.0	-0.11547185694323246	-0.056085043988269793	0.41935483870967744	0.35580764707780016	0.3571428571428572	0.2857142857142857	-0.21189440415078842	0.0	0.5714285714285714	0.2857142857142857	1.0	0.5371428571428571	0.003957674660114208	0.72279151994735	graph_heat_diffusion	p100_delta_00022	22	Nilotinib	ABL1;KIT;PDGFRB	38		
32	0.96875	1.0	1.0	-0.06460338794248535	0.1693548387096774	0.4838709677419355	0.4477837687954688	0.4642857142857144	0.5714285714285714	-0.11255804041207348	0.5357142857142858	0.7142857142857143	0.42857142857142855	0.6666666666666666	0.44571428571428573	0.002838829205188631	0.72279151994735	rwr_signed_graph	p100_delta_00022	22	Nilotinib	ABL1;KIT;PDGFRB	38		
32	0.96875	1.0	1.0	-0.32254542711452017	-0.2162756598240469	0.4838709677419355	-0.5951807365654427	-0.6071428571428572	0.2857142857142857	-0.7263855937924343	-0.642857142857143	0.14285714285714285	0.42857142857142855	0.0	0.6285714285714286	0.07094772714572173	0.72279151994735	ridge_signed_target	p100_delta_00022	22	Nilotinib	ABL1;KIT;PDGFRB	38		
32	0.78125	0.42857142857142855	1.0	-0.17812608669347227	-0.3581477275111593	0.36	-0.3878359473589205	-0.5910828046793255	0.0	-0.32737542927948865	-0.5714285714285715	0.5714285714285714	0.14285714285714285	0.0	0.30857142857142855	0.09935398944071494	0.72279151994735	retrieval_target	p100_delta_00022	22	Nilotinib	ABL1;KIT;PDGFRB	38	decryptm_delta_00020	
32	0.78125	0.8571428571428571	1.0	-0.320999043148264	-0.21555187303912365	0.4	-0.49825199810674625	-0.3571428571428572	0.5	-0.5605857345600394	-0.8214285714285715	0.42857142857142855	0.42857142857142855	0.0	0.6685714285714286	0.11597059457562864	0.72279151994735	retrieval_target_baseline	p100_delta_00022	22	Nilotinib	ABL1;KIT;PDGFRB	38		decryptm_delta_00038
32	1.0	1.0	1.0	0.6152209107687101	0.6605571847507331	0.84375	0.978702287222794	0.8571428571428573	1.0	0.6132478449448375	0.8928571428571429	1.0	0.2857142857142857	1.0	0.6571428571428571	0.05939994558139006	0.5569693832658231	ppko_v10b	p100_delta_00023	23	dactolisib	PIK3CA;PIK3CB;MTOR	38		
32	0.0	0.0	0.0										0.14285714285714285		0.5	0.0	0.5569693832658231	zero_vector	p100_delta_00023	23	dactolisib	PIK3CA;PIK3CB;MTOR	38		
32	0.0	0.0	0.0										0.14285714285714285		0.5	0.0	0.5569693832658231	direct_kinase_substrate	p100_delta_00023	23	dactolisib	PIK3CA;PIK3CB;MTOR	38		
32	0.96875	1.0	1.0	-0.055290716044382175	-0.09677419354838708	0.4838709677419355	-0.22358473231261772	-0.3214285714285715	0.42857142857142855	-0.11089478550257068	0.14285714285714288	0.5714285714285714	0.14285714285714285	1.0	0.6171428571428571	0.0007435536500324247	0.5569693832658231	graph_heat_diffusion	p100_delta_00023	23	dactolisib	PIK3CA;PIK3CB;MTOR	38		
32	0.96875	1.0	1.0	0.007075133081994797	-0.049853372434017586	0.5161290322580645	-0.19733427701998146	-0.3214285714285715	0.42857142857142855	0.04327839556456479	0.14285714285714288	0.5714285714285714	0.2857142857142857	0.5	0.64	0.0005065599586799863	0.5569693832658231	rwr_signed_graph	p100_delta_00023	23	dactolisib	PIK3CA;PIK3CB;MTOR	38		
32	0.96875	1.0	1.0	-0.18016277171693992	-0.2133431085043988	0.4838709677419355	-0.23667018556588	-0.07142857142857144	0.42857142857142855	-0.6059936056825947	-0.7142857142857144	0.42857142857142855	0.14285714285714285	0.0	0.37714285714285717	0.062864639388863	0.5569693832658231	ridge_signed_target	p100_delta_00023	23	dactolisib	PIK3CA;PIK3CB;MTOR	38		
32	0.71875	0.7142857142857143	1.0	-0.25193108750632137	-0.3550997883620688	0.391304347826087	-0.4120111501237288	-0.48650622985560193	0.2	-0.5161241140632485	-0.7142857142857144	0.42857142857142855	0.14285714285714285	0.0	0.5657142857142857	0.08475352350797039	0.5569693832658231	retrieval_target	p100_delta_00023	23	dactolisib	PIK3CA;PIK3CB;MTOR	38	decryptm_delta_00010	
32	0.71875	0.7142857142857143	1.0	-0.25193108750632137	-0.3550997883620688	0.391304347826087	-0.4120111501237288	-0.48650622985560193	0.2	-0.5161241140632485	-0.7142857142857144	0.42857142857142855	0.14285714285714285	0.0	0.5657142857142857	0.08475352350797039	0.5569693832658231	retrieval_target_baseline	p100_delta_00023	23	dactolisib	PIK3CA;PIK3CB;MTOR	38		decryptm_delta_00010
32	1.0	1.0	1.0	0.5843736263124998	0.5241935483870968	0.75	0.8469124078890575	0.7500000000000002	0.8571428571428571	0.7202469731683008	0.6071428571428572	0.8571428571428571	0.2857142857142857	1.0	0.64	0.04233613212272758	0.668321737961378	ppko_v10b	p100_delta_00024	24	vorinostat	HDAC1;HDAC2;HDAC3;HDAC6	38		
32	0.0	0.0	0.0										0.0		0.5	0.0	0.668321737961378	zero_vector	p100_delta_00024	24	vorinostat	HDAC1;HDAC2;HDAC3;HDAC6	38		
32	0.0	0.0	0.0										0.0		0.5	0.0	0.668321737961378	direct_kinase_substrate	p100_delta_00024	24	vorinostat	HDAC1;HDAC2;HDAC3;HDAC6	38		
32	0.9375	1.0	1.0	0.03942061751657979	0.34310850439882695	0.5666666666666667	0.3310259631666125	0.6071428571428572	0.7142857142857143	0.06442144649390084	0.7857142857142859	0.8571428571428571	0.42857142857142855	1.0	0.6228571428571429	0.004890800564020678	0.668321737961378	graph_heat_diffusion	p100_delta_00024	24	vorinostat	HDAC1;HDAC2;HDAC3;HDAC6	38		
32	0.96875	1.0	1.0	0.033962656472143256	0.02419354838709677	0.4838709677419355	0.21898566527209842	0.21428571428571433	0.42857142857142855	0.10999464799069679	0.7857142857142859	0.7142857142857143	0.14285714285714285	1.0	0.5542857142857143	0.004158204539194799	0.668321737961378	rwr_signed_graph	p100_delta_00024	24	vorinostat	HDAC1;HDAC2;HDAC3;HDAC6	38		
32	0.96875	1.0	1.0	-0.32528944603242943	-0.2925219941348973	0.3870967741935484	-0.5398102306353195	-0.39285714285714296	0.2857142857142857	-0.668641918519341	-0.8214285714285715	0.2857142857142857	0.2857142857142857	0.0	0.6285714285714286	0.062864639388863	0.668321737961378	ridge_signed_target	p100_delta_00024	24	vorinostat	HDAC1;HDAC2;HDAC3;HDAC6	38		
32	0.78125	0.5714285714285714	1.0	-0.09797754934138592	-0.27450623147717457	0.36	-0.6910374351896755	-0.5188745216627708	0.0	0.004971023897794278	-0.6071428571428572	0.42857142857142855	0.0		0.3142857142857143	0.09935398944071494	0.668321737961378	retrieval_target	p100_delta_00024	24	vorinostat	HDAC1;HDAC2;HDAC3;HDAC6	38	decryptm_delta_00020	
32	0.78125	0.7142857142857143	1.0	-0.22401280750621352	-0.28261245576240657	0.36	-0.3839507054045927	-0.21622499104693418	0.2	-0.23927041846359495	-0.42857142857142866	0.42857142857142855	0.5714285714285714	0.25	0.6685714285714286	0.11597059457562864	0.668321737961378	retrieval_target_baseline	p100_delta_00024	24	vorinostat	HDAC1;HDAC2;HDAC3;HDAC6	38		decryptm_delta_00038
27	1.0	1.0	1.0	0.5640497998763765	0.37973137973137966	0.5185185185185185	0.8463614876891372	0.7714285714285715	1.0	0.7936077114541884	0.7714285714285715	0.8333333333333334	0.6666666666666666	1.0	0.753968253968254	0.038046140120261245	0.5121027062888499	ppko_v10b	p100_delta_00025	25	Ponatinib	ABL1;KIT	31		
27	0.0	0.0	0.0										0.16666666666666666		0.5	0.0	0.5121027062888499	zero_vector	p100_delta_00025	25	Ponatinib	ABL1;KIT	31		
27	0.0	0.0	0.0										0.16666666666666666		0.5	0.0	0.5121027062888499	direct_kinase_substrate	p100_delta_00025	25	Ponatinib	ABL1;KIT	31		
27	0.9629629629629629	1.0	1.0	-0.026359629337356087	0.09645909645909646	0.46153846153846156	0.3978115698769249	0.8285714285714287	0.3333333333333333	-0.048758812182641276	0.48571428571428577	0.5	0.16666666666666666	1.0	0.47619047619047616	0.005625325969352464	0.5121027062888499	graph_heat_diffusion	p100_delta_00025	25	Ponatinib	ABL1;KIT	31		
27	0.9629629629629629	1.0	1.0	-0.07144221865965002	0.045177045177045176	0.46153846153846156	-0.21863895882832468	0.6	0.3333333333333333	-0.23959922401456346	0.14285714285714288	0.5	0.0		0.3253968253968254	0.003008473996386682	0.5121027062888499	rwr_signed_graph	p100_delta_00025	25	Ponatinib	ABL1;KIT	31		
27	0.9629629629629629	1.0	1.0	-0.04508657891538908	-0.1514041514041514	0.4230769230769231	0.4112505984049741	0.3142857142857143	0.8333333333333334	-0.45985823114341057	0.028571428571428574	0.3333333333333333	0.0		0.3492063492063492	0.06627605629640769	0.5121027062888499	ridge_signed_target	p100_delta_00025	25	Ponatinib	ABL1;KIT	31		
27	0.7407407407407407	0.6666666666666666	1.0	-0.034612472821369165	0.146557170031697	0.5	0.38975225321652907	0.5797710356524485	0.75	-0.17962348550221355	0.2	0.5	0.16666666666666666	1.0	0.4126984126984127	0.09430469444918411	0.5121027062888499	retrieval_target	p100_delta_00025	25	Ponatinib	ABL1;KIT	31	decryptm_delta_00020	
27	0.8518518518518519	0.6666666666666666	1.0	-0.04646155652962526	-0.08162650930380029	0.43478260869565216	0.391451495408892	0.3768511731740915	0.75	-0.5317096810553544	-0.2571428571428572	0.3333333333333333	0.0		0.3333333333333333	0.11775870621204376	0.5121027062888499	retrieval_target_baseline	p100_delta_00025	25	Ponatinib	ABL1;KIT	31		decryptm_delta_00030
27	1.0	1.0	1.0	0.5734490484969552	0.5561660561660562	0.7037037037037037	0.5637043156944516	0.6	0.6666666666666666	0.8652839211503517	0.8857142857142858	0.8333333333333334	0.3333333333333333	1.0	0.6666666666666666	0.038729419793795655	0.5324023559137627	ppko_v10b	p100_delta_00026	26	Dasatinib	ABL1;SRC;LYN;LCK;HCK;KIT;PDGFRB;YES1	31		
27	0.0	0.0	0.0										0.16666666666666666		0.5	0.0	0.5324023559137627	zero_vector	p100_delta_00026	26	Dasatinib	ABL1;SRC;LYN;LCK;HCK;KIT;PDGFRB;YES1	31		
27	0.07407407407407407	0.16666666666666666	0.3333333333333333	0.20601532939533476	0.10894095588038442	0.5	0.5368574473050783	0.6546536707079772	1.0	0.36679027592141844	0.0	0.5	0.3333333333333333	1.0	0.5595238095238095	0.002101844659558049	0.5324023559137627	direct_kinase_substrate	p100_delta_00026	26	Dasatinib	ABL1;SRC;LYN;LCK;HCK;KIT;PDGFRB;YES1	31		
27	1.0	1.0	1.0	0.32892023124652225	0.009768009768009768	0.37037037037037035	0.4209546306807212	0.7714285714285715	0.6666666666666666	0.4865249462016207	0.6	0.5	0.5	1.0	0.7222222222222222	0.006957268709851484	0.5324023559137627	graph_heat_diffusion	p100_delta_00026	26	Dasatinib	ABL1;SRC;LYN;LCK;HCK;KIT;PDGFRB;YES1	31		
27	0.9629629629629629	1.0	1.0	0.3367486128074682	0.009157509157509158	0.38461538461538464	0.4277014472263877	0.8285714285714287	0.6666666666666666	0.5417815262863301	0.5428571428571429	0.3333333333333333	0.3333333333333333	1.0	0.6349206349206349	0.008282305521653918	0.5324023559137627	rwr_signed_graph	p100_delta_00026	26	Dasatinib	ABL1;SRC;LYN;LCK;HCK;KIT;PDGFRB;YES1	31		
27	0.9629629629629629	1.0	1.0	-0.004860182619295717	0.05006105006105006	0.5769230769230769	-0.19012500875374358	0.3142857142857143	0.5	0.10399987096446282	0.08571428571428573	0.5	0.3333333333333333	0.5	0.4365079365079365	0.06627605629640769	0.5324023559137627	ridge_signed_target	p100_delta_00026	26	Dasatinib	ABL1;SRC;LYN;LCK;HCK;KIT;PDGFRB;YES1	31		
27	0.7407407407407407	0.6666666666666666	1.0	0.12972508293951476	0.35900348793478715	0.6	0.7321475594605418	0.8406680016960504	1.0	0.20528659087522688	0.08571428571428573	0.5	0.0		0.36507936507936506	0.09430469444918411	0.5324023559137627	retrieval_target	p100_delta_00026	26	Dasatinib	ABL1;SRC;LYN;LCK;HCK;KIT;PDGFRB;YES1	31	decryptm_delta_00020	
27	0.8518518518518519	0.8333333333333334	1.0	-0.15480544773505014	-0.13206985774996902	0.5217391304347826	-0.573585687258875	-0.4285714285714286	0.0	-0.20157392203865337	-0.08571428571428573	0.5	0.16666666666666666	0.0	0.4642857142857143	0.11775870621204376	0.5324023559137627	retrieval_target_baseline	p100_delta_00026	26	Dasatinib	ABL1;SRC;LYN;LCK;HCK;KIT;PDGFRB;YES1	31		decryptm_delta_00030
27	1.0	1.0	1.0	0.5799945576888839	0.5323565323565322	0.7037037037037037	0.7123797058509508	0.6	0.8333333333333334	0.7128094440162928	-0.5428571428571429	0.8333333333333334	0.3333333333333333	1.0	0.6111111111111112	0.04007550161676826	0.5074606350174656	ppko_v10b	p100_delta_00027	27	Gefitinib	EGFR	31		
27	0.0	0.0	0.0										0.3333333333333333		0.5	0.0	0.5074606350174656	zero_vector	p100_delta_00027	27	Gefitinib	EGFR	31		
27	0.0	0.0	0.0										0.3333333333333333		0.5	0.0	0.5074606350174656	direct_kinase_substrate	p100_delta_00027	27	Gefitinib	EGFR	31		
27	0.9629629629629629	1.0	1.0	-0.10037431883470237	0.05006105006105006	0.4230769230769231	0.3226927006950373	0.8285714285714287	0.3333333333333333	-0.25097221749837473	0.3714285714285715	0.5	0.16666666666666666	1.0	0.5714285714285714	0.009210989039948563	0.5074606350174656	graph_heat_diffusion	p100_delta_00027	27	Gefitinib	EGFR	31		
27	0.9629629629629629	1.0	1.0	-0.0969081379053883	-0.1105006105006105	0.4230769230769231	0.29361869340952623	0.3714285714285715	0.3333333333333333	-0.23668849464637132	0.028571428571428574	0.3333333333333333	0.16666666666666666	1.0	0.6428571428571429	0.009099747015339003	0.5074606350174656	rwr_signed_graph	p100_delta_00027	27	Gefitinib	EGFR	31		
27	0.9629629629629629	0.8333333333333334	1.0	-0.24885910660836985	-0.31440781440781446	0.46153846153846156	-0.7282123315457452	-0.8857142857142858	0.2	-0.2598892243159892	-0.4285714285714286	0.5	0.3333333333333333	0.0	0.5317460317460317	0.10883196503898405	0.5074606350174656	ridge_signed_target	p100_delta_00027	27	Gefitinib	EGFR	31		
27	0.7407407407407407	0.8333333333333334	1.0	0.024378402024947086	-0.13485722788630938	0.45	-0.5417746322682596	-0.2571428571428572	0.4	0.2223410271608759	-0.08571428571428573	0.5	0.0		0.3968253968253968	0.1154428001286255	0.5074606350174656	retrieval_target	p100_delta_00027	27	Gefitinib	EGFR	31	decryptm_delta_00000	
27	0.7407407407407407	0.8333333333333334	1.0	0.024378402024947086	-0.13485722788630938	0.45	-0.5417746322682596	-0.2571428571428572	0.4	0.2223410271608759	-0.08571428571428573	0.5	0.0		0.3968253968253968	0.1154428001286255	0.5074606350174656	retrieval_target_baseline	p100_delta_00027	27	Gefitinib	EGFR	31		decryptm_delta_00000
27	1.0	1.0	1.0	0.7667096953349688	0.6965811965811965	0.7777777777777778	0.9206120141753392	0.8857142857142858	1.0	0.9449406118054046	0.8857142857142858	1.0	0.6666666666666666	1.0	0.8253968253968254	0.03687550982080952	0.4584397817099536	ppko_v10b	p100_delta_00028	28	Imatinib	ABL1;KIT;PDGFRB	31		
27	0.0	0.0	0.0										0.3333333333333333		0.5	0.0	0.4584397817099536	zero_vector	p100_delta_00028	28	Imatinib	ABL1;KIT;PDGFRB	31		
27	0.0	0.0	0.0										0.3333333333333333		0.5	0.0	0.4584397817099536	direct_kinase_substrate	p100_delta_00028	28	Imatinib	ABL1;KIT;PDGFRB	31		
27	0.9629629629629629	1.0	1.0	-0.028114303043919292	0.19413919413919414	0.6153846153846154	0.427376898535381	0.7142857142857143	0.5	-0.06232868418370744	0.4285714285714286	0.6666666666666666	0.16666666666666666	1.0	0.49206349206349204	0.004650890522936135	0.4584397817099536	graph_heat_diffusion	p100_delta_00028	28	Imatinib	ABL1;KIT;PDGFRB	31		
27	0.9629629629629629	1.0	1.0	0.013439329277782942	0.11477411477411475	0.5384615384615384	0.4333988955949648	0.7142857142857143	0.5	0.0328521544196457	0.7714285714285715	0.6666666666666666	0.16666666666666666	1.0	0.5476190476190477	0.0033204031554945417	0.4584397817099536	rwr_signed_graph	p100_delta_00028	28	Imatinib	ABL1;KIT;PDGFRB	31		
27	0.9629629629629629	1.0	1.0	-0.08328173219119729	-0.08302808302808302	0.5	-0.22592084225172596	-0.14285714285714288	0.5	-0.23553938826274984	-0.2	0.5	0.16666666666666666	0.0	0.30952380952380953	0.06627605629640769	0.4584397817099536	ridge_signed_target	p100_delta_00028	28	Imatinib	ABL1;KIT;PDGFRB	31		
27	0.7407407407407407	0.6666666666666666	1.0	0.15087000663358005	0.02771038929170741	0.55	0.2754416605395434	0.550782483869826	0.5	0.6361502737186239	0.6571428571428573	0.8333333333333334	0.0		0.23809523809523808	0.09430469444918411	0.4584397817099536	retrieval_target	p100_delta_00028	28	Imatinib	ABL1;KIT;PDGFRB	31	decryptm_delta_00020	
27	0.8518518518518519	0.8333333333333334	1.0	-0.1808910457603372	-0.21491923610700975	0.5652173913043478	-0.38472235248856945	-0.4285714285714286	0.2	-0.5905135588415297	-0.6	0.3333333333333333	0.16666666666666666	0.0	0.49603174603174605	0.11775870621204376	0.4584397817099536	retrieval_target_baseline	p100_delta_00028	28	Imatinib	ABL1;KIT;PDGFRB	31		decryptm_delta_00030
27	1.0	1.0	1.0	0.7446744984815331	0.5372405372405372	0.7037037037037037	0.9315980452906774	0.942857142857143	0.8333333333333334	0.8799732948126683	0.942857142857143	0.8333333333333334	0.3333333333333333	1.0	0.7380952380952381	0.04094957264519676	0.443037008245786	ppko_v10b	p100_delta_00029	29	Bosutinib	ABL1;SRC;LYN;HCK	31		
27	0.0	0.0	0.0										0.16666666666666666		0.5	0.0	0.443037008245786	zero_vector	p100_delta_00029	29	Bosutinib	ABL1;SRC;LYN;HCK	31		
27	0.07407407407407407	0.16666666666666666	0.3333333333333333	0.23165018941934912	0.254195563720897	0.5	0.39753292961193243	0.6546536707079772	1.0	0.5012410513607709	0.20701966780270628	0.5	0.3333333333333333	1.0	0.5595238095238095	0.004955524095782527	0.443037008245786	direct_kinase_substrate	p100_delta_00029	29	Bosutinib	ABL1;SRC;LYN;HCK	31		
27	1.0	1.0	1.0	0.06396490302301804	0.2863247863247863	0.5185185185185185	0.3491439440548664	0.48571428571428577	0.3333333333333333	0.14683537752115672	0.7142857142857143	0.6666666666666666	0.3333333333333333	0.5	0.42857142857142855	0.012101628122424197	0.443037008245786	graph_heat_diffusion	p100_delta_00029	29	Bosutinib	ABL1;SRC;LYN;HCK	31		
27	0.9629629629629629	1.0	1.0	0.0707360949798148	0.3962148962148962	0.46153846153846156	0.3920696531046421	0.3714285714285715	0.16666666666666666	0.18716556769926718	0.6	0.6666666666666666	0.16666666666666666	1.0	0.30158730158730157	0.016956717310104404	0.443037008245786	rwr_signed_graph	p100_delta_00029	29	Bosutinib	ABL1;SRC;LYN;HCK	31		
27	0.9629629629629629	1.0	1.0	-0.009532624170878577	-0.04700854700854701	0.5769230769230769	0.21975795392398373	0.2	0.8333333333333334	0.1046830252202618	0.3714285714285715	0.6666666666666666	0.16666666666666666	1.0	0.3253968253968254	0.06627605629640769	0.443037008245786	ridge_signed_target	p100_delta_00029	29	Bosutinib	ABL1;SRC;LYN;HCK	31		
27	0.7407407407407407	0.6666666666666666	1.0	0.1553483953997682	0.24200406648091138	0.55	0.28448665849727284	0.9276336570439174	0.5	0.5941063199862808	0.8857142857142858	0.6666666666666666	0.0		0.3492063492063492	0.09430469444918411	0.443037008245786	retrieval_target	p100_delta_00029	29	Bosutinib	ABL1;SRC;LYN;HCK	31	decryptm_delta_00020	
27	0.8518518518518519	0.8333333333333334	1.0	-0.24261673328920913	-0.2564967839171852	0.391304347826087	-0.1684231150093901	-0.2	0.6	-0.6946749788721122	-0.8285714285714287	0.16666666666666666	0.16666666666666666	0.0	0.44841269841269843	0.11775870621204376	0.443037008245786	retrieval_target_baseline	p100_delta_00029	29	Bosutinib	ABL1;SRC;LYN;HCK	31		decryptm_delta_00030
27	1.0	1.0	1.0	0.5501837521248913	0.49877899877899873	0.7037037037037037	0.6731754136393141	0.48571428571428577	0.8333333333333334	0.8670350628456761	1.0	1.0	0.3333333333333333	1.0	0.5952380952380952	0.04532978092147796	0.43878090547190773	ppko_v10b	p100_delta_00030	30	Lapatinib	EGFR;ERBB2	31		
27	0.0	0.0	0.0										0.16666666666666666		0.5	0.0	0.43878090547190773	zero_vector	p100_delta_00030	30	Lapatinib	EGFR;ERBB2	31		
27	0.037037037037037035	0.0	0.16666666666666666	0.11421362695759686	0.125894936674611	1.0				0.2970287986507518	0.39279220242478635	1.0	0.16666666666666666		0.47619047619047616	0.014636081677896005	0.43878090547190773	direct_kinase_substrate	p100_delta_00030	30	Lapatinib	EGFR;ERBB2	31		
27	0.9629629629629629	1.0	1.0	0.13096977850771752	0.07936507936507936	0.4230769230769231	0.3233584462858376	0.6	0.5	0.27885883486420876	0.8857142857142858	0.5	0.3333333333333333	0.5	0.5555555555555556	0.006645548493502752	0.43878090547190773	graph_heat_diffusion	p100_delta_00030	30	Lapatinib	EGFR;ERBB2	31		
27	0.9629629629629629	1.0	1.0	0.13830259483155485	0.010989010989010988	0.5	0.3034322315516984	0.3714285714285715	0.5	0.26881439521629946	0.3142857142857143	0.3333333333333333	0.3333333333333333	0.5	0.5714285714285714	0.006119169187219019	0.43878090547190773	rwr_signed_graph	p100_delta_00030	30	Lapatinib	EGFR;ERBB2	31		
27	0.9629629629629629	1.0	1.0	-0.2436541675778418	-0.19474969474969472	0.5	-0.5741622140305372	-0.3142857142857143	0.5	-0.5100497830951396	-0.08571428571428573	0.3333333333333333	0.3333333333333333	0.0	0.5952380952380952	0.09771673062479952	0.43878090547190773	ridge_signed_target	p100_delta_00030	30	Lapatinib	EGFR;ERBB2	31		
27	0.7037037037037037	0.6666666666666666	1.0	-0.1308449029879962	0.1527648932930171	0.631578947368421	-0.5748847299370959	-0.3188740696088466	0.5	-0.17833602369761614	0.08571428571428573	0.6666666666666666	0.16666666666666666	0.0	0.42063492063492064	0.09406321314680907	0.43878090547190773	retrieval_target	p100_delta_00030	30	Lapatinib	EGFR;ERBB2	31	decryptm_delta_00010	
27	0.7037037037037037	0.6666666666666666	1.0	-0.1308449029879962	0.1527648932930171	0.631578947368421	-0.5748847299370959	-0.3188740696088466	0.5	-0.17833602369761614	0.08571428571428573	0.6666666666666666	0.16666666666666666	0.0	0.42063492063492064	0.09406321314680907	0.43878090547190773	retrieval_target_baseline	p100_delta_00030	30	Lapatinib	EGFR;ERBB2	31		decryptm_delta_00010
27	1.0	1.0	1.0	0.28360049796257236	0.40354090354090355	0.7407407407407407	0.8046028156799864	0.7142857142857143	1.0	0.38168200807065716	0.7714285714285715	0.8333333333333334	0.3333333333333333	1.0	0.5873015873015873	0.036766004386461444	0.5643410094910197	ppko_v10b	p100_delta_00031	31	Trametinib	MAP2K1;MAP2K2	31		
27	0.0	0.0	0.0										0.16666666666666666		0.5	0.0	0.5643410094910197	zero_vector	p100_delta_00031	31	Trametinib	MAP2K1;MAP2K2	31		
27	0.25925925925925924	0.16666666666666666	1.0	-0.0836157595566157	-0.027370093386917958	0.42857142857142855	0.22359499443634487	0.39279220242478635	1.0	-0.45622976022617673	-0.46291004988627577	0.3333333333333333	0.0		0.42063492063492064	0.11512413289811876	0.5643410094910197	direct_kinase_substrate	p100_delta_00031	31	Trametinib	MAP2K1;MAP2K2	31		
27	1.0	1.0	1.0	0.055923474252545145	0.052503052503052504	0.4074074074074074	-0.2087145139668295	-0.028571428571428574	0.16666666666666666	0.20987170941122535	-0.2	0.6666666666666666	0.16666666666666666	1.0	0.4523809523809524	0.033108410395521384	0.5643410094910197	graph_heat_diffusion	p100_delta_00031	31	Trametinib	MAP2K1;MAP2K2	31		
27	0.9629629629629629	1.0	1.0	0.05567417723949998	0.0018315018315018313	0.46153846153846156	-0.23276127083438086	-0.2571428571428572	0.16666666666666666	0.20387608286768724	-0.2571428571428572	0.6666666666666666	0.16666666666666666	1.0	0.5396825396825397	0.04078734240345983	0.5643410094910197	rwr_signed_graph	p100_delta_00031	31	Trametinib	MAP2K1;MAP2K2	31		
27	0.9629629629629629	0.8333333333333334	1.0	-0.25135029663577496	-0.23321123321123322	0.4230769230769231	-0.4538543201299596	-0.7714285714285715	0.4	-0.4035299919713539	-0.2	0.5	0.3333333333333333	0.5	0.4523809523809524	0.05870013525364576	0.5643410094910197	ridge_signed_target	p100_delta_00031	31	Trametinib	MAP2K1;MAP2K2	31		
27	0.7407407407407407	0.5	1.0	-0.056358147231867814	0.12685200431314947	0.5	0.2518669246970276	0.7589709258986453	0.6666666666666666	-0.23250638458034142	-0.08571428571428573	0.5	0.16666666666666666	1.0	0.30158730158730157	0.09430469444918411	0.5643410094910197	retrieval_target	p100_delta_00031	31	Trametinib	MAP2K1;MAP2K2	31	decryptm_delta_00020	
27	0.8518518518518519	0.8333333333333334	1.0	-0.1960029951856288	-0.2347908582221671	0.391304347826087	-0.1744942528063893	-0.6	0.4	-0.19464672266211192	-0.2571428571428572	0.5	0.3333333333333333	0.5	0.4801587301587302	0.11775870621204376	0.5643410094910197	retrieval_target_baseline	p100_delta_00031	31	Trametinib	MAP2K1;MAP2K2	31		decryptm_delta_00030
27	1.0	1.0	1.0	0.35380766105536826	0.47557997557997556	0.5555555555555556	0.45162623094777193	0.5428571428571429	1.0	0.5253095333362143	0.6	0.8333333333333334	0.6666666666666666	1.0	0.8492063492063492	8.137821257800279e-05	1.021432123526379	ppko_v10b	p100_delta_00032	32	Carfilzomib	PSMB5	31		
27	0.0	0.0	0.0										0.0		0.5	0.0	1.021432123526379	zero_vector	p100_delta_00032	32	Carfilzomib	PSMB5	31		
27	0.0	0.0	0.0										0.0		0.5	0.0	1.021432123526379	direct_kinase_substrate	p100_delta_00032	32	Carfilzomib	PSMB5	31		
27	0.0	0.0	0.0										0.0		0.5	0.0	1.021432123526379	graph_heat_diffusion	p100_delta_00032	32	Carfilzomib	PSMB5	31		
27	0.0	0.0	0.0										0.0		0.5	0.0	1.021432123526379	rwr_signed_graph	p100_delta_00032	32	Carfilzomib	PSMB5	31		
27	0.9629629629629629	1.0	1.0	-0.3117180818112826	-0.3241758241758242	0.46153846153846156	-0.41479261222470004	0.4285714285714286	0.16666666666666666	-0.7731942363158097	-0.6	0.16666666666666666	0.16666666666666666	0.0	0.4365079365079365	0.05870013525364576	1.021432123526379	ridge_signed_target	p100_delta_00032	32	Carfilzomib	PSMB5	31		
27	0.7407407407407407	0.8333333333333334	1.0	-0.22312633199170215	-0.11638363502517114	0.45	-0.029822646486047218	-0.08571428571428573	0.4	-0.3717458015199105	0.14285714285714288	0.3333333333333333	0.3333333333333333	0.5	0.5952380952380952	0.1154428001286255	1.021432123526379	retrieval_target	p100_delta_00032	32	Carfilzomib	PSMB5	31	decryptm_delta_00000	
27	0.8518518518518519	0.8333333333333334	1.0	-0.4651736538582039	-0.5759713240762537	0.21739130434782608	-0.4390985945392743	0.4285714285714286	0.2	-0.8506435294036946	-0.7714285714285715	0.0	0.16666666666666666	0.0	0.5992063492063492	0.11775870621204376	1.021432123526379	retrieval_target_baseline	p100_delta_00032	32	Carfilzomib	PSMB5	31		decryptm_delta_00030
27	1.0	1.0	1.0	0.42470247741156253	0.43467643467643463	0.7037037037037037	0.8702830193243929	0.8857142857142858	1.0	0.315649945189769	-0.2571428571428572	0.5	0.3333333333333333	1.0	0.5476190476190477	0.04007550161676826	0.5508866194221709	ppko_v10b	p100_delta_00033	33	Erlotinib	EGFR	31		
27	0.0	0.0	0.0										0.3333333333333333		0.5	0.0	0.5508866194221709	zero_vector	p100_delta_00033	33	Erlotinib	EGFR	31		
27	0.0	0.0	0.0										0.3333333333333333		0.5	0.0	0.5508866194221709	direct_kinase_substrate	p100_delta_00033	33	Erlotinib	EGFR	31		
27	0.9629629629629629	1.0	1.0	0.09017868179228929	0.19597069597069594	0.46153846153846156	0.40116976917450364	0.4285714285714286	0.3333333333333333	0.19895412085169414	0.7142857142857143	0.6666666666666666	0.16666666666666666	1.0	0.42857142857142855	0.009210989039948563	0.5508866194221709	graph_heat_diffusion	p100_delta_00033	33	Erlotinib	EGFR	31		
27	0.9629629629629629	1.0	1.0	0.08808748634770314	-0.006715506715506716	0.38461538461538464	0.38636068145488944	0.48571428571428577	0.3333333333333333	0.19616911434721285	0.3142857142857143	0.5	0.16666666666666666	1.0	0.5317460317460317	0.009099747015339003	0.5508866194221709	rwr_signed_graph	p100_delta_00033	33	Erlotinib	EGFR	31		
27	0.9629629629629629	1.0	1.0	-0.2714708086930703	-0.06837606837606838	0.5	-0.8214324837588083	-0.7714285714285715	0.3333333333333333	-0.4133806221440782	-0.7714285714285715	0.3333333333333333	0.16666666666666666	0.0	0.5634920634920635	0.10883196503898405	0.5508866194221709	ridge_signed_target	p100_delta_00033	33	Erlotinib	EGFR	31		
27	0.7407407407407407	1.0	1.0	-0.12691792128683319	-0.2641723779142773	0.35	-0.5477970258874751	-0.6571428571428573	0.3333333333333333	-0.29390993533487286	0.08571428571428573	0.3333333333333333	0.0		0.5555555555555556	0.1154428001286255	0.5508866194221709	retrieval_target	p100_delta_00033	33	Erlotinib	EGFR	31	decryptm_delta_00000	
27	0.7407407407407407	1.0	1.0	-0.12691792128683319	-0.2641723779142773	0.35	-0.5477970258874751	-0.6571428571428573	0.3333333333333333	-0.29390993533487286	0.08571428571428573	0.3333333333333333	0.0		0.5555555555555556	0.1154428001286255	0.5508866194221709	retrieval_target_baseline	p100_delta_00033	33	Erlotinib	EGFR	31		decryptm_delta_00000
27	1.0	1.0	1.0	0.6066852999607474	0.6617826617826618	0.7407407407407407	0.8905932949871226	0.8285714285714287	1.0	0.756198775457556	0.8857142857142858	1.0	0.3333333333333333	1.0	0.7142857142857143	0.03301035399824657	0.6143351998870019	ppko_v10b	p100_delta_00034	34	Vorinostat	HDAC1;HDAC2;HDAC3;HDAC6	31		
27	0.0	0.0	0.0										0.16666666666666666		0.5	0.0	0.6143351998870019	zero_vector	p100_delta_00034	34	Vorinostat	HDAC1;HDAC2;HDAC3;HDAC6	31		
27	0.0	0.0	0.0										0.16666666666666666		0.5	0.0	0.6143351998870019	direct_kinase_substrate	p100_delta_00034	34	Vorinostat	HDAC1;HDAC2;HDAC3;HDAC6	31		
27	0.9629629629629629	1.0	1.0	-0.13060504917397855	0.0115995115995116	0.4230769230769231	-0.10741160832190838	-0.028571428571428574	0.3333333333333333	-0.6142641377812861	-0.4285714285714286	0.5	0.0		0.3968253968253968	0.005791918758945856	0.6143351998870019	graph_heat_diffusion	p100_delta_00034	34	Vorinostat	HDAC1;HDAC2;HDAC3;HDAC6	31		
27	0.9629629629629629	1.0	1.0	-0.1321053692092319	-0.246031746031746	0.3076923076923077	0.06283174869701082	-0.028571428571428574	0.3333333333333333	-0.6327284529809464	-0.8285714285714287	0.3333333333333333	0.0		0.3492063492063492	0.004924478971167479	0.6143351998870019	rwr_signed_graph	p100_delta_00034	34	Vorinostat	HDAC1;HDAC2;HDAC3;HDAC6	31		
27	0.9629629629629629	0.8333333333333334	1.0	0.08968463444323196	-0.12026862026862026	0.4230769230769231	0.40374428475334717	0.2571428571428572	0.6	0.25103133919725434	-0.08571428571428573	0.3333333333333333	0.16666666666666666	1.0	0.42063492063492064	0.05870013525364576	0.6143351998870019	ridge_signed_target	p100_delta_00034	34	Vorinostat	HDAC1;HDAC2;HDAC3;HDAC6	31		
27	0.7407407407407407	0.6666666666666666	1.0	0.053805535302484116	-0.07635751715937153	0.35	0.1516219738022851	0.6087595874350709	0.5	0.42041948629723175	-0.2	0.3333333333333333	0.16666666666666666	1.0	0.5238095238095238	0.09430469444918411	0.6143351998870019	retrieval_target	p100_delta_00034	34	Vorinostat	HDAC1;HDAC2;HDAC3;HDAC6	31	decryptm_delta_00020	
27	0.8518518518518519	0.6666666666666666	1.0	-0.04648492537409179	-0.11464397374129254	0.43478260869565216	0.7149315507576115	0.898645105261295	1.0	-0.8440803808747256	-0.6571428571428573	0.0	0.0		0.21428571428571427	0.11775870621204376	0.6143351998870019	retrieval_target_baseline	p100_delta_00034	34	Vorinostat	HDAC1;HDAC2;HDAC3;HDAC6	31		decryptm_delta_00030
27	1.0	1.0	1.0	0.5694518508209839	0.6123321123321123	0.5555555555555556	0.6885977778303247	0.8285714285714287	1.0	0.7185895975988507	0.8285714285714287	1.0	0.8333333333333334	1.0	0.9285714285714286	8.137821257800279e-05	0.8452025892695895	ppko_v10b	p100_delta_00035	35	Bortezomib	PSMB5	31		
27	0.0	0.0	0.0										0.0		0.5	0.0	0.8452025892695895	zero_vector	p100_delta_00035	35	Bortezomib	PSMB5	31		
27	0.0	0.0	0.0										0.0		0.5	0.0	0.8452025892695895	direct_kinase_substrate	p100_delta_00035	35	Bortezomib	PSMB5	31		
27	0.0	0.0	0.0										0.0		0.5	0.0	0.8452025892695895	graph_heat_diffusion	p100_delta_00035	35	Bortezomib	PSMB5	31		
27	0.0	0.0	0.0										0.0		0.5	0.0	0.8452025892695895	rwr_signed_graph	p100_delta_00035	35	Bortezomib	PSMB5	31		
27	0.9629629629629629	1.0	1.0	-0.24077424695065508	-0.28266178266178266	0.46153846153846156	-0.3433345112636963	0.14285714285714288	0.3333333333333333	-0.5242214694602525	-0.3714285714285715	0.3333333333333333	0.16666666666666666	0.0	0.3968253968253968	0.05870013525364576	0.8452025892695895	ridge_signed_target	p100_delta_00035	35	Bortezomib	PSMB5	31		
27	0.7407407407407407	0.8333333333333334	1.0	-0.05014518950384821	-0.1539466071761523	0.5	-0.12417075101469621	-0.5428571428571429	0.2	-0.0023974564863051533	-0.08571428571428573	0.5	0.3333333333333333	0.5	0.5873015873015873	0.1154428001286255	0.8452025892695895	retrieval_target	p100_delta_00035	35	Bortezomib	PSMB5	31	decryptm_delta_00000	
27	0.8518518518518519	0.8333333333333334	1.0	-0.3053486202099215	-0.4558244395953791	0.2608695652173913	-0.32083170947670164	0.2571428571428572	0.2	-0.5674895774997009	-0.6	0.16666666666666666	0.16666666666666666	0.0	0.5357142857142857	0.11775870621204376	0.8452025892695895	retrieval_target_baseline	p100_delta_00035	35	Bortezomib	PSMB5	31		decryptm_delta_00030
28	1.0	1.0	1.0	0.06636300008345088	0.004378762999452655	0.5	0.4340701169659728	0.14285714285714288	0.5	-0.0182996377258901	-0.6571428571428573	0.3333333333333333	0.16666666666666666	1.0	0.3787878787878788	0.04307876289489546	0.38287543478821007	ppko_v10b	p100_delta_00036	36	Ponatinib	ABL1;KIT	32		
28	0.0	0.0	0.0										0.16666666666666666		0.5	0.0	0.38287543478821007	zero_vector	p100_delta_00036	36	Ponatinib	ABL1;KIT	32		
28	0.0	0.0	0.0										0.16666666666666666		0.5	0.0	0.38287543478821007	direct_kinase_substrate	p100_delta_00036	36	Ponatinib	ABL1;KIT	32		
28	0.9642857142857143	1.0	1.0	0.12958857522201583	-0.13026819923371646	0.4444444444444444	0.14104515926362698	-0.48571428571428577	0.6666666666666666	0.25821707086023726	-0.08571428571428573	0.5	0.3333333333333333	0.5	0.7727272727272727	0.0014406662916631571	0.38287543478821007	graph_heat_diffusion	p100_delta_00036	36	Ponatinib	ABL1;KIT	32		
28	0.9642857142857143	1.0	1.0	-0.1111438132492497	-0.22769567597153803	0.37037037037037035	-0.03417383960430429	-0.7714285714285715	0.6666666666666666	-0.28059110920913555	-0.5428571428571429	0.3333333333333333	0.3333333333333333	0.5	0.7651515151515151	0.001068821358005932	0.38287543478821007	rwr_signed_graph	p100_delta_00036	36	Ponatinib	ABL1;KIT	32		
28	0.9642857142857143	0.8333333333333334	1.0	0.11776037213796815	0.22441160372194854	0.6296296296296297	0.5935213279311292	0.6	0.8	-0.34668935260074685	-0.14285714285714288	0.3333333333333333	0.0		0.24242424242424243	0.06668683231276061	0.38287543478821007	ridge_signed_target	p100_delta_00036	36	Ponatinib	ABL1;KIT	32		
28	0.7857142857142857	0.6666666666666666	1.0	-0.28863112120678147	-0.27196795051210515	0.45454545454545453	-0.6103235182166791	-0.4638168285219587	0.0	-0.5632170989553337	-0.2	0.3333333333333333	0.3333333333333333	0.0	0.5606060606060606	0.13040106118257558	0.38287543478821007	retrieval_target	p100_delta_00036	36	Ponatinib	ABL1;KIT	32	decryptm_delta_00020	
28	0.8214285714285714	0.8333333333333334	1.0	0.4033875692012321	0.39078083479320064	0.6086956521739131	0.6462563607495945	0.7714285714285715	0.8	0.5731631226511245	0.6571428571428573	0.6666666666666666	0.16666666666666666	1.0	0.49242424242424243	0.12172428957585778	0.38287543478821007	retrieval_target_baseline	p100_delta_00036	36	Ponatinib	ABL1;KIT	32		decryptm_delta_00038
27	1.0	1.0	1.0	0.6757905808397628	0.68009768009768	0.8518518518518519	0.8321363307147426	0.942857142857143	0.8333333333333334	0.9395918157876052	0.942857142857143	1.0	0.5	1.0	0.7777777777777778	0.04502407044034313	0.6574428743786283	ppko_v10b	p100_delta_00037	37	Dasatinib	ABL1;SRC;LYN;LCK;HCK;KIT;PDGFRB;YES1	31		
27	0.0	0.0	0.0										0.3333333333333333		0.5	0.0	0.6574428743786283	zero_vector	p100_delta_00037	37	Dasatinib	ABL1;SRC;LYN;LCK;HCK;KIT;PDGFRB;YES1	31		
27	0.07407407407407407	0.16666666666666666	0.3333333333333333	-0.0972858436000304	-0.036313651960128146	0.5	-0.3519956139532648	-0.13093073414159545	0.0	-0.192403705176989	-0.20701966780270628	0.5	0.3333333333333333	0.0	0.5595238095238095	0.002101844659558049	0.6574428743786283	direct_kinase_substrate	p100_delta_00037	37	Dasatinib	ABL1;SRC;LYN;LCK;HCK;KIT;PDGFRB;YES1	31		
27	1.0	1.0	1.0	0.020293984169043447	-0.11416361416361415	0.4074074074074074	-0.3932391217901964	-0.2571428571428572	0.3333333333333333	0.0864359361946188	0.2571428571428572	0.5	0.16666666666666666	0.0	0.626984126984127	0.0013679924327227866	0.6574428743786283	graph_heat_diffusion	p100_delta_00037	37	Dasatinib	ABL1;SRC;LYN;LCK;HCK;KIT;PDGFRB;YES1	31		
27	0.9629629629629629	1.0	1.0	-0.01722002446626891	-0.199023199023199	0.34615384615384615	-0.3665813312950351	-0.2571428571428572	0.3333333333333333	-0.02404615948007579	0.6	0.3333333333333333	0.3333333333333333	0.0	0.6666666666666666	0.0014686356731814427	0.6574428743786283	rwr_signed_graph	p100_delta_00037	37	Dasatinib	ABL1;SRC;LYN;LCK;HCK;KIT;PDGFRB;YES1	31		
27	0.9629629629629629	1.0	1.0	0.3110724248008044	0.3101343101343101	0.5	0.756735156480524	0.7714285714285715	0.8333333333333334	0.2864703417659036	0.4285714285714286	0.5	0.16666666666666666	1.0	0.5476190476190477	0.06509087107109802	0.6574428743786283	ridge_signed_target	p100_delta_00037	37	Dasatinib	ABL1;SRC;LYN;LCK;HCK;KIT;PDGFRB;YES1	31		
27	0.8148148148148148	0.8333333333333334	1.0	-0.3222155721398025	-0.06674862886516437	0.5	-0.6406818485336376	-0.4285714285714286	0.6	-0.7227541946764843	-0.6571428571428573	0.16666666666666666	0.16666666666666666	0.0	0.36507936507936506	0.13523073011526354	0.6574428743786283	retrieval_target	p100_delta_00037	37	Dasatinib	ABL1;SRC;LYN;LCK;HCK;KIT;PDGFRB;YES1	31	decryptm_delta_00020	
27	0.8148148148148148	0.8333333333333334	1.0	0.10900629466686854	0.11267658450633253	0.5454545454545454	-0.25522336618406366	0.14285714285714288	0.4	0.21931399302405172	-0.028571428571428574	0.8333333333333334	0.16666666666666666	0.0	0.5	0.11367776010323453	0.6574428743786283	retrieval_target_baseline	p100_delta_00037	37	Dasatinib	ABL1;SRC;LYN;LCK;HCK;KIT;PDGFRB;YES1	31		decryptm_delta_00038
27	1.0	1.0	1.0	0.4608708771238611	0.6831501831501832	0.7407407407407407	0.9049288267036024	0.7714285714285715	1.0	0.5115957617588524	-0.7142857142857143	0.8333333333333334	0.3333333333333333	1.0	0.5793650793650794	0.0424092426309707	0.4355192752899947	ppko_v10b	p100_delta_00038	38	Gefitinib	EGFR	31		
27	0.0	0.0	0.0										0.3333333333333333		0.5	0.0	0.4355192752899947	zero_vector	p100_delta_00038	38	Gefitinib	EGFR	31		
27	0.0	0.0	0.0										0.3333333333333333		0.5	0.0	0.4355192752899947	direct_kinase_substrate	p100_delta_00038	38	Gefitinib	EGFR	31		
27	0.9629629629629629	1.0	1.0	0.22004105408008334	0.21001221001221002	0.5384615384615384	0.20606738287151385	0.6571428571428573	0.5	0.6140761632294646	0.4285714285714286	0.6666666666666666	0.16666666666666666	1.0	0.5793650793650794	0.0013237510647741146	0.4355192752899947	graph_heat_diffusion	p100_delta_00038	38	Gefitinib	EGFR	31		
27	0.9629629629629629	1.0	1.0	0.21513708377464533	0.29304029304029305	0.5384615384615384	0.3065371795547219	0.6571428571428573	0.5	0.5540341132282983	0.3714285714285715	0.8333333333333334	0.16666666666666666	1.0	0.4603174603174603	0.0012922722101022912	0.4355192752899947	rwr_signed_graph	p100_delta_00038	38	Gefitinib	EGFR	31		
27	0.9629629629629629	1.0	1.0	0.08685210356992906	0.1916971916971917	0.6538461538461539	0.0027143377984892372	-0.2	0.5	-0.2387923309341097	0.14285714285714288	0.3333333333333333	0.16666666666666666	0.0	0.3888888888888889	0.0961867507603192	0.4355192752899947	ridge_signed_target	p100_delta_00038	38	Gefitinib	EGFR	31		
27	0.7037037037037037	0.6666666666666666	1.0	0.041198336626501096	-0.011751145637924395	0.42105263157894735	-0.22257275173611638	-0.17393131069573453	0.5	0.040850365616596745	0.08571428571428573	0.6666666666666666	0.16666666666666666	0.0	0.48412698412698413	0.08301136956584675	0.4355192752899947	retrieval_target	p100_delta_00038	38	Gefitinib	EGFR	31	decryptm_delta_00000	
27	0.7037037037037037	0.6666666666666666	1.0	0.041198336626501096	-0.011751145637924395	0.42105263157894735	-0.22257275173611638	-0.17393131069573453	0.5	0.040850365616596745	0.08571428571428573	0.6666666666666666	0.16666666666666666	0.0	0.48412698412698413	0.08301136956584675	0.4355192752899947	retrieval_target_baseline	p100_delta_00038	38	Gefitinib	EGFR	31		decryptm_delta_00000
28	1.0	1.0	1.0	0.6898289497382512	0.7263273125342091	0.7857142857142857	0.8408378150446818	0.8857142857142858	0.6666666666666666	0.8011010963816727	0.6571428571428573	1.0	0.5	1.0	0.553030303030303	0.04182392844398107	0.4173068420163223	ppko_v10b	p100_delta_00039	39	Imatinib	ABL1;KIT;PDGFRB	32		
28	0.0	0.0	0.0										0.3333333333333333		0.5	0.0	0.4173068420163223	zero_vector	p100_delta_00039	39	Imatinib	ABL1;KIT;PDGFRB	32		
28	0.0	0.0	0.0										0.3333333333333333		0.5	0.0	0.4173068420163223	direct_kinase_substrate	p100_delta_00039	39	Imatinib	ABL1;KIT;PDGFRB	32		
28	0.9642857142857143	1.0	1.0	-0.02631940723881944	-0.19047619047619047	0.37037037037037035	-0.21283838904431468	-0.08571428571428573	0.3333333333333333	0.0016616962041746447	-0.028571428571428574	0.5	0.0		0.32575757575757575	0.001085810407468151	0.4173068420163223	graph_heat_diffusion	p100_delta_00039	39	Imatinib	ABL1;KIT;PDGFRB	32		
28	0.9642857142857143	1.0	1.0	0.03636205592745161	-0.08538587848932677	0.37037037037037035	-0.06829898045979452	0.08571428571428573	0.5	0.1397629618308692	-0.48571428571428577	0.5	0.16666666666666666	0.0	0.4696969696969697	0.0009698005271405106	0.4173068420163223	rwr_signed_graph	p100_delta_00039	39	Imatinib	ABL1;KIT;PDGFRB	32		
28	0.9642857142857143	1.0	1.0	0.07888952368215969	0.12643678160919541	0.6666666666666666	-0.2823670661324101	-0.08571428571428573	0.3333333333333333	-0.14352815931583282	0.2571428571428572	0.6666666666666666	0.3333333333333333	0.0	0.6363636363636364	0.06668683231276061	0.4173068420163223	ridge_signed_target	p100_delta_00039	39	Imatinib	ABL1;KIT;PDGFRB	32		
28	0.7857142857142857	0.8333333333333334	1.0	-0.21116163668994245	-0.11852192787736837	0.5	-0.5750330865102693	-0.3142857142857143	0.4	-0.4344737250619436	-0.48571428571428577	0.3333333333333333	0.16666666666666666	0.0	0.5265151515151515	0.13040106118257558	0.4173068420163223	retrieval_target	p100_delta_00039	39	Imatinib	ABL1;KIT;PDGFRB	32	decryptm_delta_00020	
28	0.8214285714285714	0.8333333333333334	1.0	0.10539332992180273	0.0812297240862271	0.5217391304347826	-0.12153938736583432	-0.028571428571428574	0.2	-0.0449558126100374	-0.2	0.6666666666666666	0.16666666666666666	0.0	0.45454545454545453	0.12172428957585778	0.4173068420163223	retrieval_target_baseline	p100_delta_00039	39	Imatinib	ABL1;KIT;PDGFRB	32		decryptm_delta_00038
28	1.0	1.0	1.0	0.5723997220255475	0.5829228243021346	0.6071428571428571	0.8542684462526519	0.942857142857143	0.8333333333333334	0.7085528839296127	0.6571428571428573	0.8333333333333334	0.3333333333333333	1.0	0.553030303030303	0.04529054643769216	0.4409988263089742	ppko_v10b	p100_delta_00040	40	Bosutinib	ABL1;SRC;LYN;HCK	32		
28	0.0	0.0	0.0										0.3333333333333333		0.5	0.0	0.4409988263089742	zero_vector	p100_delta_00040	40	Bosutinib	ABL1;SRC;LYN;HCK	32		
28	0.07142857142857142	0.16666666666666666	0.3333333333333333	-0.2078127810526141	-0.24034556122481554	0.0	-0.36659108196175144	-0.39279220242478635	0.0	-0.4103158604505968	-0.6210590034081188	0.0	0.3333333333333333	0.0	0.5606060606060606	0.004778541092361722	0.4409988263089742	direct_kinase_substrate	p100_delta_00040	40	Bosutinib	ABL1;SRC;LYN;HCK	32		
28	1.0	1.0	1.0	0.059230061911816734	-0.043787629994526546	0.4642857142857143	0.03737358627373595	-0.14285714285714288	0.3333333333333333	0.07753072819912125	0.3714285714285715	0.3333333333333333	0.5	0.3333333333333333	0.6742424242424242	0.002421331516738131	0.4409988263089742	graph_heat_diffusion	p100_delta_00040	40	Bosutinib	ABL1;SRC;LYN;HCK	32		
28	0.9642857142857143	1.0	1.0	-0.1050399130808873	0.16091954022988503	0.48148148148148145	-0.36527557276274286	0.08571428571428573	0.3333333333333333	-0.17570066489969877	-0.8285714285714287	0.5	0.5	0.3333333333333333	0.7272727272727273	0.0029839574621226867	0.4409988263089742	rwr_signed_graph	p100_delta_00040	40	Bosutinib	ABL1;SRC;LYN;HCK	32		
28	0.9642857142857143	1.0	1.0	0.10361642515682512	0.15818281335522713	0.5925925925925926	0.13059684004373687	0.5428571428571429	0.5	0.026204134287942566	0.3142857142857143	0.6666666666666666	0.16666666666666666	0.0	0.5151515151515151	0.06668683231276061	0.4409988263089742	ridge_signed_target	p100_delta_00040	40	Bosutinib	ABL1;SRC;LYN;HCK	32		
28	0.7857142857142857	0.8333333333333334	1.0	-0.19310035955127092	-0.09349757651578944	0.5454545454545454	-0.44018235294226915	0.2	0.6	-0.41444648939072487	-0.6	0.5	0.3333333333333333	0.0	0.5795454545454546	0.13040106118257558	0.4409988263089742	retrieval_target	p100_delta_00040	40	Bosutinib	ABL1;SRC;LYN;HCK	32	decryptm_delta_00020	
28	0.8214285714285714	1.0	1.0	-0.08224437059243106	-0.06531308896122313	0.4782608695652174	0.06594848814759739	0.4285714285714286	0.5	-0.5405278487764332	-0.6571428571428573	0.3333333333333333	0.16666666666666666	0.0	0.6212121212121212	0.12172428957585778	0.4409988263089742	retrieval_target_baseline	p100_delta_00040	40	Bosutinib	ABL1;SRC;LYN;HCK	32		decryptm_delta_00038
27	1.0	1.0	1.0	0.7245682072829445	0.7466422466422465	0.8148148148148148	0.8737252909085435	0.7714285714285715	0.8333333333333334	0.8592550962154506	0.8285714285714287	1.0	0.3333333333333333	1.0	0.6984126984126984	0.06204738395495547	0.5643868133149765	ppko_v10b	p100_delta_00041	41	Lapatinib	EGFR;ERBB2	31		
27	0.0	0.0	0.0										0.3333333333333333		0.5	0.0	0.5643868133149765	zero_vector	p100_delta_00041	41	Lapatinib	EGFR;ERBB2	31		
27	0.0	0.0	0.0										0.3333333333333333		0.5	0.0	0.5643868133149765	direct_kinase_substrate	p100_delta_00041	41	Lapatinib	EGFR;ERBB2	31		
27	0.9629629629629629	0.8333333333333334	1.0	0.15327308605139817	0.022588522588522588	0.5384615384615384	-0.19880144246367207	-0.2571428571428572	0.8	0.35425871520688995	0.942857142857143	0.6666666666666666	0.16666666666666666	0.0	0.35714285714285715	0.0008753983064269522	0.5643868133149765	graph_heat_diffusion	p100_delta_00041	41	Lapatinib	EGFR;ERBB2	31		
27	0.9629629629629629	0.8333333333333334	1.0	0.10351361907975097	-0.0006105006105006105	0.5769230769230769	-0.18171562442705982	-0.3714285714285715	0.6	0.22903556322941307	0.5428571428571429	0.5	0.16666666666666666	0.0	0.3888888888888889	0.0008160523165804114	0.5643868133149765	rwr_signed_graph	p100_delta_00041	41	Lapatinib	EGFR;ERBB2	31		
27	0.9629629629629629	1.0	1.0	-0.09242818061843652	-0.11355311355311355	0.5384615384615384	-0.06957342044282024	-0.6571428571428573	0.5	-0.43139109163911715	-0.5428571428571429	0.5	0.0		0.3253968253968254	0.09160086273051868	0.5643868133149765	ridge_signed_target	p100_delta_00041	41	Lapatinib	EGFR;ERBB2	31		
27	0.7407407407407407	0.6666666666666666	1.0	0.055881194634892696	-0.06896808001491624	0.45	0.33995200043608564	-0.3768511731740915	0.5	0.18322012520122247	-0.2	0.5	0.16666666666666666	1.0	0.4365079365079365	0.09107104700955528	0.5643868133149765	retrieval_target	p100_delta_00041	41	Lapatinib	EGFR;ERBB2	31	decryptm_delta_00010	
27	0.7407407407407407	0.6666666666666666	1.0	0.055881194634892696	-0.06896808001491624	0.45	0.33995200043608564	-0.3768511731740915	0.5	0.18322012520122247	-0.2	0.5	0.16666666666666666	1.0	0.4365079365079365	0.09107104700955528	0.5643868133149765	retrieval_target_baseline	p100_delta_00041	41	Lapatinib	EGFR;ERBB2	31		decryptm_delta_00010
28	1.0	1.0	1.0	0.45844827714629677	0.6606458675424193	0.6785714285714286	0.6036641371223351	0.6	0.8333333333333334	0.6236729988714544	0.6	0.6666666666666666	0.3333333333333333	1.0	0.8181818181818182	0.032175996457226574	0.6489678839487689	ppko_v10b	p100_delta_00042	42	Trametinib	MAP2K1;MAP2K2	32		
28	0.0	0.0	0.0										0.3333333333333333		0.5	0.0	0.6489678839487689	zero_vector	p100_delta_00042	42	Trametinib	MAP2K1;MAP2K2	32		
28	0.35714285714285715	0.5	1.0	0.18291251861736874	0.24120857932834705	0.8	0.06319180627501249	0.09258200997725516	0.6666666666666666	0.21158765854173917	-0.06172133998483677	0.8333333333333334	0.3333333333333333	0.5	0.625	0.15745089841740473	0.6489678839487689	direct_kinase_substrate	p100_delta_00042	42	Trametinib	MAP2K1;MAP2K2	32		
28	1.0	1.0	1.0	0.09122238392522562	0.1231527093596059	0.6071428571428571	0.13192923190123898	0.028571428571428574	0.5	0.0865934644655841	-0.14285714285714288	0.5	0.5	0.6666666666666666	0.6666666666666666	0.006373496897871129	0.6489678839487689	graph_heat_diffusion	p100_delta_00042	42	Trametinib	MAP2K1;MAP2K2	32		
28	0.9642857142857143	1.0	1.0	0.11135198260873941	0.20361247947454844	0.6296296296296297	0.07610993593496322	-0.08571428571428573	0.5	0.05685656167598041	0.028571428571428574	0.5	0.5	0.6666666666666666	0.6136363636363636	0.007305608390100003	0.6489678839487689	rwr_signed_graph	p100_delta_00042	42	Trametinib	MAP2K1;MAP2K2	32		
28	0.9642857142857143	1.0	1.0	0.12124480455109929	0.2140120415982485	0.5185185185185185	-0.10471061576127923	-0.14285714285714288	0.5	0.8575387890320003	0.2	1.0	0.16666666666666666	1.0	0.49242424242424243	0.062054094060191085	0.6489678839487689	ridge_signed_target	p100_delta_00042	42	Trametinib	MAP2K1;MAP2K2	32		
28	0.7857142857142857	0.8333333333333334	1.0	0.17808786961795928	0.2351189056499999	0.6363636363636364	0.5564075221362278	0.8857142857142858	1.0	0.27322390665714885	-0.6	0.6666666666666666	0.16666666666666666	1.0	0.42045454545454547	0.13040106118257558	0.6489678839487689	retrieval_target	p100_delta_00042	42	Trametinib	MAP2K1;MAP2K2	32	decryptm_delta_00020	
28	0.8214285714285714	0.8333333333333334	1.0	0.19023845578064336	0.32327234788370107	0.6521739130434783	0.14804754011367455	-0.3142857142857143	0.6	0.49158856310688465	-0.08571428571428573	0.8333333333333334	0.16666666666666666	1.0	0.42424242424242425	0.12172428957585778	0.6489678839487689	retrieval_target_baseline	p100_delta_00042	42	Trametinib	MAP2K1;MAP2K2	32		decryptm_delta_00038
28	1.0	1.0	1.0	0.21197125798604438	0.5834701696770662	0.5714285714285714	0.48409989715939405	0.7714285714285715	0.6666666666666666	0.4552492434032333	-0.3714285714285715	0.8333333333333334	0.3333333333333333	1.0	0.4696969696969697	7.977324543162467e-06	0.9635547557845712	ppko_v10b	p100_delta_00043	43	Carfilzomib	PSMB5	32		
28	0.0	0.0	0.0										0.5		0.5	0.0	0.9635547557845712	zero_vector	p100_delta_00043	43	Carfilzomib	PSMB5	32		
28	0.0	0.0	0.0										0.5		0.5	0.0	0.9635547557845712	direct_kinase_substrate	p100_delta_00043	43	Carfilzomib	PSMB5	32		
28	0.0	0.0	0.0										0.5		0.5	0.0	0.9635547557845712	graph_heat_diffusion	p100_delta_00043	43	Carfilzomib	PSMB5	32		
28	0.0	0.0	0.0										0.5		0.5	0.0	0.9635547557845712	rwr_signed_graph	p100_delta_00043	43	Carfilzomib	PSMB5	32		
28	0.9642857142857143	1.0	1.0	-0.17642316109831532	-0.24247400109469072	0.3333333333333333	-0.42347760234802584	-0.14285714285714288	0.16666666666666666	-0.3617028229139656	0.3142857142857143	0.3333333333333333	0.16666666666666666	0.0	0.44696969696969696	0.062054094060191085	0.9635547557845712	ridge_signed_target	p100_delta_00043	43	Carfilzomib	PSMB5	32		
28	0.6785714285714286	0.6666666666666666	1.0	-0.1716057211084767	0.05899542265310775	0.6842105263157895	-0.4045079182596769	-0.11595420713048968	0.75	-0.41817337194583165	-0.5428571428571429	0.5	0.16666666666666666	0.0	0.4696969696969697	0.08004667779563793	0.9635547557845712	retrieval_target	p100_delta_00043	43	Carfilzomib	PSMB5	32	decryptm_delta_00000	
28	0.8214285714285714	0.5	1.0	-0.006039740513088938	-0.042261410504320855	0.5217391304347826	-0.13330720537522764	0.09107651110783746	0.3333333333333333	0.1751542084266862	-0.08571428571428573	0.6666666666666666	0.0		0.21212121212121213	0.12172428957585778	0.9635547557845712	retrieval_target_baseline	p100_delta_00043	43	Carfilzomib	PSMB5	32		decryptm_delta_00038
28	1.0	1.0	1.0	0.3666495033913043	0.5725232621784346	0.7142857142857143	0.5143222541634941	0.6	0.8333333333333334	0.5138759814182217	-0.4285714285714286	0.6666666666666666	0.3333333333333333	1.0	0.6060606060606061	0.04163955260134701	0.558752321771213	ppko_v10b	p100_delta_00044	44	Erlotinib	EGFR	32		
28	0.0	0.0	0.0										0.3333333333333333		0.5	0.0	0.558752321771213	zero_vector	p100_delta_00044	44	Erlotinib	EGFR	32		
28	0.0	0.0	0.0										0.3333333333333333		0.5	0.0	0.558752321771213	direct_kinase_substrate	p100_delta_00044	44	Erlotinib	EGFR	32		
28	0.9642857142857143	1.0	1.0	0.13733635217901197	0.28133552271483303	0.4444444444444444	0.34840202973092	0.6	0.5	0.36419218804271103	-0.08571428571428573	0.6666666666666666	0.16666666666666666	1.0	0.6060606060606061	0.0012905960120406235	0.558752321771213	graph_heat_diffusion	p100_delta_00044	44	Erlotinib	EGFR	32		
28	0.9642857142857143	1.0	1.0	0.17818218224678795	0.28735632183908044	0.4444444444444444	0.4476778860426859	0.6	0.5	0.4386834280694166	0.3714285714285715	0.6666666666666666	0.16666666666666666	1.0	0.49242424242424243	0.0012587035204368086	0.558752321771213	rwr_signed_graph	p100_delta_00044	44	Erlotinib	EGFR	32		
28	0.9642857142857143	1.0	1.0	-0.03046019178627685	0.002736726874657909	0.48148148148148145	-0.25940808806418786	-0.3142857142857143	0.5	-0.17892640526560838	0.08571428571428573	0.3333333333333333	0.16666666666666666	0.0	0.49242424242424243	0.09275190725332193	0.558752321771213	ridge_signed_target	p100_delta_00044	44	Erlotinib	EGFR	32		
28	0.6785714285714286	0.6666666666666666	1.0	0.13471856081316172	0.0935021792992651	0.631578947368421	-0.33669832249947196	0.0	0.25	0.3559525900909922	0.14285714285714288	0.8333333333333334	0.16666666666666666	0.0	0.553030303030303	0.08004667779563793	0.558752321771213	retrieval_target	p100_delta_00044	44	Erlotinib	EGFR	32	decryptm_delta_00000	
28	0.6785714285714286	0.6666666666666666	1.0	0.13471856081316172	0.0935021792992651	0.631578947368421	-0.33669832249947196	0.0	0.25	0.3559525900909922	0.14285714285714288	0.8333333333333334	0.16666666666666666	0.0	0.553030303030303	0.08004667779563793	0.558752321771213	retrieval_target_baseline	p100_delta_00044	44	Erlotinib	EGFR	32		decryptm_delta_00000
28	1.0	1.0	1.0	0.2191291425733016	0.1357416529830323	0.5714285714285714	0.2729245576652472	0.48571428571428577	0.5	0.3463138023171649	0.48571428571428577	0.6666666666666666	0.5	0.6666666666666666	0.8257575757575758	0.040088824944437614	0.6269911511668137	ppko_v10b	p100_delta_00045	45	Vorinostat	HDAC1;HDAC2;HDAC3;HDAC6	32		
28	0.0	0.0	0.0										0.16666666666666666		0.5	0.0	0.6269911511668137	zero_vector	p100_delta_00045	45	Vorinostat	HDAC1;HDAC2;HDAC3;HDAC6	32		
28	0.0	0.0	0.0										0.16666666666666666		0.5	0.0	0.6269911511668137	direct_kinase_substrate	p100_delta_00045	45	Vorinostat	HDAC1;HDAC2;HDAC3;HDAC6	32		
28	0.9642857142857143	1.0	1.0	-0.019575861149843853	-0.1423097974822113	0.4444444444444444	-0.5481339764851755	-0.7142857142857143	0.3333333333333333	-0.044879719315646265	0.6571428571428573	0.3333333333333333	0.0		0.2196969696969697	0.0003864755940757699	0.6269911511668137	graph_heat_diffusion	p100_delta_00045	45	Vorinostat	HDAC1;HDAC2;HDAC3;HDAC6	32		
28	0.9642857142857143	1.0	1.0	0.01062759848025672	-0.1412151067323481	0.48148148148148145	-0.6288768372546752	-0.942857142857143	0.16666666666666666	0.04050244042353259	0.2	0.3333333333333333	0.0		0.32575757575757575	0.00029010845094035176	0.6269911511668137	rwr_signed_graph	p100_delta_00045	45	Vorinostat	HDAC1;HDAC2;HDAC3;HDAC6	32		
28	0.9642857142857143	0.8333333333333334	1.0	-0.060590812438536874	-0.03065134099616858	0.4074074074074074	0.40969027660508617	0.7714285714285715	0.6	-0.49252387811945225	-0.5428571428571429	0.3333333333333333	0.0		0.2196969696969697	0.062054094060191085	0.6269911511668137	ridge_signed_target	p100_delta_00045	45	Vorinostat	HDAC1;HDAC2;HDAC3;HDAC6	32		
28	0.7857142857142857	0.6666666666666666	1.0	-0.20505142073938273	-0.36189061969052616	0.45454545454545453	-0.3615266635418882	-0.7247137945655605	0.25	-0.44587572790102076	-0.7714285714285715	0.3333333333333333	0.16666666666666666	0.0	0.29545454545454547	0.13040106118257558	0.6269911511668137	retrieval_target	p100_delta_00045	45	Vorinostat	HDAC1;HDAC2;HDAC3;HDAC6	32	decryptm_delta_00020	
28	0.8214285714285714	0.6666666666666666	1.0	0.09185317207587548	-0.06915503537070684	0.5217391304347826	0.4973553008431149	0.4638168285219587	0.5	-0.1827730776303451	-0.2	0.5	0.0		0.3106060606060606	0.12172428957585778	0.6269911511668137	retrieval_target_baseline	p100_delta_00045	45	Vorinostat	HDAC1;HDAC2;HDAC3;HDAC6	32		decryptm_delta_00038
28	1.0	1.0	1.0	0.3157839712711144	0.5429666119321293	0.4642857142857143	0.42316891259870565	0.5428571428571429	0.6666666666666666	0.7722627400825904	0.2	1.0	0.3333333333333333	1.0	0.6060606060606061	7.977324543162467e-06	0.9141652355236667	ppko_v10b	p100_delta_00046	46	Bortezomib	PSMB5	32		
28	0.0	0.0	0.0										0.3333333333333333		0.5	0.0	0.9141652355236667	zero_vector	p100_delta_00046	46	Bortezomib	PSMB5	32		
28	0.0	0.0	0.0										0.3333333333333333		0.5	0.0	0.9141652355236667	direct_kinase_substrate	p100_delta_00046	46	Bortezomib	PSMB5	32		
28	0.0	0.0	0.0										0.3333333333333333		0.5	0.0	0.9141652355236667	graph_heat_diffusion	p100_delta_00046	46	Bortezomib	PSMB5	32		
28	0.0	0.0	0.0										0.3333333333333333		0.5	0.0	0.9141652355236667	rwr_signed_graph	p100_delta_00046	46	Bortezomib	PSMB5	32		
28	0.9642857142857143	1.0	1.0	-0.09306660815090556	-0.09359605911330049	0.3333333333333333	-0.21295920837916626	0.028571428571428574	0.5	-0.18419821166620237	0.14285714285714288	0.5	0.16666666666666666	0.0	0.5151515151515151	0.062054094060191085	0.9141652355236667	ridge_signed_target	p100_delta_00046	46	Bortezomib	PSMB5	32		
28	0.6785714285714286	0.6666666666666666	1.0	-0.09058396955559611	0.12411301180795312	0.5789473684210527	-0.5173776460486733	-0.7826908981308054	0.5	-0.21667104298647422	-0.2571428571428572	0.3333333333333333	0.16666666666666666	0.0	0.5303030303030303	0.08004667779563793	0.9141652355236667	retrieval_target	p100_delta_00046	46	Bortezomib	PSMB5	32	decryptm_delta_00000	
28	0.8214285714285714	0.8333333333333334	1.0	0.04565580554730653	0.02195397948276408	0.4782608695652174	-0.2208026118885308	-0.3142857142857143	0.6	0.5702587196688065	0.2571428571428572	0.6666666666666666	0.0		0.3484848484848485	0.12172428957585778	0.9141652355236667	retrieval_target_baseline	p100_delta_00046	46	Bortezomib	PSMB5	32		decryptm_delta_00038
27	1.0	1.0	1.0	0.6156072315251372	0.5097680097680098	0.6296296296296297	0.7821446900906138	0.7714285714285715	0.8333333333333334	0.7959651858322564	0.7142857142857143	1.0	0.6666666666666666	1.0	0.8809523809523809	0.03677194374958398	0.5672225162938789	ppko_v10b	p100_delta_00047	47	Ponatinib	ABL1;KIT	31		
27	0.0	0.0	0.0										0.16666666666666666		0.5	0.0	0.5672225162938789	zero_vector	p100_delta_00047	47	Ponatinib	ABL1;KIT	31		
27	0.0	0.0	0.0										0.16666666666666666		0.5	0.0	0.5672225162938789	direct_kinase_substrate	p100_delta_00047	47	Ponatinib	ABL1;KIT	31		
27	0.9629629629629629	1.0	1.0	-0.0020293940950974667	0.021978021978021976	0.46153846153846156	0.19400812297297274	-0.08571428571428573	0.5	0.008510815396811386	0.6571428571428573	0.5	0.16666666666666666	1.0	0.5634920634920635	0.005634188154443918	0.5672225162938789	graph_heat_diffusion	p100_delta_00047	47	Ponatinib	ABL1;KIT	31		
27	0.9629629629629629	1.0	1.0	0.014415620953918263	0.28937728937728935	0.5384615384615384	0.3184198173399934	0.6	0.5	0.04644593362544613	0.4285714285714286	0.6666666666666666	0.3333333333333333	1.0	0.8015873015873016	0.0030170837891529555	0.5672225162938789	rwr_signed_graph	p100_delta_00047	47	Ponatinib	ABL1;KIT	31		
27	0.9629629629629629	0.8333333333333334	1.0	-0.15977808065691004	-0.2289377289377289	0.4230769230769231	0.5795233473185311	0.8857142857142858	0.8	-0.7177137715127181	-0.8285714285714287	0.16666666666666666	0.0		0.3412698412698413	0.07285437218982864	0.5672225162938789	ridge_signed_target	p100_delta_00047	47	Ponatinib	ABL1;KIT	31		
27	0.7777777777777778	0.6666666666666666	1.0	-0.06246038408912294	-0.1672572839930797	0.42857142857142855	0.2180415986960711	0.3768511731740915	0.5	-0.18675550451980136	0.6571428571428573	0.5	0.0		0.3412698412698413	0.10527332344402869	0.5672225162938789	retrieval_target	p100_delta_00047	47	Ponatinib	ABL1;KIT	31	decryptm_delta_00020	
27	0.8148148148148148	0.8333333333333334	1.0	-0.22272346185564432	-0.24556146949477903	0.4090909090909091	0.15346070386438604	-0.2	0.6	-0.8811672231480447	-0.8857142857142858	0.0	0.0		0.40476190476190477	0.12369663792627829	0.5672225162938789	retrieval_target_baseline	p100_delta_00047	47	Ponatinib	ABL1;KIT	31		decryptm_delta_00038
27	1.0	1.0	1.0	0.6690208780940415	0.6776556776556776	0.7407407407407407	0.8089753270124687	0.8285714285714287	0.8333333333333334	0.7104391591014246	0.7714285714285715	0.8333333333333334	0.3333333333333333	1.0	0.7063492063492064	0.03687938774452993	0.3539574262168672	ppko_v10b	p100_delta_00048	48	Dasatinib	ABL1;SRC;LYN;LCK;HCK;KIT;PDGFRB;YES1	31		
27	0.0	0.0	0.0										0.16666666666666666		0.5	0.0	0.3539574262168672	zero_vector	p100_delta_00048	48	Dasatinib	ABL1;SRC;LYN;LCK;HCK;KIT;PDGFRB;YES1	31		
27	0.07407407407407407	0.3333333333333333	0.3333333333333333	0.04877579322657756	0.05447047794019221	0.5	0.05692714344414426	0.6210590034081188	0.5	0.11639844740637381	0.0	0.5	0.3333333333333333	0.5	0.6666666666666666	0.002101844659558049	0.3539574262168672	direct_kinase_substrate	p100_delta_00048	48	Dasatinib	ABL1;SRC;LYN;LCK;HCK;KIT;PDGFRB;YES1	31		
27	1.0	1.0	1.0	0.0008787549196239522	-0.10683760683760683	0.25925925925925924	0.1147796848898958	0.2571428571428572	0.16666666666666666	0.020565530282169373	0.3714285714285715	0.5	0.3333333333333333	0.5	0.6904761904761905	0.006966611354652223	0.3539574262168672	graph_heat_diffusion	p100_delta_00048	48	Dasatinib	ABL1;SRC;LYN;LCK;HCK;KIT;PDGFRB;YES1	31		
27	0.9629629629629629	1.0	1.0	0.006330375094754222	0.013431013431013432	0.34615384615384615	0.19102603088857034	0.3714285714285715	0.3333333333333333	0.017557022569503592	0.2571428571428572	0.3333333333333333	0.3333333333333333	0.5	0.6031746031746031	0.008284110800323779	0.3539574262168672	rwr_signed_graph	p100_delta_00048	48	Dasatinib	ABL1;SRC;LYN;LCK;HCK;KIT;PDGFRB;YES1	31		
27	0.9629629629629629	1.0	1.0	-0.05452617051877202	-0.11416361416361415	0.46153846153846156	0.00901712488545999	0.028571428571428574	0.6666666666666666	-0.6369007026961813	-0.8285714285714287	0.16666666666666666	0.3333333333333333	0.0	0.5952380952380952	0.07285437218982864	0.3539574262168672	ridge_signed_target	p100_delta_00048	48	Dasatinib	ABL1;SRC;LYN;LCK;HCK;KIT;PDGFRB;YES1	31		
27	0.7777777777777778	0.8333333333333334	1.0	-0.03347713118915937	0.0009206822972096131	0.38095238095238093	0.08904139083491011	0.08571428571428573	0.6	-0.30328212498810253	-0.08571428571428573	0.16666666666666666	0.0		0.4642857142857143	0.10527332344402869	0.3539574262168672	retrieval_target	p100_delta_00048	48	Dasatinib	ABL1;SRC;LYN;LCK;HCK;KIT;PDGFRB;YES1	31	decryptm_delta_00020	
27	0.8148148148148148	0.8333333333333334	1.0	-0.16284925860106828	-0.17452623143643894	0.45454545454545453	-0.3145058234667759	-0.6	0.2	-0.6687965580464657	-0.6571428571428573	0.16666666666666666	0.16666666666666666	0.0	0.5	0.12369663792627829	0.3539574262168672	retrieval_target_baseline	p100_delta_00048	48	Dasatinib	ABL1;SRC;LYN;LCK;HCK;KIT;PDGFRB;YES1	31		decryptm_delta_00038
27	1.0	1.0	1.0	0.37534772477855805	0.3113553113553113	0.5925925925925926	0.7055292424244499	0.7714285714285715	0.8333333333333334	0.559349720061172	-0.14285714285714288	0.6666666666666666	0.3333333333333333	1.0	0.7142857142857143	0.04029184434976843	0.559654426795465	ppko_v10b	p100_delta_00049	49	Gefitinib	EGFR	31		
27	0.0	0.0	0.0										0.0		0.5	0.0	0.559654426795465	zero_vector	p100_delta_00049	49	Gefitinib	EGFR	31		
27	0.0	0.0	0.0										0.0		0.5	0.0	0.559654426795465	direct_kinase_substrate	p100_delta_00049	49	Gefitinib	EGFR	31		
27	0.9629629629629629	1.0	1.0	0.07323334051407598	0.19413919413919414	0.38461538461538464	0.2374387779403967	-0.4285714285714286	0.16666666666666666	0.16381230558656892	0.3142857142857143	0.6666666666666666	0.3333333333333333	0.5	0.5476190476190477	0.009207327838844826	0.559654426795465	graph_heat_diffusion	p100_delta_00049	49	Gefitinib	EGFR	31		
27	0.9629629629629629	1.0	1.0	0.07042327813067757	0.14652014652014653	0.46153846153846156	0.22505525470644122	-0.4285714285714286	0.3333333333333333	0.16629545648107946	0.3714285714285715	0.6666666666666666	0.3333333333333333	0.5	0.6111111111111112	0.009091907127353974	0.559654426795465	rwr_signed_graph	p100_delta_00049	49	Gefitinib	EGFR	31		
27	0.9629629629629629	1.0	1.0	-0.1538076804298747	-0.2631257631257631	0.46153846153846156	-0.08700600288421796	0.2	0.5	-0.5613150696218857	-0.6	0.3333333333333333	0.0		0.38095238095238093	0.09851358091260341	0.559654426795465	ridge_signed_target	p100_delta_00049	49	Gefitinib	EGFR	31		
27	0.7037037037037037	0.6666666666666666	1.0	-0.19307791477890357	-0.13637513753485944	0.5263157894736842	-0.41521367654756347	-0.20291986247835694	0.25	-0.4091592956280241	-0.3142857142857143	0.3333333333333333	0.16666666666666666	0.0	0.4523809523809524	0.12580642342153522	0.559654426795465	retrieval_target	p100_delta_00049	49	Gefitinib	EGFR	31	decryptm_delta_00000	
27	0.7037037037037037	0.6666666666666666	1.0	-0.19307791477890357	-0.13637513753485944	0.5263157894736842	-0.41521367654756347	-0.20291986247835694	0.25	-0.4091592956280241	-0.3142857142857143	0.3333333333333333	0.16666666666666666	0.0	0.4523809523809524	0.12580642342153522	0.559654426795465	retrieval_target_baseline	p100_delta_00049	49	Gefitinib	EGFR	31		decryptm_delta_00000
27	1.0	1.0	1.0	0.5626784525258814	0.3473748473748474	0.5925925925925926	0.8675794538630749	0.942857142857143	0.8333333333333334	0.946703102790849	0.8285714285714287	1.0	0.5	1.0	0.8253968253968254	0.03595128392421261	0.5741351153011676	ppko_v10b	p100_delta_00050	50	Imatinib	ABL1;KIT;PDGFRB	31		
27	0.0	0.0	0.0										0.16666666666666666		0.5	0.0	0.5741351153011676	zero_vector	p100_delta_00050	50	Imatinib	ABL1;KIT;PDGFRB	31		
27	0.0	0.0	0.0										0.16666666666666666		0.5	0.0	0.5741351153011676	direct_kinase_substrate	p100_delta_00050	50	Imatinib	ABL1;KIT;PDGFRB	31		
27	0.9629629629629629	1.0	1.0	-0.024664273744691486	-0.002442002442002442	0.5	0.29966333098514064	0.4285714285714286	0.3333333333333333	-0.039197986985756564	0.08571428571428573	0.5	0.5	0.6666666666666666	0.6507936507936508	0.00465471275270425	0.5741351153011676	graph_heat_diffusion	p100_delta_00050	50	Imatinib	ABL1;KIT;PDGFRB	31		
27	0.9629629629629629	1.0	1.0	0.024665744227453483	0.07509157509157507	0.5	0.3799980674711915	0.4285714285714286	0.5	0.07445037455782147	0.7142857142857143	0.8333333333333334	0.3333333333333333	1.0	0.6746031746031746	0.0033226498194212414	0.5741351153011676	rwr_signed_graph	p100_delta_00050	50	Imatinib	ABL1;KIT;PDGFRB	31		
27	0.9629629629629629	1.0	1.0	-0.21670490924186697	-0.2869352869352869	0.3076923076923077	0.02699123713379763	0.2	0.5	-0.5275174172566537	-0.3714285714285715	0.16666666666666666	0.16666666666666666	0.0	0.5	0.07285437218982864	0.5741351153011676	ridge_signed_target	p100_delta_00050	50	Imatinib	ABL1;KIT;PDGFRB	31		
27	0.7777777777777778	0.8333333333333334	1.0	0.04704904309764769	-0.01534470495349355	0.42857142857142855	-0.27775053423851875	-0.2	0.4	0.33421446217211964	0.8857142857142858	0.6666666666666666	0.0		0.4642857142857143	0.10527332344402869	0.5741351153011676	retrieval_target	p100_delta_00050	50	Imatinib	ABL1;KIT;PDGFRB	31	decryptm_delta_00020	
27	0.8148148148148148	0.8333333333333334	1.0	-0.31027443438704766	-0.28903993416841817	0.36363636363636365	-0.31239821546029345	-0.028571428571428574	0.4	-0.823276899549047	-0.7142857142857143	0.16666666666666666	0.16666666666666666	0.0	0.5238095238095238	0.12369663792627829	0.5741351153011676	retrieval_target_baseline	p100_delta_00050	50	Imatinib	ABL1;KIT;PDGFRB	31		decryptm_delta_00038
27	1.0	1.0	1.0	0.7661011533544637	0.7039072039072038	0.8518518518518519	0.8549802648919234	0.7714285714285715	0.8333333333333334	0.848852520333743	0.7142857142857143	1.0	0.5	1.0	0.753968253968254	0.03764586043716581	0.4382204819056723	ppko_v10b	p100_delta_00051	51	Bosutinib	ABL1;SRC;LYN;HCK	31		
27	0.0	0.0	0.0										0.0		0.5	0.0	0.4382204819056723	zero_vector	p100_delta_00051	51	Bosutinib	ABL1;SRC;LYN;HCK	31		
27	0.07407407407407407	0.16666666666666666	0.3333333333333333	0.2029425585115153	0.16341143382057666	0.5	0.3362233819360361	0.39279220242478635	1.0	0.5803177086826715	0.0	0.5	0.16666666666666666	1.0	0.5595238095238095	0.004955524095782527	0.4382204819056723	direct_kinase_substrate	p100_delta_00051	51	Bosutinib	ABL1;SRC;LYN;HCK	31		
27	1.0	1.0	1.0	-0.026830048427528876	-0.08180708180708181	0.48148148148148145	0.22436536265266963	-0.4285714285714286	0.3333333333333333	-0.05474973651126911	0.2571428571428572	0.6666666666666666	0.16666666666666666	1.0	0.6587301587301587	0.012122147254084028	0.4382204819056723	graph_heat_diffusion	p100_delta_00051	51	Bosutinib	ABL1;SRC;LYN;HCK	31		
27	0.9629629629629629	1.0	1.0	-0.020332421074615945	0.2277167277167277	0.6153846153846154	0.32631021375996444	0.2571428571428572	0.5	-0.060795503903883955	-0.028571428571428574	0.6666666666666666	0.16666666666666666	1.0	0.5714285714285714	0.01696515110594461	0.4382204819056723	rwr_signed_graph	p100_delta_00051	51	Bosutinib	ABL1;SRC;LYN;HCK	31		
27	0.9629629629629629	1.0	1.0	-0.033202795598986444	-0.0927960927960928	0.4230769230769231	0.07282460698039707	-0.08571428571428573	0.6666666666666666	-0.6199927474923181	-0.5428571428571429	0.16666666666666666	0.16666666666666666	0.0	0.5238095238095238	0.07285437218982864	0.4382204819056723	ridge_signed_target	p100_delta_00051	51	Bosutinib	ABL1;SRC;LYN;HCK	31		
27	0.7777777777777778	0.6666666666666666	1.0	-0.03898941641868639	-0.1206093809344593	0.5238095238095238	0.15964090545989873	0.17393131069573453	0.75	-0.20226445369135526	-0.14285714285714288	0.5	0.0		0.31746031746031744	0.10527332344402869	0.4382204819056723	retrieval_target	p100_delta_00051	51	Bosutinib	ABL1;SRC;LYN;HCK	31	decryptm_delta_00020	
27	0.8148148148148148	0.8333333333333334	1.0	-0.22640157906816605	-0.1622787765987941	0.5	-0.4157241888838776	-0.7142857142857143	0.2	-0.6289154934874118	-0.8285714285714287	0.16666666666666666	0.3333333333333333	0.0	0.6031746031746031	0.12369663792627829	0.4382204819056723	retrieval_target_baseline	p100_delta_00051	51	Bosutinib	ABL1;SRC;LYN;HCK	31		decryptm_delta_00038
27	1.0	1.0	1.0	0.6596988687912525	0.5964590964590964	0.6296296296296297	0.8731374572186607	0.942857142857143	0.8333333333333334	0.8269443166957421	0.7714285714285715	0.8333333333333334	0.6666666666666666	1.0	0.8571428571428571	0.04645843659010199	0.5114401446448432	ppko_v10b	p100_delta_00052	52	Lapatinib	EGFR;ERBB2	31		
27	0.0	0.0	0.0										0.16666666666666666		0.5	0.0	0.5114401446448432	zero_vector	p100_delta_00052	52	Lapatinib	EGFR;ERBB2	31		
27	0.037037037037037035	0.16666666666666666	0.16666666666666666	-0.28592504693060733	-0.30214784801906636	0.0	-0.33824136538432964	-0.39279220242478635	0.0	-0.6637050330863702	-0.6546536707079772	0.0	0.3333333333333333	0.0	0.5833333333333334	0.014636081677896005	0.5114401446448432	direct_kinase_substrate	p100_delta_00052	52	Lapatinib	EGFR;ERBB2	31		
27	0.9629629629629629	1.0	1.0	-0.2628910204721578	0.05555555555555555	0.4230769230769231	-0.31486453512063917	0.2571428571428572	0.5	-0.5007875408846094	0.4285714285714286	0.3333333333333333	0.5	0.3333333333333333	0.6190476190476191	0.006644596277409518	0.5114401446448432	graph_heat_diffusion	p100_delta_00052	52	Lapatinib	EGFR;ERBB2	31		
27	0.9629629629629629	1.0	1.0	-0.25673558414712877	0.11416361416361415	0.5	-0.3023470880039938	0.2	0.6666666666666666	-0.4855082886183174	0.028571428571428574	0.16666666666666666	0.5	0.3333333333333333	0.6507936507936508	0.006117294433091013	0.5114401446448432	rwr_signed_graph	p100_delta_00052	52	Lapatinib	EGFR;ERBB2	31		
27	0.9629629629629629	1.0	1.0	-0.25870018568752173	-0.24484811764430514	0.4230769230769231	-0.3307499996034551	-0.028571428571428574	0.3333333333333333	-0.4757920192823948	-0.4285714285714286	0.16666666666666666	0.5	0.3333333333333333	0.7222222222222222	0.09362491894797939	0.5114401446448432	ridge_signed_target	p100_delta_00052	52	Lapatinib	EGFR;ERBB2	31		
27	0.7037037037037037	1.0	1.0	-0.033133505403892115	0.017935959131568813	0.47368421052631576	-0.25012321917580127	0.2571428571428572	0.5	0.004041256309283263	-0.8285714285714287	0.6666666666666666	0.3333333333333333	0.5	0.6904761904761905	0.09211407282769128	0.5114401446448432	retrieval_target	p100_delta_00052	52	Lapatinib	EGFR;ERBB2	31	decryptm_delta_00010	
27	0.7037037037037037	1.0	1.0	-0.033133505403892115	0.017935959131568813	0.47368421052631576	-0.25012321917580127	0.2571428571428572	0.5	0.004041256309283263	-0.8285714285714287	0.6666666666666666	0.3333333333333333	0.5	0.6904761904761905	0.09211407282769128	0.5114401446448432	retrieval_target_baseline	p100_delta_00052	52	Lapatinib	EGFR;ERBB2	31		decryptm_delta_00010
27	1.0	1.0	1.0	0.5051582305871976	0.3302808302808303	0.4444444444444444	0.5512737257490994	0.7714285714285715	0.6666666666666666	0.6756324118033009	0.8857142857142858	1.0	0.6666666666666666	1.0	0.7936507936507936	0.040995910574026684	0.4591348678977401	ppko_v10b	p100_delta_00053	53	Trametinib	MAP2K1;MAP2K2	31		
27	0.0	0.0	0.0										0.16666666666666666		0.5	0.0	0.4591348678977401	zero_vector	p100_delta_00053	53	Trametinib	MAP2K1;MAP2K2	31		
27	0.25925925925925924	0.16666666666666666	1.0	-0.07384098852340233	0.1344704588139882	0.7142857142857143	-0.4019106244483395	-0.13093073414159545	0.0	-0.16841347729959516	-0.4780914437337575	0.6666666666666666	0.16666666666666666	0.0	0.4603174603174603	0.11377053238727429	0.4591348678977401	direct_kinase_substrate	p100_delta_00053	53	Trametinib	MAP2K1;MAP2K2	31		
27	1.0	1.0	1.0	0.27822313549122374	0.11294261294261294	0.4444444444444444	0.3094454401726639	-0.14285714285714288	0.3333333333333333	0.4320803857674816	0.3142857142857143	0.5	0.5	0.3333333333333333	0.7063492063492064	0.03318564963971463	0.4591348678977401	graph_heat_diffusion	p100_delta_00053	53	Trametinib	MAP2K1;MAP2K2	31		
27	0.9629629629629629	1.0	1.0	0.28211223815512976	0.11416361416361415	0.5	0.31808237623526947	-0.14285714285714288	0.3333333333333333	0.5370374623280126	0.3142857142857143	0.6666666666666666	0.3333333333333333	0.5	0.6111111111111112	0.04081359388434672	0.4591348678977401	rwr_signed_graph	p100_delta_00053	53	Trametinib	MAP2K1;MAP2K2	31		
27	0.9629629629629629	1.0	1.0	-0.1873973377600864	-0.023809523809523808	0.5384615384615384	-0.09320506714914276	-0.028571428571428574	0.6666666666666666	-0.675781115062298	-0.8285714285714287	0.3333333333333333	0.16666666666666666	0.0	0.6984126984126984	0.06303842027706129	0.4591348678977401	ridge_signed_target	p100_delta_00053	53	Trametinib	MAP2K1;MAP2K2	31		
27	0.7777777777777778	0.8333333333333334	1.0	0.09364265361985141	0.10158194679212731	0.47619047619047616	-0.07716098098169069	-0.4285714285714286	0.4	0.497635566976022	0.3714285714285715	0.6666666666666666	0.0		0.43253968253968256	0.10527332344402869	0.4591348678977401	retrieval_target	p100_delta_00053	53	Trametinib	MAP2K1;MAP2K2	31	decryptm_delta_00020	
27	0.8148148148148148	0.8333333333333334	1.0	-0.1270285165511292	0.08144557467033818	0.5909090909090909	-0.20769811833133836	0.028571428571428574	0.6	-0.5468632041426696	-0.5428571428571429	0.3333333333333333	0.16666666666666666	0.0	0.5396825396825397	0.12369663792627829	0.4591348678977401	retrieval_target_baseline	p100_delta_00053	53	Trametinib	MAP2K1;MAP2K2	31		decryptm_delta_00038
27	1.0	1.0	1.0	0.5587134052661924	0.43833943833943834	0.5185185185185185	0.6730705396159917	0.942857142857143	0.6666666666666666	0.9141244111549413	0.942857142857143	0.8333333333333334	0.3333333333333333	1.0	0.5	1.6897985938579007e-05	0.6591733685798116	ppko_v10b	p100_delta_00054	54	Carfilzomib	PSMB5	31		
27	0.0	0.0	0.0										0.3333333333333333		0.5	0.0	0.6591733685798116	zero_vector	p100_delta_00054	54	Carfilzomib	PSMB5	31		
27	0.0	0.0	0.0										0.3333333333333333		0.5	0.0	0.6591733685798116	direct_kinase_substrate	p100_delta_00054	54	Carfilzomib	PSMB5	31		
27	0.0	0.0	0.0										0.3333333333333333		0.5	0.0	0.6591733685798116	graph_heat_diffusion	p100_delta_00054	54	Carfilzomib	PSMB5	31		
27	0.0	0.0	0.0										0.3333333333333333		0.5	0.0	0.6591733685798116	rwr_signed_graph	p100_delta_00054	54	Carfilzomib	PSMB5	31		
27	0.9629629629629629	1.0	1.0	-0.2377082196178642	-0.16422466422466422	0.46153846153846156	-0.5305722394690505	-0.2571428571428572	0.16666666666666666	-0.6027972670205284	-0.4285714285714286	0.16666666666666666	0.3333333333333333	0.0	0.6507936507936508	0.06303842027706129	0.6591733685798116	ridge_signed_target	p100_delta_00054	54	Carfilzomib	PSMB5	31		
27	0.7037037037037037	1.0	1.0	-0.08877540620690606	0.04607686052765091	0.47368421052631576	-0.31197557243322244	0.2	0.5	-0.23631674293079627	0.5428571428571429	0.5	0.16666666666666666	0.0	0.6349206349206349	0.12580642342153522	0.6591733685798116	retrieval_target	p100_delta_00054	54	Carfilzomib	PSMB5	31	decryptm_delta_00000	
27	0.8148148148148148	0.8333333333333334	1.0	-0.3009903990760624	-0.23882536933407436	0.45454545454545453	-0.5182748572285707	-0.6	0.2	-0.7480934939327821	-0.48571428571428577	0.16666666666666666	0.16666666666666666	0.0	0.626984126984127	0.12369663792627829	0.6591733685798116	retrieval_target_baseline	p100_delta_00054	54	Carfilzomib	PSMB5	31		decryptm_delta_00038
27	1.0	1.0	1.0	0.5251025815190137	0.3778998778998779	0.6666666666666666	0.7539780040954748	0.8285714285714287	0.8333333333333334	0.7224788699944198	0.8285714285714287	0.6666666666666666	0.5	1.0	0.8968253968253969	0.04029184434976843	0.4581594516833623	ppko_v10b	p100_delta_00055	55	Erlotinib	EGFR	31		
27	0.0	0.0	0.0										0.16666666666666666		0.5	0.0	0.4581594516833623	zero_vector	p100_delta_00055	55	Erlotinib	EGFR	31		
27	0.0	0.0	0.0										0.16666666666666666		0.5	0.0	0.4581594516833623	direct_kinase_substrate	p100_delta_00055	55	Erlotinib	EGFR	31		
27	0.9629629629629629	1.0	1.0	-0.33752806115859996	0.1623931623931624	0.38461538461538464	-0.37812604043277126	0.08571428571428573	0.3333333333333333	-0.6734488225208646	-0.08571428571428573	0.3333333333333333	0.5	0.3333333333333333	0.7698412698412699	0.009207327838844826	0.4581594516833623	graph_heat_diffusion	p100_delta_00055	55	Erlotinib	EGFR	31		
27	0.9629629629629629	1.0	1.0	-0.34119455147763084	0.03785103785103785	0.46153846153846156	-0.3862060046006829	0.028571428571428574	0.3333333333333333	-0.7317851997201321	-0.3142857142857143	0.3333333333333333	0.3333333333333333	0.0	0.6746031746031746	0.009091907127353974	0.4581594516833623	rwr_signed_graph	p100_delta_00055	55	Erlotinib	EGFR	31		
27	0.9629629629629629	1.0	1.0	0.0901333088463974	-0.09645909645909646	0.34615384615384615	0.26290561346699187	0.08571428571428573	0.8333333333333334	0.11705756003397227	-0.028571428571428574	0.5	0.5	0.6666666666666666	0.7698412698412699	0.09851358091260341	0.4581594516833623	ridge_signed_target	p100_delta_00055	55	Erlotinib	EGFR	31		
27	0.7037037037037037	0.8333333333333334	1.0	0.36021179713921087	0.39088021279832724	0.7368421052631579	0.4712981335446843	0.8285714285714287	0.8	0.6065933354027101	0.2571428571428572	0.6666666666666666	0.3333333333333333	1.0	0.6150793650793651	0.12580642342153522	0.4581594516833623	retrieval_target	p100_delta_00055	55	Erlotinib	EGFR	31	decryptm_delta_00000	
27	0.7037037037037037	0.8333333333333334	1.0	0.36021179713921087	0.39088021279832724	0.7368421052631579	0.4712981335446843	0.8285714285714287	0.8	0.6065933354027101	0.2571428571428572	0.6666666666666666	0.3333333333333333	1.0	0.6150793650793651	0.12580642342153522	0.4581594516833623	retrieval_target_baseline	p100_delta_00055	55	Erlotinib	EGFR	31		decryptm_delta_00000
27	1.0	1.0	1.0	0.2532717825985628	0.47619047619047616	0.6666666666666666	0.07998801263431725	0.028571428571428574	0.6666666666666666	0.1745874398397442	0.2571428571428572	0.8333333333333334	0.5	0.6666666666666666	0.6746031746031746	0.032373320035360476	0.36314371283407565	ppko_v10b	p100_delta_00056	56	Vorinostat	HDAC1;HDAC2;HDAC3;HDAC6	31		
27	0.0	0.0	0.0										0.16666666666666666		0.5	0.0	0.36314371283407565	zero_vector	p100_delta_00056	56	Vorinostat	HDAC1;HDAC2;HDAC3;HDAC6	31		
27	0.0	0.0	0.0										0.16666666666666666		0.5	0.0	0.36314371283407565	direct_kinase_substrate	p100_delta_00056	56	Vorinostat	HDAC1;HDAC2;HDAC3;HDAC6	31		
27	0.9259259259259259	1.0	1.0	-0.22903705114308207	-0.01587301587301587	0.56	-0.25783681023980887	-0.3142857142857143	0.16666666666666666	-0.712482641389169	-0.3714285714285715	0.5	0.16666666666666666	0.0	0.4365079365079365	0.005790528052575035	0.36314371283407565	graph_heat_diffusion	p100_delta_00056	56	Vorinostat	HDAC1;HDAC2;HDAC3;HDAC6	31		
27	0.9629629629629629	1.0	1.0	-0.22904504734880995	-0.2863247863247863	0.4230769230769231	-0.25807343171329516	-0.3714285714285715	0.0	-0.686746256798647	-0.7142857142857143	0.3333333333333333	0.16666666666666666	0.0	0.5634920634920635	0.004923476472682793	0.36314371283407565	rwr_signed_graph	p100_delta_00056	56	Vorinostat	HDAC1;HDAC2;HDAC3;HDAC6	31		
27	0.9629629629629629	0.8333333333333334	1.0	-0.3566129438934585	-0.3571428571428571	0.34615384615384615	-0.6514481158960602	-0.7714285714285715	0.2	-0.5809322369356628	-0.2571428571428572	0.16666666666666666	0.3333333333333333	0.0	0.5	0.06303842027706129	0.36314371283407565	ridge_signed_target	p100_delta_00056	56	Vorinostat	HDAC1;HDAC2;HDAC3;HDAC6	31		
27	0.7777777777777778	0.6666666666666666	1.0	0.0678277821974437	-0.025165316123729423	0.5238095238095238	-0.5847861117563199	-0.6377481392176932	0.25	0.38582582770143975	0.7714285714285715	0.8333333333333334	0.16666666666666666	0.0	0.38095238095238093	0.10527332344402869	0.36314371283407565	retrieval_target	p100_delta_00056	56	Vorinostat	HDAC1;HDAC2;HDAC3;HDAC6	31	decryptm_delta_00020	
27	0.8148148148148148	0.8333333333333334	1.0	-0.17957440113860074	-0.14758183079362033	0.4090909090909091	-0.3067347454728596	-0.8857142857142858	0.6	-0.6276440373176677	-0.48571428571428577	0.16666666666666666	0.3333333333333333	0.0	0.5793650793650794	0.12369663792627829	0.36314371283407565	retrieval_target_baseline	p100_delta_00056	56	Vorinostat	HDAC1;HDAC2;HDAC3;HDAC6	31		decryptm_delta_00038
27	1.0	1.0	1.0	0.49257883195502716	0.23809523809523808	0.5555555555555556	0.55239343927263	0.3714285714285715	0.6666666666666666	0.7278009672009934	0.5428571428571429	0.6666666666666666	0.5	0.6666666666666666	0.6746031746031746	1.6897985938579007e-05	0.6827986005831648	ppko_v10b	p100_delta_00057	57	Bortezomib	PSMB5	31		
27	0.0	0.0	0.0										0.16666666666666666		0.5	0.0	0.6827986005831648	zero_vector	p100_delta_00057	57	Bortezomib	PSMB5	31		
27	0.0	0.0	0.0										0.16666666666666666		0.5	0.0	0.6827986005831648	direct_kinase_substrate	p100_delta_00057	57	Bortezomib	PSMB5	31		
27	0.0	0.0	0.0										0.16666666666666666		0.5	0.0	0.6827986005831648	graph_heat_diffusion	p100_delta_00057	57	Bortezomib	PSMB5	31		
27	0.0	0.0	0.0										0.16666666666666666		0.5	0.0	0.6827986005831648	rwr_signed_graph	p100_delta_00057	57	Bortezomib	PSMB5	31		
27	0.9629629629629629	1.0	1.0	-0.1464421584554081	-0.1862026862026862	0.34615384615384615	0.2895922071761908	0.3714285714285715	0.6666666666666666	-0.45254079839118855	-0.3142857142857143	0.16666666666666666	0.3333333333333333	0.5	0.746031746031746	0.06303842027706129	0.6827986005831648	ridge_signed_target	p100_delta_00057	57	Bortezomib	PSMB5	31		
27	0.7037037037037037	0.6666666666666666	1.0	-0.10218463396918614	0.042984453780828706	0.42105263157894735	0.7007361758355704	0.34786262139146906	0.75	-0.3534465903343025	-0.08571428571428573	0.5	0.0		0.40476190476190477	0.12580642342153522	0.6827986005831648	retrieval_target	p100_delta_00057	57	Bortezomib	PSMB5	31	decryptm_delta_00000	
27	0.8148148148148148	0.8333333333333334	1.0	-0.06900639313721758	-0.0642991378976354	0.36363636363636365	0.6751055258801073	0.8285714285714287	1.0	-0.28273576438507825	-0.3714285714285715	0.16666666666666666	0.16666666666666666	1.0	0.42063492063492064	0.12369663792627829	0.6827986005831648	retrieval_target_baseline	p100_delta_00057	57	Bortezomib	PSMB5	31		decryptm_delta_00038
31	1.0	1.0	1.0	0.6741947135006798	0.6375000000000001	0.7096774193548387	0.9330341137314456	0.6071428571428572	1.0	0.7989328302020559	0.7500000000000002	1.0	0.2857142857142857	1.0	0.6785714285714286	0.03660831135517407	0.48486115819504183	ppko_v10b	p100_delta_00058	58	Ponatinib	ABL1;KIT	38		
31	0.0	0.0	0.0										0.42857142857142855		0.5	0.0	0.48486115819504183	zero_vector	p100_delta_00058	58	Ponatinib	ABL1;KIT	38		
31	0.0	0.0	0.0										0.42857142857142855		0.5	0.0	0.48486115819504183	direct_kinase_substrate	p100_delta_00058	58	Ponatinib	ABL1;KIT	38		
31	0.967741935483871	1.0	1.0	0.09843360528670042	0.052822580645161286	0.6	0.4298578394692601	0.14285714285714288	0.8571428571428571	0.21400116551262094	0.5714285714285715	0.5714285714285714	0.2857142857142857	1.0	0.47023809523809523	0.005028855136310261	0.48486115819504183	graph_heat_diffusion	p100_delta_00058	58	Ponatinib	ABL1;KIT	38		
31	0.967741935483871	1.0	1.0	0.08480574917771644	0.0814516129032258	0.5333333333333333	0.4251535140417891	0.07142857142857144	0.7142857142857143	0.19165983967310832	0.39285714285714296	0.5714285714285714	0.2857142857142857	1.0	0.5714285714285714	0.002886263527949679	0.48486115819504183	rwr_signed_graph	p100_delta_00058	58	Ponatinib	ABL1;KIT	38		
31	0.967741935483871	0.8571428571428571	1.0	0.16849198298169907	0.1862903225806452	0.5333333333333333	0.3031635131692954	-0.10714285714285716	0.5	0.5335513283984139	0.6785714285714287	0.8571428571428571	0.14285714285714285	1.0	0.3273809523809524	0.07053393520688969	0.48486115819504183	ridge_signed_target	p100_delta_00058	58	Ponatinib	ABL1;KIT	38		
31	0.7419354838709677	0.7142857142857143	1.0	0.22149516996165222	0.10594123626970567	0.4782608695652174	0.3707878470598547	-0.30631873731649006	0.6	0.6962409576617927	0.7857142857142859	0.7142857142857143	0.14285714285714285	1.0	0.43452380952380953	0.09888478933322814	0.48486115819504183	retrieval_target	p100_delta_00058	58	Ponatinib	ABL1;KIT	38	decryptm_delta_00020	
31	0.8387096774193549	0.8571428571428571	1.0	0.05279756263333218	0.06747488516468526	0.5384615384615384	0.12109183463187065	-0.1785714285714286	0.5	0.1441218422296702	0.14285714285714288	0.5714285714285714	0.0		0.375	0.10996694904902289	0.48486115819504183	retrieval_target_baseline	p100_delta_00058	58	Ponatinib	ABL1;KIT	38		decryptm_delta_00030
31	1.0	1.0	1.0	0.7132342739668749	0.7500000000000001	0.7741935483870968	0.8642618892903299	0.8214285714285715	0.8571428571428571	0.7533193102252589	0.9642857142857145	0.8571428571428571	0.2857142857142857	1.0	0.6309523809523809	0.03664343564530775	0.4229891523718834	ppko_v10b	p100_delta_00059	59	Dasatinib	ABL1;SRC;LYN;LCK;HCK;KIT;PDGFRB;YES1	38		
31	0.0	0.0	0.0										0.2857142857142857		0.5	0.0	0.4229891523718834	zero_vector	p100_delta_00059	59	Dasatinib	ABL1;SRC;LYN;LCK;HCK;KIT;PDGFRB;YES1	38		
31	0.06451612903225806	0.14285714285714285	0.2857142857142857	0.21499883975813736	0.19084657134227864	1.0	0.3451485884739427	0.40824829046386296	1.0	0.3172206892075925	0.3162277660168379	1.0	0.2857142857142857	1.0	0.5505952380952381	0.0018306388970344297	0.4229891523718834	direct_kinase_substrate	p100_delta_00059	59	Dasatinib	ABL1;SRC;LYN;LCK;HCK;KIT;PDGFRB;YES1	38		
31	1.0	1.0	1.0	-0.13067797141132176	0.20322580645161292	0.6451612903225806	0.3766861853466545	-0.03571428571428572	0.5714285714285714	-0.2864264810180633	0.21428571428571433	0.7142857142857143	0.2857142857142857	1.0	0.4880952380952381	0.0063352878857141	0.4229891523718834	graph_heat_diffusion	p100_delta_00059	59	Dasatinib	ABL1;SRC;LYN;LCK;HCK;KIT;PDGFRB;YES1	38		
31	0.967741935483871	1.0	1.0	-0.13479865104895403	0.07580645161290324	0.6	0.37247218556684825	0.3214285714285715	0.5714285714285714	-0.29937754225530594	0.3214285714285715	0.42857142857142855	0.42857142857142855	0.6666666666666666	0.5178571428571429	0.007641113004396057	0.4229891523718834	rwr_signed_graph	p100_delta_00059	59	Dasatinib	ABL1;SRC;LYN;LCK;HCK;KIT;PDGFRB;YES1	38		
31	0.967741935483871	1.0	1.0	0.08861945264385816	0.1463709677419355	0.4666666666666667	0.13909290142855366	0.0	0.42857142857142855	0.3908292572203854	0.42857142857142866	0.7142857142857143	0.14285714285714285	1.0	0.31547619047619047	0.07053393520688969	0.4229891523718834	ridge_signed_target	p100_delta_00059	59	Dasatinib	ABL1;SRC;LYN;LCK;HCK;KIT;PDGFRB;YES1	38		
31	0.7419354838709677	0.5714285714285714	1.0	-0.0530654347851304	0.006913631541593075	0.5652173913043478	-0.17353847418514418	-0.5188745216627708	0.25	-0.26480960289811367	-0.07142857142857144	0.2857142857142857	0.14285714285714285	0.0	0.3482142857142857	0.09888478933322814	0.4229891523718834	retrieval_target	p100_delta_00059	59	Dasatinib	ABL1;SRC;LYN;LCK;HCK;KIT;PDGFRB;YES1	38	decryptm_delta_00020	
31	0.8387096774193549	0.8571428571428571	1.0	0.13101848207739528	0.1567679966700472	0.46153846153846156	-0.18433631558413882	-0.1785714285714286	0.3333333333333333	0.6215186194278931	0.3571428571428572	0.8571428571428571	0.0		0.44642857142857145	0.10996694904902289	0.4229891523718834	retrieval_target_baseline	p100_delta_00059	59	Dasatinib	ABL1;SRC;LYN;LCK;HCK;KIT;PDGFRB;YES1	38		decryptm_delta_00030
31	1.0	1.0	1.0	0.5056326938823643	0.6306451612903227	0.5806451612903226	0.839386078057723	0.8928571428571429	0.7142857142857143	0.6100915920332914	0.7500000000000002	0.7142857142857143	0.2857142857142857	1.0	0.4642857142857143	0.04539101880284086	0.4947216654977491	ppko_v10b	p100_delta_00060	60	Gefitinib	EGFR	38		
31	0.0	0.0	0.0										0.2857142857142857		0.5	0.0	0.4947216654977491	zero_vector	p100_delta_00060	60	Gefitinib	EGFR	38		
31	0.0	0.0	0.0										0.2857142857142857		0.5	0.0	0.4947216654977491	direct_kinase_substrate	p100_delta_00060	60	Gefitinib	EGFR	38		
31	0.967741935483871	1.0	1.0	0.05050713060747162	0.12217741935483874	0.5	0.24719355230830142	-0.25	0.7142857142857143	0.140008655566755	0.6071428571428572	0.7142857142857143	0.14285714285714285	1.0	0.44642857142857145	0.008838195497153192	0.4947216654977491	graph_heat_diffusion	p100_delta_00060	60	Gefitinib	EGFR	38		
31	0.967741935483871	1.0	1.0	0.05492713404061261	0.23991935483870971	0.5666666666666667	0.2576351813058537	-0.07142857142857144	0.7142857142857143	0.1767867911870651	0.3214285714285715	0.7142857142857143	0.14285714285714285	1.0	0.5119047619047619	0.008991794064410984	0.4947216654977491	rwr_signed_graph	p100_delta_00060	60	Gefitinib	EGFR	38		
31	0.967741935483871	0.8571428571428571	1.0	0.22219158035353945	0.29758064516129035	0.5333333333333333	0.8593538096457699	0.8928571428571429	0.8333333333333334	0.19772728283581906	0.21428571428571433	0.42857142857142855	0.14285714285714285	1.0	0.4166666666666667	0.09964372519959486	0.4947216654977491	ridge_signed_target	p100_delta_00060	60	Gefitinib	EGFR	38		
31	0.7096774193548387	0.7142857142857143	1.0	0.07514956450416552	0.08612890619920341	0.4090909090909091	0.41806391772356805	0.48650622985560193	0.4	0.0921401969590823	0.39285714285714296	0.5714285714285714	0.2857142857142857	0.5	0.5357142857142857	0.11086199485186127	0.4947216654977491	retrieval_target	p100_delta_00060	60	Gefitinib	EGFR	38	decryptm_delta_00000	
31	0.7096774193548387	0.7142857142857143	1.0	0.07514956450416552	0.08612890619920341	0.4090909090909091	0.41806391772356805	0.48650622985560193	0.4	0.0921401969590823	0.39285714285714296	0.5714285714285714	0.2857142857142857	0.5	0.5357142857142857	0.11086199485186127	0.4947216654977491	retrieval_target_baseline	p100_delta_00060	60	Gefitinib	EGFR	38		decryptm_delta_00000
31	1.0	1.0	1.0	0.6025058823196457	0.6125	0.6774193548387096	0.714647618633771	0.6071428571428572	0.8571428571428571	0.7578672209183392	0.6785714285714287	0.7142857142857143	0.2857142857142857	1.0	0.7380952380952381	0.03562021523623938	0.4316129092006914	ppko_v10b	p100_delta_00061	61	Imatinib	ABL1;KIT;PDGFRB	38		
31	0.0	0.0	0.0										0.2857142857142857		0.5	0.0	0.4316129092006914	zero_vector	p100_delta_00061	61	Imatinib	ABL1;KIT;PDGFRB	38		
31	0.0	0.0	0.0										0.2857142857142857		0.5	0.0	0.4316129092006914	direct_kinase_substrate	p100_delta_00061	61	Imatinib	ABL1;KIT;PDGFRB	38		
31	0.967741935483871	1.0	1.0	-0.07919882685940637	0.35403225806451616	0.5666666666666667	0.23987695726484004	0.642857142857143	0.5714285714285714	-0.2813446834301778	0.21428571428571433	0.5714285714285714	0.14285714285714285	1.0	0.4880952380952381	0.0041853313995224815	0.4316129092006914	graph_heat_diffusion	p100_delta_00061	61	Imatinib	ABL1;KIT;PDGFRB	38		
31	0.967741935483871	1.0	1.0	-0.08680536924679408	0.1806451612903226	0.5666666666666667	0.3402293155103886	0.4642857142857144	0.7142857142857143	-0.3819818798296152	-0.28571428571428575	0.5714285714285714	0.0		0.4166666666666667	0.003204050523979071	0.4316129092006914	rwr_signed_graph	p100_delta_00061	61	Imatinib	ABL1;KIT;PDGFRB	38		
31	0.967741935483871	1.0	1.0	-0.21292506992455257	-0.20443548387096774	0.43333333333333335	-0.6128379327147266	-0.6785714285714287	0.2857142857142857	-0.28943483356318883	-0.1785714285714286	0.2857142857142857	0.14285714285714285	0.0	0.5238095238095238	0.07053393520688969	0.4316129092006914	ridge_signed_target	p100_delta_00061	61	Imatinib	ABL1;KIT;PDGFRB	38		
31	0.7419354838709677	0.8571428571428571	1.0	-0.03707659598292494	-0.24584060393488316	0.34782608695652173	-0.05216839565102363	-0.39285714285714296	0.3333333333333333	0.1236776807050044	0.03571428571428572	0.42857142857142855	0.2857142857142857	0.5	0.6339285714285714	0.09888478933322814	0.4316129092006914	retrieval_target	p100_delta_00061	61	Imatinib	ABL1;KIT;PDGFRB	38	decryptm_delta_00020	
31	0.8387096774193549	1.0	1.0	0.003518651130677718	-0.13737401770055685	0.34615384615384615	0.010782218163432309	0.0	0.42857142857142855	0.11666949848842229	-0.14285714285714288	0.2857142857142857	0.0		0.5059523809523809	0.10996694904902289	0.4316129092006914	retrieval_target_baseline	p100_delta_00061	61	Imatinib	ABL1;KIT;PDGFRB	38		decryptm_delta_00030
31	1.0	1.0	1.0	0.6182415087462401	0.6004032258064517	0.7419354838709677	0.7455501289675072	0.6071428571428572	0.8571428571428571	0.7419585106679525	0.8928571428571429	0.7142857142857143	0.2857142857142857	1.0	0.75	0.03762904481376491	0.4592615206755938	ppko_v10b	p100_delta_00062	62	Bosutinib	ABL1;SRC;LYN;HCK	38		
31	0.0	0.0	0.0										0.2857142857142857		0.5	0.0	0.4592615206755938	zero_vector	p100_delta_00062	62	Bosutinib	ABL1;SRC;LYN;HCK	38		
31	0.06451612903225806	0.0	0.2857142857142857	0.1465453345868105	0.22020758231801382	1.0				0.30329700522445335	-0.15811388300841894	1.0	0.2857142857142857		0.4583333333333333	0.004316101631810588	0.4592615206755938	direct_kinase_substrate	p100_delta_00062	62	Bosutinib	ABL1;SRC;LYN;HCK	38		
31	1.0	1.0	1.0	-0.3149215362164234	0.2745967741935484	0.5161290322580645	-0.4030762425019802	0.21428571428571433	0.2857142857142857	-0.6794356729649517	-0.42857142857142866	0.8571428571428571	0.2857142857142857	0.5	0.5535714285714286	0.010932346352999256	0.4592615206755938	graph_heat_diffusion	p100_delta_00062	62	Bosutinib	ABL1;SRC;LYN;HCK	38		
31	0.967741935483871	1.0	1.0	-0.32350512267274556	0.024596774193548387	0.5	-0.41209516631676985	-0.03571428571428572	0.42857142857142855	-0.8157993799113837	0.14285714285714288	0.7142857142857143	0.14285714285714285	0.0	0.40476190476190477	0.015423756304112284	0.4592615206755938	rwr_signed_graph	p100_delta_00062	62	Bosutinib	ABL1;SRC;LYN;HCK	38		
31	0.967741935483871	1.0	1.0	-0.31559965288744996	-0.3290322580645162	0.3	-0.7712117651858961	-0.8214285714285715	0.14285714285714285	-0.3258079330616371	-0.3214285714285715	0.2857142857142857	0.2857142857142857	0.0	0.48214285714285715	0.07053393520688969	0.4592615206755938	ridge_signed_target	p100_delta_00062	62	Bosutinib	ABL1;SRC;LYN;HCK	38		
31	0.7419354838709677	1.0	1.0	-0.23253558593152737	-0.1728407885398269	0.43478260869565216	-0.5297837174303928	-0.8214285714285715	0.2857142857142857	-0.5082749015696799	-0.5	0.2857142857142857	0.14285714285714285	0.0	0.5892857142857143	0.09888478933322814	0.4592615206755938	retrieval_target	p100_delta_00062	62	Bosutinib	ABL1;SRC;LYN;HCK	38	decryptm_delta_00020	
31	0.8387096774193549	0.8571428571428571	1.0	0.12123494895956859	-0.08121228693474095	0.3076923076923077	0.23150664595129605	0.39285714285714296	0.3333333333333333	0.47657495327597427	0.0	0.5714285714285714	0.0		0.4166666666666667	0.10996694904902289	0.4592615206755938	retrieval_target_baseline	p100_delta_00062	62	Bosutinib	ABL1;SRC;LYN;HCK	38		decryptm_delta_00030
31	1.0	1.0	1.0	0.6367566256325191	0.6899193548387097	0.8387096774193549	0.9078520620409843	0.8928571428571429	1.0	0.7008547278535744	0.8571428571428573	1.0	0.42857142857142855	1.0	0.7678571428571429	0.0695339519635684	0.4467222028441967	ppko_v10b	p100_delta_00063	63	Lapatinib	EGFR;ERBB2	38		
31	0.0	0.0	0.0										0.42857142857142855		0.5	0.0	0.4467222028441967	zero_vector	p100_delta_00063	63	Lapatinib	EGFR;ERBB2	38		
31	0.03225806451612903	0.14285714285714285	0.14285714285714285	-0.22348338067668533	-0.265361388801511	0.0	-0.2507549379777501	-0.20412414523193148	0.0	-0.33397604217494714	-0.40824829046386296	0.0	0.5714285714285714	0.0	0.5714285714285714	0.01274755500978039	0.4467222028441967	direct_kinase_substrate	p100_delta_00063	63	Lapatinib	EGFR;ERBB2	38		
31	0.967741935483871	1.0	1.0	-0.20544369529019124	0.10766129032258066	0.4666666666666667	-0.2469993270406735	-0.14285714285714288	0.42857142857142855	-0.5882954555168215	-0.10714285714285716	0.8571428571428571	0.2857142857142857	0.5	0.5	0.006131411178675109	0.4467222028441967	graph_heat_diffusion	p100_delta_00063	63	Lapatinib	EGFR;ERBB2	38		
31	0.967741935483871	1.0	1.0	-0.20622391256408423	-0.04717741935483871	0.43333333333333335	-0.2512753268017741	-0.5714285714285715	0.2857142857142857	-0.6655885811942669	-0.10714285714285716	0.7142857142857143	0.14285714285714285	0.0	0.4166666666666667	0.005824501710211764	0.4467222028441967	rwr_signed_graph	p100_delta_00063	63	Lapatinib	EGFR;ERBB2	38		
31	0.967741935483871	1.0	1.0	-0.01454342166201771	0.08588709677419355	0.5	0.2697922040424724	0.25	0.5714285714285714	-0.1486510937281598	0.03571428571428572	0.42857142857142855	0.14285714285714285	1.0	0.5238095238095238	0.08624958858690074	0.4467222028441967	ridge_signed_target	p100_delta_00063	63	Lapatinib	EGFR;ERBB2	38		
31	0.6774193548387096	0.8571428571428571	1.0	0.07681326682898587	0.13164364056490033	0.5714285714285714	0.1451126620817672	0.10714285714285716	0.6666666666666666	-0.11736244895803016	0.28571428571428575	0.2857142857142857	0.42857142857142855	0.3333333333333333	0.7053571428571429	0.07328870452399697	0.4467222028441967	retrieval_target	p100_delta_00063	63	Lapatinib	EGFR;ERBB2	38	decryptm_delta_00010	
31	0.6774193548387096	0.8571428571428571	1.0	0.07681326682898587	0.13164364056490033	0.5714285714285714	0.1451126620817672	0.10714285714285716	0.6666666666666666	-0.11736244895803016	0.28571428571428575	0.2857142857142857	0.42857142857142855	0.3333333333333333	0.7053571428571429	0.07328870452399697	0.4467222028441967	retrieval_target_baseline	p100_delta_00063	63	Lapatinib	EGFR;ERBB2	38		decryptm_delta_00010
31	1.0	1.0	1.0	0.5573737464906029	0.7500000000000001	0.7419354838709677	0.5575125939779977	0.7500000000000002	0.8571428571428571	0.6900262232757187	0.8928571428571429	0.8571428571428571	0.7142857142857143	1.0	0.7678571428571429	0.042930936285565914	0.4796983985410583	ppko_v10b	p100_delta_00064	64	Trametinib	MAP2K1;MAP2K2	38		
31	0.0	0.0	0.0										0.2857142857142857		0.5	0.0	0.4796983985410583	zero_vector	p100_delta_00064	64	Trametinib	MAP2K1;MAP2K2	38		
31	0.3548387096774194	0.42857142857142855	1.0	0.08176665718345805	0.17421327390588592	0.5454545454545454	0.06634468824125908	-0.15936381457791915	0.6666666666666666	0.12598166571625427	-0.07715167498104596	0.7142857142857143	0.2857142857142857	0.5	0.5773809523809523	0.15272052562044514	0.4796983985410583	direct_kinase_substrate	p100_delta_00064	64	Trametinib	MAP2K1;MAP2K2	38		
31	1.0	1.0	1.0	0.3459181490345932	0.36612903225806454	0.3870967741935484	0.3759761877613304	0.6785714285714287	0.5714285714285714	0.4066929941495434	0.6071428571428572	0.7142857142857143	0.5714285714285714	0.75	0.7440476190476191	0.030047415865723334	0.4796983985410583	graph_heat_diffusion	p100_delta_00064	64	Trametinib	MAP2K1;MAP2K2	38		
31	0.967741935483871	1.0	1.0	0.3331439108365596	0.2762096774193548	0.43333333333333335	0.36303010830328236	0.14285714285714288	0.7142857142857143	0.4679886400855727	0.28571428571428575	0.7142857142857143	0.5714285714285714	0.75	0.6845238095238095	0.037237417224435285	0.4796983985410583	rwr_signed_graph	p100_delta_00064	64	Trametinib	MAP2K1;MAP2K2	38		
31	0.967741935483871	1.0	1.0	-0.16120340412826306	-0.1774193548387097	0.36666666666666664	-0.3573321444006626	-0.5357142857142858	0.2857142857142857	-0.7027077330128579	-0.21428571428571433	0.0	0.0		0.44047619047619047	0.060824856222156554	0.4796983985410583	ridge_signed_target	p100_delta_00064	64	Trametinib	MAP2K1;MAP2K2	38		
31	0.7419354838709677	0.8571428571428571	1.0	-0.045455502313996546	-0.09435073633232903	0.34782608695652173	-0.0730888257191357	-0.3571428571428572	0.3333333333333333	-0.08985417128430663	0.28571428571428575	0.42857142857142855	0.2857142857142857	0.5	0.6160714285714286	0.09888478933322814	0.4796983985410583	retrieval_target	p100_delta_00064	64	Trametinib	MAP2K1;MAP2K2	38	decryptm_delta_00020	
31	0.8387096774193549	1.0	1.0	0.08612308783261395	0.004444453513841544	0.38461538461538464	0.2724484255015118	0.10714285714285716	0.5714285714285714	0.329133071978803	-0.1785714285714286	0.42857142857142855	0.14285714285714285	1.0	0.5	0.10996694904902289	0.4796983985410583	retrieval_target_baseline	p100_delta_00064	64	Trametinib	MAP2K1;MAP2K2	38		decryptm_delta_00030
31	1.0	1.0	1.0	0.014269706306643825	0.1931451612903226	0.5483870967741935	0.2417218673450942	0.5357142857142858	0.5714285714285714	-0.07828220602947804	-0.07142857142857144	0.42857142857142855	0.0		0.19047619047619047	9.91520467015371e-06	0.7867500563302348	ppko_v10b	p100_delta_00065	65	Carfilzomib	PSMB5	38		
31	0.0	0.0	0.0										0.2857142857142857		0.5	0.0	0.7867500563302348	zero_vector	p100_delta_00065	65	Carfilzomib	PSMB5	38		
31	0.0	0.0	0.0										0.2857142857142857		0.5	0.0	0.7867500563302348	direct_kinase_substrate	p100_delta_00065	65	Carfilzomib	PSMB5	38		
31	0.0	0.0	0.0										0.2857142857142857		0.5	0.0	0.7867500563302348	graph_heat_diffusion	p100_delta_00065	65	Carfilzomib	PSMB5	38		
31	0.0	0.0	0.0										0.2857142857142857		0.5	0.0	0.7867500563302348	rwr_signed_graph	p100_delta_00065	65	Carfilzomib	PSMB5	38		
31	0.967741935483871	1.0	1.0	-0.1824704899433021	-0.2750000000000001	0.4	-0.4762813571670908	-0.42857142857142866	0.42857142857142855	-0.2331950130012848	0.3214285714285715	0.2857142857142857	0.0		0.36904761904761907	0.060824856222156554	0.7867500563302348	ridge_signed_target	p100_delta_00065	65	Carfilzomib	PSMB5	38		
31	0.7096774193548387	0.8571428571428571	1.0	-0.0176450674688763	0.17715613881731887	0.5454545454545454	0.7549838841938243	0.9642857142857145	0.8333333333333334	-0.31821832325282157	-0.03571428571428572	0.42857142857142855	0.0		0.47619047619047616	0.11086199485186127	0.7867500563302348	retrieval_target	p100_delta_00065	65	Carfilzomib	PSMB5	38	decryptm_delta_00000	
31	0.8387096774193549	1.0	1.0	-0.13680671504672118	-0.3078794161406597	0.2692307692307692	-0.07205455119944902	-0.21428571428571433	0.42857142857142855	-0.2340838044719504	-0.4642857142857144	0.2857142857142857	0.0		0.5892857142857143	0.10996694904902289	0.7867500563302348	retrieval_target_baseline	p100_delta_00065	65	Carfilzomib	PSMB5	38		decryptm_delta_00030
31	1.0	1.0	1.0	0.6437832048666245	0.6858870967741936	0.7741935483870968	0.8625200802946021	0.9642857142857145	0.7142857142857143	0.7472192875464816	0.9642857142857145	0.8571428571428571	0.2857142857142857	1.0	0.6071428571428571	0.04539101880284086	0.5009749558183455	ppko_v10b	p100_delta_00066	66	Erlotinib	EGFR	38		
31	0.0	0.0	0.0										0.14285714285714285		0.5	0.0	0.5009749558183455	zero_vector	p100_delta_00066	66	Erlotinib	EGFR	38		
31	0.0	0.0	0.0										0.14285714285714285		0.5	0.0	0.5009749558183455	direct_kinase_substrate	p100_delta_00066	66	Erlotinib	EGFR	38		
31	0.967741935483871	1.0	1.0	-0.45120441200281275	0.15887096774193551	0.43333333333333335	-0.5264559507597655	-0.21428571428571433	0.42857142857142855	-0.7815068059875017	-0.28571428571428575	0.5714285714285714	0.2857142857142857	0.5	0.6309523809523809	0.008838195497153192	0.5009749558183455	graph_heat_diffusion	p100_delta_00066	66	Erlotinib	EGFR	38		
31	0.967741935483871	1.0	1.0	-0.4389995088144437	0.21129032258064515	0.5	-0.5109577187092259	-0.1785714285714286	0.42857142857142855	-0.7621419193536435	-0.3214285714285715	0.5714285714285714	0.2857142857142857	0.5	0.5773809523809523	0.008991794064410984	0.5009749558183455	rwr_signed_graph	p100_delta_00066	66	Erlotinib	EGFR	38		
31	0.967741935483871	0.8571428571428571	1.0	0.3755565486115564	0.3491935483870968	0.6	0.7224142049260502	0.5	0.5	0.4801409834612343	0.3571428571428572	0.7142857142857143	0.14285714285714285	1.0	0.4226190476190476	0.09964372519959486	0.5009749558183455	ridge_signed_target	p100_delta_00066	66	Erlotinib	EGFR	38		
31	0.7096774193548387	0.5714285714285714	1.0	0.49174453103511884	0.2032805463848498	0.5909090909090909	0.6440279534945264	0.8153742483272114	0.75	0.6857852811914614	0.3214285714285715	0.5714285714285714	0.2857142857142857	1.0	0.4642857142857143	0.11086199485186127	0.5009749558183455	retrieval_target	p100_delta_00066	66	Erlotinib	EGFR	38	decryptm_delta_00000	
31	0.7096774193548387	0.5714285714285714	1.0	0.49174453103511884	0.2032805463848498	0.5909090909090909	0.6440279534945264	0.8153742483272114	0.75	0.6857852811914614	0.3214285714285715	0.5714285714285714	0.2857142857142857	1.0	0.4642857142857143	0.11086199485186127	0.5009749558183455	retrieval_target_baseline	p100_delta_00066	66	Erlotinib	EGFR	38		decryptm_delta_00000
31	1.0	1.0	1.0	0.4778412339651046	0.3935483870967742	0.6774193548387096	0.7581840762599338	0.7142857142857144	0.8571428571428571	0.6001585809144071	0.642857142857143	1.0	0.5714285714285714	1.0	0.7559523809523809	0.03713971574137348	0.4774957040264722	ppko_v10b	p100_delta_00067	67	Vorinostat	HDAC1;HDAC2;HDAC3;HDAC6	38		
31	0.0	0.0	0.0										0.2857142857142857		0.5	0.0	0.4774957040264722	zero_vector	p100_delta_00067	67	Vorinostat	HDAC1;HDAC2;HDAC3;HDAC6	38		
31	0.0	0.0	0.0										0.2857142857142857		0.5	0.0	0.4774957040264722	direct_kinase_substrate	p100_delta_00067	67	Vorinostat	HDAC1;HDAC2;HDAC3;HDAC6	38		
31	0.967741935483871	1.0	1.0	-0.26363244990452783	0.11169354838709677	0.5	-0.2844159650949087	-0.10714285714285716	0.5714285714285714	-0.8732893886591706	-0.14285714285714288	0.5714285714285714	0.14285714285714285	0.0	0.40476190476190477	0.005136951179985493	0.4774957040264722	graph_heat_diffusion	p100_delta_00067	67	Vorinostat	HDAC1;HDAC2;HDAC3;HDAC6	38		
31	0.967741935483871	1.0	1.0	-0.265708403430735	-0.21935483870967742	0.4	-0.28455346486682426	-0.3214285714285715	0.2857142857142857	-0.8378989687213974	-0.42857142857142866	0.42857142857142855	0.14285714285714285	0.0	0.48214285714285715	0.004417349729406382	0.4774957040264722	rwr_signed_graph	p100_delta_00067	67	Vorinostat	HDAC1;HDAC2;HDAC3;HDAC6	38		
31	0.967741935483871	1.0	1.0	-0.17282959711263932	-0.23790322580645165	0.5333333333333333	-0.22785978003463084	-0.4642857142857144	0.42857142857142855	-0.6452341138887212	-0.3214285714285715	0.2857142857142857	0.14285714285714285	0.0	0.4226190476190476	0.060824856222156554	0.4774957040264722	ridge_signed_target	p100_delta_00067	67	Vorinostat	HDAC1;HDAC2;HDAC3;HDAC6	38		
31	0.7419354838709677	0.8571428571428571	1.0	-0.17546753019388908	-0.35340857703790485	0.30434782608695654	-0.6074044819511386	-0.7857142857142859	0.16666666666666666	-0.5814595330031364	-0.4642857142857144	0.14285714285714285	0.0		0.4255952380952381	0.09888478933322814	0.4774957040264722	retrieval_target	p100_delta_00067	67	Vorinostat	HDAC1;HDAC2;HDAC3;HDAC6	38	decryptm_delta_00020	
31	0.8387096774193549	1.0	1.0	-0.015544291954575845	-0.21212164497880098	0.38461538461538464	0.16409245105328613	0.1785714285714286	0.42857142857142855	-0.1130646602475883	-0.10714285714285716	0.5714285714285714	0.0		0.6130952380952381	0.10996694904902289	0.4774957040264722	retrieval_target_baseline	p100_delta_00067	67	Vorinostat	HDAC1;HDAC2;HDAC3;HDAC6	38		decryptm_delta_00030
31	1.0	1.0	1.0	0.352494344806524	0.4370967741935484	0.5161290322580645	0.5810242733690293	0.5357142857142858	0.7142857142857143	0.7198195125319566	0.5714285714285715	0.8571428571428571	0.14285714285714285	1.0	0.5773809523809523	9.91520467015371e-06	0.6882676501427928	ppko_v10b	p100_delta_00068	68	Bortezomib	PSMB5	38		
31	0.0	0.0	0.0										0.2857142857142857		0.5	0.0	0.6882676501427928	zero_vector	p100_delta_00068	68	Bortezomib	PSMB5	38		
31	0.0	0.0	0.0										0.2857142857142857		0.5	0.0	0.6882676501427928	direct_kinase_substrate	p100_delta_00068	68	Bortezomib	PSMB5	38		
31	0.0	0.0	0.0										0.2857142857142857		0.5	0.0	0.6882676501427928	graph_heat_diffusion	p100_delta_00068	68	Bortezomib	PSMB5	38		
31	0.0	0.0	0.0										0.2857142857142857		0.5	0.0	0.6882676501427928	rwr_signed_graph	p100_delta_00068	68	Bortezomib	PSMB5	38		
31	0.967741935483871	1.0	1.0	-0.0707450144761786	-0.0653225806451613	0.5333333333333333	0.12022197234240914	0.07142857142857144	0.5714285714285714	-0.2117396177773659	0.0	0.42857142857142855	0.0		0.38095238095238093	0.060824856222156554	0.6882676501427928	ridge_signed_target	p100_delta_00068	68	Bortezomib	PSMB5	38		
31	0.7096774193548387	0.7142857142857143	1.0	0.3414070441551352	0.3187994110975254	0.5909090909090909	0.4421560955251479	0.5765999761251578	0.8	0.7818590711182325	0.21428571428571433	0.42857142857142855	0.14285714285714285	1.0	0.5416666666666666	0.11086199485186127	0.6882676501427928	retrieval_target	p100_delta_00068	68	Bortezomib	PSMB5	38	decryptm_delta_00000	
31	0.8387096774193549	1.0	1.0	-0.00418151691196406	-0.049697071109319084	0.46153846153846156	-0.06880360878871537	0.07142857142857144	0.2857142857142857	0.07902160052188399	0.10714285714285716	0.5714285714285714	0.2857142857142857	0.5	0.7380952380952381	0.10996694904902289	0.6882676501427928	retrieval_target_baseline	p100_delta_00068	68	Bortezomib	PSMB5	38		decryptm_delta_00030
32	1.0	1.0	1.0	0.002287472313352175	-0.11143695014662756	0.46875	0.4069800528734519	0.25	0.5714285714285714	-0.3360553115527828	0.21428571428571433	0.42857142857142855	0.0		0.46285714285714286	0.058328547136625275	0.5193181969225407	ppko_v10b	p100_delta_00069	69	Ponatinib	ABL1;KIT	36		
32	0.0	0.0	0.0										0.14285714285714285		0.5	0.0	0.5193181969225407	zero_vector	p100_delta_00069	69	Ponatinib	ABL1;KIT	36		
32	0.0	0.0	0.0										0.14285714285714285		0.5	0.0	0.5193181969225407	direct_kinase_substrate	p100_delta_00069	69	Ponatinib	ABL1;KIT	36		
32	0.96875	1.0	1.0	0.18022206608987626	0.376466275659824	0.5806451612903226	0.24166493151067453	0.42857142857142866	0.7142857142857143	0.490555563226778	0.5714285714285715	0.7142857142857143	0.2857142857142857	0.5	0.6171428571428571	0.0048119063118292615	0.5193181969225407	graph_heat_diffusion	p100_delta_00069	69	Ponatinib	ABL1;KIT	36		
32	0.96875	1.0	1.0	0.18091615115083873	0.3962609970674486	0.5483870967741935	0.7730038226014234	0.7857142857142859	0.7142857142857143	0.28791407732548174	0.39285714285714296	1.0	0.2857142857142857	1.0	0.4742857142857143	0.002622584981622822	0.5193181969225407	rwr_signed_graph	p100_delta_00069	69	Ponatinib	ABL1;KIT	36		
32	0.96875	1.0	1.0	-0.04779962600196193	-0.09640762463343108	0.41935483870967744	0.09807736927591174	0.10714285714285716	0.7142857142857143	0.15033559090699866	0.1785714285714286	0.42857142857142855	0.14285714285714285	1.0	0.4228571428571429	0.06869570510843914	0.5193181969225407	ridge_signed_target	p100_delta_00069	69	Ponatinib	ABL1;KIT	36		
32	0.75	0.5714285714285714	1.0	0.08318794027417806	0.050980477540466564	0.4583333333333333	-0.09692687460215861	-0.37062465833055064	0.5	0.7054498610648241	0.7857142857142859	0.7142857142857143	0.14285714285714285	1.0	0.4657142857142857	0.09543536658748053	0.5193181969225407	retrieval_target	p100_delta_00069	69	Ponatinib	ABL1;KIT	36	decryptm_delta_00020	
32	0.8125	0.8571428571428571	1.0	-0.058273511223571293	-0.14544526893996343	0.5	0.18929474897260803	0.1785714285714286	0.6666666666666666	-0.03530908300290598	-0.28571428571428575	0.2857142857142857	0.2857142857142857	0.5	0.4714285714285714	0.13442132156342268	0.5193181969225407	retrieval_target_baseline	p100_delta_00069	69	Ponatinib	ABL1;KIT	36		decryptm_delta_00038
32	1.0	1.0	1.0	0.8611379941403554	0.8350439882697946	0.75	0.9002245689179431	0.642857142857143	0.8571428571428571	0.9853568412100607	0.9642857142857145	1.0	0.7142857142857143	1.0	0.88	0.05884710584359709	0.8528563203290105	ppko_v10b	p100_delta_00070	70	Dasatinib	ABL1;SRC;LYN;LCK;HCK;KIT;PDGFRB;YES1	36		
32	0.0	0.0	0.0										0.2857142857142857		0.5	0.0	0.8528563203290105	zero_vector	p100_delta_00070	70	Dasatinib	ABL1;SRC;LYN;LCK;HCK;KIT;PDGFRB;YES1	36		
32	0.0625	0.2857142857142857	0.2857142857142857	0.11336346889483047	0.05592901519746228	0.5	0.13328475287585298	0.6324555320336758	0.5	0.22670483923641532	0.0	0.5	0.2857142857142857	0.5	0.6428571428571429	0.0017734314315021038	0.8528563203290105	direct_kinase_substrate	p100_delta_00070	70	Dasatinib	ABL1;SRC;LYN;LCK;HCK;KIT;PDGFRB;YES1	36		
32	1.0	1.0	1.0	0.0174890041287234	-0.07441348973607037	0.4375	0.19726535349392002	0.28571428571428575	0.2857142857142857	0.03213382474066883	0.25	0.5714285714285714	0.42857142857142855	0.3333333333333333	0.6342857142857142	0.005902553758152851	0.8528563203290105	graph_heat_diffusion	p100_delta_00070	70	Dasatinib	ABL1;SRC;LYN;LCK;HCK;KIT;PDGFRB;YES1	36		
32	0.96875	1.0	1.0	0.020379516246570428	0.002932551319648094	0.4838709677419355	0.23132239499386395	0.5357142857142858	0.42857142857142855	0.03188430101737764	-0.10714285714285716	0.2857142857142857	0.5714285714285714	0.5	0.7142857142857143	0.007040534245504659	0.8528563203290105	rwr_signed_graph	p100_delta_00070	70	Dasatinib	ABL1;SRC;LYN;LCK;HCK;KIT;PDGFRB;YES1	36		
32	0.96875	0.8571428571428571	1.0	0.08412896910370905	0.02602639296187683	0.3548387096774194	0.1510229185882393	0.10714285714285716	0.6666666666666666	0.19728392076627177	0.25	0.42857142857142855	0.5714285714285714	0.5	0.6171428571428571	0.06869570510843914	0.8528563203290105	ridge_signed_target	p100_delta_00070	70	Dasatinib	ABL1;SRC;LYN;LCK;HCK;KIT;PDGFRB;YES1	36		
32	0.75	0.42857142857142855	1.0	-0.26404978124810413	0.22922743705695295	0.625	-0.4663926081671871	-0.21673036171575272	0.6666666666666666	-0.8020127607415373	-0.5357142857142858	0.2857142857142857	0.14285714285714285	0.0	0.2914285714285714	0.09543536658748053	0.8528563203290105	retrieval_target	p100_delta_00070	70	Dasatinib	ABL1;SRC;LYN;LCK;HCK;KIT;PDGFRB;YES1	36	decryptm_delta_00020	
32	0.8125	0.7142857142857143	1.0	0.07888345862582054	0.03309753275498536	0.5384615384615384	0.23854912222096586	0.054056247761733546	0.4	0.32133970714940946	0.25	0.5714285714285714	0.42857142857142855	0.6666666666666666	0.5885714285714285	0.13442132156342268	0.8528563203290105	retrieval_target_baseline	p100_delta_00070	70	Dasatinib	ABL1;SRC;LYN;LCK;HCK;KIT;PDGFRB;YES1	36		decryptm_delta_00038
32	1.0	1.0	1.0	0.7550578736118246	0.7283724340175952	0.6875	0.8376736561007051	0.8571428571428573	0.8571428571428571	0.970637993161583	0.9642857142857145	1.0	0.5714285714285714	1.0	0.8742857142857143	0.06574906344394549	0.8608270856784657	ppko_v10b	p100_delta_00071	71	Gefitinib	EGFR	36		
32	0.0	0.0	0.0										0.2857142857142857		0.5	0.0	0.8608270856784657	zero_vector	p100_delta_00071	71	Gefitinib	EGFR	36		
32	0.0	0.0	0.0										0.2857142857142857		0.5	0.0	0.8608270856784657	direct_kinase_substrate	p100_delta_00071	71	Gefitinib	EGFR	36		
32	0.96875	1.0	1.0	-0.01591468065435617	-0.03079178885630498	0.5161290322580645	0.3477518367534415	0.25	0.42857142857142855	-0.030744551630403846	0.5357142857142858	0.42857142857142855	0.2857142857142857	1.0	0.6971428571428572	0.0078103972443841485	0.8608270856784657	graph_heat_diffusion	p100_delta_00071	71	Gefitinib	EGFR	36		
32	0.96875	1.0	1.0	-0.017389845035570638	-0.0689149560117302	0.45161290322580644	0.367782485459112	0.5357142857142858	0.42857142857142855	-0.030004424522922332	0.07142857142857144	0.2857142857142857	0.42857142857142855	0.6666666666666666	0.6571428571428571	0.007712150700399434	0.8608270856784657	rwr_signed_graph	p100_delta_00071	71	Gefitinib	EGFR	36		
32	0.96875	0.8571428571428571	1.0	0.14870503088186396	0.04838709677419354	0.41935483870967744	0.2671832401749244	0.21428571428571433	0.6666666666666666	0.6632887807902668	0.7857142857142859	0.8571428571428571	0.14285714285714285	1.0	0.2914285714285714	0.10622717472324439	0.8608270856784657	ridge_signed_target	p100_delta_00071	71	Gefitinib	EGFR	36		
32	0.71875	0.42857142857142855	1.0	0.04690239123650087	0.07709891020804834	0.4782608695652174	0.5415899837741291	0.29554140233966275	0.6666666666666666	0.11772917378158253	-0.07142857142857144	0.5714285714285714	0.0		0.21142857142857144	0.12376089798635803	0.8608270856784657	retrieval_target	p100_delta_00071	71	Gefitinib	EGFR	36	decryptm_delta_00000	
32	0.71875	0.42857142857142855	1.0	0.04690239123650087	0.07709891020804834	0.4782608695652174	0.5415899837741291	0.29554140233966275	0.6666666666666666	0.11772917378158253	-0.07142857142857144	0.5714285714285714	0.0		0.21142857142857144	0.12376089798635803	0.8608270856784657	retrieval_target_baseline	p100_delta_00071	71	Gefitinib	EGFR	36		decryptm_delta_00000
32	1.0	1.0	1.0	0.8301595972412623	0.7716275659824047	0.78125	0.9470322782097131	0.6785714285714287	1.0	0.9608228796019498	0.8928571428571429	1.0	0.8571428571428571	1.0	0.9885714285714285	0.057023589230084326	0.8140220176428556	ppko_v10b	p100_delta_00072	72	Imatinib	ABL1;KIT;PDGFRB	36		
32	0.0	0.0	0.0										0.2857142857142857		0.5	0.0	0.8140220176428556	zero_vector	p100_delta_00072	72	Imatinib	ABL1;KIT;PDGFRB	36		
32	0.0	0.0	0.0										0.2857142857142857		0.5	0.0	0.8140220176428556	direct_kinase_substrate	p100_delta_00072	72	Imatinib	ABL1;KIT;PDGFRB	36		
32	0.96875	1.0	1.0	-0.049300560847369675	0.05718475073313783	0.5161290322580645	-0.1626511455933555	-0.07142857142857144	0.42857142857142855	-0.08524585672686373	0.1785714285714286	0.2857142857142857	0.42857142857142855	0.3333333333333333	0.7085714285714285	0.003970197599073799	0.8140220176428556	graph_heat_diffusion	p100_delta_00072	72	Imatinib	ABL1;KIT;PDGFRB	36		
32	0.96875	1.0	1.0	-0.0349657899747328	-0.056818181818181816	0.4838709677419355	0.06503156400351515	0.1785714285714286	0.42857142857142855	-0.05834470028352805	-0.10714285714285716	0.14285714285714285	0.42857142857142855	0.3333333333333333	0.6114285714285714	0.002851432736804327	0.8140220176428556	rwr_signed_graph	p100_delta_00072	72	Imatinib	ABL1;KIT;PDGFRB	36		
32	0.96875	0.8571428571428571	1.0	-0.010077750766137367	-0.06158357771260996	0.4838709677419355	0.22171150026716102	0.21428571428571433	0.6666666666666666	0.05211328528562881	0.21428571428571433	0.2857142857142857	0.42857142857142855	0.6666666666666666	0.4514285714285714	0.06869570510843914	0.8140220176428556	ridge_signed_target	p100_delta_00072	72	Imatinib	ABL1;KIT;PDGFRB	36		
32	0.75	0.5714285714285714	1.0	-0.33571231389952455	-0.0035095256277857425	0.5416666666666666	-0.535489908457396	0.11118739749916519	0.5	-0.7252081831560674	-0.39285714285714296	0.2857142857142857	0.2857142857142857	0.0	0.42	0.09543536658748053	0.8140220176428556	retrieval_target	p100_delta_00072	72	Imatinib	ABL1;KIT;PDGFRB	36	decryptm_delta_00020	
32	0.8125	0.7142857142857143	1.0	0.06053484727299653	-0.03861378821414958	0.4230769230769231	0.5242800320646944	0.198206241793023	0.8	0.35464657754221224	0.28571428571428575	0.42857142857142855	0.2857142857142857	1.0	0.4514285714285714	0.13442132156342268	0.8140220176428556	retrieval_target_baseline	p100_delta_00072	72	Imatinib	ABL1;KIT;PDGFRB	36		decryptm_delta_00038
32	1.0	1.0	1.0	0.8816258570262254	0.8588709677419353	0.78125	0.9522592416888569	0.8214285714285715	1.0	0.9509316505496352	0.8928571428571429	1.0	0.8571428571428571	1.0	0.9828571428571429	0.06183194139157422	1.0352614363655448	ppko_v10b	p100_delta_00073	73	Bosutinib	ABL1;SRC;LYN;HCK	36		
32	0.0	0.0	0.0										0.2857142857142857		0.5	0.0	1.0352614363655448	zero_vector	p100_delta_00073	73	Bosutinib	ABL1;SRC;LYN;HCK	36		
32	0.0625	0.14285714285714285	0.2857142857142857	0.17750875975771452	0.11185803039492456	0.5	0.4253307067250271	0.6123724356957946	1.0	0.3310634974637045	0.15811388300841894	0.5	0.2857142857142857	1.0	0.5514285714285714	0.004181223455816507	1.0352614363655448	direct_kinase_substrate	p100_delta_00073	73	Bosutinib	ABL1;SRC;LYN;HCK	36		
32	1.0	1.0	1.0	-0.001871813328753792	0.05461876832844574	0.5625	0.3493271925095363	0.5	0.5714285714285714	-0.0013889718010012986	0.14285714285714288	0.5714285714285714	0.5714285714285714	0.75	0.7428571428571429	0.010270947289936716	1.0352614363655448	graph_heat_diffusion	p100_delta_00073	73	Bosutinib	ABL1;SRC;LYN;HCK	36		
32	0.96875	1.0	1.0	-0.007250606379851424	-0.23240469208211137	0.4838709677419355	0.29344080904792036	0.28571428571428575	0.42857142857142855	-0.011324576666883194	-0.03571428571428572	0.2857142857142857	0.2857142857142857	0.5	0.6514285714285715	0.014405426584971792	1.0352614363655448	rwr_signed_graph	p100_delta_00073	73	Bosutinib	ABL1;SRC;LYN;HCK	36		
32	0.96875	0.8571428571428571	1.0	0.16484795621963258	0.1220674486803519	0.5161290322580645	0.21087753430325867	0.1785714285714286	0.5	0.3450500581310825	0.42857142857142866	0.5714285714285714	0.42857142857142855	0.6666666666666666	0.5428571428571428	0.06869570510843914	1.0352614363655448	ridge_signed_target	p100_delta_00073	73	Bosutinib	ABL1;SRC;LYN;HCK	36		
32	0.75	0.5714285714285714	1.0	-0.24876212670205564	-0.010343865008210608	0.6666666666666666	-0.2964403154713767	0.2594372608313854	0.5	-0.8055271565685703	-0.6071428571428572	0.2857142857142857	0.14285714285714285	0.0	0.38	0.09543536658748053	1.0352614363655448	retrieval_target	p100_delta_00073	73	Bosutinib	ABL1;SRC;LYN;HCK	36	decryptm_delta_00020	
32	0.8125	0.7142857142857143	1.0	0.15810559222832735	0.056081930501502966	0.5	0.487957640500153	0.3243374865704013	0.8	0.4817376023275733	0.642857142857143	0.5714285714285714	0.2857142857142857	1.0	0.46285714285714286	0.13442132156342268	1.0352614363655448	retrieval_target_baseline	p100_delta_00073	73	Bosutinib	ABL1;SRC;LYN;HCK	36		decryptm_delta_00038
32	1.0	1.0	1.0	0.7963930834138547	0.8255131964809383	0.78125	0.847717520268543	0.9285714285714288	0.8571428571428571	0.9360088882250259	0.9285714285714288	1.0	0.42857142857142855	1.0	0.7428571428571429	0.10110109497327358	1.0484025236219168	ppko_v10b	p100_delta_00074	74	Lapatinib	EGFR;ERBB2	36		
32	0.0	0.0	0.0										0.2857142857142857		0.5	0.0	1.0484025236219168	zero_vector	p100_delta_00074	74	Lapatinib	EGFR;ERBB2	36		
32	0.03125	0.0	0.14285714285714285	0.021339539720604445	0.029178517217202927	1.0				0.05398655455605922	0.20412414523193148	1.0	0.14285714285714285		0.48	0.012349193915724754	1.0484025236219168	direct_kinase_substrate	p100_delta_00074	74	Lapatinib	EGFR;ERBB2	36		
32	0.96875	1.0	1.0	0.04373550302664126	0.009897360703812315	0.5483870967741935	0.24435077244259365	0.5	0.42857142857142855	0.08246029644409376	0.6785714285714287	0.7142857142857143	0.42857142857142855	0.3333333333333333	0.6	0.005614578737734632	1.0484025236219168	graph_heat_diffusion	p100_delta_00074	74	Lapatinib	EGFR;ERBB2	36		
32	0.96875	1.0	1.0	0.04656599789650794	-0.020161290322580645	0.45161290322580644	0.27974107590640407	0.7857142857142859	0.42857142857142855	0.0788375896874083	0.07142857142857144	0.7142857142857143	0.5714285714285714	0.5	0.7371428571428571	0.0051918502366987695	1.0484025236219168	rwr_signed_graph	p100_delta_00074	74	Lapatinib	EGFR;ERBB2	36		
32	0.96875	0.8571428571428571	1.0	0.009393329492771657	0.047841627916080806	0.5161290322580645	-0.3714390793481529	-0.25	0.5	0.05915773723225703	0.4642857142857144	0.42857142857142855	0.14285714285714285	0.0	0.32285714285714284	0.09836803755206347	1.0484025236219168	ridge_signed_target	p100_delta_00074	74	Lapatinib	EGFR;ERBB2	36		
32	0.6875	0.42857142857142855	1.0	-0.1435747742074233	-0.02587073328781178	0.5454545454545454	-0.4727841039190086	0.1182165609358651	0.3333333333333333	-0.5057128687607244	-0.25	0.2857142857142857	0.14285714285714285	0.0	0.34285714285714286	0.07873946508334484	1.0484025236219168	retrieval_target	p100_delta_00074	74	Lapatinib	EGFR;ERBB2	36	decryptm_delta_00010	
32	0.6875	0.42857142857142855	1.0	-0.1435747742074233	-0.02587073328781178	0.5454545454545454	-0.4727841039190086	0.1182165609358651	0.3333333333333333	-0.5057128687607244	-0.25	0.2857142857142857	0.14285714285714285	0.0	0.34285714285714286	0.07873946508334484	1.0484025236219168	retrieval_target_baseline	p100_delta_00074	74	Lapatinib	EGFR;ERBB2	36		decryptm_delta_00010
32	1.0	1.0	1.0	0.6126065549728795	0.7928885630498532	0.75	0.7847058264977091	0.642857142857143	1.0	0.7480525332542881	0.8571428571428573	1.0	0.7142857142857143	1.0	0.8628571428571429	0.06426897263736464	1.0948569697793573	ppko_v10b	p100_delta_00075	75	Trametinib	MAP2K1;MAP2K2	36		
32	0.0	0.0	0.0										0.2857142857142857		0.5	0.0	1.0948569697793573	zero_vector	p100_delta_00075	75	Trametinib	MAP2K1;MAP2K2	36		
32	0.28125	0.14285714285714285	1.0	0.09897040315171292	0.20186742864331325	0.6666666666666666	-0.3552111538442719	-0.20412414523193148	0.0	0.24755268586839732	0.5014858873767988	0.7142857142857143	0.14285714285714285	0.0	0.4114285714285714	0.12875324953347445	1.0948569697793573	direct_kinase_substrate	p100_delta_00075	75	Trametinib	MAP2K1;MAP2K2	36		
32	1.0	1.0	1.0	0.017525337063828812	0.07954545454545453	0.5625	-0.5077566730092671	-0.10714285714285716	0.14285714285714285	0.10372118004060969	0.07142857142857144	0.8571428571428571	0.0		0.4057142857142857	0.028759895967780835	1.0948569697793573	graph_heat_diffusion	p100_delta_00075	75	Trametinib	MAP2K1;MAP2K2	36		
32	0.96875	1.0	1.0	0.012849899478854912	0.059017595307917885	0.5483870967741935	-0.49998917129261117	0.03571428571428572	0.14285714285714285	0.08607037877158769	0.14285714285714288	0.7142857142857143	0.0		0.4685714285714286	0.03551288797702057	1.0948569697793573	rwr_signed_graph	p100_delta_00075	75	Trametinib	MAP2K1;MAP2K2	36		
32	0.96875	0.8571428571428571	1.0	0.10360535474899253	0.07807917888563048	0.5161290322580645	0.1302546857179469	0.03571428571428572	0.5	0.2242901428722402	0.5	0.7142857142857143	0.42857142857142855	0.6666666666666666	0.6685714285714286	0.05650720820995048	1.0948569697793573	ridge_signed_target	p100_delta_00075	75	Trametinib	MAP2K1;MAP2K2	36		
32	0.75	0.5714285714285714	1.0	-0.1054965792340583	0.35852574965958556	0.75	-0.2637342527887283	0.48181205582971587	0.75	-0.5356250564126803	-0.14285714285714288	0.5714285714285714	0.14285714285714285	0.0	0.38571428571428573	0.09543536658748053	1.0948569697793573	retrieval_target	p100_delta_00075	75	Trametinib	MAP2K1;MAP2K2	36	decryptm_delta_00020	
32	0.8125	0.7142857142857143	1.0	0.2959723941848614	0.19398831698060862	0.6538461538461539	0.5997161190408827	0.34235623582431246	0.6	0.608038580061727	0.42857142857142866	0.7142857142857143	0.42857142857142855	1.0	0.5828571428571429	0.13442132156342268	1.0948569697793573	retrieval_target_baseline	p100_delta_00075	75	Trametinib	MAP2K1;MAP2K2	36		decryptm_delta_00038
32	1.0	1.0	1.0	0.428634662116092	0.691715542521994	0.53125	0.49285326779810423	0.7500000000000002	1.0	0.6676824345586214	0.642857142857143	0.8571428571428571	0.5714285714285714	1.0	0.8285714285714286	7.189911970328922e-05	1.1389355293940753	ppko_v10b	p100_delta_00076	76	Carfilzomib	PSMB5	36		
32	0.0	0.0	0.0										0.2857142857142857		0.5	0.0	1.1389355293940753	zero_vector	p100_delta_00076	76	Carfilzomib	PSMB5	36		
32	0.0	0.0	0.0										0.2857142857142857		0.5	0.0	1.1389355293940753	direct_kinase_substrate	p100_delta_00076	76	Carfilzomib	PSMB5	36		
32	0.0	0.0	0.0										0.2857142857142857		0.5	0.0	1.1389355293940753	graph_heat_diffusion	p100_delta_00076	76	Carfilzomib	PSMB5	36		
32	0.0	0.0	0.0										0.2857142857142857		0.5	0.0	1.1389355293940753	rwr_signed_graph	p100_delta_00076	76	Carfilzomib	PSMB5	36		
32	0.96875	1.0	1.0	-0.06214397809135811	-0.022360703812316713	0.5806451612903226	-0.17113302618903242	-0.07142857142857144	0.5714285714285714	0.12528310752921354	0.7857142857142859	0.8571428571428571	0.2857142857142857	0.5	0.5085714285714286	0.05650720820995048	1.1389355293940753	ridge_signed_target	p100_delta_00076	76	Carfilzomib	PSMB5	36		
32	0.71875	0.5714285714285714	1.0	-0.03785932106690213	0.03410144105355984	0.5652173913043478	0.586337597985665	0.29649972666444047	0.75	-0.22957162737113496	0.03571428571428572	0.5714285714285714	0.0		0.3314285714285714	0.12376089798635803	1.1389355293940753	retrieval_target	p100_delta_00076	76	Carfilzomib	PSMB5	36	decryptm_delta_00000	
32	0.8125	0.8571428571428571	1.0	-0.0011048891441575459	-0.06159818596066719	0.5384615384615384	0.2639018139794693	0.10714285714285716	0.8333333333333334	0.4783928328656133	0.642857142857143	0.8571428571428571	0.14285714285714285	1.0	0.4085714285714286	0.13442132156342268	1.1389355293940753	retrieval_target_baseline	p100_delta_00076	76	Carfilzomib	PSMB5	36		decryptm_delta_00038
32	1.0	1.0	1.0	0.8093999120504174	0.81341642228739	0.8125	0.8700028962020443	0.7500000000000002	1.0	0.9263234781241713	0.7857142857142859	0.8571428571428571	0.42857142857142855	1.0	0.7085714285714285	0.06574906344394549	0.7976730305235833	ppko_v10b	p100_delta_00077	77	Erlotinib	EGFR	36		
32	0.0	0.0	0.0										0.42857142857142855		0.5	0.0	0.7976730305235833	zero_vector	p100_delta_00077	77	Erlotinib	EGFR	36		
32	0.0	0.0	0.0										0.42857142857142855		0.5	0.0	0.7976730305235833	direct_kinase_substrate	p100_delta_00077	77	Erlotinib	EGFR	36		
32	0.96875	1.0	1.0	-0.006106001293556592	0.11986803519061583	0.5161290322580645	0.40082097787962784	0.7857142857142859	0.5714285714285714	-0.01008349891046184	0.5	0.5714285714285714	0.2857142857142857	1.0	0.6857142857142857	0.0078103972443841485	0.7976730305235833	graph_heat_diffusion	p100_delta_00077	77	Erlotinib	EGFR	36		
32	0.96875	1.0	1.0	-0.005595823078764128	0.10557184750733135	0.45161290322580644	0.4428349573811491	0.7500000000000002	0.5714285714285714	-0.011099393295847313	0.03571428571428572	0.2857142857142857	0.2857142857142857	1.0	0.5257142857142857	0.007712150700399434	0.7976730305235833	rwr_signed_graph	p100_delta_00077	77	Erlotinib	EGFR	36		
32	0.96875	1.0	1.0	0.24137903536251376	0.008064516129032258	0.4838709677419355	0.44344445929095694	-0.07142857142857144	0.5714285714285714	0.6144789581497815	0.642857142857143	0.8571428571428571	0.14285714285714285	1.0	0.3485714285714286	0.10622717472324439	0.7976730305235833	ridge_signed_target	p100_delta_00077	77	Erlotinib	EGFR	36		
32	0.71875	0.5714285714285714	1.0	0.1103418381243266	0.17940323336872788	0.6521739130434783	0.4863272497329905	0.4076871241636057	0.75	0.3286016987751427	-0.10714285714285716	0.7142857142857143	0.0		0.3314285714285714	0.12376089798635803	0.7976730305235833	retrieval_target	p100_delta_00077	77	Erlotinib	EGFR	36	decryptm_delta_00000	
32	0.71875	0.5714285714285714	1.0	0.1103418381243266	0.17940323336872788	0.6521739130434783	0.4863272497329905	0.4076871241636057	0.75	0.3286016987751427	-0.10714285714285716	0.7142857142857143	0.0		0.3314285714285714	0.12376089798635803	0.7976730305235833	retrieval_target_baseline	p100_delta_00077	77	Erlotinib	EGFR	36		decryptm_delta_00000
32	1.0	1.0	1.0	0.7398021032326206	0.7346041055718474	0.75	0.8006782673099073	0.6785714285714287	0.8571428571428571	0.8759817457863435	0.6785714285714287	1.0	0.8571428571428571	1.0	0.9885714285714285	0.060729966611688724	0.6879451426211745	ppko_v10b	p100_delta_00078	78	Vorinostat	HDAC1;HDAC2;HDAC3;HDAC6	36		
32	0.0	0.0	0.0										0.2857142857142857		0.5	0.0	0.6879451426211745	zero_vector	p100_delta_00078	78	Vorinostat	HDAC1;HDAC2;HDAC3;HDAC6	36		
32	0.0	0.0	0.0										0.2857142857142857		0.5	0.0	0.6879451426211745	direct_kinase_substrate	p100_delta_00078	78	Vorinostat	HDAC1;HDAC2;HDAC3;HDAC6	36		
32	0.9375	1.0	1.0	-0.18873071189574617	-0.18145161290322578	0.4	-0.34733170691814397	0.28571428571428575	0.42857142857142855	-0.3587720500398676	-0.5	0.2857142857142857	0.2857142857142857	0.5	0.5371428571428571	0.0049748861606466604	0.6879451426211745	graph_heat_diffusion	p100_delta_00078	78	Vorinostat	HDAC1;HDAC2;HDAC3;HDAC6	36		
32	0.96875	1.0	1.0	-0.18556399790097056	0.03702346041055718	0.5483870967741935	-0.21704663596084514	-0.07142857142857144	0.5714285714285714	-0.31702584641531867	-0.3571428571428572	0.42857142857142855	0.42857142857142855	0.6666666666666666	0.6114285714285714	0.004270327871708446	0.6879451426211745	rwr_signed_graph	p100_delta_00078	78	Vorinostat	HDAC1;HDAC2;HDAC3;HDAC6	36		
32	0.96875	0.8571428571428571	1.0	0.004992197611754064	0.10117302052785922	0.5161290322580645	-0.070618817591434	-0.10714285714285716	0.6666666666666666	0.07556267624636236	0.6071428571428572	0.8571428571428571	0.42857142857142855	0.6666666666666666	0.5028571428571429	0.05650720820995048	0.6879451426211745	ridge_signed_target	p100_delta_00078	78	Vorinostat	HDAC1;HDAC2;HDAC3;HDAC6	36		
32	0.75	0.5714285714285714	1.0	-0.4608251510276229	-0.0995597007040271	0.5416666666666666	-0.6321130044805241	0.14824986333222023	0.5	-0.7962192559693156	-0.6785714285714287	0.2857142857142857	0.14285714285714285	0.0	0.34	0.09543536658748053	0.6879451426211745	retrieval_target	p100_delta_00078	78	Vorinostat	HDAC1;HDAC2;HDAC3;HDAC6	36	decryptm_delta_00020	
32	0.8125	0.7142857142857143	1.0	0.2868274518915047	0.3090941808951688	0.6923076923076923	0.4615275032481747	0.10811249552346709	0.8	0.5764844964965531	0.5714285714285715	0.8571428571428571	0.2857142857142857	1.0	0.5485714285714286	0.13442132156342268	0.6879451426211745	retrieval_target_baseline	p100_delta_00078	78	Vorinostat	HDAC1;HDAC2;HDAC3;HDAC6	36		decryptm_delta_00038
32	1.0	1.0	1.0	0.6334685179851361	0.8870967741935483	0.71875	0.7294642581385755	0.642857142857143	1.0	0.8238505450806413	0.8214285714285715	1.0	0.7142857142857143	1.0	0.9371428571428572	7.189911970328922e-05	1.041020339471288	ppko_v10b	p100_delta_00079	79	Bortezomib	PSMB5	36		
32	0.0	0.0	0.0										0.2857142857142857		0.5	0.0	1.041020339471288	zero_vector	p100_delta_00079	79	Bortezomib	PSMB5	36		
32	0.0	0.0	0.0										0.2857142857142857		0.5	0.0	1.041020339471288	direct_kinase_substrate	p100_delta_00079	79	Bortezomib	PSMB5	36		
32	0.0	0.0	0.0										0.2857142857142857		0.5	0.0	1.041020339471288	graph_heat_diffusion	p100_delta_00079	79	Bortezomib	PSMB5	36		
32	0.0	0.0	0.0										0.2857142857142857		0.5	0.0	1.041020339471288	rwr_signed_graph	p100_delta_00079	79	Bortezomib	PSMB5	36		
32	0.96875	0.8571428571428571	1.0	-0.022573025745179807	0.012096774193548385	0.4838709677419355	-0.005698913273837112	-0.03571428571428572	0.6666666666666666	0.10737267201549378	0.3571428571428572	0.7142857142857143	0.42857142857142855	0.6666666666666666	0.49714285714285716	0.05650720820995048	1.041020339471288	ridge_signed_target	p100_delta_00079	79	Bortezomib	PSMB5	36		
32	0.71875	0.42857142857142855	1.0	0.08546022673533091	0.08673627398405438	0.6086956521739131	0.5429032058387819	0.5122717640554155	0.6666666666666666	0.1614789702227167	0.25	0.5714285714285714	0.0		0.2571428571428571	0.12376089798635803	1.041020339471288	retrieval_target	p100_delta_00079	79	Bortezomib	PSMB5	36	decryptm_delta_00000	
32	0.8125	0.7142857142857143	1.0	0.16354216588691983	0.09745384644523468	0.5384615384615384	0.44886543413362606	0.12613124477737825	0.8	0.5312399861667273	0.4642857142857144	0.7142857142857143	0.2857142857142857	1.0	0.49142857142857144	0.13442132156342268	1.041020339471288	retrieval_target_baseline	p100_delta_00079	79	Bortezomib	PSMB5	36		decryptm_delta_00038
26	1.0	1.0	1.0	0.5976058897980385	0.6287179487179486	0.8461538461538461	0.9109373469317578	0.8857142857142858	1.0	0.7047083420149909	0.6	0.8333333333333334	0.3333333333333333	1.0	0.6833333333333333	0.060463580929745846	1.001452449709177	ppko_v10b	p100_delta_00080	80	Ponatinib	ABL1;KIT	30		
26	0.0	0.0	0.0										0.3333333333333333		0.5	0.0	1.001452449709177	zero_vector	p100_delta_00080	80	Ponatinib	ABL1;KIT	30		
26	0.0	0.0	0.0										0.3333333333333333		0.5	0.0	1.001452449709177	direct_kinase_substrate	p100_delta_00080	80	Ponatinib	ABL1;KIT	30		
26	0.9615384615384616	1.0	1.0	-0.07170620415085718	0.21367521367521364	0.4	0.5880387319732412	0.7142857142857143	0.5	-0.12470273139254232	0.028571428571428574	0.3333333333333333	0.3333333333333333	1.0	0.5583333333333333	0.00576406198020917	1.001452449709177	graph_heat_diffusion	p100_delta_00080	80	Ponatinib	ABL1;KIT	30		
26	0.9615384615384616	1.0	1.0	-0.1657558870652638	-0.0030769230769230765	0.48	0.03008090076959918	0.3714285714285715	0.6666666666666666	-0.45417040184371904	-0.6571428571428573	0.16666666666666666	0.16666666666666666	0.0	0.6166666666666667	0.0030546615164964283	1.001452449709177	rwr_signed_graph	p100_delta_00080	80	Ponatinib	ABL1;KIT	30		
26	0.9615384615384616	1.0	1.0	0.25506370472024303	0.2526495726495726	0.68	0.5373621968505549	0.6	0.8333333333333334	0.19465741721870683	0.48571428571428577	0.5	0.3333333333333333	0.5	0.525	0.06937450123950839	1.001452449709177	ridge_signed_target	p100_delta_00080	80	Ponatinib	ABL1;KIT	30		
26	0.8076923076923077	0.6666666666666666	1.0	0.15292685019768126	0.18010397573622935	0.47619047619047616	0.798411783293786	0.8406680016960504	1.0	0.21311488617075158	-0.4285714285714286	0.5	0.0		0.36666666666666664	0.10091260663018776	1.001452449709177	retrieval_target	p100_delta_00080	80	Ponatinib	ABL1;KIT	30	decryptm_delta_00020	
26	0.8076923076923077	1.0	1.0	0.2674352577805686	0.23773724797182272	0.6666666666666666	0.19287749083231046	0.48571428571428577	0.5	0.4599702343907828	0.6	0.8333333333333334	0.5	0.6666666666666666	0.7666666666666667	0.12632495981569475	1.001452449709177	retrieval_target_baseline	p100_delta_00080	80	Ponatinib	ABL1;KIT	30		decryptm_delta_00038
26	1.0	1.0	1.0	0.20311517375131008	0.2512820512820513	0.5384615384615384	0.6316208401928078	0.6571428571428573	0.6666666666666666	0.0796944379971547	-0.028571428571428574	0.3333333333333333	0.16666666666666666	1.0	0.4166666666666667	0.06123836870448521	1.4024156366403286	ppko_v10b	p100_delta_00081	81	Dasatinib	ABL1;SRC;LYN;LCK;HCK;KIT;PDGFRB;YES1	30		
26	0.0	0.0	0.0										0.16666666666666666		0.5	0.0	1.4024156366403286	zero_vector	p100_delta_00081	81	Dasatinib	ABL1;SRC;LYN;LCK;HCK;KIT;PDGFRB;YES1	30		
26	0.07692307692307693	0.0	0.3333333333333333	-0.23187443663387766	-0.2309401076758503	0.0				-0.540764124339159	0.0	0.0	0.16666666666666666		0.45	0.00218268483877182	1.4024156366403286	direct_kinase_substrate	p100_delta_00081	81	Dasatinib	ABL1;SRC;LYN;LCK;HCK;KIT;PDGFRB;YES1	30		
26	1.0	1.0	1.0	0.09396098656746868	0.17264957264957262	0.3076923076923077	0.22002845459368578	0.6571428571428573	0.3333333333333333	0.2264397283246965	-0.4285714285714286	0.6666666666666666	0.16666666666666666	1.0	0.4166666666666667	0.007209445219296084	1.4024156366403286	graph_heat_diffusion	p100_delta_00081	81	Dasatinib	ABL1;SRC;LYN;LCK;HCK;KIT;PDGFRB;YES1	30		
26	0.9615384615384616	1.0	1.0	0.08216714720903136	0.1275213675213675	0.4	0.14748007434607452	0.3714285714285715	0.5	0.24239061693802996	-0.4285714285714286	0.3333333333333333	0.0		0.3416666666666667	0.008569411446142813	1.4024156366403286	rwr_signed_graph	p100_delta_00081	81	Dasatinib	ABL1;SRC;LYN;LCK;HCK;KIT;PDGFRB;YES1	30		
26	0.9615384615384616	0.8333333333333334	1.0	0.046540064517653405	0.18905982905982904	0.52	0.43456682017029485	0.3142857142857143	0.8	-0.12551549392958425	-0.08571428571428573	0.5	0.16666666666666666	1.0	0.5166666666666667	0.06937450123950839	1.4024156366403286	ridge_signed_target	p100_delta_00081	81	Dasatinib	ABL1;SRC;LYN;LCK;HCK;KIT;PDGFRB;YES1	30		
26	0.8076923076923077	0.6666666666666666	1.0	-0.17665442063983453	0.030531912077189357	0.42857142857142855	-0.18946051691638782	0.02898855178262242	0.75	-0.6309418033932855	-0.7714285714285715	0.3333333333333333	0.16666666666666666	0.0	0.5083333333333333	0.10091260663018776	1.4024156366403286	retrieval_target	p100_delta_00081	81	Dasatinib	ABL1;SRC;LYN;LCK;HCK;KIT;PDGFRB;YES1	30	decryptm_delta_00020	
26	0.8076923076923077	0.8333333333333334	1.0	-0.042245208567527205	0.16775398882860218	0.5714285714285714	0.36411885509447034	0.3142857142857143	0.6	-0.5809725604144444	-0.8285714285714287	0.3333333333333333	0.0		0.35	0.12632495981569475	1.4024156366403286	retrieval_target_baseline	p100_delta_00081	81	Dasatinib	ABL1;SRC;LYN;LCK;HCK;KIT;PDGFRB;YES1	30		decryptm_delta_00038
26	1.0	1.0	1.0	0.6275594923779583	0.587008547008547	0.8076923076923077	0.7925820276884965	0.8857142857142858	1.0	0.7148584510456889	0.7714285714285715	0.8333333333333334	0.5	1.0	0.7083333333333334	0.04976912014759504	0.6281370729781114	ppko_v10b	p100_delta_00082	82	Gefitinib	EGFR	30		
26	0.0	0.0	0.0										0.3333333333333333		0.5	0.0	0.6281370729781114	zero_vector	p100_delta_00082	82	Gefitinib	EGFR	30		
26	0.0	0.0	0.0										0.3333333333333333		0.5	0.0	0.6281370729781114	direct_kinase_substrate	p100_delta_00082	82	Gefitinib	EGFR	30		
26	0.9615384615384616	1.0	1.0	0.19734203481360474	0.05709401709401708	0.48	-0.0034978632717149916	0.2571428571428572	0.5	0.4787245949347621	0.8857142857142858	0.5	0.16666666666666666	0.0	0.5416666666666666	0.009201779976417758	0.6281370729781114	graph_heat_diffusion	p100_delta_00082	82	Gefitinib	EGFR	30		
26	0.9615384615384616	1.0	1.0	0.19459399134657843	0.07282051282051281	0.4	-0.08849492538321327	0.6	0.5	0.5947734853963287	0.3714285714285715	0.5	0.16666666666666666	0.0	0.475	0.009012739408997451	0.6281370729781114	rwr_signed_graph	p100_delta_00082	82	Gefitinib	EGFR	30		
26	0.9615384615384616	0.8333333333333334	1.0	-0.0812274891535161	-0.019487179487179485	0.56	0.19667657974289113	0.7142857142857143	0.8	-0.34648723866949904	0.3714285714285715	0.3333333333333333	0.16666666666666666	1.0	0.26666666666666666	0.1150684875565975	0.6281370729781114	ridge_signed_target	p100_delta_00082	82	Gefitinib	EGFR	30		
26	0.7692307692307693	0.5	1.0	-0.13180217324194424	-0.11418951467056224	0.35	0.19971250465683604	-0.21251185925162072	0.6666666666666666	-0.32817019580384377	-0.48571428571428577	0.5	0.16666666666666666	1.0	0.32083333333333336	0.1409799297196934	0.6281370729781114	retrieval_target	p100_delta_00082	82	Gefitinib	EGFR	30	decryptm_delta_00000	
26	0.7692307692307693	0.5	1.0	-0.13180217324194424	-0.11418951467056224	0.35	0.19971250465683604	-0.21251185925162072	0.6666666666666666	-0.32817019580384377	-0.48571428571428577	0.5	0.16666666666666666	1.0	0.32083333333333336	0.1409799297196934	0.6281370729781114	retrieval_target_baseline	p100_delta_00082	82	Gefitinib	EGFR	30		decryptm_delta_00000
26	1.0	1.0	1.0	0.8291514707440907	0.827008547008547	0.8461538461538461	0.9358505879999808	0.7714285714285715	1.0	0.898572874639418	0.7714285714285715	1.0	0.5	1.0	0.8333333333333334	0.0587344378985178	0.646750565045155	ppko_v10b	p100_delta_00083	83	Imatinib	ABL1;KIT;PDGFRB	30		
26	0.0	0.0	0.0										0.16666666666666666		0.5	0.0	0.646750565045155	zero_vector	p100_delta_00083	83	Imatinib	ABL1;KIT;PDGFRB	30		
26	0.0	0.0	0.0										0.16666666666666666		0.5	0.0	0.646750565045155	direct_kinase_substrate	p100_delta_00083	83	Imatinib	ABL1;KIT;PDGFRB	30		
26	0.9615384615384616	1.0	1.0	0.0014599834588572141	-0.09606837606837607	0.4	-0.37103260678840455	0.08571428571428573	0.3333333333333333	0.007016030341011309	0.08571428571428573	0.5	0.16666666666666666	0.0	0.30833333333333335	0.004795197338143435	0.646750565045155	graph_heat_diffusion	p100_delta_00083	83	Imatinib	ABL1;KIT;PDGFRB	30		
26	0.9615384615384616	1.0	1.0	0.004479711900038608	-0.014017094017094016	0.48	-0.3410789123316866	0.2571428571428572	0.6666666666666666	0.012598367620942633	-0.14285714285714288	0.5	0.3333333333333333	0.5	0.4166666666666667	0.0034020928502426473	0.646750565045155	rwr_signed_graph	p100_delta_00083	83	Imatinib	ABL1;KIT;PDGFRB	30		
26	0.9615384615384616	0.8333333333333334	1.0	0.42468505482492597	0.41743589743589743	0.76	0.38991158506571183	0.2571428571428572	0.8	0.4300966435074859	0.5428571428571429	0.6666666666666666	0.5	0.6666666666666666	0.525	0.06937450123950839	0.646750565045155	ridge_signed_target	p100_delta_00083	83	Imatinib	ABL1;KIT;PDGFRB	30		
26	0.8076923076923077	0.5	1.0	0.22734261040984408	0.18765118995755706	0.5714285714285714	-0.10478822216940083	-0.15179418517972906	0.3333333333333333	0.4872133735214281	-0.08571428571428573	0.6666666666666666	0.16666666666666666	0.0	0.4	0.10091260663018776	0.646750565045155	retrieval_target	p100_delta_00083	83	Imatinib	ABL1;KIT;PDGFRB	30	decryptm_delta_00020	
26	0.8076923076923077	0.6666666666666666	1.0	0.17198745415727337	0.12864569695444952	0.47619047619047616	0.06092697236996378	-0.20291986247835694	0.25	0.39935583563260113	0.14285714285714288	0.6666666666666666	0.3333333333333333	0.5	0.425	0.12632495981569475	0.646750565045155	retrieval_target_baseline	p100_delta_00083	83	Imatinib	ABL1;KIT;PDGFRB	30		decryptm_delta_00038
26	1.0	1.0	1.0	0.7817710187891549	0.7408547008547008	0.7307692307692307	0.950552084702041	0.7714285714285715	1.0	0.9500891454931689	0.6	1.0	0.6666666666666666	1.0	0.8666666666666667	0.06427648201441535	0.698631228449253	ppko_v10b	p100_delta_00084	84	Bosutinib	ABL1;SRC;LYN;HCK	30		
26	0.0	0.0	0.0										0.16666666666666666		0.5	0.0	0.698631228449253	zero_vector	p100_delta_00084	84	Bosutinib	ABL1;SRC;LYN;HCK	30		
26	0.07692307692307693	0.16666666666666666	0.3333333333333333	0.1817643567607462	0.19245008972987523	0.5	0.34662538179033925	0.6546536707079772	1.0	0.2902997800473773	0.41403933560541256	0.5	0.3333333333333333	1.0	0.5583333333333333	0.005146121176389547	0.698631228449253	direct_kinase_substrate	p100_delta_00084	84	Bosutinib	ABL1;SRC;LYN;HCK	30		
26	1.0	1.0	1.0	0.4033963776378818	0.27384615384615385	0.4230769230769231	0.471863468775386	0.6	0.5	0.6566059963330949	0.8857142857142858	0.5	0.5	0.6666666666666666	0.6583333333333333	0.012550219863439174	0.698631228449253	graph_heat_diffusion	p100_delta_00084	84	Bosutinib	ABL1;SRC;LYN;HCK	30		
26	0.9615384615384616	1.0	1.0	0.4002446687405057	0.46119658119658113	0.44	0.4763968900318657	0.6	0.5	0.6583360258670404	0.5428571428571429	0.6666666666666666	0.5	0.6666666666666666	0.725	0.017550201263370233	0.698631228449253	rwr_signed_graph	p100_delta_00084	84	Bosutinib	ABL1;SRC;LYN;HCK	30		
26	0.9615384615384616	1.0	1.0	0.39798205994402486	0.2492307692307692	0.64	0.8063324099088486	0.7714285714285715	1.0	0.6242034004333793	0.6571428571428573	0.6666666666666666	0.5	1.0	0.5333333333333333	0.06937450123950839	0.698631228449253	ridge_signed_target	p100_delta_00084	84	Bosutinib	ABL1;SRC;LYN;HCK	30		
26	0.8076923076923077	0.6666666666666666	1.0	0.16721955524838	0.15883455383976036	0.5714285714285714	0.32954379740567413	0.4058397249567139	0.75	0.17707190830197028	-0.3714285714285715	0.3333333333333333	0.16666666666666666	0.0	0.4166666666666667	0.10091260663018776	0.698631228449253	retrieval_target	p100_delta_00084	84	Bosutinib	ABL1;SRC;LYN;HCK	30	decryptm_delta_00020	
26	0.8076923076923077	1.0	1.0	-0.1530572845663948	-0.22470115068043853	0.3333333333333333	-0.21934132834765924	-0.3142857142857143	0.16666666666666666	-0.03137954971388005	0.3142857142857143	0.5	0.3333333333333333	0.5	0.6833333333333333	0.12632495981569475	0.698631228449253	retrieval_target_baseline	p100_delta_00084	84	Bosutinib	ABL1;SRC;LYN;HCK	30		decryptm_delta_00038
26	1.0	1.0	1.0	0.6872499449647786	0.7408547008547008	0.8076923076923077	0.8151821917877328	0.7714285714285715	1.0	0.8145852736069537	0.7714285714285715	0.8333333333333334	0.3333333333333333	1.0	0.8416666666666667	0.07480818479178616	0.7745094419671938	ppko_v10b	p100_delta_00085	85	Lapatinib	EGFR;ERBB2	30		
26	0.0	0.0	0.0										0.3333333333333333		0.5	0.0	0.7745094419671938	zero_vector	p100_delta_00085	85	Lapatinib	EGFR;ERBB2	30		
26	0.038461538461538464	0.16666666666666666	0.16666666666666666	0.36848786903925607	0.3066666666666667	1.0	0.42685007262465713	0.39279220242478635	1.0	0.5516361612781576	0.39279220242478635	1.0	0.3333333333333333	1.0	0.5833333333333334	0.015199007896276621	0.7745094419671938	direct_kinase_substrate	p100_delta_00085	85	Lapatinib	EGFR;ERBB2	30		
26	0.9615384615384616	1.0	1.0	0.3819243295657665	0.17059829059829057	0.56	0.4258441538737377	0.14285714285714288	0.5	0.8294601743405651	0.8285714285714287	0.6666666666666666	0.16666666666666666	1.0	0.5	0.006799869058865555	0.7745094419671938	graph_heat_diffusion	p100_delta_00085	85	Lapatinib	EGFR;ERBB2	30		
26	0.9615384615384616	1.0	1.0	0.3824779673357905	0.20341880341880342	0.68	0.42648196246209974	0.14285714285714288	0.5	0.8270626452298661	0.6	0.8333333333333334	0.16666666666666666	1.0	0.48333333333333334	0.006252356023957453	0.7745094419671938	rwr_signed_graph	p100_delta_00085	85	Lapatinib	EGFR;ERBB2	30		
26	0.9615384615384616	0.8333333333333334	1.0	-0.16862591098745933	-0.2635897435897435	0.4	-0.5236526488804387	-0.3142857142857143	0.4	-0.23471723490103039	0.2571428571428572	0.16666666666666666	0.0		0.26666666666666666	0.11990781223553662	0.7745094419671938	ridge_signed_target	p100_delta_00085	85	Lapatinib	EGFR;ERBB2	30		
26	0.7692307692307693	0.5	1.0	-0.08209418644350766	-0.11625318059834347	0.45	-0.146315653015424	-0.27322953332351235	0.3333333333333333	-0.17066729593897398	-0.08571428571428573	0.5	0.3333333333333333	0.5	0.42083333333333334	0.10433257799237393	0.7745094419671938	retrieval_target	p100_delta_00085	85	Lapatinib	EGFR;ERBB2	30	decryptm_delta_00010	
26	0.7692307692307693	0.5	1.0	-0.08209418644350766	-0.11625318059834347	0.45	-0.146315653015424	-0.27322953332351235	0.3333333333333333	-0.17066729593897398	-0.08571428571428573	0.5	0.3333333333333333	0.5	0.42083333333333334	0.10433257799237393	0.7745094419671938	retrieval_target_baseline	p100_delta_00085	85	Lapatinib	EGFR;ERBB2	30		decryptm_delta_00010
26	1.0	1.0	1.0	0.12773006507526455	0.07282051282051281	0.46153846153846156	0.35974268862244485	0.3142857142857143	0.5	0.36961626885808835	0.2571428571428572	0.5	0.3333333333333333	1.0	0.7583333333333333	0.046875935119505115	0.958828411423243	ppko_v10b	p100_delta_00086	86	Trametinib	MAP2K1;MAP2K2	30		
26	0.0	0.0	0.0										0.5		0.5	0.0	0.958828411423243	zero_vector	p100_delta_00086	86	Trametinib	MAP2K1;MAP2K2	30		
26	0.2692307692307692	0.16666666666666666	1.0	0.01357238993002295	0.15211728501735494	0.5714285714285714	-0.41926965095451485	-0.39279220242478635	0.0	-0.054374445425853596	-0.6789347398332044	0.5	0.16666666666666666	0.0	0.45	0.1320546154792492	0.958828411423243	direct_kinase_substrate	p100_delta_00086	86	Trametinib	MAP2K1;MAP2K2	30		
26	1.0	1.0	1.0	-0.21296501359564357	-0.1158974358974359	0.38461538461538464	-0.4526801615684484	-0.3142857142857143	0.3333333333333333	-0.4703481397326517	-0.6571428571428573	0.16666666666666666	0.16666666666666666	0.0	0.5416666666666666	0.03438332908733453	0.958828411423243	graph_heat_diffusion	p100_delta_00086	86	Trametinib	MAP2K1;MAP2K2	30		
26	0.9615384615384616	1.0	1.0	-0.20525162867695934	0.005128205128205127	0.4	-0.4304949559526337	-0.028571428571428574	0.3333333333333333	-0.4179044411979821	-0.4285714285714286	0.3333333333333333	0.16666666666666666	0.0	0.475	0.04243808452579637	0.958828411423243	rwr_signed_graph	p100_delta_00086	86	Trametinib	MAP2K1;MAP2K2	30		
26	0.9615384615384616	1.0	1.0	-0.10660073983048912	-0.07487179487179485	0.48	-0.4492412984665185	-0.4285714285714286	0.3333333333333333	-0.10244471522199766	-0.028571428571428574	0.5	0.16666666666666666	0.0	0.5166666666666667	0.061348861728150114	0.958828411423243	ridge_signed_target	p100_delta_00086	86	Trametinib	MAP2K1;MAP2K2	30		
26	0.8076923076923077	0.8333333333333334	1.0	0.13531845038351598	0.2596927802520488	0.5714285714285714	0.37204817007126356	0.4285714285714286	0.8	0.3029268777371156	-0.028571428571428574	0.5	0.0		0.4083333333333333	0.10091260663018776	0.958828411423243	retrieval_target	p100_delta_00086	86	Trametinib	MAP2K1;MAP2K2	30	decryptm_delta_00020	
26	0.8076923076923077	1.0	1.0	-0.0015067806860273197	0.02435691862337578	0.5714285714285714	-0.21323739845986933	-0.028571428571428574	0.3333333333333333	0.28356438242295845	-0.028571428571428574	0.8333333333333334	0.3333333333333333	0.5	0.6833333333333333	0.12632495981569475	0.958828411423243	retrieval_target_baseline	p100_delta_00086	86	Trametinib	MAP2K1;MAP2K2	30		decryptm_delta_00038
26	1.0	1.0	1.0	0.39106594718658816	0.5548717948717948	0.5	0.4656441003554259	0.48571428571428577	1.0	0.47223942370436933	0.2571428571428572	0.8333333333333334	0.8333333333333334	1.0	0.875	4.6268044717233075e-05	0.8333735156517762	ppko_v10b	p100_delta_00087	87	Carfilzomib	PSMB5	30		
26	0.0	0.0	0.0										0.16666666666666666		0.5	0.0	0.8333735156517762	zero_vector	p100_delta_00087	87	Carfilzomib	PSMB5	30		
26	0.0	0.0	0.0										0.16666666666666666		0.5	0.0	0.8333735156517762	direct_kinase_substrate	p100_delta_00087	87	Carfilzomib	PSMB5	30		
26	0.0	0.0	0.0										0.16666666666666666		0.5	0.0	0.8333735156517762	graph_heat_diffusion	p100_delta_00087	87	Carfilzomib	PSMB5	30		
26	0.0	0.0	0.0										0.16666666666666666		0.5	0.0	0.8333735156517762	rwr_signed_graph	p100_delta_00087	87	Carfilzomib	PSMB5	30		
26	0.9615384615384616	1.0	1.0	0.05735909524308315	0.08170940170940172	0.6	-0.0570680533509314	-0.08571428571428573	0.5	0.0013833915675502163	-0.3142857142857143	0.8333333333333334	0.3333333333333333	0.5	0.5	0.061348861728150114	0.8333735156517762	ridge_signed_target	p100_delta_00087	87	Carfilzomib	PSMB5	30		
26	0.7692307692307693	0.5	1.0	-0.3970283551153514	-0.14720816951506216	0.4	-0.540249776876892	-0.6982532518267538	0.3333333333333333	-0.8182616660561517	0.08571428571428573	0.5	0.16666666666666666	0.0	0.4125	0.1409799297196934	0.8333735156517762	retrieval_target	p100_delta_00087	87	Carfilzomib	PSMB5	30	decryptm_delta_00000	
26	0.8076923076923077	0.8333333333333334	1.0	-0.21645745325622642	-0.33447881208156877	0.42857142857142855	-0.34936392712653763	-0.8857142857142858	0.2	-0.03555037684782416	0.3142857142857143	0.8333333333333334	0.3333333333333333	0.5	0.5583333333333333	0.12632495981569475	0.8333735156517762	retrieval_target_baseline	p100_delta_00087	87	Carfilzomib	PSMB5	30		decryptm_delta_00038
26	1.0	1.0	1.0	0.669641495326153	0.7347008547008547	0.7692307692307693	0.7935138322493379	0.2	1.0	0.8681810478250936	0.7714285714285715	1.0	0.3333333333333333	1.0	0.8166666666666667	0.04976912014759504	0.8431006950827745	ppko_v10b	p100_delta_00088	88	Erlotinib	EGFR	30		
26	0.0	0.0	0.0										0.3333333333333333		0.5	0.0	0.8431006950827745	zero_vector	p100_delta_00088	88	Erlotinib	EGFR	30		
26	0.0	0.0	0.0										0.3333333333333333		0.5	0.0	0.8431006950827745	direct_kinase_substrate	p100_delta_00088	88	Erlotinib	EGFR	30		
26	0.9615384615384616	1.0	1.0	0.23086407752408897	0.2205128205128205	0.52	-0.2875369804078714	0.6571428571428573	0.16666666666666666	0.5394073765945457	0.7714285714285715	0.6666666666666666	0.16666666666666666	0.0	0.45	0.009201779976417758	0.8431006950827745	graph_heat_diffusion	p100_delta_00088	88	Erlotinib	EGFR	30		
26	0.9615384615384616	1.0	1.0	0.22918805342688056	0.33948717948717944	0.52	0.34383302269967564	0.6	0.3333333333333333	0.7106972338276555	0.7714285714285715	0.6666666666666666	0.0		0.375	0.009012739408997451	0.8431006950827745	rwr_signed_graph	p100_delta_00088	88	Erlotinib	EGFR	30		
26	0.9615384615384616	1.0	1.0	0.06649769023014374	0.12068376068376069	0.6	0.12966801701805564	0.48571428571428577	0.8333333333333334	0.020159919668012595	0.4285714285714286	0.5	0.0		0.15	0.1150684875565975	0.8431006950827745	ridge_signed_target	p100_delta_00088	88	Erlotinib	EGFR	30		
26	0.7692307692307693	0.5	1.0	-0.21673133763195523	-0.17025243904195272	0.35	-0.06180786242617985	-0.4553825555391872	0.3333333333333333	-0.5575069803465078	-0.7142857142857143	0.3333333333333333	0.0		0.3458333333333333	0.1409799297196934	0.8431006950827745	retrieval_target	p100_delta_00088	88	Erlotinib	EGFR	30	decryptm_delta_00000	
26	0.7692307692307693	0.5	1.0	-0.21673133763195523	-0.17025243904195272	0.35	-0.06180786242617985	-0.4553825555391872	0.3333333333333333	-0.5575069803465078	-0.7142857142857143	0.3333333333333333	0.0		0.3458333333333333	0.1409799297196934	0.8431006950827745	retrieval_target_baseline	p100_delta_00088	88	Erlotinib	EGFR	30		decryptm_delta_00000
26	1.0	1.0	1.0	0.7553790270151968	0.747008547008547	0.8076923076923077	0.8821164184053847	0.6	1.0	0.8615794890558518	0.7714285714285715	1.0	0.5	1.0	0.85	0.055160656911679186	0.7002390623092651	ppko_v10b	p100_delta_00089	89	Vorinostat	HDAC1;HDAC2;HDAC3;HDAC6	30		
26	0.0	0.0	0.0										0.3333333333333333		0.5	0.0	0.7002390623092651	zero_vector	p100_delta_00089	89	Vorinostat	HDAC1;HDAC2;HDAC3;HDAC6	30		
26	0.0	0.0	0.0										0.3333333333333333		0.5	0.0	0.7002390623092651	direct_kinase_substrate	p100_delta_00089	89	Vorinostat	HDAC1;HDAC2;HDAC3;HDAC6	30		
26	0.9230769230769231	0.8333333333333334	1.0	0.197438985065476	-0.02358974358974359	0.4583333333333333	-0.4062967587550759	0.028571428571428574	0.2	0.6370743977429619	0.6	0.6666666666666666	0.0		0.5	0.005818639230492861	0.7002390623092651	graph_heat_diffusion	p100_delta_00089	89	Vorinostat	HDAC1;HDAC2;HDAC3;HDAC6	30		
26	0.9615384615384616	1.0	1.0	0.20243444790888881	0.16307692307692306	0.4	0.36187322938300387	-0.6	0.5	0.40765283790001483	0.7714285714285715	0.6666666666666666	0.3333333333333333	1.0	0.575	0.004911901546358002	0.7002390623092651	rwr_signed_graph	p100_delta_00089	89	Vorinostat	HDAC1;HDAC2;HDAC3;HDAC6	30		
26	0.9615384615384616	1.0	1.0	-0.016217047954293542	0.027008547008547008	0.48	-0.12252919860845204	-0.08571428571428573	0.3333333333333333	-0.16919760661284677	0.08571428571428573	0.6666666666666666	0.3333333333333333	0.5	0.48333333333333334	0.061348861728150114	0.7002390623092651	ridge_signed_target	p100_delta_00089	89	Vorinostat	HDAC1;HDAC2;HDAC3;HDAC6	30		
26	0.8076923076923077	0.8333333333333334	1.0	-0.10370677848853216	-0.0929679569990822	0.5714285714285714	-0.1721938130738149	-0.48571428571428577	0.2	-0.4588833390744082	-0.4285714285714286	0.16666666666666666	0.16666666666666666	0.0	0.5	0.10091260663018776	0.7002390623092651	retrieval_target	p100_delta_00089	89	Vorinostat	HDAC1;HDAC2;HDAC3;HDAC6	30	decryptm_delta_00020	
26	0.8076923076923077	0.8333333333333334	1.0	0.17693473405532026	-0.0874790739290257	0.38095238095238093	0.46045927459197944	0.14285714285714288	0.4	0.5360566379894138	0.3714285714285715	0.6666666666666666	0.16666666666666666	1.0	0.48333333333333334	0.12632495981569475	0.7002390623092651	retrieval_target_baseline	p100_delta_00089	89	Vorinostat	HDAC1;HDAC2;HDAC3;HDAC6	30		decryptm_delta_00038
26	1.0	1.0	1.0	0.0526216635580453	0.3162393162393162	0.5	-0.2815515605442784	0.08571428571428573	0.8333333333333334	0.0541204734737705	0.14285714285714288	0.6666666666666666	0.5	0.6666666666666666	0.625	4.6268044717233075e-05	0.5831552849939237	ppko_v10b	p100_delta_00090	90	Bortezomib	PSMB5	30		
26	0.0	0.0	0.0										0.0		0.5	0.0	0.5831552849939237	zero_vector	p100_delta_00090	90	Bortezomib	PSMB5	30		
26	0.0	0.0	0.0										0.0		0.5	0.0	0.5831552849939237	direct_kinase_substrate	p100_delta_00090	90	Bortezomib	PSMB5	30		
26	0.0	0.0	0.0										0.0		0.5	0.0	0.5831552849939237	graph_heat_diffusion	p100_delta_00090	90	Bortezomib	PSMB5	30		
26	0.0	0.0	0.0										0.0		0.5	0.0	0.5831552849939237	rwr_signed_graph	p100_delta_00090	90	Bortezomib	PSMB5	30		
26	0.9615384615384616	1.0	1.0	0.09192027034995867	0.13504273504273506	0.48	0.0655096373281927	0.14285714285714288	0.5	0.33746637973909005	0.3714285714285715	0.6666666666666666	0.5	0.6666666666666666	0.6916666666666667	0.061348861728150114	0.5831552849939237	ridge_signed_target	p100_delta_00090	90	Bortezomib	PSMB5	30		
26	0.7692307692307693	0.6666666666666666	1.0	0.6883313820765348	-0.08495424736032793	0.45	0.8854943441276315	0.6957252427829381	1.0	0.8526672551562032	0.3142857142857143	0.6666666666666666	0.3333333333333333	1.0	0.55	0.1409799297196934	0.5831552849939237	retrieval_target	p100_delta_00090	90	Bortezomib	PSMB5	30	decryptm_delta_00000	
26	0.8076923076923077	0.8333333333333334	1.0	0.3700080361633575	0.20274561840021246	0.47619047619047616	0.5727371531702392	0.7142857142857143	0.8	0.7842102160071508	0.48571428571428577	1.0	0.3333333333333333	1.0	0.6666666666666666	0.12632495981569475	0.5831552849939237	retrieval_target_baseline	p100_delta_00090	90	Bortezomib	PSMB5	30		decryptm_delta_00038
24	1.0	1.0	1.0	0.534755285302093	0.4321739130434783	0.7916666666666666	0.6435395410532894	0.09999999999999999	0.8	0.8820430864496142	0.7999999999999999	1.0	0.2	1.0	0.6421052631578947	0.048879895417485386	1.8632022086530924	ppko_v10b	p100_delta_00091	91	vorinostat	HDAC1;HDAC2;HDAC3;HDAC6	28		
24	0.0	0.0	0.0										0.2		0.5	0.0	1.8632022086530924	zero_vector	p100_delta_00091	91	vorinostat	HDAC1;HDAC2;HDAC3;HDAC6	28		
24	0.0	0.0	0.0										0.2		0.5	0.0	1.8632022086530924	direct_kinase_substrate	p100_delta_00091	91	vorinostat	HDAC1;HDAC2;HDAC3;HDAC6	28		
24	1.0	1.0	1.0	-0.2732740673098571	0.010434782608695651	0.4583333333333333	-0.3851398027492414	0.7	0.6	-0.8772728740010922	-0.19999999999999998	0.6	0.2	0.0	0.5789473684210527	0.0065178961709406735	1.8632022086530924	graph_heat_diffusion	p100_delta_00091	91	vorinostat	HDAC1;HDAC2;HDAC3;HDAC6	28		
24	1.0	1.0	1.0	-0.2767744370492373	-0.08869565217391304	0.4583333333333333	-0.38777730539643973	-0.49999999999999994	0.2	-0.6015254948279877	-0.6	0.4	0.4	0.0	0.6105263157894737	0.005541511547505706	1.8632022086530924	rwr_signed_graph	p100_delta_00091	91	vorinostat	HDAC1;HDAC2;HDAC3;HDAC6	28		
24	0.9583333333333334	1.0	1.0	-0.28004027099708473	-0.2965217391304348	0.30434782608695654	-0.6686126522522002	-0.9999999999999999	0.2	-0.5507033193740138	0.19999999999999998	0.2	0.0		0.43157894736842106	0.06455333755972485	1.8632022086530924	ridge_signed_target	p100_delta_00091	91	vorinostat	HDAC1;HDAC2;HDAC3;HDAC6	28		
24	0.7916666666666666	0.6	1.0	-0.2238215119595293	-0.34847493827920484	0.15789473684210525	0.23168232402929806	0.4103913408340617	0.3333333333333333	-0.17346476124853374	-0.3	0.4	0.2	1.0	0.45263157894736844	0.11596336433043082	1.8632022086530924	retrieval_target	p100_delta_00091	91	vorinostat	HDAC1;HDAC2;HDAC3;HDAC6	28	decryptm_delta_00020	
24	0.7083333333333334	1.0	1.0	-0.3161634267434617	-0.15582169267145818	0.4117647058823529	-0.5421335107569845	-0.7	0.4	-0.6100641813273333	-0.8999999999999998	0.2	0.6	0.3333333333333333	0.7578947368421053	0.09542850249757369	1.8632022086530924	retrieval_target_baseline	p100_delta_00091	91	vorinostat	HDAC1;HDAC2;HDAC3;HDAC6	28		decryptm_delta_00038
33	1.0	1.0	1.0	0.14886431080856047	0.2937834224598931	0.6363636363636364	0.19146316886043566	0.1785714285714286	0.7142857142857143	0.07923447124309187	0.4642857142857144	0.7142857142857143	0.42857142857142855	0.6666666666666666	0.8076923076923077	0.11124558848413554	0.7489541999318383	ppko_v10b	p100_delta_00092	92	curcumin	CREBBP;EP300	39		
33	0.0	0.0	0.0										0.2857142857142857		0.5	0.0	0.7489541999318383	zero_vector	p100_delta_00092	92	curcumin	CREBBP;EP300	39		
33	0.0	0.0	0.0										0.2857142857142857		0.5	0.0	0.7489541999318383	direct_kinase_substrate	p100_delta_00092	92	curcumin	CREBBP;EP300	39		
33	0.9696969696969697	1.0	1.0	-0.22511284876187634	-0.35461229946524064	0.34375	-0.20715137313117993	-0.3571428571428572	0.42857142857142855	-0.33322458353140916	-0.642857142857143	0.14285714285714285	0.2857142857142857	0.0	0.46153846153846156	0.0013018427267218503	0.7489541999318383	graph_heat_diffusion	p100_delta_00092	92	curcumin	CREBBP;EP300	39		
33	0.9696969696969697	1.0	1.0	-0.2707276436677334	0.12600267379679145	0.5625	-0.6819604854715435	-0.14285714285714288	0.42857142857142855	-0.4113485362143287	-0.39285714285714296	0.5714285714285714	0.14285714285714285	0.0	0.5824175824175825	0.00020620183448754318	0.7489541999318383	rwr_signed_graph	p100_delta_00092	92	curcumin	CREBBP;EP300	39		
33	1.0	1.0	1.0	0.07186342473122843	-0.022393048128342245	0.42424242424242425	0.5788792322933786	0.42857142857142866	0.5714285714285714	0.06252752673999902	-0.21428571428571433	0.2857142857142857	0.14285714285714285	1.0	0.46703296703296704	0.06180208944010012	0.7489541999318383	ridge_signed_target	p100_delta_00092	92	curcumin	CREBBP;EP300	39		
33	0.8181818181818182	0.8571428571428571	1.0	0.08621033486059007	0.12285312208574968	0.5555555555555556	0.1277676296505125	0.28571428571428575	0.5	0.2636111807709603	0.07142857142857144	0.7142857142857143	0.42857142857142855	0.6666666666666666	0.6291208791208791	0.12082000565009587	0.7489541999318383	retrieval_target	p100_delta_00092	92	curcumin	CREBBP;EP300	39	decryptm_delta_00020	
33	0.8787878787878788	0.8571428571428571	1.0	0.19238558654489094	-0.03562469885914223	0.4827586206896552	0.3358032123183208	0.21428571428571433	0.5	0.2419270218094702	-0.10714285714285716	0.42857142857142855	0.42857142857142855	0.3333333333333333	0.6401098901098901	0.11838302346454425	0.7489541999318383	retrieval_target_baseline	p100_delta_00092	92	curcumin	CREBBP;EP300	39		decryptm_delta_00030
33	1.0	1.0	1.0	0.6688965098016608	0.714572192513369	0.7272727272727273	0.9806530592198112	0.7857142857142859	1.0	0.6941970193334851	0.5714285714285715	0.8571428571428571	0.7142857142857143	1.0	0.9285714285714286	0.07439752989871935	0.9003293925162518	ppko_v10b	p100_delta_00093	93	vorinostat	HDAC1;HDAC2;HDAC3;HDAC6	39		
33	0.0	0.0	0.0										0.14285714285714285		0.5	0.0	0.9003293925162518	zero_vector	p100_delta_00093	93	vorinostat	HDAC1;HDAC2;HDAC3;HDAC6	39		
33	0.0	0.0	0.0										0.14285714285714285		0.5	0.0	0.9003293925162518	direct_kinase_substrate	p100_delta_00093	93	vorinostat	HDAC1;HDAC2;HDAC3;HDAC6	39		
33	0.9696969696969697	1.0	1.0	0.049968414426244424	-0.006350267379679145	0.59375	-0.48667786799284984	0.0	0.5714285714285714	0.10622442223701635	-0.07142857142857144	0.42857142857142855	0.14285714285714285	0.0	0.510989010989011	0.004788612933330596	0.9003293925162518	graph_heat_diffusion	p100_delta_00093	93	vorinostat	HDAC1;HDAC2;HDAC3;HDAC6	39		
33	0.9696969696969697	1.0	1.0	0.05059911212908609	-0.09324866310160429	0.5	-0.36787351147085645	-0.28571428571428575	0.42857142857142855	0.1421098643699697	-0.14285714285714288	0.42857142857142855	0.14285714285714285	0.0	0.4175824175824176	0.00404382966098293	0.9003293925162518	rwr_signed_graph	p100_delta_00093	93	vorinostat	HDAC1;HDAC2;HDAC3;HDAC6	39		
33	1.0	1.0	1.0	-0.1460932067149907	0.04512032085561497	0.5454545454545454	-0.23993656786608197	-0.14285714285714288	0.7142857142857143	-0.6919508741145064	-0.8571428571428573	0.2857142857142857	0.2857142857142857	0.0	0.5989010989010989	0.06180208944010012	0.9003293925162518	ridge_signed_target	p100_delta_00093	93	vorinostat	HDAC1;HDAC2;HDAC3;HDAC6	39		
33	0.8181818181818182	0.8571428571428571	1.0	0.22733900874936083	0.18888877024643913	0.5185185185185185	0.22423090379562796	0.0	0.5	0.6664082388894738	0.6785714285714287	1.0	0.14285714285714285	1.0	0.4807692307692308	0.12082000565009587	0.9003293925162518	retrieval_target	p100_delta_00093	93	vorinostat	HDAC1;HDAC2;HDAC3;HDAC6	39	decryptm_delta_00020	
33	0.8787878787878788	0.8571428571428571	1.0	-0.12413382369320972	-0.05653121227413181	0.5172413793103449	-0.13647364297016742	-0.14285714285714288	0.6666666666666666	-0.18023128303615496	-0.5714285714285715	0.2857142857142857	0.2857142857142857	0.5	0.43131868131868134	0.11838302346454425	0.9003293925162518	retrieval_target_baseline	p100_delta_00093	93	vorinostat	HDAC1;HDAC2;HDAC3;HDAC6	39		decryptm_delta_00030
27	1.0	1.0	1.0	0.3949862699142154	0.4896214896214896	0.7407407407407407	0.3931942360151765	0.2571428571428572	0.8333333333333334	0.9675401658431966	0.8857142857142858	1.0	0.5	1.0	0.6746031746031746	0.04410544935213962	0.7528994607704657	ppko_v10b	p100_delta_00094	94	Selumetinib	MAP2K1;MAP2K2	31		
27	0.0	0.0	0.0										0.0		0.5	0.0	0.7528994607704657	zero_vector	p100_delta_00094	94	Selumetinib	MAP2K1;MAP2K2	31		
27	0.3333333333333333	0.16666666666666666	1.0	-0.22073218037289338	0.020787945243164005	0.6666666666666666	-0.7593154062995382	-0.6546536707079772	0.0	-0.3822534897791179	-0.4879500364742666	0.6666666666666666	0.16666666666666666	0.0	0.4166666666666667	0.15259644389152527	0.7528994607704657	direct_kinase_substrate	p100_delta_00094	94	Selumetinib	MAP2K1;MAP2K2	31		
27	1.0	1.0	1.0	-0.36654731028522386	-0.231990231990232	0.5555555555555556	-0.5924775212377948	-0.7142857142857143	0.3333333333333333	-0.6114246535032839	-0.6	0.3333333333333333	0.5	0.3333333333333333	0.6507936507936508	0.006422055735583854	0.7528994607704657	graph_heat_diffusion	p100_delta_00094	94	Selumetinib	MAP2K1;MAP2K2	31		
27	0.9629629629629629	1.0	1.0	-0.11839104251245586	-0.11477411477411475	0.5769230769230769	-0.3238392773314253	-0.7714285714285715	0.3333333333333333	-0.22247880880528187	0.3142857142857143	0.5	0.3333333333333333	0.5	0.6190476190476191	0.0072645282503058465	0.7528994607704657	rwr_signed_graph	p100_delta_00094	94	Selumetinib	MAP2K1;MAP2K2	31		
27	1.0	1.0	1.0	-0.19213839987532336	-0.231990231990232	0.3333333333333333	-0.4099488548823904	-0.7714285714285715	0.3333333333333333	-0.4192144544063799	-0.8857142857142858	0.3333333333333333	0.16666666666666666	0.0	0.4603174603174603	0.06632215778032939	0.7528994607704657	ridge_signed_target	p100_delta_00094	94	Selumetinib	MAP2K1;MAP2K2	31		
27	0.8148148148148148	0.6666666666666666	1.0	-0.029790997878440837	-0.08144557467033818	0.5	-0.5536573559913224	-0.550782483869826	0.25	0.10166430753084117	-0.2	0.6666666666666666	0.0		0.3333333333333333	0.11084164306521416	0.7528994607704657	retrieval_target	p100_delta_00094	94	Selumetinib	MAP2K1;MAP2K2	31	decryptm_delta_00020	
27	0.7777777777777778	0.8333333333333334	1.0	-0.2983899661597907	-0.32868358010383186	0.23809523809523808	-0.5604768790717177	-0.48571428571428577	0.2	-0.3633404542909205	-0.3714285714285715	0.5	0.3333333333333333	0.0	0.6944444444444444	0.11797114944568386	0.7528994607704657	retrieval_target_baseline	p100_delta_00094	94	Selumetinib	MAP2K1;MAP2K2	31		decryptm_delta_00038
27	1.0	1.0	1.0	0.7232221784209667	0.7368742368742369	0.8888888888888888	0.8956661823124014	0.7714285714285715	1.0	0.9444533664360512	0.7714285714285715	1.0	0.5	1.0	0.7857142857142857	0.05900552899887165	0.7329108676424733	ppko_v10b	p100_delta_00095	95	Nilotinib	ABL1;KIT;PDGFRB	31		
27	0.0	0.0	0.0										0.0		0.5	0.0	0.7329108676424733	zero_vector	p100_delta_00095	95	Nilotinib	ABL1;KIT;PDGFRB	31		
27	0.0	0.0	0.0										0.0		0.5	0.0	0.7329108676424733	direct_kinase_substrate	p100_delta_00095	95	Nilotinib	ABL1;KIT;PDGFRB	31		
27	0.9629629629629629	1.0	1.0	-0.09229453011561024	0.017704517704517704	0.46153846153846156	0.2943108032960564	0.48571428571428577	0.5	-0.2103746337338333	-0.4285714285714286	0.5	0.16666666666666666	1.0	0.6031746031746031	0.0011040332562212523	0.7329108676424733	graph_heat_diffusion	p100_delta_00095	95	Nilotinib	ABL1;KIT;PDGFRB	31		
27	0.9629629629629629	1.0	1.0	0.21615761484450058	0.2344322344322344	0.5384615384615384	0.3158455329686746	0.5428571428571429	0.6666666666666666	0.667869300147861	0.48571428571428577	0.6666666666666666	0.16666666666666666	1.0	0.6666666666666666	0.0009846683932226842	0.7329108676424733	rwr_signed_graph	p100_delta_00095	95	Nilotinib	ABL1;KIT;PDGFRB	31		
27	1.0	1.0	1.0	0.09719696283863608	0.10744810744810745	0.5185185185185185	0.01793758553540374	-0.14285714285714288	0.6666666666666666	-0.05222062435258558	0.14285714285714288	0.6666666666666666	0.16666666666666666	0.0	0.5555555555555556	0.0648772009590175	0.7329108676424733	ridge_signed_target	p100_delta_00095	95	Nilotinib	ABL1;KIT;PDGFRB	31		
27	0.8148148148148148	1.0	1.0	-0.0041413608639170015	-0.17146436772702778	0.36363636363636365	-0.5277208420657187	-0.5428571428571429	0.3333333333333333	0.22211096326812813	-0.3714285714285715	0.5	0.16666666666666666	0.0	0.6349206349206349	0.11084164306521416	0.7329108676424733	retrieval_target	p100_delta_00095	95	Nilotinib	ABL1;KIT;PDGFRB	31	decryptm_delta_00020	
27	0.7777777777777778	0.5	1.0	-0.12202143440547082	-0.2246464805191456	0.42857142857142855	0.06413621612323722	-0.15179418517972906	0.3333333333333333	-0.3675879707992169	-0.5428571428571429	0.5	0.0		0.28174603174603174	0.11797114944568386	0.7329108676424733	retrieval_target_baseline	p100_delta_00095	95	Nilotinib	ABL1;KIT;PDGFRB	31		decryptm_delta_00038
27	1.0	1.0	1.0	0.6230423836691055	0.7503052503052503	0.9259259259259259	0.7365235699637673	0.6571428571428573	0.8333333333333334	0.757150585011358	0.7142857142857143	1.0	0.3333333333333333	1.0	0.373015873015873	0.08258567395171633	1.050439387007996	ppko_v10b	p100_delta_00096	96	dactolisib	PIK3CA;PIK3CB;MTOR	31		
27	0.0	0.0	0.0										0.0		0.5	0.0	1.050439387007996	zero_vector	p100_delta_00096	96	dactolisib	PIK3CA;PIK3CB;MTOR	31		
27	0.0	0.0	0.0										0.0		0.5	0.0	1.050439387007996	direct_kinase_substrate	p100_delta_00096	96	dactolisib	PIK3CA;PIK3CB;MTOR	31		
27	0.9629629629629629	1.0	1.0	0.1707822568353133	0.13553113553113552	0.5	0.24274927401212582	-0.028571428571428574	0.3333333333333333	0.4837301322669416	0.7714285714285715	1.0	0.16666666666666666	1.0	0.4444444444444444	0.0007229166734743086	1.050439387007996	graph_heat_diffusion	p100_delta_00096	96	dactolisib	PIK3CA;PIK3CB;MTOR	31		
27	0.9629629629629629	1.0	1.0	0.22665927118073306	0.08363858363858362	0.46153846153846156	0.20351923416800805	0.08571428571428573	0.3333333333333333	0.781884425087208	0.8857142857142858	0.6666666666666666	0.0		0.38095238095238093	0.0003385036294713683	1.050439387007996	rwr_signed_graph	p100_delta_00096	96	dactolisib	PIK3CA;PIK3CB;MTOR	31		
27	1.0	1.0	1.0	-0.17882884540809438	0.0036630036630036626	0.6296296296296297	-0.6140111799782537	-0.5428571428571429	0.3333333333333333	-0.4091840366700994	-0.7142857142857143	0.6666666666666666	0.3333333333333333	0.0	0.7380952380952381	0.06632215778032939	1.050439387007996	ridge_signed_target	p100_delta_00096	96	dactolisib	PIK3CA;PIK3CB;MTOR	31		
27	0.7777777777777778	0.8333333333333334	1.0	-0.4058816879325998	-0.29339075871079673	0.47619047619047616	-0.7402168957353051	-0.3714285714285715	0.2	-0.7639143158328532	-0.4285714285714286	0.16666666666666666	0.5	0.0	0.6865079365079365	0.0924583302155413	1.050439387007996	retrieval_target	p100_delta_00096	96	dactolisib	PIK3CA;PIK3CB;MTOR	31	decryptm_delta_00010	
27	0.7777777777777778	0.8333333333333334	1.0	-0.4058816879325998	-0.29339075871079673	0.47619047619047616	-0.7402168957353051	-0.3714285714285715	0.2	-0.7639143158328532	-0.4285714285714286	0.16666666666666666	0.5	0.0	0.6865079365079365	0.0924583302155413	1.050439387007996	retrieval_target_baseline	p100_delta_00096	96	dactolisib	PIK3CA;PIK3CB;MTOR	31		decryptm_delta_00010
27	1.0	1.0	1.0	0.6483865682955221	0.6440781440781441	0.7407407407407407	0.8215375910678229	0.7714285714285715	1.0	0.7739777710342813	0.8857142857142858	0.8333333333333334	0.5	1.0	0.8015873015873016	0.06277073167816356	0.8158888220787048	ppko_v10b	p100_delta_00097	97	vorinostat	HDAC1;HDAC2;HDAC3;HDAC6	31		
27	0.0	0.0	0.0										0.3333333333333333		0.5	0.0	0.8158888220787048	zero_vector	p100_delta_00097	97	vorinostat	HDAC1;HDAC2;HDAC3;HDAC6	31		
27	0.0	0.0	0.0										0.3333333333333333		0.5	0.0	0.8158888220787048	direct_kinase_substrate	p100_delta_00097	97	vorinostat	HDAC1;HDAC2;HDAC3;HDAC6	31		
27	0.9629629629629629	1.0	1.0	-0.039384318891623846	0.05738705738705738	0.5384615384615384	-0.36705308810658044	-0.14285714285714288	0.16666666666666666	-0.16624036369940348	-0.08571428571428573	0.5	0.0		0.42063492063492064	0.0002976117488039428	0.8158888220787048	graph_heat_diffusion	p100_delta_00097	97	vorinostat	HDAC1;HDAC2;HDAC3;HDAC6	31		
27	0.9629629629629629	1.0	1.0	0.08880092966269929	-0.03968253968253968	0.5	-0.1329288760058009	0.08571428571428573	0.16666666666666666	0.3509042361750908	0.14285714285714288	0.5	0.0		0.3253968253968254	0.00016195056426753312	0.8158888220787048	rwr_signed_graph	p100_delta_00097	97	vorinostat	HDAC1;HDAC2;HDAC3;HDAC6	31		
27	1.0	1.0	1.0	0.02179957007732536	0.1343101343101343	0.6296296296296297	0.14389651946183168	-0.08571428571428573	0.6666666666666666	-0.24422865223874335	0.14285714285714288	0.5	0.0		0.30158730158730157	0.06632215778032939	0.8158888220787048	ridge_signed_target	p100_delta_00097	97	vorinostat	HDAC1;HDAC2;HDAC3;HDAC6	31		
27	0.8148148148148148	0.8333333333333334	1.0	-0.10223173446874877	-0.18616131353220156	0.5	-0.4829307159965446	-0.7142857142857143	0.2	-0.1987029323889276	-0.2	0.5	0.16666666666666666	0.0	0.4444444444444444	0.11084164306521416	0.8158888220787048	retrieval_target	p100_delta_00097	97	vorinostat	HDAC1;HDAC2;HDAC3;HDAC6	31	decryptm_delta_00020	
27	0.7777777777777778	0.6666666666666666	1.0	0.12973553817308636	0.07825799526281711	0.47619047619047616	0.592896401403758	0.550782483869826	0.5	-0.31628817893850425	-0.7142857142857143	0.3333333333333333	0.0		0.35714285714285715	0.11797114944568386	0.8158888220787048	retrieval_target_baseline	p100_delta_00097	97	vorinostat	HDAC1;HDAC2;HDAC3;HDAC6	31		decryptm_delta_00038
28	1.0	1.0	1.0	0.8519835915511281	0.7515051997810619	0.7857142857142857	0.9536702219698645	0.8285714285714287	1.0	0.9483906359302784	0.8285714285714287	1.0	0.8333333333333334	1.0	0.9545454545454546	0.061933038922558935	0.8805971164256334	ppko_v10b	p100_delta_00098	98	Ponatinib	ABL1;KIT	32		
28	0.0	0.0	0.0										0.16666666666666666		0.5	0.0	0.8805971164256334	zero_vector	p100_delta_00098	98	Ponatinib	ABL1;KIT	32		
28	0.0	0.0	0.0										0.16666666666666666		0.5	0.0	0.8805971164256334	direct_kinase_substrate	p100_delta_00098	98	Ponatinib	ABL1;KIT	32		
28	0.9642857142857143	1.0	1.0	0.10152653041585367	0.36179529282977557	0.5555555555555556	0.7937518664687698	1.0	0.5	0.12831870054085517	-0.7714285714285715	0.8333333333333334	0.3333333333333333	1.0	0.5984848484848485	0.0014119469608756066	0.8805971164256334	graph_heat_diffusion	p100_delta_00098	98	Ponatinib	ABL1;KIT	32		
28	0.9642857142857143	1.0	1.0	0.19879658878031697	0.30979748221127534	0.6296296296296297	0.8231008337484865	0.8857142857142858	0.6666666666666666	0.2371716445725667	0.3714285714285715	0.6666666666666666	0.3333333333333333	1.0	0.6363636363636364	0.0010337661587982439	0.8805971164256334	rwr_signed_graph	p100_delta_00098	98	Ponatinib	ABL1;KIT	32		
28	1.0	1.0	1.0	-0.08235173231040607	0.0	0.6428571428571429	-0.11272573426442895	-0.48571428571428577	0.5	0.013247300265614943	-0.028571428571428574	0.5	0.16666666666666666	1.0	0.3787878787878788	0.0680839872719454	0.8805971164256334	ridge_signed_target	p100_delta_00098	98	Ponatinib	ABL1;KIT	32		
28	0.8571428571428571	0.8333333333333334	1.0	0.13780548639491577	0.08303652629480139	0.5833333333333334	0.25295824592752886	-0.08571428571428573	0.6	0.18594966502810004	-0.2571428571428572	0.6666666666666666	0.3333333333333333	0.5	0.7007575757575758	0.11095084126905672	0.8805971164256334	retrieval_target	p100_delta_00098	98	Ponatinib	ABL1;KIT	32	decryptm_delta_00020	
28	0.8214285714285714	1.0	1.0	-0.04947830853908263	0.009330441280174734	0.5652173913043478	-0.3386361271909807	-0.2	0.16666666666666666	-0.11926487549893833	0.2571428571428572	0.6666666666666666	0.16666666666666666	0.0	0.48484848484848486	0.12407335213252477	0.8805971164256334	retrieval_target_baseline	p100_delta_00098	98	Ponatinib	ABL1;KIT	32		decryptm_delta_00038
28	1.0	1.0	1.0	0.7446678987306874	0.7252326217843459	0.6071428571428571	0.8930721227409691	0.8857142857142858	1.0	0.7899998686050917	0.8857142857142858	0.6666666666666666	0.6666666666666666	1.0	0.9393939393939394	0.05199799603516502	0.9808976916330201	ppko_v10b	p100_delta_00099	99	Gefitinib	EGFR	32		
28	0.0	0.0	0.0										0.16666666666666666		0.5	0.0	0.9808976916330201	zero_vector	p100_delta_00099	99	Gefitinib	EGFR	32		
28	0.0	0.0	0.0										0.16666666666666666		0.5	0.0	0.9808976916330201	direct_kinase_substrate	p100_delta_00099	99	Gefitinib	EGFR	32		
28	0.9642857142857143	1.0	1.0	0.4233506278677535	0.3426382047071702	0.5925925925925926	0.673857391577767	0.942857142857143	0.3333333333333333	0.648160811710207	0.2571428571428572	0.6666666666666666	0.16666666666666666	1.0	0.42424242424242425	0.0012520735118804233	0.9808976916330201	graph_heat_diffusion	p100_delta_00099	99	Gefitinib	EGFR	32		
28	0.9642857142857143	1.0	1.0	0.4710210606972978	0.42145593869731796	0.6666666666666666	0.6882579822162358	0.942857142857143	0.5	0.7096433603229019	0.5428571428571429	0.6666666666666666	0.16666666666666666	1.0	0.48484848484848486	0.0012214232399076405	0.9808976916330201	rwr_signed_graph	p100_delta_00099	99	Gefitinib	EGFR	32		
28	1.0	1.0	1.0	-0.051121718881969404	-0.09688013136288998	0.39285714285714285	0.008036417821422346	0.14285714285714288	0.6666666666666666	0.05832049960483624	-0.3142857142857143	0.16666666666666666	0.3333333333333333	0.5	0.4015151515151515	0.10525734751094465	0.9808976916330201	ridge_signed_target	p100_delta_00099	99	Gefitinib	EGFR	32		
28	0.7857142857142857	0.5	1.0	0.028123988190003963	0.1435462792389473	0.5	-0.19448178819740142	0.030358837035945815	0.3333333333333333	0.0013835191388777272	-0.028571428571428574	0.5	0.16666666666666666	0.0	0.4128787878787879	0.09674594614521734	0.9808976916330201	retrieval_target	p100_delta_00099	99	Gefitinib	EGFR	32	decryptm_delta_00000	
28	0.7857142857142857	0.5	1.0	0.028123988190003963	0.1435462792389473	0.5	-0.19448178819740142	0.030358837035945815	0.3333333333333333	0.0013835191388777272	-0.028571428571428574	0.5	0.16666666666666666	0.0	0.4128787878787879	0.09674594614521734	0.9808976916330201	retrieval_target_baseline	p100_delta_00099	99	Gefitinib	EGFR	32		decryptm_delta_00000
28	1.0	1.0	1.0	0.8728909518941759	0.7777777777777778	0.75	0.9502595193430735	0.942857142857143	1.0	0.9357036037036229	1.0	1.0	0.6666666666666666	1.0	0.9545454545454546	0.06040598395546632	0.9051081387858305	ppko_v10b	p100_delta_00100	100	Imatinib	ABL1;KIT;PDGFRB	32		
28	0.0	0.0	0.0										0.16666666666666666		0.5	0.0	0.9051081387858305	zero_vector	p100_delta_00100	100	Imatinib	ABL1;KIT;PDGFRB	32		
28	0.0	0.0	0.0										0.16666666666666666		0.5	0.0	0.9051081387858305	direct_kinase_substrate	p100_delta_00100	100	Imatinib	ABL1;KIT;PDGFRB	32		
28	0.9642857142857143	1.0	1.0	0.10282806798819409	0.4417077175697865	0.5185185185185185	0.7124796574911064	0.7714285714285715	0.3333333333333333	0.1284461551179467	-0.5428571428571429	0.8333333333333334	0.16666666666666666	1.0	0.38636363636363635	0.0010740836787590524	0.9051081387858305	graph_heat_diffusion	p100_delta_00100	100	Imatinib	ABL1;KIT;PDGFRB	32		
28	0.9642857142857143	1.0	1.0	0.2067665260533604	0.6042692939244664	0.5925925925925926	0.7449346606804118	0.7714285714285715	0.5	0.2726251025674098	0.2	1.0	0.16666666666666666	1.0	0.45454545454545453	0.0009593173424816216	0.9051081387858305	rwr_signed_graph	p100_delta_00100	100	Imatinib	ABL1;KIT;PDGFRB	32		
28	1.0	1.0	1.0	-0.18454576681470644	-0.2769567597153804	0.39285714285714285	-0.12192431531981136	0.14285714285714288	0.3333333333333333	-0.10870519925890389	-0.14285714285714288	0.3333333333333333	0.5	0.6666666666666666	0.6666666666666666	0.0680839872719454	0.9051081387858305	ridge_signed_target	p100_delta_00100	100	Imatinib	ABL1;KIT;PDGFRB	32		
28	0.8571428571428571	1.0	1.0	0.04364949842817226	-0.3170734683930205	0.25	0.33332136559191977	0.2571428571428572	0.5	0.08179721470078026	-0.6571428571428573	0.16666666666666666	0.3333333333333333	0.5	0.7878787878787878	0.11095084126905672	0.9051081387858305	retrieval_target	p100_delta_00100	100	Imatinib	ABL1;KIT;PDGFRB	32	decryptm_delta_00020	
28	0.8214285714285714	0.8333333333333334	1.0	-0.23114416139068023	-0.39187853376733883	0.34782608695652173	-0.33448489415513505	-0.3142857142857143	0.2	-0.6080076357398774	-0.4285714285714286	0.3333333333333333	0.16666666666666666	0.0	0.44696969696969696	0.12407335213252477	0.9051081387858305	retrieval_target_baseline	p100_delta_00100	100	Imatinib	ABL1;KIT;PDGFRB	32		decryptm_delta_00038
28	1.0	1.0	1.0	0.8259817992565287	0.6951286261631088	0.7142857142857143	0.9434829353798733	0.942857142857143	1.0	0.9255176201652214	0.942857142857143	1.0	0.8333333333333334	1.0	0.9696969696969697	0.06492391533850293	0.8457925024309328	ppko_v10b	p100_delta_00101	101	Bosutinib	ABL1;SRC;LYN;HCK	32		
28	0.0	0.0	0.0										0.16666666666666666		0.5	0.0	0.8457925024309328	zero_vector	p100_delta_00101	101	Bosutinib	ABL1;SRC;LYN;HCK	32		
28	0.07142857142857142	0.0	0.3333333333333333	0.027241553108147937	0.12017278061240777	0.5				0.0958746943711593	0.41403933560541256	0.5	0.16666666666666666		0.45454545454545453	0.004778541092361722	0.8457925024309328	direct_kinase_substrate	p100_delta_00101	101	Bosutinib	ABL1;SRC;LYN;HCK	32		
28	1.0	1.0	1.0	0.08474445174803366	0.31910235358511224	0.39285714285714285	0.7532303038964503	0.48571428571428577	0.3333333333333333	0.39089088330633487	-0.08571428571428573	0.6666666666666666	0.0		0.3181818181818182	0.0024084224035996827	0.8457925024309328	graph_heat_diffusion	p100_delta_00101	101	Bosutinib	ABL1;SRC;LYN;HCK	32		
28	0.9642857142857143	1.0	1.0	0.07940103325874975	0.38095238095238093	0.48148148148148145	0.7985116759909148	0.48571428571428577	0.5	0.09647714769047883	-0.3142857142857143	0.8333333333333334	0.3333333333333333	1.0	0.3939393939393939	0.0029447157041886385	0.8457925024309328	rwr_signed_graph	p100_delta_00101	101	Bosutinib	ABL1;SRC;LYN;HCK	32		
28	1.0	1.0	1.0	-0.1523394588021398	-0.23043240284619596	0.42857142857142855	-0.1588181346393239	-0.14285714285714288	0.3333333333333333	-0.05768144103344517	-0.14285714285714288	0.3333333333333333	0.3333333333333333	0.5	0.5151515151515151	0.0680839872719454	0.8457925024309328	ridge_signed_target	p100_delta_00101	101	Bosutinib	ABL1;SRC;LYN;HCK	32		
28	0.8571428571428571	0.8333333333333334	1.0	0.12856464592284042	-0.054261492430266255	0.4583333333333333	0.38510012408368655	0.08571428571428573	0.6	0.11343244432634335	-0.6571428571428573	0.3333333333333333	0.3333333333333333	0.5	0.6856060606060606	0.11095084126905672	0.8457925024309328	retrieval_target	p100_delta_00101	101	Bosutinib	ABL1;SRC;LYN;HCK	32	decryptm_delta_00020	
28	0.8214285714285714	0.8333333333333334	1.0	-0.18783013251450037	-0.31778385301301004	0.391304347826087	-0.28671019380741675	-0.2571428571428572	0.2	-0.6430399595263154	-0.7142857142857143	0.16666666666666666	0.16666666666666666	0.0	0.4393939393939394	0.12407335213252477	0.8457925024309328	retrieval_target_baseline	p100_delta_00101	101	Bosutinib	ABL1;SRC;LYN;HCK	32		decryptm_delta_00038
28	1.0	1.0	1.0	0.8613832530867864	0.7279693486590039	0.7857142857142857	0.9361505156653925	1.0	1.0	0.904163031862352	1.0	1.0	0.6666666666666666	1.0	0.9015151515151515	0.09108908687319074	0.8775857322450195	ppko_v10b	p100_delta_00102	102	Lapatinib	EGFR;ERBB2	32		
28	0.0	0.0	0.0										0.16666666666666666		0.5	0.0	0.8775857322450195	zero_vector	p100_delta_00102	102	Lapatinib	EGFR;ERBB2	32		
28	0.0	0.0	0.0										0.16666666666666666		0.5	0.0	0.8775857322450195	direct_kinase_substrate	p100_delta_00102	102	Lapatinib	EGFR;ERBB2	32		
28	0.9642857142857143	1.0	1.0	0.26795540199525264	0.09359605911330049	0.37037037037037035	0.7512818257882125	-0.08571428571428573	0.16666666666666666	0.35738676662032187	0.14285714285714288	0.5	0.16666666666666666	1.0	0.3106060606060606	0.0008460432703226875	0.8775857322450195	graph_heat_diffusion	p100_delta_00102	102	Lapatinib	EGFR;ERBB2	32		
28	0.9642857142857143	1.0	1.0	0.26701424520555883	0.06787082649151616	0.4074074074074074	0.7515198250500167	0.028571428571428574	0.3333333333333333	0.3506768243566719	0.4285714285714286	0.5	0.16666666666666666	1.0	0.32575757575757575	0.0007913547126382323	0.8775857322450195	rwr_signed_graph	p100_delta_00102	102	Lapatinib	EGFR;ERBB2	32		
28	1.0	1.0	1.0	-0.1618515217222941	-0.19296565118436623	0.42857142857142855	-0.16163871470361282	0.4638168285219587	0.5	-0.5897173193949631	-0.14285714285714288	0.3333333333333333	0.16666666666666666	0.0	0.30303030303030304	0.11323682200704102	0.8775857322450195	ridge_signed_target	p100_delta_00102	102	Lapatinib	EGFR;ERBB2	32		
28	0.7857142857142857	0.5	1.0	-0.26950702097410634	-0.426513944635263	0.3181818181818182	-0.36566543593239714	-0.3946648814672956	0.0	-0.7508040235098872	0.3142857142857143	0.0	0.3333333333333333	0.0	0.375	0.09251495222893677	0.8775857322450195	retrieval_target	p100_delta_00102	102	Lapatinib	EGFR;ERBB2	32	decryptm_delta_00010	
28	0.7857142857142857	0.5	1.0	-0.26950702097410634	-0.426513944635263	0.3181818181818182	-0.36566543593239714	-0.3946648814672956	0.0	-0.7508040235098872	0.3142857142857143	0.0	0.3333333333333333	0.0	0.375	0.09251495222893677	0.8775857322450195	retrieval_target_baseline	p100_delta_00102	102	Lapatinib	EGFR;ERBB2	32		decryptm_delta_00010
28	1.0	1.0	1.0	0.7142368365733262	0.5670498084291188	0.6785714285714286	0.8067646576793357	0.7714285714285715	1.0	0.8850160804701217	0.7714285714285715	1.0	0.8333333333333334	1.0	0.7954545454545454	0.046057941392064095	1.0501943124192101	ppko_v10b	p100_delta_00103	103	Trametinib	MAP2K1;MAP2K2	32		
28	0.0	0.0	0.0										0.16666666666666666		0.5	0.0	1.0501943124192101	zero_vector	p100_delta_00103	103	Trametinib	MAP2K1;MAP2K2	32		
28	0.2857142857142857	0.3333333333333333	1.0	-0.12028330986158701	0.07254753924722042	0.625	-0.21616035957348237	-0.41403933560541256	0.5	-0.29720495699461363	-0.2777460299317655	0.5	0.3333333333333333	0.5	0.5681818181818182	0.13423172810247966	1.0501943124192101	direct_kinase_substrate	p100_delta_00103	103	Trametinib	MAP2K1;MAP2K2	32		
28	1.0	1.0	1.0	0.06251882823981614	0.2698412698412698	0.4642857142857143	0.07096493130363063	-0.028571428571428574	0.6666666666666666	-0.02250354910700898	0.08571428571428573	0.6666666666666666	0.6666666666666666	0.75	0.8257575757575758	0.0059822085336398755	1.0501943124192101	graph_heat_diffusion	p100_delta_00103	103	Trametinib	MAP2K1;MAP2K2	32		
28	0.9642857142857143	1.0	1.0	0.11665929401323615	0.2260536398467433	0.5185185185185185	0.18057667543471534	0.14285714285714288	0.6666666666666666	0.11836947915246393	0.14285714285714288	0.6666666666666666	0.5	0.6666666666666666	0.7196969696969697	0.006646279753519073	1.0501943124192101	rwr_signed_graph	p100_delta_00103	103	Trametinib	MAP2K1;MAP2K2	32		
28	1.0	1.0	1.0	-0.20751646179837638	-0.5024630541871921	0.2857142857142857	-0.49334006824521254	-0.7142857142857143	0.16666666666666666	-0.39722819578039176	-0.5428571428571429	0.5	0.0		0.2803030303030303	0.06490859988012485	1.0501943124192101	ridge_signed_target	p100_delta_00103	103	Trametinib	MAP2K1;MAP2K2	32		
28	0.8571428571428571	0.8333333333333334	1.0	0.16328575180849245	0.0849548618857704	0.5	0.6053777348193493	0.48571428571428577	0.6	0.25073531434327617	-0.3142857142857143	0.6666666666666666	0.16666666666666666	1.0	0.571969696969697	0.11095084126905672	1.0501943124192101	retrieval_target	p100_delta_00103	103	Trametinib	MAP2K1;MAP2K2	32	decryptm_delta_00020	
28	0.8214285714285714	1.0	1.0	-0.31003876682527504	-0.44950772990959453	0.34782608695652173	-0.5459661582412569	-0.8857142857142858	0.16666666666666666	-0.621507208426279	-0.48571428571428577	0.16666666666666666	0.16666666666666666	0.0	0.48484848484848486	0.12407335213252477	1.0501943124192101	retrieval_target_baseline	p100_delta_00103	103	Trametinib	MAP2K1;MAP2K2	32		decryptm_delta_00038
28	1.0	1.0	1.0	0.7007243876111648	0.7887246852764094	0.6428571428571429	0.7934598909957985	0.8857142857142858	0.8333333333333334	0.9079700291802737	0.48571428571428577	1.0	0.5	1.0	0.5833333333333334	0.00010658243537266441	1.4072635876280921	ppko_v10b	p100_delta_00104	104	Carfilzomib	PSMB5	32		
28	0.0	0.0	0.0										0.0		0.5	0.0	1.4072635876280921	zero_vector	p100_delta_00104	104	Carfilzomib	PSMB5	32		
28	0.0	0.0	0.0										0.0		0.5	0.0	1.4072635876280921	direct_kinase_substrate	p100_delta_00104	104	Carfilzomib	PSMB5	32		
28	0.0	0.0	0.0										0.0		0.5	0.0	1.4072635876280921	graph_heat_diffusion	p100_delta_00104	104	Carfilzomib	PSMB5	32		
28	0.0	0.0	0.0										0.0		0.5	0.0	1.4072635876280921	rwr_signed_graph	p100_delta_00104	104	Carfilzomib	PSMB5	32		
28	1.0	1.0	1.0	-0.28128271554372813	-0.5254515599343186	0.21428571428571427	-0.5948907005315789	-0.5428571428571429	0.0	-0.5372149653394604	0.028571428571428574	0.16666666666666666	0.0		0.4393939393939394	0.06490859988012485	1.4072635876280921	ridge_signed_target	p100_delta_00104	104	Carfilzomib	PSMB5	32		
28	0.7857142857142857	0.8333333333333334	1.0	0.005920059164489356	0.09349757651578944	0.5909090909090909	-0.4034938023409017	-0.2	0.2	0.00816105414978409	0.2	0.5	0.16666666666666666	0.0	0.4734848484848485	0.09674594614521734	1.4072635876280921	retrieval_target	p100_delta_00104	104	Carfilzomib	PSMB5	32	decryptm_delta_00000	
28	0.8214285714285714	1.0	1.0	-0.3395790091566977	-0.47036401041822046	0.34782608695652173	-0.5751046097459604	-0.4285714285714286	0.0	-0.776262653565774	-0.5428571428571429	0.0	0.16666666666666666	0.0	0.6439393939393939	0.12407335213252477	1.4072635876280921	retrieval_target_baseline	p100_delta_00104	104	Carfilzomib	PSMB5	32		decryptm_delta_00038
28	1.0	1.0	1.0	0.7335328366466459	0.7619047619047619	0.7142857142857143	0.8571642300478448	0.8285714285714287	1.0	0.7851939867663288	0.942857142857143	0.8333333333333334	0.6666666666666666	1.0	0.9696969696969697	0.05199799603516502	0.9840572348662785	ppko_v10b	p100_delta_00105	105	Erlotinib	EGFR	32		
28	0.0	0.0	0.0										0.16666666666666666		0.5	0.0	0.9840572348662785	zero_vector	p100_delta_00105	105	Erlotinib	EGFR	32		
28	0.0	0.0	0.0										0.16666666666666666		0.5	0.0	0.9840572348662785	direct_kinase_substrate	p100_delta_00105	105	Erlotinib	EGFR	32		
28	0.9642857142857143	1.0	1.0	0.40668498855127055	0.3694581280788177	0.48148148148148145	0.71877532540563	0.8857142857142858	0.5	0.5719631612165547	0.028571428571428574	0.6666666666666666	0.16666666666666666	1.0	0.48484848484848486	0.0012520735118804233	0.9840572348662785	graph_heat_diffusion	p100_delta_00105	105	Erlotinib	EGFR	32		
28	0.9642857142857143	1.0	1.0	0.4215580740558332	0.37383689107827034	0.5555555555555556	0.7336539758172854	0.8857142857142858	0.6666666666666666	0.5879387992306864	0.3714285714285715	0.5	0.16666666666666666	1.0	0.5378787878787878	0.0012214232399076405	0.9840572348662785	rwr_signed_graph	p100_delta_00105	105	Erlotinib	EGFR	32		
28	1.0	1.0	1.0	-0.055511863489340674	-0.17077175697865354	0.35714285714285715	0.09570508628518924	0.028571428571428574	0.6666666666666666	0.03543770130591457	-0.2571428571428572	0.3333333333333333	0.16666666666666666	1.0	0.2878787878787879	0.10525734751094465	0.9840572348662785	ridge_signed_target	p100_delta_00105	105	Erlotinib	EGFR	32		
28	0.7857142857142857	0.5	1.0	0.016547791587340245	0.04619880251368419	0.5	0.08802049613806957	-0.030358837035945815	0.6666666666666666	0.002403535623025819	-0.14285714285714288	0.3333333333333333	0.0		0.3371212121212121	0.09674594614521734	0.9840572348662785	retrieval_target	p100_delta_00105	105	Erlotinib	EGFR	32	decryptm_delta_00000	
28	0.7857142857142857	0.5	1.0	0.016547791587340245	0.04619880251368419	0.5	0.08802049613806957	-0.030358837035945815	0.6666666666666666	0.002403535623025819	-0.14285714285714288	0.3333333333333333	0.0		0.3371212121212121	0.09674594614521734	0.9840572348662785	retrieval_target_baseline	p100_delta_00105	105	Erlotinib	EGFR	32		decryptm_delta_00000
28	1.0	1.0	1.0	0.86309828081256	0.7865353037766831	0.8571428571428571	0.9281808018898966	0.7142857142857143	1.0	0.9329633564991947	0.7142857142857143	1.0	0.8333333333333334	1.0	0.8636363636363636	0.06347883249483337	1.0403906982392073	ppko_v10b	p100_delta_00106	106	vorinostat	HDAC1;HDAC2;HDAC3;HDAC6	32		
28	0.0	0.0	0.0										0.16666666666666666		0.5	0.0	1.0403906982392073	zero_vector	p100_delta_00106	106	vorinostat	HDAC1;HDAC2;HDAC3;HDAC6	32		
28	0.0	0.0	0.0										0.16666666666666666		0.5	0.0	1.0403906982392073	direct_kinase_substrate	p100_delta_00106	106	vorinostat	HDAC1;HDAC2;HDAC3;HDAC6	32		
28	0.9285714285714286	0.8333333333333334	1.0	0.42929939097841924	0.38095238095238093	0.6153846153846154	0.7659756920540041	0.3142857142857143	0.6	0.5818730291970775	0.942857142857143	0.6666666666666666	0.3333333333333333	1.0	0.5757575757575758	0.00028629214991961394	1.0403906982392073	graph_heat_diffusion	p100_delta_00106	106	vorinostat	HDAC1;HDAC2;HDAC3;HDAC6	32		
28	0.9642857142857143	1.0	1.0	0.6857393153640777	0.21510673234811167	0.5555555555555556	0.7481538554862567	0.14285714285714288	0.3333333333333333	0.9547933500999443	0.7714285714285715	0.8333333333333334	0.16666666666666666	1.0	0.44696969696969696	0.00015547433042684133	1.0403906982392073	rwr_signed_graph	p100_delta_00106	106	vorinostat	HDAC1;HDAC2;HDAC3;HDAC6	32		
28	1.0	1.0	1.0	-0.08024551052315704	-0.2380952380952381	0.32142857142857145	-0.49059462941824966	-0.3714285714285715	0.3333333333333333	0.26700648311410097	0.2	0.5	0.0		0.3181818181818182	0.06490859988012485	1.0403906982392073	ridge_signed_target	p100_delta_00106	106	vorinostat	HDAC1;HDAC2;HDAC3;HDAC6	32		
28	0.8571428571428571	0.8333333333333334	1.0	0.21448146960543363	-0.04932862948206023	0.3333333333333333	0.6949123190518947	0.4285714285714286	0.6	0.3233430143406637	-0.2571428571428572	0.5	0.16666666666666666	1.0	0.5492424242424242	0.11095084126905672	1.0403906982392073	retrieval_target	p100_delta_00106	106	vorinostat	HDAC1;HDAC2;HDAC3;HDAC6	32	decryptm_delta_00020	
28	0.8214285714285714	1.0	1.0	-0.05634231763675943	-0.14599396356038113	0.43478260869565216	-0.09955917060143926	0.08571428571428573	0.3333333333333333	-0.392044236272134	-0.14285714285714288	0.5	0.16666666666666666	0.0	0.5227272727272727	0.12407335213252477	1.0403906982392073	retrieval_target_baseline	p100_delta_00106	106	vorinostat	HDAC1;HDAC2;HDAC3;HDAC6	32		decryptm_delta_00038
28	1.0	1.0	1.0	0.6994114744904011	0.7493158182813355	0.6071428571428571	0.8083423453160141	0.7714285714285715	0.8333333333333334	0.9320154489405227	0.7142857142857143	1.0	0.6666666666666666	1.0	0.8333333333333334	0.00010658243537266441	1.6790193313998836	ppko_v10b	p100_delta_00107	107	Bortezomib	PSMB5	32		
28	0.0	0.0	0.0										0.0		0.5	0.0	1.6790193313998836	zero_vector	p100_delta_00107	107	Bortezomib	PSMB5	32		
28	0.0	0.0	0.0										0.0		0.5	0.0	1.6790193313998836	direct_kinase_substrate	p100_delta_00107	107	Bortezomib	PSMB5	32		
28	0.0	0.0	0.0										0.0		0.5	0.0	1.6790193313998836	graph_heat_diffusion	p100_delta_00107	107	Bortezomib	PSMB5	32		
28	0.0	0.0	0.0										0.0		0.5	0.0	1.6790193313998836	rwr_signed_graph	p100_delta_00107	107	Bortezomib	PSMB5	32		
28	1.0	1.0	1.0	-0.21264370637411464	-0.43568691844553914	0.25	-0.6567143735007377	-0.6571428571428573	0.16666666666666666	-0.03209291184337904	0.2571428571428572	0.3333333333333333	0.0		0.3712121212121212	0.06490859988012485	1.6790193313998836	ridge_signed_target	p100_delta_00107	107	Bortezomib	PSMB5	32		
28	0.7857142857142857	0.5	1.0	-0.0717479132339485	-0.01979948679157894	0.5454545454545454	-0.37198828297729136	0.15179418517972906	0.3333333333333333	-0.12213456685661081	-0.028571428571428574	0.5	0.16666666666666666	0.0	0.3371212121212121	0.09674594614521734	1.6790193313998836	retrieval_target	p100_delta_00107	107	Bortezomib	PSMB5	32	decryptm_delta_00000	
28	0.8214285714285714	0.8333333333333334	1.0	-0.3611035226778831	-0.4418238370906271	0.34782608695652173	-0.5544902635288943	-0.6	0.0	-0.8025409473405964	-0.48571428571428577	0.0	0.3333333333333333	0.0	0.5606060606060606	0.12407335213252477	1.6790193313998836	retrieval_target_baseline	p100_delta_00107	107	Bortezomib	PSMB5	32		decryptm_delta_00038
35	1.0	1.0	1.0	0.7670305656668434	0.6756302521008404	0.8285714285714286	0.8427923226447104	0.8214285714285715	1.0	0.878942146492569	0.9285714285714288	1.0	0.5714285714285714	1.0	0.6836734693877551	0.05509849596502525	0.6583540017051356	ppko_v10b	p100_delta_00108	108	vorinostat	HDAC1;HDAC2;HDAC3;HDAC6	45		
35	0.0	0.0	0.0										0.14285714285714285		0.5	0.0	0.6583540017051356	zero_vector	p100_delta_00108	108	vorinostat	HDAC1;HDAC2;HDAC3;HDAC6	45		
35	0.0	0.0	0.0										0.14285714285714285		0.5	0.0	0.6583540017051356	direct_kinase_substrate	p100_delta_00108	108	vorinostat	HDAC1;HDAC2;HDAC3;HDAC6	45		
35	0.9714285714285714	1.0	1.0	0.265519270884498	-0.001400560224089636	0.5588235294117647	0.3069093374780345	-0.10714285714285716	0.7142857142857143	0.850465084165534	0.7500000000000002	0.5714285714285714	0.14285714285714285	1.0	0.3979591836734694	0.004522348744644335	0.6583540017051356	graph_heat_diffusion	p100_delta_00108	108	vorinostat	HDAC1;HDAC2;HDAC3;HDAC6	45		
35	0.9714285714285714	1.0	1.0	0.2636369634534801	0.01876750700280112	0.47058823529411764	0.3067871947994903	0.10714285714285716	0.7142857142857143	0.6114800033116713	0.3571428571428572	0.42857142857142855	0.2857142857142857	0.5	0.46938775510204084	0.0038081270266177723	0.6583540017051356	rwr_signed_graph	p100_delta_00108	108	vorinostat	HDAC1;HDAC2;HDAC3;HDAC6	45		
35	0.9714285714285714	1.0	1.0	0.16074331270862735	0.12717086834733896	0.5588235294117647	0.37118173531512016	0.3214285714285715	0.7142857142857143	0.3574718325713513	0.6071428571428572	0.5714285714285714	0.14285714285714285	1.0	0.46938775510204084	0.060361895390919275	0.6583540017051356	ridge_signed_target	p100_delta_00108	108	vorinostat	HDAC1;HDAC2;HDAC3;HDAC6	45		
35	0.8	0.8571428571428571	1.0	-0.16984502608944585	-0.08520875935939129	0.39285714285714285	-0.2927995699527641	-0.4642857142857144	0.3333333333333333	-0.49214280560824736	-0.6785714285714287	0.42857142857142855	0.14285714285714285	0.0	0.49489795918367346	0.11776362716087273	0.6583540017051356	retrieval_target	p100_delta_00108	108	vorinostat	HDAC1;HDAC2;HDAC3;HDAC6	45	decryptm_delta_00020	
35	0.8285714285714286	0.8571428571428571	1.0	0.3414941313065938	0.21270685474804746	0.5517241379310345	0.41610362465011247	0.6785714285714287	0.6666666666666666	0.47711692150061374	0.3571428571428572	0.7142857142857143	0.2857142857142857	0.5	0.6913265306122449	0.121779729532344	0.6583540017051356	retrieval_target_baseline	p100_delta_00108	108	vorinostat	HDAC1;HDAC2;HDAC3;HDAC6	45		decryptm_delta_00038
37	1.0	1.0	1.0	0.5275311655266863	0.5749170222854434	0.7297297297297297	0.8757540282518435	0.523809523809524	0.875	0.5983780536141957	0.19047619047619052	0.875	0.625	1.0	0.728448275862069	0.060001664669127076	0.3023782659422707	ppko_v10b	p100_delta_00109	109	curcumin	CREBBP;EP300	48		
37	0.0	0.0	0.0										0.375		0.5	0.0	0.3023782659422707	zero_vector	p100_delta_00109	109	curcumin	CREBBP;EP300	48		
37	0.0	0.0	0.0										0.375		0.5	0.0	0.3023782659422707	direct_kinase_substrate	p100_delta_00109	109	curcumin	CREBBP;EP300	48		
37	0.972972972972973	1.0	1.0	0.06691193077440075	0.015884305357989566	0.3888888888888889	-0.3000801548716148	0.2142857142857143	0.5	0.213959107865567	-0.3333333333333334	0.5	0.125	0.0	0.5258620689655172	0.0011682695538205415	0.3023782659422707	graph_heat_diffusion	p100_delta_00109	109	curcumin	CREBBP;EP300	48		
37	0.972972972972973	1.0	1.0	-0.05064453730405431	0.13963963963963963	0.5833333333333334	0.3538507329030152	0.2142857142857143	0.625	-0.12592057787476113	-0.3333333333333334	0.625	0.25	1.0	0.5258620689655172	0.00019455523220960605	0.3023782659422707	rwr_signed_graph	p100_delta_00109	109	curcumin	CREBBP;EP300	48		
37	0.972972972972973	0.875	1.0	0.022353322306338727	0.14532954006638218	0.6388888888888888	-0.21200038327570842	0.09523809523809526	0.5714285714285714	-0.26769885659997134	-0.30952380952380953	0.5	0.125	0.0	0.38362068965517243	0.056785470730549584	0.3023782659422707	ridge_signed_target	p100_delta_00109	109	curcumin	CREBBP;EP300	48		
37	0.7837837837837838	0.75	1.0	0.22479336451634477	0.2094379326709249	0.5172413793103449	0.5200486854787024	0.29940656547831473	0.8333333333333334	0.41760157932084824	0.2380952380952381	0.625	0.25	1.0	0.47413793103448276	0.10244557858016845	0.3023782659422707	retrieval_target	p100_delta_00109	109	curcumin	CREBBP;EP300	48	decryptm_delta_00020	
37	0.8648648648648649	0.875	1.0	-0.23654628126538685	-0.15737015592653697	0.5	-0.6736090166667225	-0.6190476190476191	0.2857142857142857	-0.5224075245945714	-0.7619047619047621	0.25	0.25	0.0	0.4525862068965517	0.10571712059145039	0.3023782659422707	retrieval_target_baseline	p100_delta_00109	109	curcumin	CREBBP;EP300	48		decryptm_delta_00030
37	1.0	1.0	1.0	0.4117247995694855	0.4490279753437647	0.6486486486486487	0.7006980346503903	0.7619047619047621	0.75	0.5338111494964102	0.2380952380952381	0.75	0.125	1.0	0.3232758620689655	0.03260157513432205	0.4056871258024428	ppko_v10b	p100_delta_00110	110	vorinostat	HDAC1;HDAC2;HDAC3;HDAC6	48		
37	0.0	0.0	0.0										0.125		0.5	0.0	0.4056871258024428	zero_vector	p100_delta_00110	110	vorinostat	HDAC1;HDAC2;HDAC3;HDAC6	48		
37	0.0	0.0	0.0										0.125		0.5	0.0	0.4056871258024428	direct_kinase_substrate	p100_delta_00110	110	vorinostat	HDAC1;HDAC2;HDAC3;HDAC6	48		
37	0.9459459459459459	1.0	1.0	-0.012109996292830893	0.1913229018492176	0.5142857142857142	0.18739172954445982	0.2142857142857143	0.5	-0.050543544496346064	0.6904761904761906	0.75	0.125	1.0	0.4956896551724138	0.0042782317337775825	0.4056871258024428	graph_heat_diffusion	p100_delta_00110	110	vorinostat	HDAC1;HDAC2;HDAC3;HDAC6	48		
37	0.972972972972973	1.0	1.0	-0.010982872775535868	0.17425320056899002	0.5	0.18418542727248932	0.04761904761904763	0.5	-0.0439721482863122	0.6428571428571429	0.75	0.125	1.0	0.4870689655172414	0.0036095854601429695	0.4056871258024428	rwr_signed_graph	p100_delta_00110	110	vorinostat	HDAC1;HDAC2;HDAC3;HDAC6	48		
37	0.972972972972973	0.875	1.0	0.028345617379811807	0.05689900426742531	0.5277777777777778	-0.004604945955528926	0.11904761904761905	0.5714285714285714	-0.2676407747027054	-0.14285714285714288	0.375	0.25	0.0	0.41810344827586204	0.056785470730549584	0.4056871258024428	ridge_signed_target	p100_delta_00110	110	vorinostat	HDAC1;HDAC2;HDAC3;HDAC6	48		
37	0.7837837837837838	0.625	1.0	0.09925051961526592	-0.06802563114624466	0.3103448275862069	0.14793429878075032	-0.09759000729485333	0.4	0.5228018508869413	0.3571428571428572	0.5	0.125	1.0	0.38146551724137934	0.10244557858016845	0.4056871258024428	retrieval_target	p100_delta_00110	110	vorinostat	HDAC1;HDAC2;HDAC3;HDAC6	48	decryptm_delta_00020	
37	0.8648648648648649	0.75	1.0	-0.13121565144263111	-0.2103015960043918	0.4375	-0.19415328674132598	-0.14371515142959107	0.3333333333333333	-0.5734215559365359	-0.6666666666666669	0.25	0.375	0.0	0.44396551724137934	0.10571712059145039	0.4056871258024428	retrieval_target_baseline	p100_delta_00110	110	vorinostat	HDAC1;HDAC2;HDAC3;HDAC6	48		decryptm_delta_00030
39	1.0	1.0	1.0	0.1370839083720726	0.3728744939271255	0.6923076923076923	0.015744382033709408	-0.04761904761904763	0.625	0.09004177923003528	0.11904761904761905	0.875	0.375	0.6666666666666666	0.5887096774193549	0.03673062903376726	0.6159884346028169	ppko_v10b	p100_delta_00111	111	Selumetinib	MAP2K1;MAP2K2	50		
39	0.0	0.0	0.0										0.5		0.5	0.0	0.6159884346028169	zero_vector	p100_delta_00111	111	Selumetinib	MAP2K1;MAP2K2	50		
39	0.358974358974359	0.125	1.0	0.09070897231835161	0.1757875459001759	0.5	0.3012552739865427	0.4123930494211612	1.0	0.24634268384241892	-0.3003757045930554	0.5	0.0		0.34475806451612906	0.13597964017819136	0.6159884346028169	direct_kinase_substrate	p100_delta_00111	111	Selumetinib	MAP2K1;MAP2K2	50		
39	0.9743589743589743	1.0	1.0	0.05505178130624477	0.205668016194332	0.5	0.269938900211434	0.261904761904762	0.625	0.13915110038667758	0.30952380952380953	0.5	0.25	1.0	0.4153225806451613	0.02435247727702844	0.6159884346028169	graph_heat_diffusion	p100_delta_00111	111	Selumetinib	MAP2K1;MAP2K2	50		
39	0.9743589743589743	0.875	1.0	0.055069822400041504	0.22874493927125508	0.5	0.31373319433239727	0.4285714285714286	0.5714285714285714	0.12299583230517452	0.38095238095238104	0.5	0.25	1.0	0.39919354838709675	0.03022107208708127	0.6159884346028169	rwr_signed_graph	p100_delta_00111	111	Selumetinib	MAP2K1;MAP2K2	50		
39	0.9743589743589743	1.0	1.0	0.10129134795757615	0.09898785425101217	0.6052631578947368	-0.16006174095511774	-0.30952380952380953	0.375	0.39491249214963153	-0.04761904761904763	0.625	0.0		0.43951612903225806	0.06086684419558598	0.6159884346028169	ridge_signed_target	p100_delta_00111	111	Selumetinib	MAP2K1;MAP2K2	50		
39	0.7692307692307693	0.75	1.0	0.11841068846722277	0.2478661338222936	0.5333333333333333	0.36120991605899705	0.6347419188140273	0.6666666666666666	0.06460337227582418	0.0	0.375	0.25	0.5	0.49193548387096775	0.09878345609953006	0.6159884346028169	retrieval_target	p100_delta_00111	111	Selumetinib	MAP2K1;MAP2K2	50	decryptm_delta_00020	
39	0.8205128205128205	1.0	1.0	0.08609480543440401	0.0976455425511741	0.625	0.0132310050681513	0.0	0.375	0.1535763674264188	-0.14285714285714288	0.5	0.5	0.5	0.6774193548387096	0.11934188094276649	0.6159884346028169	retrieval_target_baseline	p100_delta_00111	111	Selumetinib	MAP2K1;MAP2K2	50		decryptm_delta_00038
39	1.0	1.0	1.0	0.6376125258002471	0.5048582995951416	0.6923076923076923	0.8634856941901268	0.880952380952381	0.875	0.8168161697524805	0.7380952380952381	0.875	0.375	1.0	0.7258064516129032	0.03427527584613134	0.5171637175939022	ppko_v10b	p100_delta_00112	112	Nilotinib	ABL1;KIT;PDGFRB	50		
39	0.0	0.0	0.0										0.5		0.5	0.0	0.5171637175939022	zero_vector	p100_delta_00112	112	Nilotinib	ABL1;KIT;PDGFRB	50		
39	0.0	0.0	0.0										0.5		0.5	0.0	0.5171637175939022	direct_kinase_substrate	p100_delta_00112	112	Nilotinib	ABL1;KIT;PDGFRB	50		
39	0.9743589743589743	1.0	1.0	-0.014910977901557165	-0.2147773279352227	0.47368421052631576	-0.31180137805747077	-0.30952380952380953	0.25	-0.01677404502967053	0.09523809523809526	0.5	0.375	0.3333333333333333	0.625	0.003378659389198173	0.5171637175939022	graph_heat_diffusion	p100_delta_00112	112	Nilotinib	ABL1;KIT;PDGFRB	50		
39	0.9743589743589743	1.0	1.0	-0.03927728811811463	-0.10040485829959514	0.5	-0.29412936965160996	-0.1666666666666667	0.375	-0.054440849778406054	-0.07142857142857144	0.5	0.5	0.25	0.6814516129032258	0.002579532484397089	0.5171637175939022	rwr_signed_graph	p100_delta_00112	112	Nilotinib	ABL1;KIT;PDGFRB	50		
39	0.9743589743589743	1.0	1.0	-0.02352359749103554	-0.04534412955465587	0.5526315789473685	-0.15420788414750325	-0.04761904761904763	0.75	-0.03183702859486344	-0.04761904761904763	0.625	0.125	0.0	0.31048387096774194	0.0716048873466953	0.5171637175939022	ridge_signed_target	p100_delta_00112	112	Nilotinib	ABL1;KIT;PDGFRB	50		
39	0.7692307692307693	0.75	1.0	0.09276639816916522	0.0922624146437954	0.5666666666666667	-0.2537299640704995	-0.02395252523826518	0.5	0.5576572503756653	0.9047619047619048	0.625	0.0		0.3467741935483871	0.09878345609953006	0.5171637175939022	retrieval_target	p100_delta_00112	112	Nilotinib	ABL1;KIT;PDGFRB	50	decryptm_delta_00020	
39	0.8205128205128205	0.875	1.0	-0.25111672881408903	-0.39362724949423405	0.40625	-0.363514919990126	-0.6428571428571429	0.2857142857142857	-0.6652987714574295	-0.6190476190476191	0.25	0.125	0.0	0.4717741935483871	0.11934188094276649	0.5171637175939022	retrieval_target_baseline	p100_delta_00112	112	Nilotinib	ABL1;KIT;PDGFRB	50		decryptm_delta_00038
39	1.0	1.0	1.0	0.4916043142161018	0.4937246963562753	0.6410256410256411	0.6894694913503009	0.8095238095238096	0.75	0.7048282499419772	0.8571428571428572	0.875	0.375	1.0	0.6935483870967742	0.04512002853413996	0.9373854467502007	ppko_v10b	p100_delta_00113	113	dactolisib	PIK3CA;PIK3CB;MTOR	50		
39	0.0	0.0	0.0										0.125		0.5	0.0	0.9373854467502007	zero_vector	p100_delta_00113	113	dactolisib	PIK3CA;PIK3CB;MTOR	50		
39	0.0	0.0	0.0										0.125		0.5	0.0	0.9373854467502007	direct_kinase_substrate	p100_delta_00113	113	dactolisib	PIK3CA;PIK3CB;MTOR	50		
39	0.9487179487179487	1.0	1.0	-0.1332466501518413	0.010223189445756216	0.5405405405405406	-0.4264881026359816	-0.11904761904761905	0.5	-0.28550339640481276	-0.2380952380952381	0.5	0.125	0.0	0.4637096774193548	0.0007064704650882703	0.9373854467502007	graph_heat_diffusion	p100_delta_00113	113	dactolisib	PIK3CA;PIK3CB;MTOR	50		
39	0.9743589743589743	1.0	1.0	0.012569811348974745	0.11862348178137654	0.5526315789473685	-0.4222915257784488	-0.14285714285714288	0.5	-0.004561213700089118	0.28571428571428575	0.5	0.25	0.0	0.4959677419354839	0.000506538145577323	0.9373854467502007	rwr_signed_graph	p100_delta_00113	113	dactolisib	PIK3CA;PIK3CB;MTOR	50		
39	0.9743589743589743	1.0	1.0	-0.2431968365385259	-0.2481781376518219	0.3157894736842105	-0.1796187337739256	0.2380952380952381	0.5	-0.44108155985860664	-0.7142857142857144	0.25	0.375	0.3333333333333333	0.6008064516129032	0.06086684419558598	0.9373854467502007	ridge_signed_target	p100_delta_00113	113	dactolisib	PIK3CA;PIK3CB;MTOR	50		
39	0.6923076923076923	0.75	1.0	-0.31000704312302935	-0.3476805081063315	0.2962962962962963	-0.3841171527501963	-0.07185757571479554	0.3333333333333333	-0.757563388682769	-0.30952380952380953	0.0	0.25	0.0	0.6088709677419355	0.08036547110010034	0.9373854467502007	retrieval_target	p100_delta_00113	113	dactolisib	PIK3CA;PIK3CB;MTOR	50	decryptm_delta_00010	
39	0.6923076923076923	0.75	1.0	-0.31000704312302935	-0.3476805081063315	0.2962962962962963	-0.3841171527501963	-0.07185757571479554	0.3333333333333333	-0.757563388682769	-0.30952380952380953	0.0	0.25	0.0	0.6088709677419355	0.08036547110010034	0.9373854467502007	retrieval_target_baseline	p100_delta_00113	113	dactolisib	PIK3CA;PIK3CB;MTOR	50		decryptm_delta_00010
39	1.0	1.0	1.0	0.44491669936888206	0.3736842105263158	0.6153846153846154	0.7136555173582457	0.5952380952380953	0.75	0.6648905444200756	0.9523809523809524	0.625	0.25	1.0	0.5483870967741935	0.0340846804737782	0.41075064022189534	ppko_v10b	p100_delta_00114	114	vorinostat	HDAC1;HDAC2;HDAC3;HDAC6	50		
39	0.0	0.0	0.0										0.125		0.5	0.0	0.41075064022189534	zero_vector	p100_delta_00114	114	vorinostat	HDAC1;HDAC2;HDAC3;HDAC6	50		
39	0.0	0.0	0.0										0.125		0.5	0.0	0.41075064022189534	direct_kinase_substrate	p100_delta_00114	114	vorinostat	HDAC1;HDAC2;HDAC3;HDAC6	50		
39	0.9487179487179487	1.0	1.0	0.06679624319459093	-0.07246963562753037	0.43243243243243246	-0.17324315495579473	-0.28571428571428575	0.5	0.242202073803321	-0.023809523809523815	0.375	0.125	0.0	0.3185483870967742	0.004085841011812006	0.41075064022189534	graph_heat_diffusion	p100_delta_00114	114	vorinostat	HDAC1;HDAC2;HDAC3;HDAC6	50		
39	0.9743589743589743	1.0	1.0	0.07085292152487929	0.09028340080971661	0.47368421052631576	0.33814107344228467	0.5714285714285715	0.625	0.28952643818296264	0.14285714285714288	0.375	0.0		0.27419354838709675	0.003513506412763817	0.41075064022189534	rwr_signed_graph	p100_delta_00114	114	vorinostat	HDAC1;HDAC2;HDAC3;HDAC6	50		
39	0.9743589743589743	1.0	1.0	-0.22421971416776817	-0.2431174089068826	0.47368421052631576	-0.33975314780731564	-0.023809523809523815	0.375	-0.6674884600645611	-0.09523809523809526	0.125	0.25	0.0	0.43951612903225806	0.06086684419558598	0.41075064022189534	ridge_signed_target	p100_delta_00114	114	vorinostat	HDAC1;HDAC2;HDAC3;HDAC6	50		
39	0.7692307692307693	1.0	1.0	-0.20218803857742537	-0.2855450448799142	0.3	-0.39260035390070946	-0.14285714285714288	0.375	-0.5704869002842434	-0.4047619047619048	0.25	0.125	0.0	0.47580645161290325	0.09878345609953006	0.41075064022189534	retrieval_target	p100_delta_00114	114	vorinostat	HDAC1;HDAC2;HDAC3;HDAC6	50	decryptm_delta_00020	
39	0.8205128205128205	0.875	1.0	-0.0701995952696154	-0.11713405000421508	0.5	0.017811102492220596	0.2380952380952381	0.42857142857142855	-0.48928710428587574	-0.7619047619047621	0.25	0.25	0.0	0.6129032258064516	0.11934188094276649	0.41075064022189534	retrieval_target_baseline	p100_delta_00114	114	vorinostat	HDAC1;HDAC2;HDAC3;HDAC6	50		decryptm_delta_00038
40	1.0	1.0	1.0	0.37583206628541765	0.302251407129456	0.5	0.6625386379707222	0.5476190476190477	0.875	0.5840724650440842	0.5714285714285715	0.75	0.375	1.0	0.55078125	0.037379718851298094	0.43056263513863086	ppko_v10b	p100_delta_00115	115	Selumetinib	MAP2K1;MAP2K2	51		
40	0.0	0.0	0.0										0.0		0.5	0.0	0.43056263513863086	zero_vector	p100_delta_00115	115	Selumetinib	MAP2K1;MAP2K2	51		
40	0.4	0.25	1.0	0.15031414735893828	0.1553975870968985	0.625	0.4374796249640064	0.34291382751370236	1.0	0.21544108191609065	-0.09128709291752769	0.625	0.125	1.0	0.404296875	0.14974724873900414	0.43056263513863086	direct_kinase_substrate	p100_delta_00115	115	Selumetinib	MAP2K1;MAP2K2	51		
40	0.975	0.875	1.0	-0.21455488905492234	-0.0602251407129456	0.5128205128205128	-0.18912600723392348	-0.2380952380952381	0.42857142857142855	-0.4490628951402436	-0.4523809523809524	0.5	0.125	0.0	0.40625	0.024131643014118253	0.43056263513863086	graph_heat_diffusion	p100_delta_00115	115	Selumetinib	MAP2K1;MAP2K2	51		
40	0.975	1.0	1.0	-0.20937625237574373	-0.002439024390243903	0.5128205128205128	0.30263881194978665	0.04761904761904763	0.5	-0.5613317957906029	-0.3333333333333334	0.625	0.0		0.3515625	0.03003432668657524	0.43056263513863086	rwr_signed_graph	p100_delta_00115	115	Selumetinib	MAP2K1;MAP2K2	51		
40	0.975	0.875	1.0	0.21385958529919677	0.23977485928705441	0.48717948717948717	0.43715277842612715	0.38095238095238104	0.8571428571428571	0.4992446995731773	0.5714285714285715	0.625	0.25	1.0	0.453125	0.06046549379825592	0.43056263513863086	ridge_signed_target	p100_delta_00115	115	Selumetinib	MAP2K1;MAP2K2	51		
40	0.8	0.5	1.0	0.2590676635192033	0.34046226041776884	0.625	0.38971783589659476	0.31709143089490066	0.75	0.49339327222315166	0.4285714285714286	0.625	0.125	1.0	0.37109375	0.10939532306510955	0.43056263513863086	retrieval_target	p100_delta_00115	115	Selumetinib	MAP2K1;MAP2K2	51	decryptm_delta_00020	
40	0.875	0.75	1.0	0.009548040967575638	-0.0899530912971902	0.45714285714285713	0.2550568324486226	0.28743030285918214	0.6666666666666666	0.18552632028225835	0.30952380952380953	0.5	0.375	0.6666666666666666	0.45703125	0.10641403126064689	0.43056263513863086	retrieval_target_baseline	p100_delta_00115	115	Selumetinib	MAP2K1;MAP2K2	51		decryptm_delta_00030
40	1.0	1.0	1.0	0.71209257602298	0.7174484052532834	0.8	0.864030118568232	0.9761904761904763	0.875	0.9000403692144686	0.6666666666666669	1.0	0.375	1.0	0.75390625	0.0510824027529452	0.5399068013764918	ppko_v10b	p100_delta_00116	116	Nilotinib	ABL1;KIT;PDGFRB	51		
40	0.0	0.0	0.0										0.375		0.5	0.0	0.5399068013764918	zero_vector	p100_delta_00116	116	Nilotinib	ABL1;KIT;PDGFRB	51		
40	0.0	0.0	0.0										0.375		0.5	0.0	0.5399068013764918	direct_kinase_substrate	p100_delta_00116	116	Nilotinib	ABL1;KIT;PDGFRB	51		
40	0.975	1.0	1.0	0.20364365509819218	0.12138836772983115	0.5641025641025641	-0.41358341959922695	-0.3571428571428572	0.375	0.3956350561324358	0.19047619047619052	0.75	0.125	0.0	0.44921875	0.003292690133639553	0.5399068013764918	graph_heat_diffusion	p100_delta_00116	116	Nilotinib	ABL1;KIT;PDGFRB	51		
40	0.975	1.0	1.0	0.20543865285817042	0.07166979362101314	0.5384615384615384	-0.3969261648071034	-0.3333333333333334	0.5	0.3576431465356386	0.5000000000000001	0.5	0.25	0.0	0.5234375	0.0025138227216302766	0.5399068013764918	rwr_signed_graph	p100_delta_00116	116	Nilotinib	ABL1;KIT;PDGFRB	51		
40	0.975	0.875	1.0	0.12947210933549722	0.1405253283302064	0.5128205128205128	0.3981228822488925	0.6666666666666669	0.7142857142857143	0.243072184396801	0.3333333333333334	0.625	0.25	0.5	0.41796875	0.0707942756715056	0.5399068013764918	ridge_signed_target	p100_delta_00116	116	Nilotinib	ABL1;KIT;PDGFRB	51		
40	0.8	0.625	1.0	0.19505859906477901	0.2087980169699014	0.71875	0.10999986143009514	0.5855400437691199	0.6	0.4612686300410567	0.6428571428571429	0.75	0.125	1.0	0.357421875	0.10939532306510955	0.5399068013764918	retrieval_target	p100_delta_00116	116	Nilotinib	ABL1;KIT;PDGFRB	51	decryptm_delta_00020	
40	0.875	0.875	1.0	0.04997214466764765	-0.020281699081621175	0.4857142857142857	0.4708567051575859	0.6428571428571429	0.7142857142857143	0.10817681025785211	0.023809523809523815	0.625	0.125	1.0	0.4296875	0.10641403126064689	0.5399068013764918	retrieval_target_baseline	p100_delta_00116	116	Nilotinib	ABL1;KIT;PDGFRB	51		decryptm_delta_00030
40	1.0	1.0	1.0	0.6239078505609318	0.7157598499061915	0.875	0.761605529423715	0.8571428571428572	1.0	0.7916449099106015	0.523809523809524	1.0	0.25	1.0	0.55859375	0.065850365703227	1.022718547657132	ppko_v10b	p100_delta_00117	117	dactolisib	PIK3CA;PIK3CB;MTOR	51		
40	0.0	0.0	0.0										0.25		0.5	0.0	1.022718547657132	zero_vector	p100_delta_00117	117	dactolisib	PIK3CA;PIK3CB;MTOR	51		
40	0.0	0.0	0.0										0.25		0.5	0.0	1.022718547657132	direct_kinase_substrate	p100_delta_00117	117	dactolisib	PIK3CA;PIK3CB;MTOR	51		
40	0.95	1.0	1.0	0.3574047325927492	0.25348280904099624	0.5	0.4337686189436636	0.4047619047619048	0.5	0.8263478323785817	0.523809523809524	0.375	0.25	1.0	0.5	0.0006965439997827616	1.022718547657132	graph_heat_diffusion	p100_delta_00117	117	dactolisib	PIK3CA;PIK3CB;MTOR	51		
40	0.975	1.0	1.0	0.204840963169376	0.17973733583489682	0.48717948717948717	0.23714644049781575	0.14285714285714288	0.375	0.7009010774492368	0.2142857142857143	0.25	0.125	1.0	0.4609375	0.0005000472334813821	1.022718547657132	rwr_signed_graph	p100_delta_00117	117	dactolisib	PIK3CA;PIK3CB;MTOR	51		
40	0.975	1.0	1.0	0.17550798417843233	0.04446529080675423	0.46153846153846156	0.572178028895335	0.5000000000000001	0.75	0.4437182372637007	0.0	0.5	0.375	1.0	0.5859375	0.06046549379825592	1.022718547657132	ridge_signed_target	p100_delta_00117	117	dactolisib	PIK3CA;PIK3CB;MTOR	51		
40	0.725	0.625	1.0	-0.014331547293075767	-0.1353628082679964	0.3793103448275862	-0.1955145913742805	0.09759000729485333	0.4	-0.03601082780837473	0.09523809523809526	0.375	0.125	0.0	0.41015625	0.08450047032674775	1.022718547657132	retrieval_target	p100_delta_00117	117	dactolisib	PIK3CA;PIK3CB;MTOR	51	decryptm_delta_00010	
40	0.725	0.625	1.0	-0.014331547293075767	-0.1353628082679964	0.3793103448275862	-0.1955145913742805	0.09759000729485333	0.4	-0.03601082780837473	0.09523809523809526	0.375	0.125	0.0	0.41015625	0.08450047032674775	1.022718547657132	retrieval_target_baseline	p100_delta_00117	117	dactolisib	PIK3CA;PIK3CB;MTOR	51		decryptm_delta_00010
40	1.0	1.0	1.0	0.831053508179048	0.8589118198874298	0.825	0.8449352043061236	0.7380952380952381	1.0	0.9757030696102483	0.9761904761904763	1.0	0.5	1.0	0.8203125	0.050898744724690914	0.6696584125980735	ppko_v10b	p100_delta_00118	118	vorinostat	HDAC1;HDAC2;HDAC3;HDAC6	51		
40	0.0	0.0	0.0										0.25		0.5	0.0	0.6696584125980735	zero_vector	p100_delta_00118	118	vorinostat	HDAC1;HDAC2;HDAC3;HDAC6	51		
40	0.0	0.0	0.0										0.25		0.5	0.0	0.6696584125980735	direct_kinase_substrate	p100_delta_00118	118	vorinostat	HDAC1;HDAC2;HDAC3;HDAC6	51		
40	0.95	0.875	1.0	0.24312048167720296	0.1855534709193246	0.5263157894736842	0.3042611165128077	0.19047619047619052	0.5714285714285714	0.6289281979738681	0.19047619047619052	0.5	0.125	1.0	0.48046875	0.003959151370134417	0.6696584125980735	graph_heat_diffusion	p100_delta_00118	118	vorinostat	HDAC1;HDAC2;HDAC3;HDAC6	51		
40	0.975	1.0	1.0	0.24942882396886634	0.16622889305816138	0.48717948717948717	0.30575277299553794	-0.023809523809523815	0.5	0.4934901977372983	0.5952380952380953	0.75	0.25	1.0	0.515625	0.0033401078667310456	0.6696584125980735	rwr_signed_graph	p100_delta_00118	118	vorinostat	HDAC1;HDAC2;HDAC3;HDAC6	51		
40	0.975	1.0	1.0	0.10498886237945801	0.07786116322701689	0.46153846153846156	0.6268077405461694	0.6428571428571429	0.875	0.46365439739406805	0.2142857142857143	0.625	0.125	1.0	0.28125	0.06046549379825592	0.6696584125980735	ridge_signed_target	p100_delta_00118	118	vorinostat	HDAC1;HDAC2;HDAC3;HDAC6	51		
40	0.8	0.75	1.0	0.3497090950304833	0.4481104937946734	0.8125	0.3600779285792133	0.26347777762091695	0.8333333333333334	0.8114382447764896	0.8571428571428572	0.875	0.125	1.0	0.4140625	0.10939532306510955	0.6696584125980735	retrieval_target	p100_delta_00118	118	vorinostat	HDAC1;HDAC2;HDAC3;HDAC6	51	decryptm_delta_00020	
40	0.875	0.875	1.0	0.0411788264670057	-0.028544613522281652	0.4857142857142857	0.3418585508157522	0.0	0.5714285714285714	0.12309404982164095	-0.09523809523809526	0.5	0.125	1.0	0.4140625	0.10641403126064689	0.6696584125980735	retrieval_target_baseline	p100_delta_00118	118	vorinostat	HDAC1;HDAC2;HDAC3;HDAC6	51		decryptm_delta_00030
35	1.0	1.0	1.0	0.5080797165352757	0.49887955182072835	0.6571428571428571	0.6989121263564801	0.3571428571428572	0.8571428571428571	0.7891909848481464	0.8571428571428573	0.8571428571428571	0.42857142857142855	1.0	0.7908163265306123	0.06224554668047599	0.4718781673482486	ppko_v10b	p100_delta_00119	119	curcumin	CREBBP;EP300	43		
35	0.0	0.0	0.0										0.14285714285714285		0.5	0.0	0.4718781673482486	zero_vector	p100_delta_00119	119	curcumin	CREBBP;EP300	43		
35	0.0	0.0	0.0										0.14285714285714285		0.5	0.0	0.4718781673482486	direct_kinase_substrate	p100_delta_00119	119	curcumin	CREBBP;EP300	43		
35	1.0	1.0	1.0	0.0931492802275084	0.157703081232493	0.5142857142857142	-0.2057030454637835	0.14285714285714288	0.2857142857142857	0.13406945927083055	0.03571428571428572	0.5714285714285714	0.42857142857142855	0.6666666666666666	0.5306122448979592	0.001235517053638497	0.4718781673482486	graph_heat_diffusion	p100_delta_00119	119	curcumin	CREBBP;EP300	43		
35	1.0	1.0	1.0	0.5248546166360011	0.11932773109243698	0.5714285714285714	0.7269901412725944	0.9285714285714288	0.42857142857142855	0.7905347190007455	0.7142857142857144	0.7142857142857143	0.42857142857142855	1.0	0.6785714285714286	0.0002052611753518769	0.4718781673482486	rwr_signed_graph	p100_delta_00119	119	curcumin	CREBBP;EP300	43		
35	0.9714285714285714	0.8571428571428571	1.0	0.07320168310331537	0.04901960784313727	0.5294117647058824	-0.19604169514654207	-0.14285714285714288	0.3333333333333333	0.01296197529492451	-0.1785714285714286	0.7142857142857143	0.2857142857142857	0.0	0.5153061224489796	0.06579651625028678	0.4718781673482486	ridge_signed_target	p100_delta_00119	119	curcumin	CREBBP;EP300	43		
35	0.7714285714285715	0.5714285714285714	1.0	-0.23331485065203597	-0.12722116211399678	0.4074074074074074	-0.42332734146999673	-0.3335621924974956	0.25	-0.5519607081012201	-0.6071428571428572	0.2857142857142857	0.2857142857142857	0.0	0.4719387755102041	0.11597856506705284	0.4718781673482486	retrieval_target	p100_delta_00119	119	curcumin	CREBBP;EP300	43	decryptm_delta_00020	
35	0.8	0.7142857142857143	1.0	0.10821600134303704	0.1600124886979988	0.5714285714285714	0.13365984418065435	0.23424374030084538	0.6	-0.035045677684641105	-0.10714285714285716	0.42857142857142855	0.2857142857142857	0.5	0.5255102040816326	0.11088999211788178	0.4718781673482486	retrieval_target_baseline	p100_delta_00119	119	curcumin	CREBBP;EP300	43		decryptm_delta_00038
35	1.0	1.0	1.0	0.5502589216681987	0.5689075630252101	0.7142857142857143	0.6280165097775141	0.7142857142857144	0.8571428571428571	0.9064110541439989	0.8928571428571429	0.8571428571428571	0.42857142857142855	1.0	0.7142857142857143	0.030335647586200918	0.3936660043895245	ppko_v10b	p100_delta_00120	120	vorinostat	HDAC1;HDAC2;HDAC3;HDAC6	43		
35	0.0	0.0	0.0										0.0		0.5	0.0	0.3936660043895245	zero_vector	p100_delta_00120	120	vorinostat	HDAC1;HDAC2;HDAC3;HDAC6	43		
35	0.0	0.0	0.0										0.0		0.5	0.0	0.3936660043895245	direct_kinase_substrate	p100_delta_00120	120	vorinostat	HDAC1;HDAC2;HDAC3;HDAC6	43		
35	1.0	1.0	1.0	-0.13483909906631525	-0.1913165266106443	0.4857142857142857	-0.26026165162059595	-0.03571428571428572	0.5714285714285714	-0.3750910879811909	-0.7500000000000002	0.2857142857142857	0.14285714285714285	0.0	0.37755102040816324	0.004523897553529618	0.3936660043895245	graph_heat_diffusion	p100_delta_00120	120	vorinostat	HDAC1;HDAC2;HDAC3;HDAC6	43		
35	1.0	1.0	1.0	-0.13220926661713991	-0.07647058823529412	0.4	-0.26129262762203176	0.3571428571428572	0.5714285714285714	-0.36093637650251065	-0.39285714285714296	0.14285714285714285	0.14285714285714285	0.0	0.4336734693877551	0.0038167792412293366	0.3936660043895245	rwr_signed_graph	p100_delta_00120	120	vorinostat	HDAC1;HDAC2;HDAC3;HDAC6	43		
35	0.9714285714285714	1.0	1.0	0.1752046453174346	0.0638655462184874	0.47058823529411764	0.30322093135657396	0.1785714285714286	0.7142857142857143	0.31271942254213453	-0.25	0.7142857142857143	0.5714285714285714	0.75	0.8367346938775511	0.06579651625028678	0.3936660043895245	ridge_signed_target	p100_delta_00120	120	vorinostat	HDAC1;HDAC2;HDAC3;HDAC6	43		
35	0.7714285714285715	0.7142857142857143	1.0	-0.07296443233841061	-0.27219411429041174	0.37037037037037035	-0.09566246548674137	-0.054056247761733546	0.2	0.04034494001719393	-0.25	0.42857142857142855	0.14285714285714285	1.0	0.5102040816326531	0.11597856506705284	0.3936660043895245	retrieval_target	p100_delta_00120	120	vorinostat	HDAC1;HDAC2;HDAC3;HDAC6	43	decryptm_delta_00020	
35	0.8	0.7142857142857143	1.0	0.39862718020037546	0.24212786075391382	0.5	0.7715435393480529	0.7748062179181807	1.0	0.49553588385267083	0.28571428571428575	0.5714285714285714	0.5714285714285714	1.0	0.5867346938775511	0.11088999211788178	0.3936660043895245	retrieval_target_baseline	p100_delta_00120	120	vorinostat	HDAC1;HDAC2;HDAC3;HDAC6	43		decryptm_delta_00038
39	1.0	1.0	1.0	0.021884799502837914	0.36599190283400806	0.6410256410256411	0.0006529491891098059	0.07142857142857144	0.625	0.10161029902849214	0.38095238095238104	0.625	0.125	1.0	0.5887096774193549	0.029068561067852456	0.564854828784099	ppko_v10b	p100_delta_00121	121	Selumetinib	MAP2K1;MAP2K2	50		
39	0.0	0.0	0.0										0.375		0.5	0.0	0.564854828784099	zero_vector	p100_delta_00121	121	Selumetinib	MAP2K1;MAP2K2	50		
39	0.41025641025641024	0.375	1.0	-0.03917717110109238	-0.05312262198579353	0.4375	-0.015224130082298174	-0.24743582965269675	0.3333333333333333	-0.4131590173021169	-0.16953317256112285	0.375	0.125	0.0	0.47580645161290325	0.15358692178359398	0.564854828784099	direct_kinase_substrate	p100_delta_00121	121	Selumetinib	MAP2K1;MAP2K2	50		
39	1.0	1.0	1.0	-0.04989626675808745	-0.14190283400809717	0.5128205128205128	0.009338961720171299	-0.09523809523809526	0.5	-0.12122958142047552	0.1666666666666667	0.375	0.5	0.5	0.7298387096774194	0.024750403091403337	0.564854828784099	graph_heat_diffusion	p100_delta_00121	121	Selumetinib	MAP2K1;MAP2K2	50		
39	0.9743589743589743	1.0	1.0	-0.048034995185629474	-0.05121457489878543	0.5263157894736842	0.10145780935717028	0.023809523809523815	0.5	-0.11985122040093128	0.30952380952380953	0.375	0.375	0.6666666666666666	0.6451612903225806	0.030803379292767483	0.564854828784099	rwr_signed_graph	p100_delta_00121	121	Selumetinib	MAP2K1;MAP2K2	50		
39	0.9743589743589743	1.0	1.0	0.1456618116910234	0.3228744939271255	0.6578947368421053	0.17251923660850269	0.023809523809523815	0.75	0.4358163511646665	0.28571428571428575	0.75	0.125	1.0	0.5725806451612904	0.06147814102661915	0.564854828784099	ridge_signed_target	p100_delta_00121	121	Selumetinib	MAP2K1;MAP2K2	50		
39	0.7948717948717948	0.75	1.0	0.1079623404153567	0.31276967276577383	0.6451612903225806	0.3001413352293105	0.5269555552418339	0.6666666666666666	0.09256800703369525	-0.1666666666666667	0.5	0.375	0.6666666666666666	0.5604838709677419	0.11115763214631723	0.564854828784099	retrieval_target	p100_delta_00121	121	Selumetinib	MAP2K1;MAP2K2	50	decryptm_delta_00020	
39	0.8717948717948718	0.875	1.0	0.08032976235264032	0.1359676483072666	0.5882352941176471	0.004574047849228108	0.1666666666666667	0.7142857142857143	0.7472445602432597	0.6904761904761906	0.875	0.0		0.3225806451612903	0.10899493848093045	0.564854828784099	retrieval_target_baseline	p100_delta_00121	121	Selumetinib	MAP2K1;MAP2K2	50		decryptm_delta_00030
39	1.0	1.0	1.0	0.47364664361460684	0.4046558704453442	0.5641025641025641	0.5844911911818051	0.2380952380952381	0.625	0.9407775417643265	0.5714285714285715	1.0	0.5	1.0	0.5080645161290323	0.03378857885344097	0.45872682065535814	ppko_v10b	p100_delta_00122	122	Nilotinib	ABL1;KIT;PDGFRB	50		
39	0.0	0.0	0.0										0.25		0.5	0.0	0.45872682065535814	zero_vector	p100_delta_00122	122	Nilotinib	ABL1;KIT;PDGFRB	50		
39	0.0	0.0	0.0										0.25		0.5	0.0	0.45872682065535814	direct_kinase_substrate	p100_delta_00122	122	Nilotinib	ABL1;KIT;PDGFRB	50		
39	0.9743589743589743	1.0	1.0	0.14528010700653285	0.23765182186234818	0.6578947368421053	-0.05595000384197864	0.14285714285714288	0.5	0.27031486640062635	0.07142857142857144	0.75	0.375	0.6666666666666666	0.7258064516129032	0.003374913733121223	0.45872682065535814	graph_heat_diffusion	p100_delta_00122	122	Nilotinib	ABL1;KIT;PDGFRB	50		
39	0.9743589743589743	1.0	1.0	0.21475517233206215	0.21497975708502026	0.6578947368421053	0.40154981679171203	0.38095238095238104	0.5	0.45596397960101376	0.8571428571428572	0.75	0.25	1.0	0.7137096774193549	0.002577348791442674	0.45872682065535814	rwr_signed_graph	p100_delta_00122	122	Nilotinib	ABL1;KIT;PDGFRB	50		
39	0.9743589743589743	1.0	1.0	0.07604916517596376	0.07267206477732795	0.47368421052631576	0.2449141154685099	0.04761904761904763	0.625	-0.004985272580091189	-0.09523809523809526	0.375	0.0		0.4475806451612903	0.07036502877898061	0.45872682065535814	ridge_signed_target	p100_delta_00122	122	Nilotinib	ABL1;KIT;PDGFRB	50		
39	0.7948717948717948	1.0	1.0	0.17374429095636285	-0.05356828649579552	0.41935483870967744	0.1742377984712706	-0.04761904761904763	0.375	0.44459247327577683	0.38095238095238104	0.625	0.25	0.5	0.6048387096774194	0.11115763214631723	0.45872682065535814	retrieval_target	p100_delta_00122	122	Nilotinib	ABL1;KIT;PDGFRB	50	decryptm_delta_00020	
39	0.8717948717948718	0.875	1.0	-0.08940543366569342	-0.2344479420141691	0.4117647058823529	-0.5499372584613272	-0.6904761904761906	0.2857142857142857	0.13556955141672447	0.19047619047619052	0.5	0.0		0.4637096774193548	0.10899493848093045	0.45872682065535814	retrieval_target_baseline	p100_delta_00122	122	Nilotinib	ABL1;KIT;PDGFRB	50		decryptm_delta_00030
39	1.0	1.0	1.0	0.4138734049337597	0.44392712550607294	0.6410256410256411	0.6162018807523936	0.523809523809524	0.875	0.6631587153103874	0.5952380952380953	0.75	0.25	1.0	0.5483870967741935	0.04766244114113924	0.5416394012311522	ppko_v10b	p100_delta_00123	123	dactolisib	PIK3CA;PIK3CB;MTOR	50		
39	0.0	0.0	0.0										0.0		0.5	0.0	0.5416394012311522	zero_vector	p100_delta_00123	123	dactolisib	PIK3CA;PIK3CB;MTOR	50		
39	0.0	0.0	0.0										0.0		0.5	0.0	0.5416394012311522	direct_kinase_substrate	p100_delta_00123	123	dactolisib	PIK3CA;PIK3CB;MTOR	50		
39	0.9743589743589743	1.0	1.0	0.003338555431946603	0.051821862348178135	0.5263157894736842	-0.0009319572610193107	0.3333333333333334	0.5	0.029814659920713877	0.30952380952380953	0.625	0.25	0.5	0.5403225806451613	0.0007144041023412939	0.5416394012311522	graph_heat_diffusion	p100_delta_00123	123	dactolisib	PIK3CA;PIK3CB;MTOR	50		
39	0.9743589743589743	1.0	1.0	-0.0628221768544479	0.050404858299595144	0.5	-0.06130584015997646	0.4285714285714286	0.5	-0.23270526044918796	0.023809523809523815	0.5	0.25	0.5	0.5241935483870968	0.0005128030060731339	0.5416394012311522	rwr_signed_graph	p100_delta_00123	123	dactolisib	PIK3CA;PIK3CB;MTOR	50		
39	0.9743589743589743	1.0	1.0	0.28935856983395036	0.24655870445344133	0.6052631578947368	0.41897219460433355	0.261904761904762	0.5	0.4760432736040022	0.1666666666666667	0.75	0.375	0.6666666666666666	0.5362903225806451	0.06147814102661915	0.5416394012311522	ridge_signed_target	p100_delta_00123	123	dactolisib	PIK3CA;PIK3CB;MTOR	50		
39	0.717948717948718	0.75	1.0	0.05138086611532962	-0.04872366148639178	0.5	0.12361274772208931	-0.17964393928698885	0.5	0.28813587714961847	0.04761904761904763	0.625	0.125	1.0	0.47580645161290325	0.08459019349314846	0.5416394012311522	retrieval_target	p100_delta_00123	123	dactolisib	PIK3CA;PIK3CB;MTOR	50	decryptm_delta_00010	
39	0.717948717948718	0.75	1.0	0.05138086611532962	-0.04872366148639178	0.5	0.12361274772208931	-0.17964393928698885	0.5	0.28813587714961847	0.04761904761904763	0.625	0.125	1.0	0.47580645161290325	0.08459019349314846	0.5416394012311522	retrieval_target_baseline	p100_delta_00123	123	dactolisib	PIK3CA;PIK3CB;MTOR	50		decryptm_delta_00010
39	1.0	1.0	1.0	0.24928758671857879	0.3338056680161944	0.6410256410256411	0.21705448460226873	0.09523809523809526	0.625	0.6886243666211724	0.7619047619047621	0.75	0.125	1.0	0.3911290322580645	0.031491128471082985	0.5881836481678945	ppko_v10b	p100_delta_00124	124	vorinostat	HDAC1;HDAC2;HDAC3;HDAC6	50		
39	0.0	0.0	0.0										0.25		0.5	0.0	0.5881836481678945	zero_vector	p100_delta_00124	124	vorinostat	HDAC1;HDAC2;HDAC3;HDAC6	50		
39	0.0	0.0	0.0										0.25		0.5	0.0	0.5881836481678945	direct_kinase_substrate	p100_delta_00124	124	vorinostat	HDAC1;HDAC2;HDAC3;HDAC6	50		
39	0.9487179487179487	0.875	1.0	-0.30955992717363934	-0.16680161943319838	0.43243243243243246	-0.359952657951968	-0.4285714285714286	0.2857142857142857	-0.679410915427938	-0.38095238095238104	0.375	0.25	0.0	0.5685483870967742	0.004060210133234902	0.5881836481678945	graph_heat_diffusion	p100_delta_00124	124	vorinostat	HDAC1;HDAC2;HDAC3;HDAC6	50		
39	0.9743589743589743	1.0	1.0	-0.31127424261619996	-0.11356275303643724	0.42105263157894735	-0.3607758506228687	-0.28571428571428575	0.375	-0.6285971832412001	-0.38095238095238104	0.25	0.25	0.0	0.6008064516129032	0.003425718453528157	0.5881836481678945	rwr_signed_graph	p100_delta_00124	124	vorinostat	HDAC1;HDAC2;HDAC3;HDAC6	50		
39	0.9743589743589743	1.0	1.0	-0.016501797733770647	-0.008299595141700407	0.42105263157894735	0.011873726735762221	-0.19047619047619052	0.5	-0.27905084725385015	-0.2380952380952381	0.375	0.125	0.0	0.41935483870967744	0.06147814102661915	0.5881836481678945	ridge_signed_target	p100_delta_00124	124	vorinostat	HDAC1;HDAC2;HDAC3;HDAC6	50		
39	0.7948717948717948	0.625	1.0	-0.22353881863909747	-0.32029159534772617	0.3870967741935484	-0.39145647983428294	-0.5611425419454067	0.2	-0.5125571021297212	-0.5476190476190477	0.25	0.125	0.0	0.4254032258064516	0.11115763214631723	0.5881836481678945	retrieval_target	p100_delta_00124	124	vorinostat	HDAC1;HDAC2;HDAC3;HDAC6	50	decryptm_delta_00020	
39	0.8717948717948718	0.875	1.0	0.1020864261410035	0.23080052372872828	0.5882352941176471	0.012985708732503942	0.28571428571428575	0.5714285714285714	0.016622162078323465	0.11904761904761905	0.625	0.25	0.5	0.4596774193548387	0.10899493848093045	0.5881836481678945	retrieval_target_baseline	p100_delta_00124	124	vorinostat	HDAC1;HDAC2;HDAC3;HDAC6	50		decryptm_delta_00030
